Benchmark,DE_Time_Taken,1_features_mcc,1_features_precision,1_features_recall,1_features_f1,3_features_mcc,3_features_precision,3_features_recall,3_features_f1,10_features_mcc,10_features_precision,10_features_recall,10_features_f1,20_features_mcc,20_features_precision,20_features_recall,20_features_f1
T_BRCA_vs_T_BLCA,0.8631923198699951,0.9031986693075351,0.9882091794672514,0.9574780058651026,0.9725739156949704,0.9695979898585125,0.9952913606223597,0.9882697947214076,0.9917546210339777,0.9797666554822972,0.9961841876500032,0.9929618768328445,0.9945654912171282,0.9846361123650285,0.9964851905522292,0.9953079178885631,0.9958931230337585
T_SKCM_vs_T_UVM,0.3532693386077881,0.8030033508650881,0.9963173599482775,0.9316901408450704,0.9627960287880949,0.9655749799007756,0.999290780141844,0.9901408450704225,0.9946769845446637,0.9885476258689649,1.0,0.9964788732394366,0.9982256705607183,0.9832990160613168,0.9992957746478872,0.995774647887324,0.9975289901955904
