,method,mcc,precision,f1_score,recall,label_vs_rest,nb_genes,model
0,yomix,0.9887879164609971,0.987012987012987,0.9934640522875817,1.0,2_vs_rest,1,svm
1,yomix,0.9887879164609971,0.987012987012987,0.9934640522875817,1.0,2_vs_rest,1,svm
2,yomix,0.9887879164609971,0.987012987012987,0.9934640522875817,1.0,2_vs_rest,1,svm
3,yomix,0.9887879164609971,0.987012987012987,0.9934640522875817,1.0,2_vs_rest,2,svm
4,yomix,0.9777396600155358,0.9743589743589743,0.987012987012987,1.0,2_vs_rest,2,svm
5,yomix,0.9777396600155358,0.9743589743589743,0.987012987012987,1.0,2_vs_rest,2,svm
6,yomix,0.9561124114852952,0.95,0.9743589743589743,1.0,2_vs_rest,3,svm
7,yomix,0.9777396600155358,0.9743589743589743,0.987012987012987,1.0,2_vs_rest,3,svm
8,yomix,0.9561124114852952,0.95,0.9743589743589743,1.0,2_vs_rest,3,svm
9,yomix,0.9777396600155358,0.9743589743589743,0.987012987012987,1.0,2_vs_rest,4,svm
10,yomix,0.9774081429990069,0.9868421052631579,0.9868421052631579,0.9868421052631579,2_vs_rest,4,svm
11,yomix,0.9887879164609971,0.987012987012987,0.9934640522875817,1.0,2_vs_rest,4,svm
12,yomix,0.9662366131031147,0.974025974025974,0.9803921568627451,0.9868421052631579,2_vs_rest,5,svm
13,yomix,0.9774081429990069,0.9868421052631579,0.9868421052631579,0.9868421052631579,2_vs_rest,5,svm
14,yomix,0.9887879164609971,0.987012987012987,0.9934640522875817,1.0,2_vs_rest,5,svm
15,yomix,0.9777396600155358,0.9743589743589743,0.987012987012987,1.0,2_vs_rest,6,svm
16,yomix,0.9774081429990069,0.9868421052631579,0.9868421052631579,0.9868421052631579,2_vs_rest,6,svm
17,yomix,0.9887879164609971,0.987012987012987,0.9934640522875817,1.0,2_vs_rest,6,svm
18,yomix,0.9662366131031147,0.974025974025974,0.9803921568627451,0.9868421052631579,2_vs_rest,7,svm
19,yomix,0.9661108679437057,0.9866666666666667,0.9801324503311258,0.9736842105263158,2_vs_rest,7,svm
20,yomix,0.9887879164609971,0.987012987012987,0.9934640522875817,1.0,2_vs_rest,7,svm
21,yomix,0.9548162859980139,0.9736842105263158,0.9736842105263158,0.9736842105263158,2_vs_rest,8,svm
22,yomix,0.9661108679437057,0.9866666666666667,0.9801324503311258,0.9736842105263158,2_vs_rest,8,svm
23,yomix,0.9887879164609971,0.987012987012987,0.9934640522875817,1.0,2_vs_rest,8,svm
24,yomix,0.9548162859980139,0.9736842105263158,0.9736842105263158,0.9736842105263158,2_vs_rest,9,svm
25,yomix,0.9661108679437057,0.9866666666666667,0.9801324503311258,0.9736842105263158,2_vs_rest,9,svm
26,yomix,0.9887879164609971,0.987012987012987,0.9934640522875817,1.0,2_vs_rest,9,svm
27,yomix,0.9548162859980139,0.9736842105263158,0.9736842105263158,0.9736842105263158,2_vs_rest,10,svm
28,yomix,0.9774081429990069,0.9868421052631579,0.9868421052631579,0.9868421052631579,2_vs_rest,10,svm
29,yomix,0.9887879164609971,0.987012987012987,0.9934640522875817,1.0,2_vs_rest,10,svm
30,yomix,0.9774081429990069,0.9868421052631579,0.9868421052631579,0.9868421052631579,2_vs_rest,11,svm
31,yomix,0.9662366131031147,0.974025974025974,0.9803921568627451,0.9868421052631579,2_vs_rest,11,svm
32,yomix,0.9887879164609971,0.987012987012987,0.9934640522875817,1.0,2_vs_rest,11,svm
33,yomix,0.9887879164609971,0.987012987012987,0.9934640522875817,1.0,2_vs_rest,12,svm
34,yomix,0.9774081429990069,0.9868421052631579,0.9868421052631579,0.9868421052631579,2_vs_rest,12,svm
35,yomix,0.9887879164609971,0.987012987012987,0.9934640522875817,1.0,2_vs_rest,12,svm
36,yomix,0.9887879164609971,0.987012987012987,0.9934640522875817,1.0,2_vs_rest,13,svm
37,yomix,0.9774081429990069,0.9868421052631579,0.9868421052631579,0.9868421052631579,2_vs_rest,13,svm
38,yomix,0.9887879164609971,0.987012987012987,0.9934640522875817,1.0,2_vs_rest,13,svm
39,yomix,0.9887879164609971,0.987012987012987,0.9934640522875817,1.0,2_vs_rest,14,svm
40,yomix,0.9774081429990069,0.9868421052631579,0.9868421052631579,0.9868421052631579,2_vs_rest,14,svm
41,yomix,0.9887879164609971,0.987012987012987,0.9934640522875817,1.0,2_vs_rest,14,svm
42,yomix,0.9887879164609971,0.987012987012987,0.9934640522875817,1.0,2_vs_rest,15,svm
43,yomix,0.9774081429990069,0.9868421052631579,0.9868421052631579,0.9868421052631579,2_vs_rest,15,svm
44,yomix,0.9887879164609971,0.987012987012987,0.9934640522875817,1.0,2_vs_rest,15,svm
45,yomix,0.9774081429990069,0.9868421052631579,0.9868421052631579,0.9868421052631579,2_vs_rest,16,svm
46,yomix,0.9774081429990069,0.9868421052631579,0.9868421052631579,0.9868421052631579,2_vs_rest,16,svm
47,yomix,0.9887879164609971,0.987012987012987,0.9934640522875817,1.0,2_vs_rest,16,svm
48,yomix,0.9662366131031147,0.974025974025974,0.9803921568627451,0.9868421052631579,2_vs_rest,17,svm
49,yomix,0.9661108679437057,0.9866666666666667,0.9801324503311258,0.9736842105263158,2_vs_rest,17,svm
50,yomix,0.9777396600155358,0.9743589743589743,0.987012987012987,1.0,2_vs_rest,17,svm
51,yomix,0.9662366131031147,0.974025974025974,0.9803921568627451,0.9868421052631579,2_vs_rest,18,svm
52,yomix,0.9661108679437057,0.9866666666666667,0.9801324503311258,0.9736842105263158,2_vs_rest,18,svm
53,yomix,0.9777396600155358,0.9743589743589743,0.987012987012987,1.0,2_vs_rest,18,svm
54,yomix,0.9662366131031147,0.974025974025974,0.9803921568627451,0.9868421052631579,2_vs_rest,19,svm
55,yomix,0.9661108679437057,0.9866666666666667,0.9801324503311258,0.9736842105263158,2_vs_rest,19,svm
56,yomix,0.9777396600155358,0.9743589743589743,0.987012987012987,1.0,2_vs_rest,19,svm
57,yomix,0.9662366131031147,0.974025974025974,0.9803921568627451,0.9868421052631579,2_vs_rest,20,svm
58,yomix,0.9774081429990069,0.9868421052631579,0.9868421052631579,0.9868421052631579,2_vs_rest,20,svm
59,yomix,0.9777396600155358,0.9743589743589743,0.987012987012987,1.0,2_vs_rest,20,svm
60,cosg,0.6769295215025274,0.96,0.7619047619047619,0.631578947368421,2_vs_rest,1,svm
61,cosg,0.6459194861827964,0.9574468085106383,0.7317073170731707,0.5921052631578947,2_vs_rest,1,svm
62,cosg,0.6468547384317278,1.0,0.711864406779661,0.5526315789473685,2_vs_rest,1,svm
63,cosg,0.8534800963137027,0.9090909090909091,0.9150326797385621,0.9210526315789473,2_vs_rest,2,svm
64,cosg,0.8985827030294675,0.935064935064935,0.9411764705882353,0.9473684210526315,2_vs_rest,2,svm
65,cosg,0.921891358294863,0.9367088607594937,0.9548387096774194,0.9736842105263158,2_vs_rest,2,svm
66,cosg,0.8887701286330028,0.9125,0.9358974358974359,0.9605263157894737,2_vs_rest,3,svm
67,cosg,0.9101984335013047,0.9358974358974359,0.948051948051948,0.9605263157894737,2_vs_rest,3,svm
68,cosg,0.9443704884140571,0.9493670886075949,0.967741935483871,0.9868421052631579,2_vs_rest,3,svm
69,cosg,0.921891358294863,0.9367088607594937,0.9548387096774194,0.9736842105263158,2_vs_rest,4,svm
70,cosg,0.8982045170300519,0.9466666666666667,0.9403973509933775,0.9342105263157895,2_vs_rest,4,svm
71,cosg,0.9322244289970208,0.9605263157894737,0.9605263157894737,0.9605263157894737,2_vs_rest,4,svm
72,cosg,0.921891358294863,0.9367088607594937,0.9548387096774194,0.9736842105263158,2_vs_rest,5,svm
73,cosg,0.9434754176391544,0.9733333333333334,0.9668874172185431,0.9605263157894737,2_vs_rest,5,svm
74,cosg,0.9661108679437057,0.9866666666666667,0.9801324503311258,0.9736842105263158,2_vs_rest,5,svm
75,cosg,0.9548162859980139,0.9736842105263158,0.9736842105263158,0.9736842105263158,2_vs_rest,6,svm
76,cosg,0.9322108030008448,0.972972972972973,0.96,0.9473684210526315,2_vs_rest,6,svm
77,cosg,0.9552259178441255,0.9615384615384616,0.974025974025974,0.9868421052631579,2_vs_rest,6,svm
78,cosg,0.9434754176391544,0.9733333333333334,0.9668874172185431,0.9605263157894737,2_vs_rest,7,svm
79,cosg,0.9434754176391544,0.9733333333333334,0.9668874172185431,0.9605263157894737,2_vs_rest,7,svm
80,cosg,0.9552259178441255,0.9615384615384616,0.974025974025974,0.9868421052631579,2_vs_rest,7,svm
81,cosg,0.9211340063873499,0.948051948051948,0.954248366013072,0.9605263157894737,2_vs_rest,8,svm
82,cosg,0.9434754176391544,0.9733333333333334,0.9668874172185431,0.9605263157894737,2_vs_rest,8,svm
83,cosg,0.9443704884140571,0.9493670886075949,0.967741935483871,0.9868421052631579,2_vs_rest,8,svm
84,cosg,0.932712175672715,0.9487179487179487,0.961038961038961,0.9736842105263158,2_vs_rest,9,svm
85,cosg,0.9322108030008448,0.972972972972973,0.96,0.9473684210526315,2_vs_rest,9,svm
86,cosg,0.9443704884140571,0.9493670886075949,0.967741935483871,0.9868421052631579,2_vs_rest,9,svm
87,cosg,0.932712175672715,0.9487179487179487,0.961038961038961,0.9736842105263158,2_vs_rest,10,svm
88,cosg,0.9322108030008448,0.972972972972973,0.96,0.9473684210526315,2_vs_rest,10,svm
89,cosg,0.9552259178441255,0.9615384615384616,0.974025974025974,0.9868421052631579,2_vs_rest,10,svm
90,cosg,0.932712175672715,0.9487179487179487,0.961038961038961,0.9736842105263158,2_vs_rest,11,svm
91,cosg,0.9322108030008448,0.972972972972973,0.96,0.9473684210526315,2_vs_rest,11,svm
92,cosg,0.9443704884140571,0.9493670886075949,0.967741935483871,0.9868421052631579,2_vs_rest,11,svm
93,cosg,0.9101984335013047,0.9358974358974359,0.948051948051948,0.9605263157894737,2_vs_rest,12,svm
94,cosg,0.9548929375123627,0.9864864864864865,0.9733333333333334,0.9605263157894737,2_vs_rest,12,svm
95,cosg,0.9552259178441255,0.9615384615384616,0.974025974025974,0.9868421052631579,2_vs_rest,12,svm
96,cosg,0.9774081429990069,0.9868421052631579,0.9868421052631579,0.9868421052631579,2_vs_rest,13,svm
97,cosg,0.9661108679437057,0.9866666666666667,0.9801324503311258,0.9736842105263158,2_vs_rest,13,svm
98,cosg,0.9774081429990069,0.9868421052631579,0.9868421052631579,0.9868421052631579,2_vs_rest,13,svm
99,cosg,0.9774081429990069,0.9868421052631579,0.9868421052631579,0.9868421052631579,2_vs_rest,14,svm
100,cosg,0.9661108679437057,0.9866666666666667,0.9801324503311258,0.9736842105263158,2_vs_rest,14,svm
101,cosg,0.9774081429990069,0.9868421052631579,0.9868421052631579,0.9868421052631579,2_vs_rest,14,svm
102,cosg,0.9774081429990069,0.9868421052631579,0.9868421052631579,0.9868421052631579,2_vs_rest,15,svm
103,cosg,0.9774081429990069,0.9868421052631579,0.9868421052631579,0.9868421052631579,2_vs_rest,15,svm
104,cosg,0.9774081429990069,0.9868421052631579,0.9868421052631579,0.9868421052631579,2_vs_rest,15,svm
105,cosg,0.9774081429990069,0.9868421052631579,0.9868421052631579,0.9868421052631579,2_vs_rest,16,svm
106,cosg,0.9661108679437057,0.9866666666666667,0.9801324503311258,0.9736842105263158,2_vs_rest,16,svm
107,cosg,0.9774081429990069,0.9868421052631579,0.9868421052631579,0.9868421052631579,2_vs_rest,16,svm
108,cosg,0.9774081429990069,0.9868421052631579,0.9868421052631579,0.9868421052631579,2_vs_rest,17,svm
109,cosg,0.9661108679437057,0.9866666666666667,0.9801324503311258,0.9736842105263158,2_vs_rest,17,svm
110,cosg,0.9774081429990069,0.9868421052631579,0.9868421052631579,0.9868421052631579,2_vs_rest,17,svm
111,cosg,0.9774081429990069,0.9868421052631579,0.9868421052631579,0.9868421052631579,2_vs_rest,18,svm
112,cosg,0.9661108679437057,0.9866666666666667,0.9801324503311258,0.9736842105263158,2_vs_rest,18,svm
113,cosg,0.9774081429990069,0.9868421052631579,0.9868421052631579,0.9868421052631579,2_vs_rest,18,svm
114,cosg,0.9774081429990069,0.9868421052631579,0.9868421052631579,0.9868421052631579,2_vs_rest,19,svm
115,cosg,0.9661108679437057,0.9866666666666667,0.9801324503311258,0.9736842105263158,2_vs_rest,19,svm
116,cosg,0.9774081429990069,0.9868421052631579,0.9868421052631579,0.9868421052631579,2_vs_rest,19,svm
117,cosg,0.9774081429990069,0.9868421052631579,0.9868421052631579,0.9868421052631579,2_vs_rest,20,svm
118,cosg,0.9774081429990069,0.9868421052631579,0.9868421052631579,0.9868421052631579,2_vs_rest,20,svm
119,cosg,0.9774081429990069,0.9868421052631579,0.9868421052631579,0.9868421052631579,2_vs_rest,20,svm
120,scanpy_wilcoxon,0.9887879164609971,0.987012987012987,0.9934640522875817,1.0,2_vs_rest,1,svm
121,scanpy_wilcoxon,0.9887879164609971,0.987012987012987,0.9934640522875817,1.0,2_vs_rest,1,svm
122,scanpy_wilcoxon,0.9887879164609971,0.987012987012987,0.9934640522875817,1.0,2_vs_rest,1,svm
123,scanpy_wilcoxon,0.9887879164609971,0.987012987012987,0.9934640522875817,1.0,2_vs_rest,2,svm
124,scanpy_wilcoxon,0.9777396600155358,0.9743589743589743,0.987012987012987,1.0,2_vs_rest,2,svm
125,scanpy_wilcoxon,0.9777396600155358,0.9743589743589743,0.987012987012987,1.0,2_vs_rest,2,svm
126,scanpy_wilcoxon,0.9777396600155358,0.9743589743589743,0.987012987012987,1.0,2_vs_rest,3,svm
127,scanpy_wilcoxon,0.9887879164609971,0.987012987012987,0.9934640522875817,1.0,2_vs_rest,3,svm
128,scanpy_wilcoxon,0.9777396600155358,0.9743589743589743,0.987012987012987,1.0,2_vs_rest,3,svm
129,scanpy_wilcoxon,0.9887879164609971,0.987012987012987,0.9934640522875817,1.0,2_vs_rest,4,svm
130,scanpy_wilcoxon,0.9887879164609971,0.987012987012987,0.9934640522875817,1.0,2_vs_rest,4,svm
131,scanpy_wilcoxon,0.9887879164609971,0.987012987012987,0.9934640522875817,1.0,2_vs_rest,4,svm
132,scanpy_wilcoxon,0.9662366131031147,0.974025974025974,0.9803921568627451,0.9868421052631579,2_vs_rest,5,svm
133,scanpy_wilcoxon,0.9774081429990069,0.9868421052631579,0.9868421052631579,0.9868421052631579,2_vs_rest,5,svm
134,scanpy_wilcoxon,0.9887879164609971,0.987012987012987,0.9934640522875817,1.0,2_vs_rest,5,svm
135,scanpy_wilcoxon,0.9777396600155358,0.9743589743589743,0.987012987012987,1.0,2_vs_rest,6,svm
136,scanpy_wilcoxon,0.9774081429990069,0.9868421052631579,0.9868421052631579,0.9868421052631579,2_vs_rest,6,svm
137,scanpy_wilcoxon,0.9887879164609971,0.987012987012987,0.9934640522875817,1.0,2_vs_rest,6,svm
138,scanpy_wilcoxon,0.9662366131031147,0.974025974025974,0.9803921568627451,0.9868421052631579,2_vs_rest,7,svm
139,scanpy_wilcoxon,0.9661108679437057,0.9866666666666667,0.9801324503311258,0.9736842105263158,2_vs_rest,7,svm
140,scanpy_wilcoxon,0.9887879164609971,0.987012987012987,0.9934640522875817,1.0,2_vs_rest,7,svm
141,scanpy_wilcoxon,0.9777396600155358,0.9743589743589743,0.987012987012987,1.0,2_vs_rest,8,svm
142,scanpy_wilcoxon,0.9774081429990069,0.9868421052631579,0.9868421052631579,0.9868421052631579,2_vs_rest,8,svm
143,scanpy_wilcoxon,0.9887879164609971,0.987012987012987,0.9934640522875817,1.0,2_vs_rest,8,svm
144,scanpy_wilcoxon,0.9777396600155358,0.9743589743589743,0.987012987012987,1.0,2_vs_rest,9,svm
145,scanpy_wilcoxon,0.9661108679437057,0.9866666666666667,0.9801324503311258,0.9736842105263158,2_vs_rest,9,svm
146,scanpy_wilcoxon,0.9887879164609971,0.987012987012987,0.9934640522875817,1.0,2_vs_rest,9,svm
147,scanpy_wilcoxon,0.9662366131031147,0.974025974025974,0.9803921568627451,0.9868421052631579,2_vs_rest,10,svm
148,scanpy_wilcoxon,0.9661108679437057,0.9866666666666667,0.9801324503311258,0.9736842105263158,2_vs_rest,10,svm
149,scanpy_wilcoxon,0.9887879164609971,0.987012987012987,0.9934640522875817,1.0,2_vs_rest,10,svm
150,scanpy_wilcoxon,0.9662366131031147,0.974025974025974,0.9803921568627451,0.9868421052631579,2_vs_rest,11,svm
151,scanpy_wilcoxon,0.9661108679437057,0.9866666666666667,0.9801324503311258,0.9736842105263158,2_vs_rest,11,svm
152,scanpy_wilcoxon,0.9887879164609971,0.987012987012987,0.9934640522875817,1.0,2_vs_rest,11,svm
153,scanpy_wilcoxon,0.9662366131031147,0.974025974025974,0.9803921568627451,0.9868421052631579,2_vs_rest,12,svm
154,scanpy_wilcoxon,0.9661108679437057,0.9866666666666667,0.9801324503311258,0.9736842105263158,2_vs_rest,12,svm
155,scanpy_wilcoxon,0.9777396600155358,0.9743589743589743,0.987012987012987,1.0,2_vs_rest,12,svm
156,scanpy_wilcoxon,0.9662366131031147,0.974025974025974,0.9803921568627451,0.9868421052631579,2_vs_rest,13,svm
157,scanpy_wilcoxon,0.9661108679437057,0.9866666666666667,0.9801324503311258,0.9736842105263158,2_vs_rest,13,svm
158,scanpy_wilcoxon,0.9777396600155358,0.9743589743589743,0.987012987012987,1.0,2_vs_rest,13,svm
159,scanpy_wilcoxon,0.9548162859980139,0.9736842105263158,0.9736842105263158,0.9736842105263158,2_vs_rest,14,svm
160,scanpy_wilcoxon,0.9661108679437057,0.9866666666666667,0.9801324503311258,0.9736842105263158,2_vs_rest,14,svm
161,scanpy_wilcoxon,0.9887879164609971,0.987012987012987,0.9934640522875817,1.0,2_vs_rest,14,svm
162,scanpy_wilcoxon,0.9548162859980139,0.9736842105263158,0.9736842105263158,0.9736842105263158,2_vs_rest,15,svm
163,scanpy_wilcoxon,0.9661108679437057,0.9866666666666667,0.9801324503311258,0.9736842105263158,2_vs_rest,15,svm
164,scanpy_wilcoxon,0.9887879164609971,0.987012987012987,0.9934640522875817,1.0,2_vs_rest,15,svm
165,scanpy_wilcoxon,0.9548162859980139,0.9736842105263158,0.9736842105263158,0.9736842105263158,2_vs_rest,16,svm
166,scanpy_wilcoxon,0.9661108679437057,0.9866666666666667,0.9801324503311258,0.9736842105263158,2_vs_rest,16,svm
167,scanpy_wilcoxon,0.9887879164609971,0.987012987012987,0.9934640522875817,1.0,2_vs_rest,16,svm
168,scanpy_wilcoxon,0.9662366131031147,0.974025974025974,0.9803921568627451,0.9868421052631579,2_vs_rest,17,svm
169,scanpy_wilcoxon,0.9661108679437057,0.9866666666666667,0.9801324503311258,0.9736842105263158,2_vs_rest,17,svm
170,scanpy_wilcoxon,0.9887879164609971,0.987012987012987,0.9934640522875817,1.0,2_vs_rest,17,svm
171,scanpy_wilcoxon,0.9662366131031147,0.974025974025974,0.9803921568627451,0.9868421052631579,2_vs_rest,18,svm
172,scanpy_wilcoxon,0.9661108679437057,0.9866666666666667,0.9801324503311258,0.9736842105263158,2_vs_rest,18,svm
173,scanpy_wilcoxon,0.9668496185332512,0.9620253164556962,0.9806451612903225,1.0,2_vs_rest,18,svm
174,scanpy_wilcoxon,0.9436853097452322,0.961038961038961,0.9673202614379085,0.9736842105263158,2_vs_rest,19,svm
175,scanpy_wilcoxon,0.9661108679437057,0.9866666666666667,0.9801324503311258,0.9736842105263158,2_vs_rest,19,svm
176,scanpy_wilcoxon,0.9662366131031147,0.974025974025974,0.9803921568627451,0.9868421052631579,2_vs_rest,19,svm
177,scanpy_wilcoxon,0.9548162859980139,0.9736842105263158,0.9736842105263158,0.9736842105263158,2_vs_rest,20,svm
178,scanpy_wilcoxon,0.9661108679437057,0.9866666666666667,0.9801324503311258,0.9736842105263158,2_vs_rest,20,svm
179,scanpy_wilcoxon,0.9777396600155358,0.9743589743589743,0.987012987012987,1.0,2_vs_rest,20,svm
180,scanpy_t-test,0.9887879164609971,0.987012987012987,0.9934640522875817,1.0,2_vs_rest,1,svm
181,scanpy_t-test,0.9887879164609971,0.987012987012987,0.9934640522875817,1.0,2_vs_rest,1,svm
182,scanpy_t-test,0.9887879164609971,0.987012987012987,0.9934640522875817,1.0,2_vs_rest,1,svm
183,scanpy_t-test,0.9887879164609971,0.987012987012987,0.9934640522875817,1.0,2_vs_rest,2,svm
184,scanpy_t-test,0.9887879164609971,0.987012987012987,0.9934640522875817,1.0,2_vs_rest,2,svm
185,scanpy_t-test,0.9887879164609971,0.987012987012987,0.9934640522875817,1.0,2_vs_rest,2,svm
186,scanpy_t-test,0.9662366131031147,0.974025974025974,0.9803921568627451,0.9868421052631579,2_vs_rest,3,svm
187,scanpy_t-test,0.9777396600155358,0.9743589743589743,0.987012987012987,1.0,2_vs_rest,3,svm
188,scanpy_t-test,0.9777396600155358,0.9743589743589743,0.987012987012987,1.0,2_vs_rest,3,svm
189,scanpy_t-test,0.9777396600155358,0.9743589743589743,0.987012987012987,1.0,2_vs_rest,4,svm
190,scanpy_t-test,0.9662366131031147,0.974025974025974,0.9803921568627451,0.9868421052631579,2_vs_rest,4,svm
191,scanpy_t-test,0.9887879164609971,0.987012987012987,0.9934640522875817,1.0,2_vs_rest,4,svm
192,scanpy_t-test,0.9668496185332512,0.9620253164556962,0.9806451612903225,1.0,2_vs_rest,5,svm
193,scanpy_t-test,0.9443704884140571,0.9493670886075949,0.967741935483871,0.9868421052631579,2_vs_rest,5,svm
194,scanpy_t-test,0.9777396600155358,0.9743589743589743,0.987012987012987,1.0,2_vs_rest,5,svm
195,scanpy_t-test,0.9777396600155358,0.9743589743589743,0.987012987012987,1.0,2_vs_rest,6,svm
196,scanpy_t-test,0.9774081429990069,0.9868421052631579,0.9868421052631579,0.9868421052631579,2_vs_rest,6,svm
197,scanpy_t-test,0.9777396600155358,0.9743589743589743,0.987012987012987,1.0,2_vs_rest,6,svm
198,scanpy_t-test,0.9777396600155358,0.9743589743589743,0.987012987012987,1.0,2_vs_rest,7,svm
199,scanpy_t-test,0.9774081429990069,0.9868421052631579,0.9868421052631579,0.9868421052631579,2_vs_rest,7,svm
200,scanpy_t-test,0.9668496185332512,0.9620253164556962,0.9806451612903225,1.0,2_vs_rest,7,svm
201,scanpy_t-test,0.9777396600155358,0.9743589743589743,0.987012987012987,1.0,2_vs_rest,8,svm
202,scanpy_t-test,0.9774081429990069,0.9868421052631579,0.9868421052631579,0.9868421052631579,2_vs_rest,8,svm
203,scanpy_t-test,0.9887879164609971,0.987012987012987,0.9934640522875817,1.0,2_vs_rest,8,svm
204,scanpy_t-test,0.9887879164609971,0.987012987012987,0.9934640522875817,1.0,2_vs_rest,9,svm
205,scanpy_t-test,0.9661108679437057,0.9866666666666667,0.9801324503311258,0.9736842105263158,2_vs_rest,9,svm
206,scanpy_t-test,0.9887879164609971,0.987012987012987,0.9934640522875817,1.0,2_vs_rest,9,svm
207,scanpy_t-test,0.9777396600155358,0.9743589743589743,0.987012987012987,1.0,2_vs_rest,10,svm
208,scanpy_t-test,0.9661108679437057,0.9866666666666667,0.9801324503311258,0.9736842105263158,2_vs_rest,10,svm
209,scanpy_t-test,0.9887879164609971,0.987012987012987,0.9934640522875817,1.0,2_vs_rest,10,svm
210,scanpy_t-test,0.9887879164609971,0.987012987012987,0.9934640522875817,1.0,2_vs_rest,11,svm
211,scanpy_t-test,0.9661108679437057,0.9866666666666667,0.9801324503311258,0.9736842105263158,2_vs_rest,11,svm
212,scanpy_t-test,0.9887879164609971,0.987012987012987,0.9934640522875817,1.0,2_vs_rest,11,svm
213,scanpy_t-test,0.9887879164609971,0.987012987012987,0.9934640522875817,1.0,2_vs_rest,12,svm
214,scanpy_t-test,0.9661108679437057,0.9866666666666667,0.9801324503311258,0.9736842105263158,2_vs_rest,12,svm
215,scanpy_t-test,0.9887879164609971,0.987012987012987,0.9934640522875817,1.0,2_vs_rest,12,svm
216,scanpy_t-test,0.9887879164609971,0.987012987012987,0.9934640522875817,1.0,2_vs_rest,13,svm
217,scanpy_t-test,0.9661108679437057,0.9866666666666667,0.9801324503311258,0.9736842105263158,2_vs_rest,13,svm
218,scanpy_t-test,0.9887879164609971,0.987012987012987,0.9934640522875817,1.0,2_vs_rest,13,svm
219,scanpy_t-test,0.9887879164609971,0.987012987012987,0.9934640522875817,1.0,2_vs_rest,14,svm
220,scanpy_t-test,0.9661108679437057,0.9866666666666667,0.9801324503311258,0.9736842105263158,2_vs_rest,14,svm
221,scanpy_t-test,0.9774081429990069,0.9868421052631579,0.9868421052631579,0.9868421052631579,2_vs_rest,14,svm
222,scanpy_t-test,0.9887879164609971,0.987012987012987,0.9934640522875817,1.0,2_vs_rest,15,svm
223,scanpy_t-test,0.9661108679437057,0.9866666666666667,0.9801324503311258,0.9736842105263158,2_vs_rest,15,svm
224,scanpy_t-test,0.9774081429990069,0.9868421052631579,0.9868421052631579,0.9868421052631579,2_vs_rest,15,svm
225,scanpy_t-test,0.9887879164609971,0.987012987012987,0.9934640522875817,1.0,2_vs_rest,16,svm
226,scanpy_t-test,0.9661108679437057,0.9866666666666667,0.9801324503311258,0.9736842105263158,2_vs_rest,16,svm
227,scanpy_t-test,0.9774081429990069,0.9868421052631579,0.9868421052631579,0.9868421052631579,2_vs_rest,16,svm
228,scanpy_t-test,0.9887879164609971,0.987012987012987,0.9934640522875817,1.0,2_vs_rest,17,svm
229,scanpy_t-test,0.9774081429990069,0.9868421052631579,0.9868421052631579,0.9868421052631579,2_vs_rest,17,svm
230,scanpy_t-test,0.9774081429990069,0.9868421052631579,0.9868421052631579,0.9868421052631579,2_vs_rest,17,svm
231,scanpy_t-test,0.9887879164609971,0.987012987012987,0.9934640522875817,1.0,2_vs_rest,18,svm
232,scanpy_t-test,0.9661108679437057,0.9866666666666667,0.9801324503311258,0.9736842105263158,2_vs_rest,18,svm
233,scanpy_t-test,0.9774081429990069,0.9868421052631579,0.9868421052631579,0.9868421052631579,2_vs_rest,18,svm
234,scanpy_t-test,0.9777396600155358,0.9743589743589743,0.987012987012987,1.0,2_vs_rest,19,svm
235,scanpy_t-test,0.9661108679437057,0.9866666666666667,0.9801324503311258,0.9736842105263158,2_vs_rest,19,svm
236,scanpy_t-test,0.9774081429990069,0.9868421052631579,0.9868421052631579,0.9868421052631579,2_vs_rest,19,svm
237,scanpy_t-test,0.9777396600155358,0.9743589743589743,0.987012987012987,1.0,2_vs_rest,20,svm
238,scanpy_t-test,0.9661108679437057,0.9866666666666667,0.9801324503311258,0.9736842105263158,2_vs_rest,20,svm
239,scanpy_t-test,0.9774081429990069,0.9868421052631579,0.9868421052631579,0.9868421052631579,2_vs_rest,20,svm
240,yomix,1.0,1.0,1.0,1.0,7_vs_rest,1,svm
241,yomix,1.0,1.0,1.0,1.0,7_vs_rest,1,svm
242,yomix,1.0,1.0,1.0,1.0,7_vs_rest,1,svm
243,yomix,1.0,1.0,1.0,1.0,7_vs_rest,2,svm
244,yomix,1.0,1.0,1.0,1.0,7_vs_rest,2,svm
245,yomix,1.0,1.0,1.0,1.0,7_vs_rest,2,svm
246,yomix,1.0,1.0,1.0,1.0,7_vs_rest,3,svm
247,yomix,1.0,1.0,1.0,1.0,7_vs_rest,3,svm
248,yomix,1.0,1.0,1.0,1.0,7_vs_rest,3,svm
249,yomix,0.8610907459305742,0.75,0.8571428571428571,1.0,7_vs_rest,4,svm
250,yomix,1.0,1.0,1.0,1.0,7_vs_rest,4,svm
251,yomix,0.8095078939102633,0.6666666666666666,0.8,1.0,7_vs_rest,4,svm
252,yomix,0.8095078939102633,0.6666666666666666,0.8,1.0,7_vs_rest,5,svm
253,yomix,0.9231861823449955,0.8571428571428571,0.9230769230769231,1.0,7_vs_rest,5,svm
254,yomix,0.8095078939102633,0.6666666666666666,0.8,1.0,7_vs_rest,5,svm
255,yomix,1.0,1.0,1.0,1.0,7_vs_rest,6,svm
256,yomix,1.0,1.0,1.0,1.0,7_vs_rest,6,svm
257,yomix,0.9231861823449955,0.8571428571428571,0.9230769230769231,1.0,7_vs_rest,6,svm
258,yomix,1.0,1.0,1.0,1.0,7_vs_rest,7,svm
259,yomix,1.0,1.0,1.0,1.0,7_vs_rest,7,svm
260,yomix,1.0,1.0,1.0,1.0,7_vs_rest,7,svm
261,yomix,1.0,1.0,1.0,1.0,7_vs_rest,8,svm
262,yomix,1.0,1.0,1.0,1.0,7_vs_rest,8,svm
263,yomix,1.0,1.0,1.0,1.0,7_vs_rest,8,svm
264,yomix,1.0,1.0,1.0,1.0,7_vs_rest,9,svm
265,yomix,1.0,1.0,1.0,1.0,7_vs_rest,9,svm
266,yomix,1.0,1.0,1.0,1.0,7_vs_rest,9,svm
267,yomix,1.0,1.0,1.0,1.0,7_vs_rest,10,svm
268,yomix,1.0,1.0,1.0,1.0,7_vs_rest,10,svm
269,yomix,1.0,1.0,1.0,1.0,7_vs_rest,10,svm
270,yomix,1.0,1.0,1.0,1.0,7_vs_rest,11,svm
271,yomix,1.0,1.0,1.0,1.0,7_vs_rest,11,svm
272,yomix,1.0,1.0,1.0,1.0,7_vs_rest,11,svm
273,yomix,1.0,1.0,1.0,1.0,7_vs_rest,12,svm
274,yomix,1.0,1.0,1.0,1.0,7_vs_rest,12,svm
275,yomix,1.0,1.0,1.0,1.0,7_vs_rest,12,svm
276,yomix,1.0,1.0,1.0,1.0,7_vs_rest,13,svm
277,yomix,1.0,1.0,1.0,1.0,7_vs_rest,13,svm
278,yomix,1.0,1.0,1.0,1.0,7_vs_rest,13,svm
279,yomix,1.0,1.0,1.0,1.0,7_vs_rest,14,svm
280,yomix,1.0,1.0,1.0,1.0,7_vs_rest,14,svm
281,yomix,1.0,1.0,1.0,1.0,7_vs_rest,14,svm
282,yomix,1.0,1.0,1.0,1.0,7_vs_rest,15,svm
283,yomix,1.0,1.0,1.0,1.0,7_vs_rest,15,svm
284,yomix,1.0,1.0,1.0,1.0,7_vs_rest,15,svm
285,yomix,1.0,1.0,1.0,1.0,7_vs_rest,16,svm
286,yomix,1.0,1.0,1.0,1.0,7_vs_rest,16,svm
287,yomix,1.0,1.0,1.0,1.0,7_vs_rest,16,svm
288,yomix,1.0,1.0,1.0,1.0,7_vs_rest,17,svm
289,yomix,1.0,1.0,1.0,1.0,7_vs_rest,17,svm
290,yomix,1.0,1.0,1.0,1.0,7_vs_rest,17,svm
291,yomix,1.0,1.0,1.0,1.0,7_vs_rest,18,svm
292,yomix,1.0,1.0,1.0,1.0,7_vs_rest,18,svm
293,yomix,1.0,1.0,1.0,1.0,7_vs_rest,18,svm
294,yomix,1.0,1.0,1.0,1.0,7_vs_rest,19,svm
295,yomix,1.0,1.0,1.0,1.0,7_vs_rest,19,svm
296,yomix,1.0,1.0,1.0,1.0,7_vs_rest,19,svm
297,yomix,1.0,1.0,1.0,1.0,7_vs_rest,20,svm
298,yomix,1.0,1.0,1.0,1.0,7_vs_rest,20,svm
299,yomix,1.0,1.0,1.0,1.0,7_vs_rest,20,svm
300,cosg,1.0,1.0,1.0,1.0,7_vs_rest,1,svm
301,cosg,1.0,1.0,1.0,1.0,7_vs_rest,1,svm
302,cosg,1.0,1.0,1.0,1.0,7_vs_rest,1,svm
303,cosg,1.0,1.0,1.0,1.0,7_vs_rest,2,svm
304,cosg,1.0,1.0,1.0,1.0,7_vs_rest,2,svm
305,cosg,1.0,1.0,1.0,1.0,7_vs_rest,2,svm
306,cosg,1.0,1.0,1.0,1.0,7_vs_rest,3,svm
307,cosg,1.0,1.0,1.0,1.0,7_vs_rest,3,svm
308,cosg,1.0,1.0,1.0,1.0,7_vs_rest,3,svm
309,cosg,1.0,1.0,1.0,1.0,7_vs_rest,4,svm
310,cosg,1.0,1.0,1.0,1.0,7_vs_rest,4,svm
311,cosg,1.0,1.0,1.0,1.0,7_vs_rest,4,svm
312,cosg,1.0,1.0,1.0,1.0,7_vs_rest,5,svm
313,cosg,1.0,1.0,1.0,1.0,7_vs_rest,5,svm
314,cosg,0.9231861823449955,0.8571428571428571,0.9230769230769231,1.0,7_vs_rest,5,svm
315,cosg,0.9231861823449955,0.8571428571428571,0.9230769230769231,1.0,7_vs_rest,6,svm
316,cosg,1.0,1.0,1.0,1.0,7_vs_rest,6,svm
317,cosg,0.9231861823449955,0.8571428571428571,0.9230769230769231,1.0,7_vs_rest,6,svm
318,cosg,0.9231861823449955,0.8571428571428571,0.9230769230769231,1.0,7_vs_rest,7,svm
319,cosg,1.0,1.0,1.0,1.0,7_vs_rest,7,svm
320,cosg,0.9231861823449955,0.8571428571428571,0.9230769230769231,1.0,7_vs_rest,7,svm
321,cosg,1.0,1.0,1.0,1.0,7_vs_rest,8,svm
322,cosg,1.0,1.0,1.0,1.0,7_vs_rest,8,svm
323,cosg,0.9231861823449955,0.8571428571428571,0.9230769230769231,1.0,7_vs_rest,8,svm
324,cosg,1.0,1.0,1.0,1.0,7_vs_rest,9,svm
325,cosg,1.0,1.0,1.0,1.0,7_vs_rest,9,svm
326,cosg,1.0,1.0,1.0,1.0,7_vs_rest,9,svm
327,cosg,1.0,1.0,1.0,1.0,7_vs_rest,10,svm
328,cosg,1.0,1.0,1.0,1.0,7_vs_rest,10,svm
329,cosg,1.0,1.0,1.0,1.0,7_vs_rest,10,svm
330,cosg,1.0,1.0,1.0,1.0,7_vs_rest,11,svm
331,cosg,1.0,1.0,1.0,1.0,7_vs_rest,11,svm
332,cosg,1.0,1.0,1.0,1.0,7_vs_rest,11,svm
333,cosg,1.0,1.0,1.0,1.0,7_vs_rest,12,svm
334,cosg,1.0,1.0,1.0,1.0,7_vs_rest,12,svm
335,cosg,1.0,1.0,1.0,1.0,7_vs_rest,12,svm
336,cosg,1.0,1.0,1.0,1.0,7_vs_rest,13,svm
337,cosg,1.0,1.0,1.0,1.0,7_vs_rest,13,svm
338,cosg,1.0,1.0,1.0,1.0,7_vs_rest,13,svm
339,cosg,1.0,1.0,1.0,1.0,7_vs_rest,14,svm
340,cosg,1.0,1.0,1.0,1.0,7_vs_rest,14,svm
341,cosg,1.0,1.0,1.0,1.0,7_vs_rest,14,svm
342,cosg,1.0,1.0,1.0,1.0,7_vs_rest,15,svm
343,cosg,1.0,1.0,1.0,1.0,7_vs_rest,15,svm
344,cosg,1.0,1.0,1.0,1.0,7_vs_rest,15,svm
345,cosg,1.0,1.0,1.0,1.0,7_vs_rest,16,svm
346,cosg,1.0,1.0,1.0,1.0,7_vs_rest,16,svm
347,cosg,1.0,1.0,1.0,1.0,7_vs_rest,16,svm
348,cosg,1.0,1.0,1.0,1.0,7_vs_rest,17,svm
349,cosg,1.0,1.0,1.0,1.0,7_vs_rest,17,svm
350,cosg,1.0,1.0,1.0,1.0,7_vs_rest,17,svm
351,cosg,1.0,1.0,1.0,1.0,7_vs_rest,18,svm
352,cosg,1.0,1.0,1.0,1.0,7_vs_rest,18,svm
353,cosg,1.0,1.0,1.0,1.0,7_vs_rest,18,svm
354,cosg,1.0,1.0,1.0,1.0,7_vs_rest,19,svm
355,cosg,1.0,1.0,1.0,1.0,7_vs_rest,19,svm
356,cosg,1.0,1.0,1.0,1.0,7_vs_rest,19,svm
357,cosg,1.0,1.0,1.0,1.0,7_vs_rest,20,svm
358,cosg,1.0,1.0,1.0,1.0,7_vs_rest,20,svm
359,cosg,1.0,1.0,1.0,1.0,7_vs_rest,20,svm
360,scanpy_wilcoxon,1.0,1.0,1.0,1.0,7_vs_rest,1,svm
361,scanpy_wilcoxon,1.0,1.0,1.0,1.0,7_vs_rest,1,svm
362,scanpy_wilcoxon,1.0,1.0,1.0,1.0,7_vs_rest,1,svm
363,scanpy_wilcoxon,1.0,1.0,1.0,1.0,7_vs_rest,2,svm
364,scanpy_wilcoxon,1.0,1.0,1.0,1.0,7_vs_rest,2,svm
365,scanpy_wilcoxon,1.0,1.0,1.0,1.0,7_vs_rest,2,svm
366,scanpy_wilcoxon,0.8095078939102633,0.6666666666666666,0.8,1.0,7_vs_rest,3,svm
367,scanpy_wilcoxon,0.9231861823449955,0.8571428571428571,0.9230769230769231,1.0,7_vs_rest,3,svm
368,scanpy_wilcoxon,0.8095078939102633,0.6666666666666666,0.8,1.0,7_vs_rest,3,svm
369,scanpy_wilcoxon,1.0,1.0,1.0,1.0,7_vs_rest,4,svm
370,scanpy_wilcoxon,0.9231861823449955,0.8571428571428571,0.9230769230769231,1.0,7_vs_rest,4,svm
371,scanpy_wilcoxon,0.8610907459305742,0.75,0.8571428571428571,1.0,7_vs_rest,4,svm
372,scanpy_wilcoxon,1.0,1.0,1.0,1.0,7_vs_rest,5,svm
373,scanpy_wilcoxon,1.0,1.0,1.0,1.0,7_vs_rest,5,svm
374,scanpy_wilcoxon,1.0,1.0,1.0,1.0,7_vs_rest,5,svm
375,scanpy_wilcoxon,1.0,1.0,1.0,1.0,7_vs_rest,6,svm
376,scanpy_wilcoxon,1.0,1.0,1.0,1.0,7_vs_rest,6,svm
377,scanpy_wilcoxon,0.9231861823449955,0.8571428571428571,0.9230769230769231,1.0,7_vs_rest,6,svm
378,scanpy_wilcoxon,1.0,1.0,1.0,1.0,7_vs_rest,7,svm
379,scanpy_wilcoxon,1.0,1.0,1.0,1.0,7_vs_rest,7,svm
380,scanpy_wilcoxon,0.9231861823449955,0.8571428571428571,0.9230769230769231,1.0,7_vs_rest,7,svm
381,scanpy_wilcoxon,1.0,1.0,1.0,1.0,7_vs_rest,8,svm
382,scanpy_wilcoxon,1.0,1.0,1.0,1.0,7_vs_rest,8,svm
383,scanpy_wilcoxon,0.9231861823449955,0.8571428571428571,0.9230769230769231,1.0,7_vs_rest,8,svm
384,scanpy_wilcoxon,1.0,1.0,1.0,1.0,7_vs_rest,9,svm
385,scanpy_wilcoxon,1.0,1.0,1.0,1.0,7_vs_rest,9,svm
386,scanpy_wilcoxon,0.9231861823449955,0.8571428571428571,0.9230769230769231,1.0,7_vs_rest,9,svm
387,scanpy_wilcoxon,1.0,1.0,1.0,1.0,7_vs_rest,10,svm
388,scanpy_wilcoxon,1.0,1.0,1.0,1.0,7_vs_rest,10,svm
389,scanpy_wilcoxon,0.9231861823449955,0.8571428571428571,0.9230769230769231,1.0,7_vs_rest,10,svm
390,scanpy_wilcoxon,1.0,1.0,1.0,1.0,7_vs_rest,11,svm
391,scanpy_wilcoxon,1.0,1.0,1.0,1.0,7_vs_rest,11,svm
392,scanpy_wilcoxon,0.9231861823449955,0.8571428571428571,0.9230769230769231,1.0,7_vs_rest,11,svm
393,scanpy_wilcoxon,1.0,1.0,1.0,1.0,7_vs_rest,12,svm
394,scanpy_wilcoxon,1.0,1.0,1.0,1.0,7_vs_rest,12,svm
395,scanpy_wilcoxon,0.9231861823449955,0.8571428571428571,0.9230769230769231,1.0,7_vs_rest,12,svm
396,scanpy_wilcoxon,1.0,1.0,1.0,1.0,7_vs_rest,13,svm
397,scanpy_wilcoxon,1.0,1.0,1.0,1.0,7_vs_rest,13,svm
398,scanpy_wilcoxon,0.9231861823449955,0.8571428571428571,0.9230769230769231,1.0,7_vs_rest,13,svm
399,scanpy_wilcoxon,1.0,1.0,1.0,1.0,7_vs_rest,14,svm
400,scanpy_wilcoxon,1.0,1.0,1.0,1.0,7_vs_rest,14,svm
401,scanpy_wilcoxon,1.0,1.0,1.0,1.0,7_vs_rest,14,svm
402,scanpy_wilcoxon,1.0,1.0,1.0,1.0,7_vs_rest,15,svm
403,scanpy_wilcoxon,1.0,1.0,1.0,1.0,7_vs_rest,15,svm
404,scanpy_wilcoxon,1.0,1.0,1.0,1.0,7_vs_rest,15,svm
405,scanpy_wilcoxon,1.0,1.0,1.0,1.0,7_vs_rest,16,svm
406,scanpy_wilcoxon,1.0,1.0,1.0,1.0,7_vs_rest,16,svm
407,scanpy_wilcoxon,0.9231861823449955,0.8571428571428571,0.9230769230769231,1.0,7_vs_rest,16,svm
408,scanpy_wilcoxon,1.0,1.0,1.0,1.0,7_vs_rest,17,svm
409,scanpy_wilcoxon,1.0,1.0,1.0,1.0,7_vs_rest,17,svm
410,scanpy_wilcoxon,1.0,1.0,1.0,1.0,7_vs_rest,17,svm
411,scanpy_wilcoxon,1.0,1.0,1.0,1.0,7_vs_rest,18,svm
412,scanpy_wilcoxon,1.0,1.0,1.0,1.0,7_vs_rest,18,svm
413,scanpy_wilcoxon,1.0,1.0,1.0,1.0,7_vs_rest,18,svm
414,scanpy_wilcoxon,1.0,1.0,1.0,1.0,7_vs_rest,19,svm
415,scanpy_wilcoxon,1.0,1.0,1.0,1.0,7_vs_rest,19,svm
416,scanpy_wilcoxon,1.0,1.0,1.0,1.0,7_vs_rest,19,svm
417,scanpy_wilcoxon,1.0,1.0,1.0,1.0,7_vs_rest,20,svm
418,scanpy_wilcoxon,1.0,1.0,1.0,1.0,7_vs_rest,20,svm
419,scanpy_wilcoxon,1.0,1.0,1.0,1.0,7_vs_rest,20,svm
420,scanpy_t-test,0.44238791880777073,0.2222222222222222,0.36363636363636365,1.0,7_vs_rest,1,svm
421,scanpy_t-test,0.49792959773196915,0.2727272727272727,0.42857142857142855,1.0,7_vs_rest,1,svm
422,scanpy_t-test,0.4522670168666454,0.23076923076923078,0.375,1.0,7_vs_rest,1,svm
423,scanpy_t-test,0.5752237416355278,0.35294117647058826,0.5217391304347826,1.0,7_vs_rest,2,svm
424,scanpy_t-test,0.665719023448946,0.46153846153846156,0.631578947368421,1.0,7_vs_rest,2,svm
425,scanpy_t-test,0.5947210958240693,0.375,0.5454545454545454,1.0,7_vs_rest,2,svm
426,scanpy_t-test,0.7279826080930439,0.5454545454545454,0.7058823529411765,1.0,7_vs_rest,3,svm
427,scanpy_t-test,0.8610907459305742,0.75,0.8571428571428571,1.0,7_vs_rest,3,svm
428,scanpy_t-test,0.6949493114282117,0.5,0.6666666666666666,1.0,7_vs_rest,3,svm
429,scanpy_t-test,0.6949493114282117,0.5,0.6666666666666666,1.0,7_vs_rest,4,svm
430,scanpy_t-test,0.9231861823449955,0.8571428571428571,0.9230769230769231,1.0,7_vs_rest,4,svm
431,scanpy_t-test,0.7279826080930439,0.5454545454545454,0.7058823529411765,1.0,7_vs_rest,4,svm
432,scanpy_t-test,0.665719023448946,0.46153846153846156,0.631578947368421,1.0,7_vs_rest,5,svm
433,scanpy_t-test,0.9231861823449955,0.8571428571428571,0.9230769230769231,1.0,7_vs_rest,5,svm
434,scanpy_t-test,0.7279826080930439,0.5454545454545454,0.7058823529411765,1.0,7_vs_rest,5,svm
435,scanpy_t-test,0.9231861823449955,0.8571428571428571,0.9230769230769231,1.0,7_vs_rest,6,svm
436,scanpy_t-test,1.0,1.0,1.0,1.0,7_vs_rest,6,svm
437,scanpy_t-test,0.8610907459305742,0.75,0.8571428571428571,1.0,7_vs_rest,6,svm
438,scanpy_t-test,0.9231861823449955,0.8571428571428571,0.9230769230769231,1.0,7_vs_rest,7,svm
439,scanpy_t-test,1.0,1.0,1.0,1.0,7_vs_rest,7,svm
440,scanpy_t-test,0.8610907459305742,0.75,0.8571428571428571,1.0,7_vs_rest,7,svm
441,scanpy_t-test,1.0,1.0,1.0,1.0,7_vs_rest,8,svm
442,scanpy_t-test,1.0,1.0,1.0,1.0,7_vs_rest,8,svm
443,scanpy_t-test,0.9231861823449955,0.8571428571428571,0.9230769230769231,1.0,7_vs_rest,8,svm
444,scanpy_t-test,1.0,1.0,1.0,1.0,7_vs_rest,9,svm
445,scanpy_t-test,1.0,1.0,1.0,1.0,7_vs_rest,9,svm
446,scanpy_t-test,0.9231861823449955,0.8571428571428571,0.9230769230769231,1.0,7_vs_rest,9,svm
447,scanpy_t-test,1.0,1.0,1.0,1.0,7_vs_rest,10,svm
448,scanpy_t-test,1.0,1.0,1.0,1.0,7_vs_rest,10,svm
449,scanpy_t-test,0.9231861823449955,0.8571428571428571,0.9230769230769231,1.0,7_vs_rest,10,svm
450,scanpy_t-test,1.0,1.0,1.0,1.0,7_vs_rest,11,svm
451,scanpy_t-test,1.0,1.0,1.0,1.0,7_vs_rest,11,svm
452,scanpy_t-test,0.9231861823449955,0.8571428571428571,0.9230769230769231,1.0,7_vs_rest,11,svm
453,scanpy_t-test,1.0,1.0,1.0,1.0,7_vs_rest,12,svm
454,scanpy_t-test,1.0,1.0,1.0,1.0,7_vs_rest,12,svm
455,scanpy_t-test,1.0,1.0,1.0,1.0,7_vs_rest,12,svm
456,scanpy_t-test,1.0,1.0,1.0,1.0,7_vs_rest,13,svm
457,scanpy_t-test,1.0,1.0,1.0,1.0,7_vs_rest,13,svm
458,scanpy_t-test,1.0,1.0,1.0,1.0,7_vs_rest,13,svm
459,scanpy_t-test,1.0,1.0,1.0,1.0,7_vs_rest,14,svm
460,scanpy_t-test,1.0,1.0,1.0,1.0,7_vs_rest,14,svm
461,scanpy_t-test,1.0,1.0,1.0,1.0,7_vs_rest,14,svm
462,scanpy_t-test,1.0,1.0,1.0,1.0,7_vs_rest,15,svm
463,scanpy_t-test,1.0,1.0,1.0,1.0,7_vs_rest,15,svm
464,scanpy_t-test,1.0,1.0,1.0,1.0,7_vs_rest,15,svm
465,scanpy_t-test,1.0,1.0,1.0,1.0,7_vs_rest,16,svm
466,scanpy_t-test,1.0,1.0,1.0,1.0,7_vs_rest,16,svm
467,scanpy_t-test,0.9231861823449955,0.8571428571428571,0.9230769230769231,1.0,7_vs_rest,16,svm
468,scanpy_t-test,1.0,1.0,1.0,1.0,7_vs_rest,17,svm
469,scanpy_t-test,1.0,1.0,1.0,1.0,7_vs_rest,17,svm
470,scanpy_t-test,1.0,1.0,1.0,1.0,7_vs_rest,17,svm
471,scanpy_t-test,1.0,1.0,1.0,1.0,7_vs_rest,18,svm
472,scanpy_t-test,1.0,1.0,1.0,1.0,7_vs_rest,18,svm
473,scanpy_t-test,1.0,1.0,1.0,1.0,7_vs_rest,18,svm
474,scanpy_t-test,1.0,1.0,1.0,1.0,7_vs_rest,19,svm
475,scanpy_t-test,1.0,1.0,1.0,1.0,7_vs_rest,19,svm
476,scanpy_t-test,1.0,1.0,1.0,1.0,7_vs_rest,19,svm
477,scanpy_t-test,1.0,1.0,1.0,1.0,7_vs_rest,20,svm
478,scanpy_t-test,1.0,1.0,1.0,1.0,7_vs_rest,20,svm
479,scanpy_t-test,1.0,1.0,1.0,1.0,7_vs_rest,20,svm
480,yomix,0.8768630958643937,0.7777777777777778,0.875,1.0,4_vs_rest,1,svm
481,yomix,0.8768630958643937,0.7777777777777778,0.875,1.0,4_vs_rest,1,svm
482,yomix,0.8294576541331089,0.7,0.8235294117647058,1.0,4_vs_rest,1,svm
483,yomix,0.8768630958643937,0.7777777777777778,0.875,1.0,4_vs_rest,2,svm
484,yomix,0.8768630958643937,0.7777777777777778,0.875,1.0,4_vs_rest,2,svm
485,yomix,0.8294576541331089,0.7,0.8235294117647058,1.0,4_vs_rest,2,svm
486,yomix,0.9231861823449955,1.0,0.9230769230769231,0.8571428571428571,4_vs_rest,3,svm
487,yomix,0.9231861823449955,1.0,0.9230769230769231,0.8571428571428571,4_vs_rest,3,svm
488,yomix,0.8294576541331089,0.7,0.8235294117647058,1.0,4_vs_rest,3,svm
489,yomix,1.0,1.0,1.0,1.0,4_vs_rest,4,svm
490,yomix,1.0,1.0,1.0,1.0,4_vs_rest,4,svm
491,yomix,0.9327379053088816,0.875,0.9333333333333333,1.0,4_vs_rest,4,svm
492,yomix,1.0,1.0,1.0,1.0,4_vs_rest,5,svm
493,yomix,1.0,1.0,1.0,1.0,4_vs_rest,5,svm
494,yomix,1.0,1.0,1.0,1.0,4_vs_rest,5,svm
495,yomix,1.0,1.0,1.0,1.0,4_vs_rest,6,svm
496,yomix,1.0,1.0,1.0,1.0,4_vs_rest,6,svm
497,yomix,0.9327379053088816,0.875,0.9333333333333333,1.0,4_vs_rest,6,svm
498,yomix,1.0,1.0,1.0,1.0,4_vs_rest,7,svm
499,yomix,1.0,1.0,1.0,1.0,4_vs_rest,7,svm
500,yomix,0.9327379053088816,0.875,0.9333333333333333,1.0,4_vs_rest,7,svm
501,yomix,1.0,1.0,1.0,1.0,4_vs_rest,8,svm
502,yomix,1.0,1.0,1.0,1.0,4_vs_rest,8,svm
503,yomix,0.9327379053088816,0.875,0.9333333333333333,1.0,4_vs_rest,8,svm
504,yomix,1.0,1.0,1.0,1.0,4_vs_rest,9,svm
505,yomix,1.0,1.0,1.0,1.0,4_vs_rest,9,svm
506,yomix,0.9327379053088816,0.875,0.9333333333333333,1.0,4_vs_rest,9,svm
507,yomix,1.0,1.0,1.0,1.0,4_vs_rest,10,svm
508,yomix,1.0,1.0,1.0,1.0,4_vs_rest,10,svm
509,yomix,0.9327379053088816,0.875,0.9333333333333333,1.0,4_vs_rest,10,svm
510,yomix,1.0,1.0,1.0,1.0,4_vs_rest,11,svm
511,yomix,1.0,1.0,1.0,1.0,4_vs_rest,11,svm
512,yomix,0.9327379053088816,0.875,0.9333333333333333,1.0,4_vs_rest,11,svm
513,yomix,1.0,1.0,1.0,1.0,4_vs_rest,12,svm
514,yomix,1.0,1.0,1.0,1.0,4_vs_rest,12,svm
515,yomix,0.9327379053088816,0.875,0.9333333333333333,1.0,4_vs_rest,12,svm
516,yomix,1.0,1.0,1.0,1.0,4_vs_rest,13,svm
517,yomix,0.9231861823449955,1.0,0.9230769230769231,0.8571428571428571,4_vs_rest,13,svm
518,yomix,0.9327379053088816,0.875,0.9333333333333333,1.0,4_vs_rest,13,svm
519,yomix,0.9231861823449955,1.0,0.9230769230769231,0.8571428571428571,4_vs_rest,14,svm
520,yomix,0.9231861823449955,1.0,0.9230769230769231,0.8571428571428571,4_vs_rest,14,svm
521,yomix,0.9327379053088816,0.875,0.9333333333333333,1.0,4_vs_rest,14,svm
522,yomix,0.9231861823449955,1.0,0.9230769230769231,0.8571428571428571,4_vs_rest,15,svm
523,yomix,0.9231861823449955,1.0,0.9230769230769231,0.8571428571428571,4_vs_rest,15,svm
524,yomix,0.9327379053088816,0.875,0.9333333333333333,1.0,4_vs_rest,15,svm
525,yomix,0.8403658068160179,1.0,0.8333333333333334,0.7142857142857143,4_vs_rest,16,svm
526,yomix,0.9231861823449955,1.0,0.9230769230769231,0.8571428571428571,4_vs_rest,16,svm
527,yomix,0.9327379053088816,0.875,0.9333333333333333,1.0,4_vs_rest,16,svm
528,yomix,0.9231861823449955,1.0,0.9230769230769231,0.8571428571428571,4_vs_rest,17,svm
529,yomix,0.9231861823449955,1.0,0.9230769230769231,0.8571428571428571,4_vs_rest,17,svm
530,yomix,0.9327379053088816,0.875,0.9333333333333333,1.0,4_vs_rest,17,svm
531,yomix,0.9231861823449955,1.0,0.9230769230769231,0.8571428571428571,4_vs_rest,18,svm
532,yomix,0.9231861823449955,1.0,0.9230769230769231,0.8571428571428571,4_vs_rest,18,svm
533,yomix,0.9327379053088816,0.875,0.9333333333333333,1.0,4_vs_rest,18,svm
534,yomix,0.9231861823449955,1.0,0.9230769230769231,0.8571428571428571,4_vs_rest,19,svm
535,yomix,0.9231861823449955,1.0,0.9230769230769231,0.8571428571428571,4_vs_rest,19,svm
536,yomix,1.0,1.0,1.0,1.0,4_vs_rest,19,svm
537,yomix,0.9231861823449955,1.0,0.9230769230769231,0.8571428571428571,4_vs_rest,20,svm
538,yomix,0.9231861823449955,1.0,0.9230769230769231,0.8571428571428571,4_vs_rest,20,svm
539,yomix,1.0,1.0,1.0,1.0,4_vs_rest,20,svm
540,cosg,0.8768630958643937,0.7777777777777778,0.875,1.0,4_vs_rest,1,svm
541,cosg,0.8768630958643937,0.7777777777777778,0.875,1.0,4_vs_rest,1,svm
542,cosg,0.8294576541331089,0.7,0.8235294117647058,1.0,4_vs_rest,1,svm
543,cosg,0.9231861823449955,1.0,0.9230769230769231,0.8571428571428571,4_vs_rest,2,svm
544,cosg,0.9231861823449955,1.0,0.9230769230769231,0.8571428571428571,4_vs_rest,2,svm
545,cosg,0.8294576541331089,0.7,0.8235294117647058,1.0,4_vs_rest,2,svm
546,cosg,0.9231861823449955,1.0,0.9230769230769231,0.8571428571428571,4_vs_rest,3,svm
547,cosg,0.9231861823449955,1.0,0.9230769230769231,0.8571428571428571,4_vs_rest,3,svm
548,cosg,0.9327379053088816,0.875,0.9333333333333333,1.0,4_vs_rest,3,svm
549,cosg,0.9231861823449955,1.0,0.9230769230769231,0.8571428571428571,4_vs_rest,4,svm
550,cosg,0.9231861823449955,1.0,0.9230769230769231,0.8571428571428571,4_vs_rest,4,svm
551,cosg,0.9327379053088816,0.875,0.9333333333333333,1.0,4_vs_rest,4,svm
552,cosg,0.9231861823449955,1.0,0.9230769230769231,0.8571428571428571,4_vs_rest,5,svm
553,cosg,0.9231861823449955,1.0,0.9230769230769231,0.8571428571428571,4_vs_rest,5,svm
554,cosg,0.9327379053088816,0.875,0.9333333333333333,1.0,4_vs_rest,5,svm
555,cosg,0.9231861823449955,1.0,0.9230769230769231,0.8571428571428571,4_vs_rest,6,svm
556,cosg,0.9231861823449955,1.0,0.9230769230769231,0.8571428571428571,4_vs_rest,6,svm
557,cosg,0.9327379053088816,0.875,0.9333333333333333,1.0,4_vs_rest,6,svm
558,cosg,0.9231861823449955,1.0,0.9230769230769231,0.8571428571428571,4_vs_rest,7,svm
559,cosg,0.9231861823449955,1.0,0.9230769230769231,0.8571428571428571,4_vs_rest,7,svm
560,cosg,0.9327379053088816,0.875,0.9333333333333333,1.0,4_vs_rest,7,svm
561,cosg,1.0,1.0,1.0,1.0,4_vs_rest,8,svm
562,cosg,0.9231861823449955,1.0,0.9230769230769231,0.8571428571428571,4_vs_rest,8,svm
563,cosg,1.0,1.0,1.0,1.0,4_vs_rest,8,svm
564,cosg,1.0,1.0,1.0,1.0,4_vs_rest,9,svm
565,cosg,0.9231861823449955,1.0,0.9230769230769231,0.8571428571428571,4_vs_rest,9,svm
566,cosg,1.0,1.0,1.0,1.0,4_vs_rest,9,svm
567,cosg,1.0,1.0,1.0,1.0,4_vs_rest,10,svm
568,cosg,0.9231861823449955,1.0,0.9230769230769231,0.8571428571428571,4_vs_rest,10,svm
569,cosg,1.0,1.0,1.0,1.0,4_vs_rest,10,svm
570,cosg,0.9231861823449955,1.0,0.9230769230769231,0.8571428571428571,4_vs_rest,11,svm
571,cosg,0.9231861823449955,1.0,0.9230769230769231,0.8571428571428571,4_vs_rest,11,svm
572,cosg,1.0,1.0,1.0,1.0,4_vs_rest,11,svm
573,cosg,0.9231861823449955,1.0,0.9230769230769231,0.8571428571428571,4_vs_rest,12,svm
574,cosg,0.9231861823449955,1.0,0.9230769230769231,0.8571428571428571,4_vs_rest,12,svm
575,cosg,1.0,1.0,1.0,1.0,4_vs_rest,12,svm
576,cosg,0.9231861823449955,1.0,0.9230769230769231,0.8571428571428571,4_vs_rest,13,svm
577,cosg,0.9231861823449955,1.0,0.9230769230769231,0.8571428571428571,4_vs_rest,13,svm
578,cosg,1.0,1.0,1.0,1.0,4_vs_rest,13,svm
579,cosg,0.9231861823449955,1.0,0.9230769230769231,0.8571428571428571,4_vs_rest,14,svm
580,cosg,0.9231861823449955,1.0,0.9230769230769231,0.8571428571428571,4_vs_rest,14,svm
581,cosg,1.0,1.0,1.0,1.0,4_vs_rest,14,svm
582,cosg,0.9231861823449955,1.0,0.9230769230769231,0.8571428571428571,4_vs_rest,15,svm
583,cosg,0.9231861823449955,1.0,0.9230769230769231,0.8571428571428571,4_vs_rest,15,svm
584,cosg,1.0,1.0,1.0,1.0,4_vs_rest,15,svm
585,cosg,0.9231861823449955,1.0,0.9230769230769231,0.8571428571428571,4_vs_rest,16,svm
586,cosg,0.9231861823449955,1.0,0.9230769230769231,0.8571428571428571,4_vs_rest,16,svm
587,cosg,1.0,1.0,1.0,1.0,4_vs_rest,16,svm
588,cosg,0.9231861823449955,1.0,0.9230769230769231,0.8571428571428571,4_vs_rest,17,svm
589,cosg,0.9231861823449955,1.0,0.9230769230769231,0.8571428571428571,4_vs_rest,17,svm
590,cosg,1.0,1.0,1.0,1.0,4_vs_rest,17,svm
591,cosg,0.9231861823449955,1.0,0.9230769230769231,0.8571428571428571,4_vs_rest,18,svm
592,cosg,0.9231861823449955,1.0,0.9230769230769231,0.8571428571428571,4_vs_rest,18,svm
593,cosg,1.0,1.0,1.0,1.0,4_vs_rest,18,svm
594,cosg,0.9231861823449955,1.0,0.9230769230769231,0.8571428571428571,4_vs_rest,19,svm
595,cosg,0.9231861823449955,1.0,0.9230769230769231,0.8571428571428571,4_vs_rest,19,svm
596,cosg,1.0,1.0,1.0,1.0,4_vs_rest,19,svm
597,cosg,0.9231861823449955,1.0,0.9230769230769231,0.8571428571428571,4_vs_rest,20,svm
598,cosg,0.9231861823449955,1.0,0.9230769230769231,0.8571428571428571,4_vs_rest,20,svm
599,cosg,1.0,1.0,1.0,1.0,4_vs_rest,20,svm
600,scanpy_wilcoxon,0.8768630958643937,0.7777777777777778,0.875,1.0,4_vs_rest,1,svm
601,scanpy_wilcoxon,0.8768630958643937,0.7777777777777778,0.875,1.0,4_vs_rest,1,svm
602,scanpy_wilcoxon,0.8294576541331089,0.7,0.8235294117647058,1.0,4_vs_rest,1,svm
603,scanpy_wilcoxon,0.9231861823449955,1.0,0.9230769230769231,0.8571428571428571,4_vs_rest,2,svm
604,scanpy_wilcoxon,0.9231861823449955,1.0,0.9230769230769231,0.8571428571428571,4_vs_rest,2,svm
605,scanpy_wilcoxon,0.8294576541331089,0.7,0.8235294117647058,1.0,4_vs_rest,2,svm
606,scanpy_wilcoxon,0.9231861823449955,1.0,0.9230769230769231,0.8571428571428571,4_vs_rest,3,svm
607,scanpy_wilcoxon,0.9231861823449955,1.0,0.9230769230769231,0.8571428571428571,4_vs_rest,3,svm
608,scanpy_wilcoxon,0.8294576541331089,0.7,0.8235294117647058,1.0,4_vs_rest,3,svm
609,scanpy_wilcoxon,0.9231861823449955,1.0,0.9230769230769231,0.8571428571428571,4_vs_rest,4,svm
610,scanpy_wilcoxon,1.0,1.0,1.0,1.0,4_vs_rest,4,svm
611,scanpy_wilcoxon,0.8294576541331089,0.7,0.8235294117647058,1.0,4_vs_rest,4,svm
612,scanpy_wilcoxon,0.9231861823449955,1.0,0.9230769230769231,0.8571428571428571,4_vs_rest,5,svm
613,scanpy_wilcoxon,0.9231861823449955,1.0,0.9230769230769231,0.8571428571428571,4_vs_rest,5,svm
614,scanpy_wilcoxon,0.8294576541331089,0.7,0.8235294117647058,1.0,4_vs_rest,5,svm
615,scanpy_wilcoxon,0.9231861823449955,1.0,0.9230769230769231,0.8571428571428571,4_vs_rest,6,svm
616,scanpy_wilcoxon,1.0,1.0,1.0,1.0,4_vs_rest,6,svm
617,scanpy_wilcoxon,0.8294576541331089,0.7,0.8235294117647058,1.0,4_vs_rest,6,svm
618,scanpy_wilcoxon,0.9231861823449955,1.0,0.9230769230769231,0.8571428571428571,4_vs_rest,7,svm
619,scanpy_wilcoxon,1.0,1.0,1.0,1.0,4_vs_rest,7,svm
620,scanpy_wilcoxon,0.9327379053088816,0.875,0.9333333333333333,1.0,4_vs_rest,7,svm
621,scanpy_wilcoxon,0.9231861823449955,1.0,0.9230769230769231,0.8571428571428571,4_vs_rest,8,svm
622,scanpy_wilcoxon,1.0,1.0,1.0,1.0,4_vs_rest,8,svm
623,scanpy_wilcoxon,1.0,1.0,1.0,1.0,4_vs_rest,8,svm
624,scanpy_wilcoxon,1.0,1.0,1.0,1.0,4_vs_rest,9,svm
625,scanpy_wilcoxon,0.9231861823449955,1.0,0.9230769230769231,0.8571428571428571,4_vs_rest,9,svm
626,scanpy_wilcoxon,1.0,1.0,1.0,1.0,4_vs_rest,9,svm
627,scanpy_wilcoxon,0.8403658068160179,1.0,0.8333333333333334,0.7142857142857143,4_vs_rest,10,svm
628,scanpy_wilcoxon,1.0,1.0,1.0,1.0,4_vs_rest,10,svm
629,scanpy_wilcoxon,1.0,1.0,1.0,1.0,4_vs_rest,10,svm
630,scanpy_wilcoxon,0.8403658068160179,1.0,0.8333333333333334,0.7142857142857143,4_vs_rest,11,svm
631,scanpy_wilcoxon,0.9231861823449955,1.0,0.9230769230769231,0.8571428571428571,4_vs_rest,11,svm
632,scanpy_wilcoxon,1.0,1.0,1.0,1.0,4_vs_rest,11,svm
633,scanpy_wilcoxon,0.8403658068160179,1.0,0.8333333333333334,0.7142857142857143,4_vs_rest,12,svm
634,scanpy_wilcoxon,0.9231861823449955,1.0,0.9230769230769231,0.8571428571428571,4_vs_rest,12,svm
635,scanpy_wilcoxon,1.0,1.0,1.0,1.0,4_vs_rest,12,svm
636,scanpy_wilcoxon,0.9231861823449955,1.0,0.9230769230769231,0.8571428571428571,4_vs_rest,13,svm
637,scanpy_wilcoxon,0.9231861823449955,1.0,0.9230769230769231,0.8571428571428571,4_vs_rest,13,svm
638,scanpy_wilcoxon,1.0,1.0,1.0,1.0,4_vs_rest,13,svm
639,scanpy_wilcoxon,0.8403658068160179,1.0,0.8333333333333334,0.7142857142857143,4_vs_rest,14,svm
640,scanpy_wilcoxon,0.9231861823449955,1.0,0.9230769230769231,0.8571428571428571,4_vs_rest,14,svm
641,scanpy_wilcoxon,1.0,1.0,1.0,1.0,4_vs_rest,14,svm
642,scanpy_wilcoxon,0.9231861823449955,1.0,0.9230769230769231,0.8571428571428571,4_vs_rest,15,svm
643,scanpy_wilcoxon,0.9231861823449955,1.0,0.9230769230769231,0.8571428571428571,4_vs_rest,15,svm
644,scanpy_wilcoxon,1.0,1.0,1.0,1.0,4_vs_rest,15,svm
645,scanpy_wilcoxon,0.8403658068160179,1.0,0.8333333333333334,0.7142857142857143,4_vs_rest,16,svm
646,scanpy_wilcoxon,0.9231861823449955,1.0,0.9230769230769231,0.8571428571428571,4_vs_rest,16,svm
647,scanpy_wilcoxon,1.0,1.0,1.0,1.0,4_vs_rest,16,svm
648,scanpy_wilcoxon,0.8403658068160179,1.0,0.8333333333333334,0.7142857142857143,4_vs_rest,17,svm
649,scanpy_wilcoxon,0.9231861823449955,1.0,0.9230769230769231,0.8571428571428571,4_vs_rest,17,svm
650,scanpy_wilcoxon,1.0,1.0,1.0,1.0,4_vs_rest,17,svm
651,scanpy_wilcoxon,0.8403658068160179,1.0,0.8333333333333334,0.7142857142857143,4_vs_rest,18,svm
652,scanpy_wilcoxon,0.9231861823449955,1.0,0.9230769230769231,0.8571428571428571,4_vs_rest,18,svm
653,scanpy_wilcoxon,1.0,1.0,1.0,1.0,4_vs_rest,18,svm
654,scanpy_wilcoxon,0.8403658068160179,1.0,0.8333333333333334,0.7142857142857143,4_vs_rest,19,svm
655,scanpy_wilcoxon,0.9231861823449955,1.0,0.9230769230769231,0.8571428571428571,4_vs_rest,19,svm
656,scanpy_wilcoxon,1.0,1.0,1.0,1.0,4_vs_rest,19,svm
657,scanpy_wilcoxon,0.8403658068160179,1.0,0.8333333333333334,0.7142857142857143,4_vs_rest,20,svm
658,scanpy_wilcoxon,0.9231861823449955,1.0,0.9230769230769231,0.8571428571428571,4_vs_rest,20,svm
659,scanpy_wilcoxon,1.0,1.0,1.0,1.0,4_vs_rest,20,svm
660,scanpy_t-test,0.4027681991198191,0.19444444444444445,0.32558139534883723,1.0,4_vs_rest,1,svm
661,scanpy_t-test,0.3813194889140181,0.20689655172413793,0.3333333333333333,0.8571428571428571,4_vs_rest,1,svm
662,scanpy_t-test,0.3508205321237763,0.18181818181818182,0.3,0.8571428571428571,4_vs_rest,1,svm
663,scanpy_t-test,0.46434543333082406,0.2857142857142857,0.42857142857142855,0.8571428571428571,4_vs_rest,2,svm
664,scanpy_t-test,0.543305367994433,0.375,0.5217391304347826,0.8571428571428571,4_vs_rest,2,svm
665,scanpy_t-test,0.46434543333082406,0.2857142857142857,0.42857142857142855,0.8571428571428571,4_vs_rest,2,svm
666,scanpy_t-test,0.543305367994433,0.375,0.5217391304347826,0.8571428571428571,4_vs_rest,3,svm
667,scanpy_t-test,0.563436844592463,0.4,0.5454545454545454,0.8571428571428571,4_vs_rest,3,svm
668,scanpy_t-test,0.5393598899705937,0.3181818181818182,0.4827586206896552,1.0,4_vs_rest,3,svm
669,scanpy_t-test,0.49235682239141987,0.3157894736842105,0.46153846153846156,0.8571428571428571,4_vs_rest,4,svm
670,scanpy_t-test,0.563436844592463,0.4,0.5454545454545454,0.8571428571428571,4_vs_rest,4,svm
671,scanpy_t-test,0.5857968032832223,0.3684210526315789,0.5384615384615384,1.0,4_vs_rest,4,svm
672,scanpy_t-test,0.5079850199442941,0.3333333333333333,0.48,0.8571428571428571,4_vs_rest,5,svm
673,scanpy_t-test,0.563436844592463,0.4,0.5454545454545454,0.8571428571428571,4_vs_rest,5,svm
674,scanpy_t-test,0.43986474665672054,0.2608695652173913,0.4,0.8571428571428571,4_vs_rest,5,svm
675,scanpy_t-test,1.0,1.0,1.0,1.0,4_vs_rest,6,svm
676,scanpy_t-test,0.9327379053088816,0.875,0.9333333333333333,1.0,4_vs_rest,6,svm
677,scanpy_t-test,0.9327379053088816,0.875,0.9333333333333333,1.0,4_vs_rest,6,svm
678,scanpy_t-test,0.9231861823449955,1.0,0.9230769230769231,0.8571428571428571,4_vs_rest,7,svm
679,scanpy_t-test,0.9327379053088816,0.875,0.9333333333333333,1.0,4_vs_rest,7,svm
680,scanpy_t-test,0.9327379053088816,0.875,0.9333333333333333,1.0,4_vs_rest,7,svm
681,scanpy_t-test,0.9231861823449955,1.0,0.9230769230769231,0.8571428571428571,4_vs_rest,8,svm
682,scanpy_t-test,0.9327379053088816,0.875,0.9333333333333333,1.0,4_vs_rest,8,svm
683,scanpy_t-test,0.9327379053088816,0.875,0.9333333333333333,1.0,4_vs_rest,8,svm
684,scanpy_t-test,0.9231861823449955,1.0,0.9230769230769231,0.8571428571428571,4_vs_rest,9,svm
685,scanpy_t-test,0.9327379053088816,0.875,0.9333333333333333,1.0,4_vs_rest,9,svm
686,scanpy_t-test,0.9327379053088816,0.875,0.9333333333333333,1.0,4_vs_rest,9,svm
687,scanpy_t-test,0.9231861823449955,1.0,0.9230769230769231,0.8571428571428571,4_vs_rest,10,svm
688,scanpy_t-test,0.9327379053088816,0.875,0.9333333333333333,1.0,4_vs_rest,10,svm
689,scanpy_t-test,0.9327379053088816,0.875,0.9333333333333333,1.0,4_vs_rest,10,svm
690,scanpy_t-test,0.9231861823449955,1.0,0.9230769230769231,0.8571428571428571,4_vs_rest,11,svm
691,scanpy_t-test,0.9327379053088816,0.875,0.9333333333333333,1.0,4_vs_rest,11,svm
692,scanpy_t-test,0.9327379053088816,0.875,0.9333333333333333,1.0,4_vs_rest,11,svm
693,scanpy_t-test,0.9231861823449955,1.0,0.9230769230769231,0.8571428571428571,4_vs_rest,12,svm
694,scanpy_t-test,0.9327379053088816,0.875,0.9333333333333333,1.0,4_vs_rest,12,svm
695,scanpy_t-test,1.0,1.0,1.0,1.0,4_vs_rest,12,svm
696,scanpy_t-test,0.9231861823449955,1.0,0.9230769230769231,0.8571428571428571,4_vs_rest,13,svm
697,scanpy_t-test,0.9327379053088816,0.875,0.9333333333333333,1.0,4_vs_rest,13,svm
698,scanpy_t-test,1.0,1.0,1.0,1.0,4_vs_rest,13,svm
699,scanpy_t-test,0.9231861823449955,1.0,0.9230769230769231,0.8571428571428571,4_vs_rest,14,svm
700,scanpy_t-test,0.9327379053088816,0.875,0.9333333333333333,1.0,4_vs_rest,14,svm
701,scanpy_t-test,1.0,1.0,1.0,1.0,4_vs_rest,14,svm
702,scanpy_t-test,0.9231861823449955,1.0,0.9230769230769231,0.8571428571428571,4_vs_rest,15,svm
703,scanpy_t-test,0.9327379053088816,0.875,0.9333333333333333,1.0,4_vs_rest,15,svm
704,scanpy_t-test,1.0,1.0,1.0,1.0,4_vs_rest,15,svm
705,scanpy_t-test,0.9231861823449955,1.0,0.9230769230769231,0.8571428571428571,4_vs_rest,16,svm
706,scanpy_t-test,0.9327379053088816,0.875,0.9333333333333333,1.0,4_vs_rest,16,svm
707,scanpy_t-test,1.0,1.0,1.0,1.0,4_vs_rest,16,svm
708,scanpy_t-test,0.9231861823449955,1.0,0.9230769230769231,0.8571428571428571,4_vs_rest,17,svm
709,scanpy_t-test,0.9327379053088816,0.875,0.9333333333333333,1.0,4_vs_rest,17,svm
710,scanpy_t-test,1.0,1.0,1.0,1.0,4_vs_rest,17,svm
711,scanpy_t-test,0.9231861823449955,1.0,0.9230769230769231,0.8571428571428571,4_vs_rest,18,svm
712,scanpy_t-test,0.9327379053088816,0.875,0.9333333333333333,1.0,4_vs_rest,18,svm
713,scanpy_t-test,1.0,1.0,1.0,1.0,4_vs_rest,18,svm
714,scanpy_t-test,0.9231861823449955,1.0,0.9230769230769231,0.8571428571428571,4_vs_rest,19,svm
715,scanpy_t-test,0.9327379053088816,0.875,0.9333333333333333,1.0,4_vs_rest,19,svm
716,scanpy_t-test,1.0,1.0,1.0,1.0,4_vs_rest,19,svm
717,scanpy_t-test,0.9231861823449955,1.0,0.9230769230769231,0.8571428571428571,4_vs_rest,20,svm
718,scanpy_t-test,0.9231861823449955,1.0,0.9230769230769231,0.8571428571428571,4_vs_rest,20,svm
719,scanpy_t-test,0.9327379053088816,0.875,0.9333333333333333,1.0,4_vs_rest,20,svm
720,yomix,1.0,1.0,1.0,1.0,1_vs_rest,1,svm
721,yomix,0.9773855714520013,0.972972972972973,0.9863013698630136,1.0,1_vs_rest,1,svm
722,yomix,0.9663426834297354,0.96,0.9795918367346939,1.0,1_vs_rest,1,svm
723,yomix,1.0,1.0,1.0,1.0,1_vs_rest,2,svm
724,yomix,0.9886025459067713,0.9863013698630136,0.993103448275862,1.0,1_vs_rest,2,svm
725,yomix,0.9663426834297354,0.96,0.9795918367346939,1.0,1_vs_rest,2,svm
726,yomix,0.9885480399187625,1.0,0.993006993006993,0.9861111111111112,1_vs_rest,3,svm
727,yomix,0.9886025459067713,0.9863013698630136,0.993103448275862,1.0,1_vs_rest,3,svm
728,yomix,0.9554677704072918,0.9473684210526315,0.972972972972973,1.0,1_vs_rest,3,svm
729,yomix,0.9885480399187625,1.0,0.993006993006993,0.9861111111111112,1_vs_rest,4,svm
730,yomix,0.9886025459067713,0.9863013698630136,0.993103448275862,1.0,1_vs_rest,4,svm
731,yomix,0.9554677704072918,0.9473684210526315,0.972972972972973,1.0,1_vs_rest,4,svm
732,yomix,0.9885480399187625,1.0,0.993006993006993,0.9861111111111112,1_vs_rest,5,svm
733,yomix,0.9886025459067713,0.9863013698630136,0.993103448275862,1.0,1_vs_rest,5,svm
734,yomix,0.9554677704072918,0.9473684210526315,0.972972972972973,1.0,1_vs_rest,5,svm
735,yomix,0.9885480399187625,1.0,0.993006993006993,0.9861111111111112,1_vs_rest,6,svm
736,yomix,0.9886025459067713,0.9863013698630136,0.993103448275862,1.0,1_vs_rest,6,svm
737,yomix,0.9554677704072918,0.9473684210526315,0.972972972972973,1.0,1_vs_rest,6,svm
738,yomix,0.9885480399187625,1.0,0.993006993006993,0.9861111111111112,1_vs_rest,7,svm
739,yomix,0.9886025459067713,0.9863013698630136,0.993103448275862,1.0,1_vs_rest,7,svm
740,yomix,0.9554677704072918,0.9473684210526315,0.972972972972973,1.0,1_vs_rest,7,svm
741,yomix,0.9885480399187625,1.0,0.993006993006993,0.9861111111111112,1_vs_rest,8,svm
742,yomix,0.9886025459067713,0.9863013698630136,0.993103448275862,1.0,1_vs_rest,8,svm
743,yomix,0.9663426834297354,0.96,0.9795918367346939,1.0,1_vs_rest,8,svm
744,yomix,0.9885480399187625,1.0,0.993006993006993,0.9861111111111112,1_vs_rest,9,svm
745,yomix,0.9886025459067713,0.9863013698630136,0.993103448275862,1.0,1_vs_rest,9,svm
746,yomix,0.9663426834297354,0.96,0.9795918367346939,1.0,1_vs_rest,9,svm
747,yomix,0.9885480399187625,1.0,0.993006993006993,0.9861111111111112,1_vs_rest,10,svm
748,yomix,0.9886025459067713,0.9863013698630136,0.993103448275862,1.0,1_vs_rest,10,svm
749,yomix,0.9554677704072918,0.9473684210526315,0.972972972972973,1.0,1_vs_rest,10,svm
750,yomix,0.9885480399187625,1.0,0.993006993006993,0.9861111111111112,1_vs_rest,11,svm
751,yomix,0.9886025459067713,0.9863013698630136,0.993103448275862,1.0,1_vs_rest,11,svm
752,yomix,0.9554677704072918,0.9473684210526315,0.972972972972973,1.0,1_vs_rest,11,svm
753,yomix,0.9885480399187625,1.0,0.993006993006993,0.9861111111111112,1_vs_rest,12,svm
754,yomix,0.9886025459067713,0.9863013698630136,0.993103448275862,1.0,1_vs_rest,12,svm
755,yomix,0.9554677704072918,0.9473684210526315,0.972972972972973,1.0,1_vs_rest,12,svm
756,yomix,0.9885480399187625,1.0,0.993006993006993,0.9861111111111112,1_vs_rest,13,svm
757,yomix,0.9886025459067713,0.9863013698630136,0.993103448275862,1.0,1_vs_rest,13,svm
758,yomix,0.9554677704072918,0.9473684210526315,0.972972972972973,1.0,1_vs_rest,13,svm
759,yomix,0.9885480399187625,1.0,0.993006993006993,0.9861111111111112,1_vs_rest,14,svm
760,yomix,0.9886025459067713,0.9863013698630136,0.993103448275862,1.0,1_vs_rest,14,svm
761,yomix,0.9554677704072918,0.9473684210526315,0.972972972972973,1.0,1_vs_rest,14,svm
762,yomix,0.9885480399187625,1.0,0.993006993006993,0.9861111111111112,1_vs_rest,15,svm
763,yomix,0.9886025459067713,0.9863013698630136,0.993103448275862,1.0,1_vs_rest,15,svm
764,yomix,0.9554677704072918,0.9473684210526315,0.972972972972973,1.0,1_vs_rest,15,svm
765,yomix,0.9885480399187625,1.0,0.993006993006993,0.9861111111111112,1_vs_rest,16,svm
766,yomix,0.9886025459067713,0.9863013698630136,0.993103448275862,1.0,1_vs_rest,16,svm
767,yomix,0.9554677704072918,0.9473684210526315,0.972972972972973,1.0,1_vs_rest,16,svm
768,yomix,0.9885480399187625,1.0,0.993006993006993,0.9861111111111112,1_vs_rest,17,svm
769,yomix,0.9886025459067713,0.9863013698630136,0.993103448275862,1.0,1_vs_rest,17,svm
770,yomix,0.9554677704072918,0.9473684210526315,0.972972972972973,1.0,1_vs_rest,17,svm
771,yomix,0.9885480399187625,1.0,0.993006993006993,0.9861111111111112,1_vs_rest,18,svm
772,yomix,0.9886025459067713,0.9863013698630136,0.993103448275862,1.0,1_vs_rest,18,svm
773,yomix,0.9554677704072918,0.9473684210526315,0.972972972972973,1.0,1_vs_rest,18,svm
774,yomix,0.9885480399187625,1.0,0.993006993006993,0.9861111111111112,1_vs_rest,19,svm
775,yomix,0.9886025459067713,0.9863013698630136,0.993103448275862,1.0,1_vs_rest,19,svm
776,yomix,0.9554677704072918,0.9473684210526315,0.972972972972973,1.0,1_vs_rest,19,svm
777,yomix,0.9885480399187625,1.0,0.993006993006993,0.9861111111111112,1_vs_rest,20,svm
778,yomix,0.9886025459067713,0.9863013698630136,0.993103448275862,1.0,1_vs_rest,20,svm
779,yomix,0.9663426834297354,0.96,0.9795918367346939,1.0,1_vs_rest,20,svm
780,cosg,0.8757269754467921,0.9841269841269841,0.9185185185185185,0.8611111111111112,1_vs_rest,1,svm
781,cosg,0.8080455448584244,0.9661016949152542,0.8702290076335878,0.7916666666666666,1_vs_rest,1,svm
782,cosg,0.907879717147641,0.9571428571428572,0.9436619718309859,0.9305555555555556,1_vs_rest,1,svm
783,cosg,0.9435137155709332,0.9466666666666667,0.9659863945578231,0.9861111111111112,1_vs_rest,2,svm
784,cosg,0.9316334690846495,0.9459459459459459,0.958904109589041,0.9722222222222222,1_vs_rest,2,svm
785,cosg,0.9326827685448538,0.9342105263157895,0.9594594594594594,0.9861111111111112,1_vs_rest,2,svm
786,cosg,0.9220108844331296,0.922077922077922,0.9530201342281879,0.9861111111111112,1_vs_rest,3,svm
787,cosg,0.9309764614194989,0.9714285714285714,0.9577464788732394,0.9444444444444444,1_vs_rest,3,svm
788,cosg,0.9220108844331296,0.922077922077922,0.9530201342281879,0.9861111111111112,1_vs_rest,3,svm
789,cosg,0.9316334690846495,0.9459459459459459,0.958904109589041,0.9722222222222222,1_vs_rest,4,svm
790,cosg,0.9427499303728691,0.958904109589041,0.9655172413793104,0.9722222222222222,1_vs_rest,4,svm
791,cosg,0.9447549859466604,0.935064935064935,0.9664429530201343,1.0,1_vs_rest,4,svm
792,cosg,0.9886025459067713,0.9863013698630136,0.993103448275862,1.0,1_vs_rest,5,svm
793,cosg,0.954040404040404,0.9722222222222222,0.9722222222222222,0.9722222222222222,1_vs_rest,5,svm
794,cosg,0.9554677704072918,0.9473684210526315,0.972972972972973,1.0,1_vs_rest,5,svm
795,cosg,0.9885480399187625,1.0,0.993006993006993,0.9861111111111112,1_vs_rest,6,svm
796,cosg,0.977020202020202,0.9861111111111112,0.9861111111111112,0.9861111111111112,1_vs_rest,6,svm
797,cosg,0.9554677704072918,0.9473684210526315,0.972972972972973,1.0,1_vs_rest,6,svm
798,cosg,0.9885480399187625,1.0,0.993006993006993,0.9861111111111112,1_vs_rest,7,svm
799,cosg,0.9886025459067713,0.9863013698630136,0.993103448275862,1.0,1_vs_rest,7,svm
800,cosg,0.9435137155709332,0.9466666666666667,0.9659863945578231,0.9861111111111112,1_vs_rest,7,svm
801,cosg,0.9885480399187625,1.0,0.993006993006993,0.9861111111111112,1_vs_rest,8,svm
802,cosg,0.9886025459067713,0.9863013698630136,0.993103448275862,1.0,1_vs_rest,8,svm
803,cosg,0.9435137155709332,0.9466666666666667,0.9659863945578231,0.9861111111111112,1_vs_rest,8,svm
804,cosg,0.9885480399187625,1.0,0.993006993006993,0.9861111111111112,1_vs_rest,9,svm
805,cosg,0.9886025459067713,0.9863013698630136,0.993103448275862,1.0,1_vs_rest,9,svm
806,cosg,0.9435137155709332,0.9466666666666667,0.9659863945578231,0.9861111111111112,1_vs_rest,9,svm
807,cosg,0.9885480399187625,1.0,0.993006993006993,0.9861111111111112,1_vs_rest,10,svm
808,cosg,0.9773855714520013,0.972972972972973,0.9863013698630136,1.0,1_vs_rest,10,svm
809,cosg,0.9435137155709332,0.9466666666666667,0.9659863945578231,0.9861111111111112,1_vs_rest,10,svm
810,cosg,0.9885480399187625,1.0,0.993006993006993,0.9861111111111112,1_vs_rest,11,svm
811,cosg,0.9773855714520013,0.972972972972973,0.9863013698630136,1.0,1_vs_rest,11,svm
812,cosg,0.9435137155709332,0.9466666666666667,0.9659863945578231,0.9861111111111112,1_vs_rest,11,svm
813,cosg,0.9885480399187625,1.0,0.993006993006993,0.9861111111111112,1_vs_rest,12,svm
814,cosg,0.9773855714520013,0.972972972972973,0.9863013698630136,1.0,1_vs_rest,12,svm
815,cosg,0.9435137155709332,0.9466666666666667,0.9659863945578231,0.9861111111111112,1_vs_rest,12,svm
816,cosg,0.9885480399187625,1.0,0.993006993006993,0.9861111111111112,1_vs_rest,13,svm
817,cosg,0.9773855714520013,0.972972972972973,0.9863013698630136,1.0,1_vs_rest,13,svm
818,cosg,0.9435137155709332,0.9466666666666667,0.9659863945578231,0.9861111111111112,1_vs_rest,13,svm
819,cosg,0.9885480399187625,1.0,0.993006993006993,0.9861111111111112,1_vs_rest,14,svm
820,cosg,0.9773855714520013,0.972972972972973,0.9863013698630136,1.0,1_vs_rest,14,svm
821,cosg,0.9435137155709332,0.9466666666666667,0.9659863945578231,0.9861111111111112,1_vs_rest,14,svm
822,cosg,0.9885480399187625,1.0,0.993006993006993,0.9861111111111112,1_vs_rest,15,svm
823,cosg,0.9886025459067713,0.9863013698630136,0.993103448275862,1.0,1_vs_rest,15,svm
824,cosg,0.9435137155709332,0.9466666666666667,0.9659863945578231,0.9861111111111112,1_vs_rest,15,svm
825,cosg,0.9885480399187625,1.0,0.993006993006993,0.9861111111111112,1_vs_rest,16,svm
826,cosg,0.9886025459067713,0.9863013698630136,0.993103448275862,1.0,1_vs_rest,16,svm
827,cosg,0.9435137155709332,0.9466666666666667,0.9659863945578231,0.9861111111111112,1_vs_rest,16,svm
828,cosg,0.9885480399187625,1.0,0.993006993006993,0.9861111111111112,1_vs_rest,17,svm
829,cosg,0.9886025459067713,0.9863013698630136,0.993103448275862,1.0,1_vs_rest,17,svm
830,cosg,0.9435137155709332,0.9466666666666667,0.9659863945578231,0.9861111111111112,1_vs_rest,17,svm
831,cosg,0.9771699499632145,1.0,0.9859154929577465,0.9722222222222222,1_vs_rest,18,svm
832,cosg,0.9886025459067713,0.9863013698630136,0.993103448275862,1.0,1_vs_rest,18,svm
833,cosg,0.9435137155709332,0.9466666666666667,0.9659863945578231,0.9861111111111112,1_vs_rest,18,svm
834,cosg,0.9885480399187625,1.0,0.993006993006993,0.9861111111111112,1_vs_rest,19,svm
835,cosg,0.977020202020202,0.9861111111111112,0.9861111111111112,0.9861111111111112,1_vs_rest,19,svm
836,cosg,0.9435137155709332,0.9466666666666667,0.9659863945578231,0.9861111111111112,1_vs_rest,19,svm
837,cosg,0.9885480399187625,1.0,0.993006993006993,0.9861111111111112,1_vs_rest,20,svm
838,cosg,0.9540732056913567,0.9857142857142858,0.971830985915493,0.9583333333333334,1_vs_rest,20,svm
839,cosg,0.9656762381398202,0.9726027397260274,0.9793103448275862,0.9861111111111112,1_vs_rest,20,svm
840,scanpy_wilcoxon,1.0,1.0,1.0,1.0,1_vs_rest,1,svm
841,scanpy_wilcoxon,0.9773855714520013,0.972972972972973,0.9863013698630136,1.0,1_vs_rest,1,svm
842,scanpy_wilcoxon,0.9663426834297354,0.96,0.9795918367346939,1.0,1_vs_rest,1,svm
843,scanpy_wilcoxon,1.0,1.0,1.0,1.0,1_vs_rest,2,svm
844,scanpy_wilcoxon,0.9886025459067713,0.9863013698630136,0.993103448275862,1.0,1_vs_rest,2,svm
845,scanpy_wilcoxon,0.9663426834297354,0.96,0.9795918367346939,1.0,1_vs_rest,2,svm
846,scanpy_wilcoxon,0.9885480399187625,1.0,0.993006993006993,0.9861111111111112,1_vs_rest,3,svm
847,scanpy_wilcoxon,0.9886025459067713,0.9863013698630136,0.993103448275862,1.0,1_vs_rest,3,svm
848,scanpy_wilcoxon,0.9554677704072918,0.9473684210526315,0.972972972972973,1.0,1_vs_rest,3,svm
849,scanpy_wilcoxon,0.9885480399187625,1.0,0.993006993006993,0.9861111111111112,1_vs_rest,4,svm
850,scanpy_wilcoxon,0.9886025459067713,0.9863013698630136,0.993103448275862,1.0,1_vs_rest,4,svm
851,scanpy_wilcoxon,0.9554677704072918,0.9473684210526315,0.972972972972973,1.0,1_vs_rest,4,svm
852,scanpy_wilcoxon,0.9885480399187625,1.0,0.993006993006993,0.9861111111111112,1_vs_rest,5,svm
853,scanpy_wilcoxon,0.9886025459067713,0.9863013698630136,0.993103448275862,1.0,1_vs_rest,5,svm
854,scanpy_wilcoxon,0.9554677704072918,0.9473684210526315,0.972972972972973,1.0,1_vs_rest,5,svm
855,scanpy_wilcoxon,0.9885480399187625,1.0,0.993006993006993,0.9861111111111112,1_vs_rest,6,svm
856,scanpy_wilcoxon,0.9886025459067713,0.9863013698630136,0.993103448275862,1.0,1_vs_rest,6,svm
857,scanpy_wilcoxon,0.9554677704072918,0.9473684210526315,0.972972972972973,1.0,1_vs_rest,6,svm
858,scanpy_wilcoxon,0.9885480399187625,1.0,0.993006993006993,0.9861111111111112,1_vs_rest,7,svm
859,scanpy_wilcoxon,0.9886025459067713,0.9863013698630136,0.993103448275862,1.0,1_vs_rest,7,svm
860,scanpy_wilcoxon,0.9554677704072918,0.9473684210526315,0.972972972972973,1.0,1_vs_rest,7,svm
861,scanpy_wilcoxon,0.9885480399187625,1.0,0.993006993006993,0.9861111111111112,1_vs_rest,8,svm
862,scanpy_wilcoxon,0.9886025459067713,0.9863013698630136,0.993103448275862,1.0,1_vs_rest,8,svm
863,scanpy_wilcoxon,0.9554677704072918,0.9473684210526315,0.972972972972973,1.0,1_vs_rest,8,svm
864,scanpy_wilcoxon,0.9885480399187625,1.0,0.993006993006993,0.9861111111111112,1_vs_rest,9,svm
865,scanpy_wilcoxon,0.9886025459067713,0.9863013698630136,0.993103448275862,1.0,1_vs_rest,9,svm
866,scanpy_wilcoxon,0.9554677704072918,0.9473684210526315,0.972972972972973,1.0,1_vs_rest,9,svm
867,scanpy_wilcoxon,0.9885480399187625,1.0,0.993006993006993,0.9861111111111112,1_vs_rest,10,svm
868,scanpy_wilcoxon,0.9886025459067713,0.9863013698630136,0.993103448275862,1.0,1_vs_rest,10,svm
869,scanpy_wilcoxon,0.9554677704072918,0.9473684210526315,0.972972972972973,1.0,1_vs_rest,10,svm
870,scanpy_wilcoxon,0.9885480399187625,1.0,0.993006993006993,0.9861111111111112,1_vs_rest,11,svm
871,scanpy_wilcoxon,0.9886025459067713,0.9863013698630136,0.993103448275862,1.0,1_vs_rest,11,svm
872,scanpy_wilcoxon,0.9554677704072918,0.9473684210526315,0.972972972972973,1.0,1_vs_rest,11,svm
873,scanpy_wilcoxon,0.9885480399187625,1.0,0.993006993006993,0.9861111111111112,1_vs_rest,12,svm
874,scanpy_wilcoxon,0.9886025459067713,0.9863013698630136,0.993103448275862,1.0,1_vs_rest,12,svm
875,scanpy_wilcoxon,0.9554677704072918,0.9473684210526315,0.972972972972973,1.0,1_vs_rest,12,svm
876,scanpy_wilcoxon,0.9885480399187625,1.0,0.993006993006993,0.9861111111111112,1_vs_rest,13,svm
877,scanpy_wilcoxon,0.9886025459067713,0.9863013698630136,0.993103448275862,1.0,1_vs_rest,13,svm
878,scanpy_wilcoxon,0.9447549859466604,0.935064935064935,0.9664429530201343,1.0,1_vs_rest,13,svm
879,scanpy_wilcoxon,0.9885480399187625,1.0,0.993006993006993,0.9861111111111112,1_vs_rest,14,svm
880,scanpy_wilcoxon,0.9886025459067713,0.9863013698630136,0.993103448275862,1.0,1_vs_rest,14,svm
881,scanpy_wilcoxon,0.9447549859466604,0.935064935064935,0.9664429530201343,1.0,1_vs_rest,14,svm
882,scanpy_wilcoxon,0.9885480399187625,1.0,0.993006993006993,0.9861111111111112,1_vs_rest,15,svm
883,scanpy_wilcoxon,0.977020202020202,0.9861111111111112,0.9861111111111112,0.9861111111111112,1_vs_rest,15,svm
884,scanpy_wilcoxon,0.9886025459067713,0.9863013698630136,0.993103448275862,1.0,1_vs_rest,15,svm
885,scanpy_wilcoxon,0.9885480399187625,1.0,0.993006993006993,0.9861111111111112,1_vs_rest,16,svm
886,scanpy_wilcoxon,0.977020202020202,0.9861111111111112,0.9861111111111112,0.9861111111111112,1_vs_rest,16,svm
887,scanpy_wilcoxon,0.9886025459067713,0.9863013698630136,0.993103448275862,1.0,1_vs_rest,16,svm
888,scanpy_wilcoxon,0.9885480399187625,1.0,0.993006993006993,0.9861111111111112,1_vs_rest,17,svm
889,scanpy_wilcoxon,0.9886025459067713,0.9863013698630136,0.993103448275862,1.0,1_vs_rest,17,svm
890,scanpy_wilcoxon,0.9663426834297354,0.96,0.9795918367346939,1.0,1_vs_rest,17,svm
891,scanpy_wilcoxon,0.9885480399187625,1.0,0.993006993006993,0.9861111111111112,1_vs_rest,18,svm
892,scanpy_wilcoxon,0.9886025459067713,0.9863013698630136,0.993103448275862,1.0,1_vs_rest,18,svm
893,scanpy_wilcoxon,0.9663426834297354,0.96,0.9795918367346939,1.0,1_vs_rest,18,svm
894,scanpy_wilcoxon,0.9885480399187625,1.0,0.993006993006993,0.9861111111111112,1_vs_rest,19,svm
895,scanpy_wilcoxon,1.0,1.0,1.0,1.0,1_vs_rest,19,svm
896,scanpy_wilcoxon,0.9663426834297354,0.96,0.9795918367346939,1.0,1_vs_rest,19,svm
897,scanpy_wilcoxon,0.9885480399187625,1.0,0.993006993006993,0.9861111111111112,1_vs_rest,20,svm
898,scanpy_wilcoxon,0.9886025459067713,0.9863013698630136,0.993103448275862,1.0,1_vs_rest,20,svm
899,scanpy_wilcoxon,0.9663426834297354,0.96,0.9795918367346939,1.0,1_vs_rest,20,svm
900,scanpy_t-test,0.9773855714520013,0.972972972972973,0.9863013698630136,1.0,1_vs_rest,1,svm
901,scanpy_t-test,0.9655114530730244,0.9859154929577465,0.9790209790209791,0.9722222222222222,1_vs_rest,1,svm
902,scanpy_t-test,0.9435137155709332,0.9466666666666667,0.9659863945578231,0.9861111111111112,1_vs_rest,1,svm
903,scanpy_t-test,1.0,1.0,1.0,1.0,1_vs_rest,2,svm
904,scanpy_t-test,0.9886025459067713,0.9863013698630136,0.993103448275862,1.0,1_vs_rest,2,svm
905,scanpy_t-test,0.9663426834297354,0.96,0.9795918367346939,1.0,1_vs_rest,2,svm
906,scanpy_t-test,1.0,1.0,1.0,1.0,1_vs_rest,3,svm
907,scanpy_t-test,0.9886025459067713,0.9863013698630136,0.993103448275862,1.0,1_vs_rest,3,svm
908,scanpy_t-test,0.9663426834297354,0.96,0.9795918367346939,1.0,1_vs_rest,3,svm
909,scanpy_t-test,1.0,1.0,1.0,1.0,1_vs_rest,4,svm
910,scanpy_t-test,0.9886025459067713,0.9863013698630136,0.993103448275862,1.0,1_vs_rest,4,svm
911,scanpy_t-test,0.9554677704072918,0.9473684210526315,0.972972972972973,1.0,1_vs_rest,4,svm
912,scanpy_t-test,0.9885480399187625,1.0,0.993006993006993,0.9861111111111112,1_vs_rest,5,svm
913,scanpy_t-test,0.9886025459067713,0.9863013698630136,0.993103448275862,1.0,1_vs_rest,5,svm
914,scanpy_t-test,0.9663426834297354,0.96,0.9795918367346939,1.0,1_vs_rest,5,svm
915,scanpy_t-test,0.9885480399187625,1.0,0.993006993006993,0.9861111111111112,1_vs_rest,6,svm
916,scanpy_t-test,0.9886025459067713,0.9863013698630136,0.993103448275862,1.0,1_vs_rest,6,svm
917,scanpy_t-test,0.9554677704072918,0.9473684210526315,0.972972972972973,1.0,1_vs_rest,6,svm
918,scanpy_t-test,0.9885480399187625,1.0,0.993006993006993,0.9861111111111112,1_vs_rest,7,svm
919,scanpy_t-test,0.9886025459067713,0.9863013698630136,0.993103448275862,1.0,1_vs_rest,7,svm
920,scanpy_t-test,0.9554677704072918,0.9473684210526315,0.972972972972973,1.0,1_vs_rest,7,svm
921,scanpy_t-test,0.9885480399187625,1.0,0.993006993006993,0.9861111111111112,1_vs_rest,8,svm
922,scanpy_t-test,0.9886025459067713,0.9863013698630136,0.993103448275862,1.0,1_vs_rest,8,svm
923,scanpy_t-test,0.9554677704072918,0.9473684210526315,0.972972972972973,1.0,1_vs_rest,8,svm
924,scanpy_t-test,0.9885480399187625,1.0,0.993006993006993,0.9861111111111112,1_vs_rest,9,svm
925,scanpy_t-test,0.9886025459067713,0.9863013698630136,0.993103448275862,1.0,1_vs_rest,9,svm
926,scanpy_t-test,0.9663426834297354,0.96,0.9795918367346939,1.0,1_vs_rest,9,svm
927,scanpy_t-test,0.9885480399187625,1.0,0.993006993006993,0.9861111111111112,1_vs_rest,10,svm
928,scanpy_t-test,0.9886025459067713,0.9863013698630136,0.993103448275862,1.0,1_vs_rest,10,svm
929,scanpy_t-test,0.9663426834297354,0.96,0.9795918367346939,1.0,1_vs_rest,10,svm
930,scanpy_t-test,0.9885480399187625,1.0,0.993006993006993,0.9861111111111112,1_vs_rest,11,svm
931,scanpy_t-test,0.9886025459067713,0.9863013698630136,0.993103448275862,1.0,1_vs_rest,11,svm
932,scanpy_t-test,0.9663426834297354,0.96,0.9795918367346939,1.0,1_vs_rest,11,svm
933,scanpy_t-test,0.9885480399187625,1.0,0.993006993006993,0.9861111111111112,1_vs_rest,12,svm
934,scanpy_t-test,0.9886025459067713,0.9863013698630136,0.993103448275862,1.0,1_vs_rest,12,svm
935,scanpy_t-test,0.9663426834297354,0.96,0.9795918367346939,1.0,1_vs_rest,12,svm
936,scanpy_t-test,0.9885480399187625,1.0,0.993006993006993,0.9861111111111112,1_vs_rest,13,svm
937,scanpy_t-test,0.9886025459067713,0.9863013698630136,0.993103448275862,1.0,1_vs_rest,13,svm
938,scanpy_t-test,0.9663426834297354,0.96,0.9795918367346939,1.0,1_vs_rest,13,svm
939,scanpy_t-test,0.9885480399187625,1.0,0.993006993006993,0.9861111111111112,1_vs_rest,14,svm
940,scanpy_t-test,0.9886025459067713,0.9863013698630136,0.993103448275862,1.0,1_vs_rest,14,svm
941,scanpy_t-test,0.9663426834297354,0.96,0.9795918367346939,1.0,1_vs_rest,14,svm
942,scanpy_t-test,0.9885480399187625,1.0,0.993006993006993,0.9861111111111112,1_vs_rest,15,svm
943,scanpy_t-test,0.9886025459067713,0.9863013698630136,0.993103448275862,1.0,1_vs_rest,15,svm
944,scanpy_t-test,0.9545095202683255,0.9594594594594594,0.9726027397260274,0.9861111111111112,1_vs_rest,15,svm
945,scanpy_t-test,0.9885480399187625,1.0,0.993006993006993,0.9861111111111112,1_vs_rest,16,svm
946,scanpy_t-test,0.9886025459067713,0.9863013698630136,0.993103448275862,1.0,1_vs_rest,16,svm
947,scanpy_t-test,0.9545095202683255,0.9594594594594594,0.9726027397260274,0.9861111111111112,1_vs_rest,16,svm
948,scanpy_t-test,0.9885480399187625,1.0,0.993006993006993,0.9861111111111112,1_vs_rest,17,svm
949,scanpy_t-test,0.9886025459067713,0.9863013698630136,0.993103448275862,1.0,1_vs_rest,17,svm
950,scanpy_t-test,0.9545095202683255,0.9594594594594594,0.9726027397260274,0.9861111111111112,1_vs_rest,17,svm
951,scanpy_t-test,0.9885480399187625,1.0,0.993006993006993,0.9861111111111112,1_vs_rest,18,svm
952,scanpy_t-test,0.9886025459067713,0.9863013698630136,0.993103448275862,1.0,1_vs_rest,18,svm
953,scanpy_t-test,0.9545095202683255,0.9594594594594594,0.9726027397260274,0.9861111111111112,1_vs_rest,18,svm
954,scanpy_t-test,0.9885480399187625,1.0,0.993006993006993,0.9861111111111112,1_vs_rest,19,svm
955,scanpy_t-test,0.9886025459067713,0.9863013698630136,0.993103448275862,1.0,1_vs_rest,19,svm
956,scanpy_t-test,0.9545095202683255,0.9594594594594594,0.9726027397260274,0.9861111111111112,1_vs_rest,19,svm
957,scanpy_t-test,0.9885480399187625,1.0,0.993006993006993,0.9861111111111112,1_vs_rest,20,svm
958,scanpy_t-test,0.9886025459067713,0.9863013698630136,0.993103448275862,1.0,1_vs_rest,20,svm
959,scanpy_t-test,0.9545095202683255,0.9594594594594594,0.9726027397260274,0.9861111111111112,1_vs_rest,20,svm
960,yomix,0.9327379053088816,0.875,0.9333333333333333,1.0,0_vs_rest,1,svm
961,yomix,1.0,1.0,1.0,1.0,0_vs_rest,1,svm
962,yomix,1.0,1.0,1.0,1.0,0_vs_rest,1,svm
963,yomix,0.8768630958643937,0.7777777777777778,0.875,1.0,0_vs_rest,2,svm
964,yomix,1.0,1.0,1.0,1.0,0_vs_rest,2,svm
965,yomix,1.0,1.0,1.0,1.0,0_vs_rest,2,svm
966,yomix,0.9327379053088816,0.875,0.9333333333333333,1.0,0_vs_rest,3,svm
967,yomix,1.0,1.0,1.0,1.0,0_vs_rest,3,svm
968,yomix,1.0,1.0,1.0,1.0,0_vs_rest,3,svm
969,yomix,1.0,1.0,1.0,1.0,0_vs_rest,4,svm
970,yomix,0.9231861823449955,1.0,0.9230769230769231,0.8571428571428571,0_vs_rest,4,svm
971,yomix,1.0,1.0,1.0,1.0,0_vs_rest,4,svm
972,yomix,0.9327379053088816,0.875,0.9333333333333333,1.0,0_vs_rest,5,svm
973,yomix,0.9231861823449955,1.0,0.9230769230769231,0.8571428571428571,0_vs_rest,5,svm
974,yomix,1.0,1.0,1.0,1.0,0_vs_rest,5,svm
975,yomix,1.0,1.0,1.0,1.0,0_vs_rest,6,svm
976,yomix,0.9231861823449955,1.0,0.9230769230769231,0.8571428571428571,0_vs_rest,6,svm
977,yomix,1.0,1.0,1.0,1.0,0_vs_rest,6,svm
978,yomix,1.0,1.0,1.0,1.0,0_vs_rest,7,svm
979,yomix,0.9231861823449955,1.0,0.9230769230769231,0.8571428571428571,0_vs_rest,7,svm
980,yomix,1.0,1.0,1.0,1.0,0_vs_rest,7,svm
981,yomix,1.0,1.0,1.0,1.0,0_vs_rest,8,svm
982,yomix,0.9231861823449955,1.0,0.9230769230769231,0.8571428571428571,0_vs_rest,8,svm
983,yomix,1.0,1.0,1.0,1.0,0_vs_rest,8,svm
984,yomix,1.0,1.0,1.0,1.0,0_vs_rest,9,svm
985,yomix,0.9231861823449955,1.0,0.9230769230769231,0.8571428571428571,0_vs_rest,9,svm
986,yomix,1.0,1.0,1.0,1.0,0_vs_rest,9,svm
987,yomix,1.0,1.0,1.0,1.0,0_vs_rest,10,svm
988,yomix,0.9231861823449955,1.0,0.9230769230769231,0.8571428571428571,0_vs_rest,10,svm
989,yomix,1.0,1.0,1.0,1.0,0_vs_rest,10,svm
990,yomix,1.0,1.0,1.0,1.0,0_vs_rest,11,svm
991,yomix,0.9231861823449955,1.0,0.9230769230769231,0.8571428571428571,0_vs_rest,11,svm
992,yomix,1.0,1.0,1.0,1.0,0_vs_rest,11,svm
993,yomix,1.0,1.0,1.0,1.0,0_vs_rest,12,svm
994,yomix,0.9231861823449955,1.0,0.9230769230769231,0.8571428571428571,0_vs_rest,12,svm
995,yomix,1.0,1.0,1.0,1.0,0_vs_rest,12,svm
996,yomix,1.0,1.0,1.0,1.0,0_vs_rest,13,svm
997,yomix,0.9231861823449955,1.0,0.9230769230769231,0.8571428571428571,0_vs_rest,13,svm
998,yomix,1.0,1.0,1.0,1.0,0_vs_rest,13,svm
999,yomix,1.0,1.0,1.0,1.0,0_vs_rest,14,svm
1000,yomix,0.9231861823449955,1.0,0.9230769230769231,0.8571428571428571,0_vs_rest,14,svm
1001,yomix,1.0,1.0,1.0,1.0,0_vs_rest,14,svm
1002,yomix,1.0,1.0,1.0,1.0,0_vs_rest,15,svm
1003,yomix,0.9231861823449955,1.0,0.9230769230769231,0.8571428571428571,0_vs_rest,15,svm
1004,yomix,1.0,1.0,1.0,1.0,0_vs_rest,15,svm
1005,yomix,1.0,1.0,1.0,1.0,0_vs_rest,16,svm
1006,yomix,0.9231861823449955,1.0,0.9230769230769231,0.8571428571428571,0_vs_rest,16,svm
1007,yomix,1.0,1.0,1.0,1.0,0_vs_rest,16,svm
1008,yomix,1.0,1.0,1.0,1.0,0_vs_rest,17,svm
1009,yomix,0.9231861823449955,1.0,0.9230769230769231,0.8571428571428571,0_vs_rest,17,svm
1010,yomix,1.0,1.0,1.0,1.0,0_vs_rest,17,svm
1011,yomix,1.0,1.0,1.0,1.0,0_vs_rest,18,svm
1012,yomix,0.9231861823449955,1.0,0.9230769230769231,0.8571428571428571,0_vs_rest,18,svm
1013,yomix,1.0,1.0,1.0,1.0,0_vs_rest,18,svm
1014,yomix,1.0,1.0,1.0,1.0,0_vs_rest,19,svm
1015,yomix,0.9231861823449955,1.0,0.9230769230769231,0.8571428571428571,0_vs_rest,19,svm
1016,yomix,0.9327379053088816,0.875,0.9333333333333333,1.0,0_vs_rest,19,svm
1017,yomix,1.0,1.0,1.0,1.0,0_vs_rest,20,svm
1018,yomix,0.9231861823449955,1.0,0.9230769230769231,0.8571428571428571,0_vs_rest,20,svm
1019,yomix,1.0,1.0,1.0,1.0,0_vs_rest,20,svm
1020,cosg,0.9327379053088816,0.875,0.9333333333333333,1.0,0_vs_rest,1,svm
1021,cosg,1.0,1.0,1.0,1.0,0_vs_rest,1,svm
1022,cosg,1.0,1.0,1.0,1.0,0_vs_rest,1,svm
1023,cosg,0.8768630958643937,0.7777777777777778,0.875,1.0,0_vs_rest,2,svm
1024,cosg,1.0,1.0,1.0,1.0,0_vs_rest,2,svm
1025,cosg,1.0,1.0,1.0,1.0,0_vs_rest,2,svm
1026,cosg,1.0,1.0,1.0,1.0,0_vs_rest,3,svm
1027,cosg,0.9231861823449955,1.0,0.9230769230769231,0.8571428571428571,0_vs_rest,3,svm
1028,cosg,1.0,1.0,1.0,1.0,0_vs_rest,3,svm
1029,cosg,1.0,1.0,1.0,1.0,0_vs_rest,4,svm
1030,cosg,0.9231861823449955,1.0,0.9230769230769231,0.8571428571428571,0_vs_rest,4,svm
1031,cosg,1.0,1.0,1.0,1.0,0_vs_rest,4,svm
1032,cosg,0.9327379053088816,0.875,0.9333333333333333,1.0,0_vs_rest,5,svm
1033,cosg,0.9231861823449955,1.0,0.9230769230769231,0.8571428571428571,0_vs_rest,5,svm
1034,cosg,1.0,1.0,1.0,1.0,0_vs_rest,5,svm
1035,cosg,0.9327379053088816,0.875,0.9333333333333333,1.0,0_vs_rest,6,svm
1036,cosg,0.9231861823449955,1.0,0.9230769230769231,0.8571428571428571,0_vs_rest,6,svm
1037,cosg,1.0,1.0,1.0,1.0,0_vs_rest,6,svm
1038,cosg,0.9327379053088816,0.875,0.9333333333333333,1.0,0_vs_rest,7,svm
1039,cosg,0.9231861823449955,1.0,0.9230769230769231,0.8571428571428571,0_vs_rest,7,svm
1040,cosg,1.0,1.0,1.0,1.0,0_vs_rest,7,svm
1041,cosg,0.9327379053088816,0.875,0.9333333333333333,1.0,0_vs_rest,8,svm
1042,cosg,0.9231861823449955,1.0,0.9230769230769231,0.8571428571428571,0_vs_rest,8,svm
1043,cosg,1.0,1.0,1.0,1.0,0_vs_rest,8,svm
1044,cosg,0.9327379053088816,0.875,0.9333333333333333,1.0,0_vs_rest,9,svm
1045,cosg,0.9231861823449955,1.0,0.9230769230769231,0.8571428571428571,0_vs_rest,9,svm
1046,cosg,1.0,1.0,1.0,1.0,0_vs_rest,9,svm
1047,cosg,1.0,1.0,1.0,1.0,0_vs_rest,10,svm
1048,cosg,0.9231861823449955,1.0,0.9230769230769231,0.8571428571428571,0_vs_rest,10,svm
1049,cosg,1.0,1.0,1.0,1.0,0_vs_rest,10,svm
1050,cosg,1.0,1.0,1.0,1.0,0_vs_rest,11,svm
1051,cosg,0.9231861823449955,1.0,0.9230769230769231,0.8571428571428571,0_vs_rest,11,svm
1052,cosg,1.0,1.0,1.0,1.0,0_vs_rest,11,svm
1053,cosg,1.0,1.0,1.0,1.0,0_vs_rest,12,svm
1054,cosg,0.9231861823449955,1.0,0.9230769230769231,0.8571428571428571,0_vs_rest,12,svm
1055,cosg,1.0,1.0,1.0,1.0,0_vs_rest,12,svm
1056,cosg,1.0,1.0,1.0,1.0,0_vs_rest,13,svm
1057,cosg,0.9231861823449955,1.0,0.9230769230769231,0.8571428571428571,0_vs_rest,13,svm
1058,cosg,1.0,1.0,1.0,1.0,0_vs_rest,13,svm
1059,cosg,1.0,1.0,1.0,1.0,0_vs_rest,14,svm
1060,cosg,0.9231861823449955,1.0,0.9230769230769231,0.8571428571428571,0_vs_rest,14,svm
1061,cosg,1.0,1.0,1.0,1.0,0_vs_rest,14,svm
1062,cosg,1.0,1.0,1.0,1.0,0_vs_rest,15,svm
1063,cosg,0.9231861823449955,1.0,0.9230769230769231,0.8571428571428571,0_vs_rest,15,svm
1064,cosg,1.0,1.0,1.0,1.0,0_vs_rest,15,svm
1065,cosg,1.0,1.0,1.0,1.0,0_vs_rest,16,svm
1066,cosg,0.9231861823449955,1.0,0.9230769230769231,0.8571428571428571,0_vs_rest,16,svm
1067,cosg,1.0,1.0,1.0,1.0,0_vs_rest,16,svm
1068,cosg,1.0,1.0,1.0,1.0,0_vs_rest,17,svm
1069,cosg,0.9231861823449955,1.0,0.9230769230769231,0.8571428571428571,0_vs_rest,17,svm
1070,cosg,1.0,1.0,1.0,1.0,0_vs_rest,17,svm
1071,cosg,1.0,1.0,1.0,1.0,0_vs_rest,18,svm
1072,cosg,0.9231861823449955,1.0,0.9230769230769231,0.8571428571428571,0_vs_rest,18,svm
1073,cosg,1.0,1.0,1.0,1.0,0_vs_rest,18,svm
1074,cosg,1.0,1.0,1.0,1.0,0_vs_rest,19,svm
1075,cosg,0.9231861823449955,1.0,0.9230769230769231,0.8571428571428571,0_vs_rest,19,svm
1076,cosg,1.0,1.0,1.0,1.0,0_vs_rest,19,svm
1077,cosg,1.0,1.0,1.0,1.0,0_vs_rest,20,svm
1078,cosg,0.9231861823449955,1.0,0.9230769230769231,0.8571428571428571,0_vs_rest,20,svm
1079,cosg,1.0,1.0,1.0,1.0,0_vs_rest,20,svm
1080,scanpy_wilcoxon,0.9327379053088816,0.875,0.9333333333333333,1.0,0_vs_rest,1,svm
1081,scanpy_wilcoxon,1.0,1.0,1.0,1.0,0_vs_rest,1,svm
1082,scanpy_wilcoxon,1.0,1.0,1.0,1.0,0_vs_rest,1,svm
1083,scanpy_wilcoxon,0.8768630958643937,0.7777777777777778,0.875,1.0,0_vs_rest,2,svm
1084,scanpy_wilcoxon,1.0,1.0,1.0,1.0,0_vs_rest,2,svm
1085,scanpy_wilcoxon,1.0,1.0,1.0,1.0,0_vs_rest,2,svm
1086,scanpy_wilcoxon,0.9327379053088816,0.875,0.9333333333333333,1.0,0_vs_rest,3,svm
1087,scanpy_wilcoxon,1.0,1.0,1.0,1.0,0_vs_rest,3,svm
1088,scanpy_wilcoxon,1.0,1.0,1.0,1.0,0_vs_rest,3,svm
1089,scanpy_wilcoxon,1.0,1.0,1.0,1.0,0_vs_rest,4,svm
1090,scanpy_wilcoxon,0.9231861823449955,1.0,0.9230769230769231,0.8571428571428571,0_vs_rest,4,svm
1091,scanpy_wilcoxon,1.0,1.0,1.0,1.0,0_vs_rest,4,svm
1092,scanpy_wilcoxon,0.9327379053088816,0.875,0.9333333333333333,1.0,0_vs_rest,5,svm
1093,scanpy_wilcoxon,0.9231861823449955,1.0,0.9230769230769231,0.8571428571428571,0_vs_rest,5,svm
1094,scanpy_wilcoxon,1.0,1.0,1.0,1.0,0_vs_rest,5,svm
1095,scanpy_wilcoxon,0.9327379053088816,0.875,0.9333333333333333,1.0,0_vs_rest,6,svm
1096,scanpy_wilcoxon,0.9231861823449955,1.0,0.9230769230769231,0.8571428571428571,0_vs_rest,6,svm
1097,scanpy_wilcoxon,1.0,1.0,1.0,1.0,0_vs_rest,6,svm
1098,scanpy_wilcoxon,0.9327379053088816,0.875,0.9333333333333333,1.0,0_vs_rest,7,svm
1099,scanpy_wilcoxon,0.9231861823449955,1.0,0.9230769230769231,0.8571428571428571,0_vs_rest,7,svm
1100,scanpy_wilcoxon,1.0,1.0,1.0,1.0,0_vs_rest,7,svm
1101,scanpy_wilcoxon,1.0,1.0,1.0,1.0,0_vs_rest,8,svm
1102,scanpy_wilcoxon,0.9231861823449955,1.0,0.9230769230769231,0.8571428571428571,0_vs_rest,8,svm
1103,scanpy_wilcoxon,1.0,1.0,1.0,1.0,0_vs_rest,8,svm
1104,scanpy_wilcoxon,1.0,1.0,1.0,1.0,0_vs_rest,9,svm
1105,scanpy_wilcoxon,0.9231861823449955,1.0,0.9230769230769231,0.8571428571428571,0_vs_rest,9,svm
1106,scanpy_wilcoxon,1.0,1.0,1.0,1.0,0_vs_rest,9,svm
1107,scanpy_wilcoxon,1.0,1.0,1.0,1.0,0_vs_rest,10,svm
1108,scanpy_wilcoxon,0.9231861823449955,1.0,0.9230769230769231,0.8571428571428571,0_vs_rest,10,svm
1109,scanpy_wilcoxon,1.0,1.0,1.0,1.0,0_vs_rest,10,svm
1110,scanpy_wilcoxon,1.0,1.0,1.0,1.0,0_vs_rest,11,svm
1111,scanpy_wilcoxon,0.9231861823449955,1.0,0.9230769230769231,0.8571428571428571,0_vs_rest,11,svm
1112,scanpy_wilcoxon,1.0,1.0,1.0,1.0,0_vs_rest,11,svm
1113,scanpy_wilcoxon,1.0,1.0,1.0,1.0,0_vs_rest,12,svm
1114,scanpy_wilcoxon,0.9231861823449955,1.0,0.9230769230769231,0.8571428571428571,0_vs_rest,12,svm
1115,scanpy_wilcoxon,1.0,1.0,1.0,1.0,0_vs_rest,12,svm
1116,scanpy_wilcoxon,1.0,1.0,1.0,1.0,0_vs_rest,13,svm
1117,scanpy_wilcoxon,0.9231861823449955,1.0,0.9230769230769231,0.8571428571428571,0_vs_rest,13,svm
1118,scanpy_wilcoxon,1.0,1.0,1.0,1.0,0_vs_rest,13,svm
1119,scanpy_wilcoxon,1.0,1.0,1.0,1.0,0_vs_rest,14,svm
1120,scanpy_wilcoxon,0.9231861823449955,1.0,0.9230769230769231,0.8571428571428571,0_vs_rest,14,svm
1121,scanpy_wilcoxon,1.0,1.0,1.0,1.0,0_vs_rest,14,svm
1122,scanpy_wilcoxon,1.0,1.0,1.0,1.0,0_vs_rest,15,svm
1123,scanpy_wilcoxon,0.9231861823449955,1.0,0.9230769230769231,0.8571428571428571,0_vs_rest,15,svm
1124,scanpy_wilcoxon,1.0,1.0,1.0,1.0,0_vs_rest,15,svm
1125,scanpy_wilcoxon,1.0,1.0,1.0,1.0,0_vs_rest,16,svm
1126,scanpy_wilcoxon,0.9231861823449955,1.0,0.9230769230769231,0.8571428571428571,0_vs_rest,16,svm
1127,scanpy_wilcoxon,1.0,1.0,1.0,1.0,0_vs_rest,16,svm
1128,scanpy_wilcoxon,1.0,1.0,1.0,1.0,0_vs_rest,17,svm
1129,scanpy_wilcoxon,0.9231861823449955,1.0,0.9230769230769231,0.8571428571428571,0_vs_rest,17,svm
1130,scanpy_wilcoxon,1.0,1.0,1.0,1.0,0_vs_rest,17,svm
1131,scanpy_wilcoxon,1.0,1.0,1.0,1.0,0_vs_rest,18,svm
1132,scanpy_wilcoxon,0.9231861823449955,1.0,0.9230769230769231,0.8571428571428571,0_vs_rest,18,svm
1133,scanpy_wilcoxon,1.0,1.0,1.0,1.0,0_vs_rest,18,svm
1134,scanpy_wilcoxon,1.0,1.0,1.0,1.0,0_vs_rest,19,svm
1135,scanpy_wilcoxon,0.9231861823449955,1.0,0.9230769230769231,0.8571428571428571,0_vs_rest,19,svm
1136,scanpy_wilcoxon,1.0,1.0,1.0,1.0,0_vs_rest,19,svm
1137,scanpy_wilcoxon,1.0,1.0,1.0,1.0,0_vs_rest,20,svm
1138,scanpy_wilcoxon,0.9231861823449955,1.0,0.9230769230769231,0.8571428571428571,0_vs_rest,20,svm
1139,scanpy_wilcoxon,1.0,1.0,1.0,1.0,0_vs_rest,20,svm
1140,scanpy_t-test,0.8294576541331089,0.7,0.8235294117647058,1.0,0_vs_rest,1,svm
1141,scanpy_t-test,0.6928203230275509,0.5,0.6666666666666666,1.0,0_vs_rest,1,svm
1142,scanpy_t-test,0.788554488807325,0.6363636363636364,0.7777777777777778,1.0,0_vs_rest,1,svm
1143,scanpy_t-test,0.8768630958643937,0.7777777777777778,0.875,1.0,0_vs_rest,2,svm
1144,scanpy_t-test,0.8768630958643937,0.7777777777777778,0.875,1.0,0_vs_rest,2,svm
1145,scanpy_t-test,0.8768630958643937,0.7777777777777778,0.875,1.0,0_vs_rest,2,svm
1146,scanpy_t-test,0.8768630958643937,0.7777777777777778,0.875,1.0,0_vs_rest,3,svm
1147,scanpy_t-test,0.9327379053088816,0.875,0.9333333333333333,1.0,0_vs_rest,3,svm
1148,scanpy_t-test,0.9327379053088816,0.875,0.9333333333333333,1.0,0_vs_rest,3,svm
1149,scanpy_t-test,0.9327379053088816,0.875,0.9333333333333333,1.0,0_vs_rest,4,svm
1150,scanpy_t-test,0.8514285714285714,0.8571428571428571,0.8571428571428571,0.8571428571428571,0_vs_rest,4,svm
1151,scanpy_t-test,0.9327379053088816,0.875,0.9333333333333333,1.0,0_vs_rest,4,svm
1152,scanpy_t-test,0.9327379053088816,0.875,0.9333333333333333,1.0,0_vs_rest,5,svm
1153,scanpy_t-test,0.8514285714285714,0.8571428571428571,0.8571428571428571,0.8571428571428571,0_vs_rest,5,svm
1154,scanpy_t-test,0.9327379053088816,0.875,0.9333333333333333,1.0,0_vs_rest,5,svm
1155,scanpy_t-test,0.9327379053088816,0.875,0.9333333333333333,1.0,0_vs_rest,6,svm
1156,scanpy_t-test,0.9231861823449955,1.0,0.9230769230769231,0.8571428571428571,0_vs_rest,6,svm
1157,scanpy_t-test,1.0,1.0,1.0,1.0,0_vs_rest,6,svm
1158,scanpy_t-test,1.0,1.0,1.0,1.0,0_vs_rest,7,svm
1159,scanpy_t-test,0.9231861823449955,1.0,0.9230769230769231,0.8571428571428571,0_vs_rest,7,svm
1160,scanpy_t-test,1.0,1.0,1.0,1.0,0_vs_rest,7,svm
1161,scanpy_t-test,1.0,1.0,1.0,1.0,0_vs_rest,8,svm
1162,scanpy_t-test,0.9231861823449955,1.0,0.9230769230769231,0.8571428571428571,0_vs_rest,8,svm
1163,scanpy_t-test,1.0,1.0,1.0,1.0,0_vs_rest,8,svm
1164,scanpy_t-test,1.0,1.0,1.0,1.0,0_vs_rest,9,svm
1165,scanpy_t-test,0.9231861823449955,1.0,0.9230769230769231,0.8571428571428571,0_vs_rest,9,svm
1166,scanpy_t-test,1.0,1.0,1.0,1.0,0_vs_rest,9,svm
1167,scanpy_t-test,1.0,1.0,1.0,1.0,0_vs_rest,10,svm
1168,scanpy_t-test,0.9231861823449955,1.0,0.9230769230769231,0.8571428571428571,0_vs_rest,10,svm
1169,scanpy_t-test,1.0,1.0,1.0,1.0,0_vs_rest,10,svm
1170,scanpy_t-test,1.0,1.0,1.0,1.0,0_vs_rest,11,svm
1171,scanpy_t-test,0.9231861823449955,1.0,0.9230769230769231,0.8571428571428571,0_vs_rest,11,svm
1172,scanpy_t-test,1.0,1.0,1.0,1.0,0_vs_rest,11,svm
1173,scanpy_t-test,1.0,1.0,1.0,1.0,0_vs_rest,12,svm
1174,scanpy_t-test,0.9231861823449955,1.0,0.9230769230769231,0.8571428571428571,0_vs_rest,12,svm
1175,scanpy_t-test,1.0,1.0,1.0,1.0,0_vs_rest,12,svm
1176,scanpy_t-test,1.0,1.0,1.0,1.0,0_vs_rest,13,svm
1177,scanpy_t-test,0.9231861823449955,1.0,0.9230769230769231,0.8571428571428571,0_vs_rest,13,svm
1178,scanpy_t-test,1.0,1.0,1.0,1.0,0_vs_rest,13,svm
1179,scanpy_t-test,1.0,1.0,1.0,1.0,0_vs_rest,14,svm
1180,scanpy_t-test,0.9231861823449955,1.0,0.9230769230769231,0.8571428571428571,0_vs_rest,14,svm
1181,scanpy_t-test,1.0,1.0,1.0,1.0,0_vs_rest,14,svm
1182,scanpy_t-test,1.0,1.0,1.0,1.0,0_vs_rest,15,svm
1183,scanpy_t-test,0.9231861823449955,1.0,0.9230769230769231,0.8571428571428571,0_vs_rest,15,svm
1184,scanpy_t-test,1.0,1.0,1.0,1.0,0_vs_rest,15,svm
1185,scanpy_t-test,1.0,1.0,1.0,1.0,0_vs_rest,16,svm
1186,scanpy_t-test,0.9231861823449955,1.0,0.9230769230769231,0.8571428571428571,0_vs_rest,16,svm
1187,scanpy_t-test,1.0,1.0,1.0,1.0,0_vs_rest,16,svm
1188,scanpy_t-test,1.0,1.0,1.0,1.0,0_vs_rest,17,svm
1189,scanpy_t-test,0.9231861823449955,1.0,0.9230769230769231,0.8571428571428571,0_vs_rest,17,svm
1190,scanpy_t-test,1.0,1.0,1.0,1.0,0_vs_rest,17,svm
1191,scanpy_t-test,1.0,1.0,1.0,1.0,0_vs_rest,18,svm
1192,scanpy_t-test,0.9231861823449955,1.0,0.9230769230769231,0.8571428571428571,0_vs_rest,18,svm
1193,scanpy_t-test,1.0,1.0,1.0,1.0,0_vs_rest,18,svm
1194,scanpy_t-test,1.0,1.0,1.0,1.0,0_vs_rest,19,svm
1195,scanpy_t-test,0.9231861823449955,1.0,0.9230769230769231,0.8571428571428571,0_vs_rest,19,svm
1196,scanpy_t-test,1.0,1.0,1.0,1.0,0_vs_rest,19,svm
1197,scanpy_t-test,1.0,1.0,1.0,1.0,0_vs_rest,20,svm
1198,scanpy_t-test,0.9231861823449955,1.0,0.9230769230769231,0.8571428571428571,0_vs_rest,20,svm
1199,scanpy_t-test,0.9327379053088816,0.875,0.9333333333333333,1.0,0_vs_rest,20,svm
1200,yomix,0.060381858655734276,0.03508771929824561,0.06557377049180328,0.5,6_vs_rest,1,svm
1201,yomix,0.21375893874907567,0.06666666666666667,0.125,1.0,6_vs_rest,1,svm
1202,yomix,0.15138180528007664,0.05660377358490566,0.10526315789473684,0.75,6_vs_rest,1,svm
1203,yomix,0.06316310825620895,0.047619047619047616,0.08,0.25,6_vs_rest,2,svm
1204,yomix,0.12045491734871157,0.058823529411764705,0.10526315789473684,0.5,6_vs_rest,2,svm
1205,yomix,0.13146251132180845,0.06451612903225806,0.11428571428571428,0.5,6_vs_rest,2,svm
1206,yomix,0.22126373551736708,0.09090909090909091,0.16216216216216217,0.75,6_vs_rest,3,svm
1207,yomix,0.12399320444451489,0.06060606060606061,0.10810810810810811,0.5,6_vs_rest,3,svm
1208,yomix,0.22610786345813583,0.09375,0.16666666666666666,0.75,6_vs_rest,3,svm
1209,yomix,0.24769107418897982,0.10714285714285714,0.1875,0.75,6_vs_rest,4,svm
1210,yomix,0.2967584770205751,0.10810810810810811,0.1951219512195122,1.0,6_vs_rest,4,svm
1211,yomix,0.2537385083883021,0.1111111111111111,0.1935483870967742,0.75,6_vs_rest,4,svm
1212,yomix,0.1743402857633337,0.09090909090909091,0.15384615384615385,0.5,6_vs_rest,5,svm
1213,yomix,0.20780614123486296,0.08333333333333333,0.15,0.75,6_vs_rest,5,svm
1214,yomix,0.26009577607889445,0.11538461538461539,0.2,0.75,6_vs_rest,5,svm
1215,yomix,0.18046602358916844,0.09523809523809523,0.16,0.5,6_vs_rest,6,svm
1216,yomix,0.07587426756916439,0.05555555555555555,0.09090909090909091,0.25,6_vs_rest,6,svm
1217,yomix,0.3165098706524961,0.15789473684210525,0.2608695652173913,0.75,6_vs_rest,6,svm
1218,yomix,0.18046602358916844,0.09523809523809523,0.16,0.5,6_vs_rest,7,svm
1219,yomix,0.20945237124478797,0.11764705882352941,0.19047619047619047,0.5,6_vs_rest,7,svm
1220,yomix,0.29776893892212797,0.14285714285714285,0.24,0.75,6_vs_rest,7,svm
1221,yomix,0.09135156012752886,0.06666666666666667,0.10526315789473684,0.25,6_vs_rest,8,svm
1222,yomix,0.20141169209269094,0.1111111111111111,0.18181818181818182,0.5,6_vs_rest,8,svm
1223,yomix,0.40426732930628106,0.18181818181818182,0.3076923076923077,1.0,6_vs_rest,8,svm
1224,yomix,0.09736702254178098,0.07142857142857142,0.1111111111111111,0.25,6_vs_rest,9,svm
1225,yomix,0.19394647393174227,0.10526315789473684,0.17391304347826086,0.5,6_vs_rest,9,svm
1226,yomix,0.2813541826824665,0.13043478260869565,0.2222222222222222,0.75,6_vs_rest,9,svm
1227,yomix,0.20141169209269094,0.1111111111111111,0.18181818181818182,0.5,6_vs_rest,10,svm
1228,yomix,0.07587426756916439,0.05555555555555555,0.09090909090909091,0.25,6_vs_rest,10,svm
1229,yomix,0.2813541826824665,0.13043478260869565,0.2222222222222222,0.75,6_vs_rest,10,svm
1230,yomix,0.20141169209269094,0.1111111111111111,0.18181818181818182,0.5,6_vs_rest,11,svm
1231,yomix,0.21815603041788503,0.125,0.2,0.5,6_vs_rest,11,svm
1232,yomix,0.20945237124478797,0.11764705882352941,0.19047619047619047,0.5,6_vs_rest,11,svm
1233,yomix,0.19394647393174227,0.10526315789473684,0.17391304347826086,0.5,6_vs_rest,12,svm
1234,yomix,0.21815603041788503,0.125,0.2,0.5,6_vs_rest,12,svm
1235,yomix,0.20945237124478797,0.11764705882352941,0.19047619047619047,0.5,6_vs_rest,12,svm
1236,yomix,0.21815603041788503,0.125,0.2,0.5,6_vs_rest,13,svm
1237,yomix,0.09736702254178098,0.07142857142857142,0.1111111111111111,0.25,6_vs_rest,13,svm
1238,yomix,0.20945237124478797,0.11764705882352941,0.19047619047619047,0.5,6_vs_rest,13,svm
1239,yomix,0.21815603041788503,0.125,0.2,0.5,6_vs_rest,14,svm
1240,yomix,0.2380082773243535,0.14285714285714285,0.2222222222222222,0.5,6_vs_rest,14,svm
1241,yomix,0.22763011703908834,0.13333333333333333,0.21052631578947367,0.5,6_vs_rest,14,svm
1242,yomix,0.2380082773243535,0.14285714285714285,0.2222222222222222,0.5,6_vs_rest,15,svm
1243,yomix,0.22763011703908834,0.13333333333333333,0.21052631578947367,0.5,6_vs_rest,15,svm
1244,yomix,0.35050402220473525,0.1875,0.3,0.75,6_vs_rest,15,svm
1245,yomix,0.2380082773243535,0.14285714285714285,0.2222222222222222,0.5,6_vs_rest,16,svm
1246,yomix,0.2380082773243535,0.14285714285714285,0.2222222222222222,0.5,6_vs_rest,16,svm
1247,yomix,0.33823727518584007,0.17647058823529413,0.2857142857142857,0.75,6_vs_rest,16,svm
1248,yomix,0.24945922497781906,0.15384615384615385,0.23529411764705882,0.5,6_vs_rest,17,svm
1249,yomix,0.2380082773243535,0.14285714285714285,0.2222222222222222,0.5,6_vs_rest,17,svm
1250,yomix,0.33823727518584007,0.17647058823529413,0.2857142857142857,0.75,6_vs_rest,17,svm
1251,yomix,0.26219958627870393,0.16666666666666666,0.25,0.5,6_vs_rest,18,svm
1252,yomix,0.21815603041788503,0.125,0.2,0.5,6_vs_rest,18,svm
1253,yomix,0.33823727518584007,0.17647058823529413,0.2857142857142857,0.75,6_vs_rest,18,svm
1254,yomix,0.26219958627870393,0.16666666666666666,0.25,0.5,6_vs_rest,19,svm
1255,yomix,0.22763011703908834,0.13333333333333333,0.21052631578947367,0.5,6_vs_rest,19,svm
1256,yomix,0.3639086739506478,0.2,0.3157894736842105,0.75,6_vs_rest,19,svm
1257,yomix,0.26219958627870393,0.16666666666666666,0.25,0.5,6_vs_rest,20,svm
1258,yomix,0.11924623939301332,0.09090909090909091,0.13333333333333333,0.25,6_vs_rest,20,svm
1259,yomix,0.24945922497781906,0.15384615384615385,0.23529411764705882,0.5,6_vs_rest,20,svm
1260,cosg,0.19961040722479606,0.07894736842105263,0.14285714285714285,0.75,6_vs_rest,1,svm
1261,cosg,0.2967584770205751,0.10810810810810811,0.1951219512195122,1.0,6_vs_rest,1,svm
1262,cosg,0.23115491574084648,0.0967741935483871,0.17142857142857143,0.75,6_vs_rest,1,svm
1263,cosg,0.029210106762534296,0.03125,0.05555555555555555,0.25,6_vs_rest,2,svm
1264,cosg,0.21212572869080656,0.08571428571428572,0.15384615384615385,0.75,6_vs_rest,2,svm
1265,cosg,0.17152214677609173,0.06521739130434782,0.12,0.75,6_vs_rest,2,svm
1266,cosg,0.03713293046811483,0.034482758620689655,0.06060606060606061,0.25,6_vs_rest,3,svm
1267,cosg,0.21212572869080656,0.08571428571428572,0.15384615384615385,0.75,6_vs_rest,3,svm
1268,cosg,0.15138180528007664,0.05660377358490566,0.10526315789473684,0.75,6_vs_rest,3,svm
1269,cosg,0.039950173256287067,0.03571428571428571,0.0625,0.25,6_vs_rest,4,svm
1270,cosg,-0.0028228996530502695,0.02127659574468085,0.0392156862745098,0.25,6_vs_rest,4,svm
1271,cosg,0.15138180528007664,0.05660377358490566,0.10526315789473684,0.75,6_vs_rest,4,svm
1272,cosg,0.03713293046811483,0.034482758620689655,0.06060606060606061,0.25,6_vs_rest,5,svm
1273,cosg,-0.0009476361700336561,0.021739130434782608,0.04,0.25,6_vs_rest,5,svm
1274,cosg,0.16248160000064088,0.061224489795918366,0.11320754716981132,0.75,6_vs_rest,5,svm
1275,cosg,0.09135156012752886,0.06666666666666667,0.10526315789473684,0.25,6_vs_rest,6,svm
1276,cosg,-0.0009476361700336561,0.021739130434782608,0.04,0.25,6_vs_rest,6,svm
1277,cosg,0.22610786345813583,0.09375,0.16666666666666666,0.75,6_vs_rest,6,svm
1278,cosg,0.11118590051058963,0.08333333333333333,0.125,0.25,6_vs_rest,7,svm
1279,cosg,0.004847506222853165,0.023255813953488372,0.0425531914893617,0.25,6_vs_rest,7,svm
1280,cosg,0.26679336907428597,0.12,0.20689655172413793,0.75,6_vs_rest,7,svm
1281,cosg,-0.03214329276122427,0.0,0.0,0.0,6_vs_rest,8,svm
1282,cosg,0.0109397781804352,0.025,0.045454545454545456,0.25,6_vs_rest,8,svm
1283,cosg,0.26009577607889445,0.11538461538461539,0.2,0.75,6_vs_rest,8,svm
1284,cosg,-0.046539953155815474,0.0,0.0,0.0,6_vs_rest,9,svm
1285,cosg,0.008872193878234826,0.024390243902439025,0.044444444444444446,0.25,6_vs_rest,9,svm
1286,cosg,0.26009577607889445,0.11538461538461539,0.2,0.75,6_vs_rest,9,svm
1287,cosg,-0.046539953155815474,0.0,0.0,0.0,6_vs_rest,10,svm
1288,cosg,0.0109397781804352,0.025,0.045454545454545456,0.25,6_vs_rest,10,svm
1289,cosg,0.2537385083883021,0.1111111111111111,0.1935483870967742,0.75,6_vs_rest,10,svm
1290,cosg,-0.057014503979706865,0.0,0.0,0.0,6_vs_rest,11,svm
1291,cosg,0.0109397781804352,0.025,0.045454545454545456,0.25,6_vs_rest,11,svm
1292,cosg,0.23115491574084648,0.0967741935483871,0.17142857142857143,0.75,6_vs_rest,11,svm
1293,cosg,0.04286906306103734,0.037037037037037035,0.06451612903225806,0.25,6_vs_rest,12,svm
1294,cosg,0.021944040899048955,0.02857142857142857,0.05128205128205128,0.25,6_vs_rest,12,svm
1295,cosg,0.1882876700825391,0.07317073170731707,0.13333333333333333,0.75,6_vs_rest,12,svm
1296,cosg,0.04905169565939787,0.04,0.06896551724137931,0.25,6_vs_rest,13,svm
1297,cosg,0.019643366584390032,0.027777777777777776,0.05,0.25,6_vs_rest,13,svm
1298,cosg,0.19961040722479606,0.07894736842105263,0.14285714285714285,0.75,6_vs_rest,13,svm
1299,cosg,0.04905169565939787,0.04,0.06896551724137931,0.25,6_vs_rest,14,svm
1300,cosg,0.034408779748672104,0.03333333333333333,0.058823529411764705,0.25,6_vs_rest,14,svm
1301,cosg,0.26679336907428597,0.12,0.20689655172413793,0.75,6_vs_rest,14,svm
1302,cosg,0.04905169565939787,0.04,0.06896551724137931,0.25,6_vs_rest,15,svm
1303,cosg,0.026722673371662693,0.030303030303030304,0.05405405405405406,0.25,6_vs_rest,15,svm
1304,cosg,0.1743402857633337,0.09090909090909091,0.15384615384615385,0.5,6_vs_rest,15,svm
1305,cosg,0.09135156012752886,0.06666666666666667,0.10526315789473684,0.25,6_vs_rest,16,svm
1306,cosg,0.05937676399186003,0.045454545454545456,0.07692307692307693,0.25,6_vs_rest,16,svm
1307,cosg,0.16856462046174203,0.08695652173913043,0.14814814814814814,0.5,6_vs_rest,16,svm
1308,cosg,-0.039827785257524645,0.0,0.0,0.0,6_vs_rest,17,svm
1309,cosg,0.06316310825620895,0.047619047619047616,0.08,0.25,6_vs_rest,17,svm
1310,cosg,0.1743402857633337,0.09090909090909091,0.15384615384615385,0.5,6_vs_rest,17,svm
1311,cosg,-0.03802054009632309,0.0,0.0,0.0,6_vs_rest,18,svm
1312,cosg,0.06316310825620895,0.047619047619047616,0.08,0.25,6_vs_rest,18,svm
1313,cosg,0.16310250563852438,0.08333333333333333,0.14285714285714285,0.5,6_vs_rest,18,svm
1314,cosg,-0.03802054009632309,0.0,0.0,0.0,6_vs_rest,19,svm
1315,cosg,0.05233886374967574,0.041666666666666664,0.07142857142857142,0.25,6_vs_rest,19,svm
1316,cosg,0.20141169209269094,0.1111111111111111,0.18181818181818182,0.5,6_vs_rest,19,svm
1317,cosg,0.15067168481823875,0.125,0.16666666666666666,0.25,6_vs_rest,20,svm
1318,cosg,0.05577505824101759,0.043478260869565216,0.07407407407407407,0.25,6_vs_rest,20,svm
1319,cosg,0.22763011703908834,0.13333333333333333,0.21052631578947367,0.5,6_vs_rest,20,svm
1320,scanpy_wilcoxon,0.19183801449972715,0.057971014492753624,0.1095890410958904,1.0,6_vs_rest,1,svm
1321,scanpy_wilcoxon,0.1566470320543198,0.04597701149425287,0.08791208791208792,1.0,6_vs_rest,1,svm
1322,scanpy_wilcoxon,0.17905285558636855,0.05333333333333334,0.10126582278481013,1.0,6_vs_rest,1,svm
1323,scanpy_wilcoxon,0.2370227315699886,0.07692307692307693,0.14285714285714285,1.0,6_vs_rest,2,svm
1324,scanpy_wilcoxon,0.16926808734447973,0.05,0.09523809523809523,1.0,6_vs_rest,2,svm
1325,scanpy_wilcoxon,0.1294761566775925,0.04838709677419355,0.09090909090909091,0.75,6_vs_rest,2,svm
1326,scanpy_wilcoxon,0.22126373551736708,0.09090909090909091,0.16216216216216217,0.75,6_vs_rest,3,svm
1327,scanpy_wilcoxon,0.13146251132180845,0.06451612903225806,0.11428571428571428,0.5,6_vs_rest,3,svm
1328,scanpy_wilcoxon,0.10438137558793174,0.05128205128205128,0.09302325581395349,0.5,6_vs_rest,3,svm
1329,scanpy_wilcoxon,0.1812967327347084,0.06976744186046512,0.1276595744680851,0.75,6_vs_rest,4,svm
1330,scanpy_wilcoxon,0.1137247539096265,0.05555555555555555,0.1,0.5,6_vs_rest,4,svm
1331,scanpy_wilcoxon,0.16856462046174203,0.08695652173913043,0.14814814814814814,0.5,6_vs_rest,4,svm
1332,scanpy_wilcoxon,0.2870487828668123,0.10256410256410256,0.18604651162790697,1.0,6_vs_rest,5,svm
1333,scanpy_wilcoxon,0.1483037857246697,0.07407407407407407,0.12903225806451613,0.5,6_vs_rest,5,svm
1334,scanpy_wilcoxon,0.2537385083883021,0.1111111111111111,0.1935483870967742,0.75,6_vs_rest,5,svm
1335,scanpy_wilcoxon,0.2967584770205751,0.10810810810810811,0.1951219512195122,1.0,6_vs_rest,6,svm
1336,scanpy_wilcoxon,0.1483037857246697,0.07407407407407407,0.12903225806451613,0.5,6_vs_rest,6,svm
1337,scanpy_wilcoxon,0.2813541826824665,0.13043478260869565,0.2222222222222222,0.75,6_vs_rest,6,svm
1338,scanpy_wilcoxon,0.13541519772058055,0.06666666666666667,0.11764705882352941,0.5,6_vs_rest,7,svm
1339,scanpy_wilcoxon,0.22763011703908834,0.13333333333333333,0.21052631578947367,0.5,6_vs_rest,7,svm
1340,scanpy_wilcoxon,0.23115491574084648,0.0967741935483871,0.17142857142857143,0.75,6_vs_rest,7,svm
1341,scanpy_wilcoxon,0.19394647393174227,0.10526315789473684,0.17391304347826086,0.5,6_vs_rest,8,svm
1342,scanpy_wilcoxon,0.21815603041788503,0.125,0.2,0.5,6_vs_rest,8,svm
1343,scanpy_wilcoxon,0.23642161569248898,0.1,0.17647058823529413,0.75,6_vs_rest,8,svm
1344,scanpy_wilcoxon,0.20141169209269094,0.1111111111111111,0.18181818181818182,0.5,6_vs_rest,9,svm
1345,scanpy_wilcoxon,0.19394647393174227,0.10526315789473684,0.17391304347826086,0.5,6_vs_rest,9,svm
1346,scanpy_wilcoxon,0.26009577607889445,0.11538461538461539,0.2,0.75,6_vs_rest,9,svm
1347,scanpy_wilcoxon,0.26219958627870393,0.16666666666666666,0.25,0.5,6_vs_rest,10,svm
1348,scanpy_wilcoxon,0.24945922497781906,0.15384615384615385,0.23529411764705882,0.5,6_vs_rest,10,svm
1349,scanpy_wilcoxon,0.2893038075348074,0.13636363636363635,0.23076923076923078,0.75,6_vs_rest,10,svm
1350,scanpy_wilcoxon,0.26219958627870393,0.16666666666666666,0.25,0.5,6_vs_rest,11,svm
1351,scanpy_wilcoxon,0.2380082773243535,0.14285714285714285,0.2222222222222222,0.5,6_vs_rest,11,svm
1352,scanpy_wilcoxon,0.22763011703908834,0.13333333333333333,0.21052631578947367,0.5,6_vs_rest,11,svm
1353,scanpy_wilcoxon,0.3115225869100178,0.2222222222222222,0.3076923076923077,0.5,6_vs_rest,12,svm
1354,scanpy_wilcoxon,0.2765130188823497,0.18181818181818182,0.26666666666666666,0.5,6_vs_rest,12,svm
1355,scanpy_wilcoxon,0.21815603041788503,0.125,0.2,0.5,6_vs_rest,12,svm
1356,scanpy_wilcoxon,0.2927795843760911,0.2,0.2857142857142857,0.5,6_vs_rest,13,svm
1357,scanpy_wilcoxon,0.2765130188823497,0.18181818181818182,0.26666666666666666,0.5,6_vs_rest,13,svm
1358,scanpy_wilcoxon,0.2380082773243535,0.14285714285714285,0.2222222222222222,0.5,6_vs_rest,13,svm
1359,scanpy_wilcoxon,0.15067168481823875,0.125,0.16666666666666666,0.25,6_vs_rest,14,svm
1360,scanpy_wilcoxon,0.2765130188823497,0.18181818181818182,0.26666666666666666,0.5,6_vs_rest,14,svm
1361,scanpy_wilcoxon,0.21815603041788503,0.125,0.2,0.5,6_vs_rest,14,svm
1362,scanpy_wilcoxon,0.18221542194114726,0.16666666666666666,0.2,0.25,6_vs_rest,15,svm
1363,scanpy_wilcoxon,0.2765130188823497,0.18181818181818182,0.26666666666666666,0.5,6_vs_rest,15,svm
1364,scanpy_wilcoxon,0.21815603041788503,0.125,0.2,0.5,6_vs_rest,15,svm
1365,scanpy_wilcoxon,0.23314606741573032,0.25,0.25,0.25,6_vs_rest,16,svm
1366,scanpy_wilcoxon,0.2765130188823497,0.18181818181818182,0.26666666666666666,0.5,6_vs_rest,16,svm
1367,scanpy_wilcoxon,0.21815603041788503,0.125,0.2,0.5,6_vs_rest,16,svm
1368,scanpy_wilcoxon,0.23314606741573032,0.25,0.25,0.25,6_vs_rest,17,svm
1369,scanpy_wilcoxon,0.2765130188823497,0.18181818181818182,0.26666666666666666,0.5,6_vs_rest,17,svm
1370,scanpy_wilcoxon,0.20945237124478797,0.11764705882352941,0.19047619047619047,0.5,6_vs_rest,17,svm
1371,scanpy_wilcoxon,0.20408138002852624,0.2,0.2222222222222222,0.25,6_vs_rest,18,svm
1372,scanpy_wilcoxon,0.2765130188823497,0.18181818181818182,0.26666666666666666,0.5,6_vs_rest,18,svm
1373,scanpy_wilcoxon,0.22763011703908834,0.13333333333333333,0.21052631578947367,0.5,6_vs_rest,18,svm
1374,scanpy_wilcoxon,0.20408138002852624,0.2,0.2222222222222222,0.25,6_vs_rest,19,svm
1375,scanpy_wilcoxon,0.2765130188823497,0.18181818181818182,0.26666666666666666,0.5,6_vs_rest,19,svm
1376,scanpy_wilcoxon,0.22763011703908834,0.13333333333333333,0.21052631578947367,0.5,6_vs_rest,19,svm
1377,scanpy_wilcoxon,0.16489697157908953,0.14285714285714285,0.18181818181818182,0.25,6_vs_rest,20,svm
1378,scanpy_wilcoxon,0.2765130188823497,0.18181818181818182,0.26666666666666666,0.5,6_vs_rest,20,svm
1379,scanpy_wilcoxon,0.22763011703908834,0.13333333333333333,0.21052631578947367,0.5,6_vs_rest,20,svm
1380,scanpy_t-test,0.09736702254178098,0.038461538461538464,0.07317073170731707,0.75,6_vs_rest,1,svm
1381,scanpy_t-test,0.08037397217930367,0.041666666666666664,0.07692307692307693,0.5,6_vs_rest,1,svm
1382,scanpy_t-test,0.12506247248625907,0.046875,0.08823529411764706,0.75,6_vs_rest,1,svm
1383,scanpy_t-test,0.14118699303326102,0.05263157894736842,0.09836065573770492,0.75,6_vs_rest,2,svm
1384,scanpy_t-test,0.11051695006283486,0.05405405405405406,0.0975609756097561,0.5,6_vs_rest,2,svm
1385,scanpy_t-test,0.19571507922737202,0.07692307692307693,0.13953488372093023,0.75,6_vs_rest,2,svm
1386,scanpy_t-test,0.19194338080218126,0.075,0.13636363636363635,0.75,6_vs_rest,3,svm
1387,scanpy_t-test,0.12045491734871157,0.058823529411764705,0.10526315789473684,0.5,6_vs_rest,3,svm
1388,scanpy_t-test,0.1812967327347084,0.06976744186046512,0.1276595744680851,0.75,6_vs_rest,3,svm
1389,scanpy_t-test,0.1812967327347084,0.06976744186046512,0.1276595744680851,0.75,6_vs_rest,4,svm
1390,scanpy_t-test,0.13952979933473453,0.06896551724137931,0.12121212121212122,0.5,6_vs_rest,4,svm
1391,scanpy_t-test,0.13541519772058055,0.06666666666666667,0.11764705882352941,0.5,6_vs_rest,4,svm
1392,scanpy_t-test,0.2870487828668123,0.10256410256410256,0.18604651162790697,1.0,6_vs_rest,5,svm
1393,scanpy_t-test,0.13952979933473453,0.06896551724137931,0.12121212121212122,0.5,6_vs_rest,5,svm
1394,scanpy_t-test,0.13146251132180845,0.06451612903225806,0.11428571428571428,0.5,6_vs_rest,5,svm
1395,scanpy_t-test,0.16310250563852438,0.08333333333333333,0.14285714285714285,0.5,6_vs_rest,6,svm
1396,scanpy_t-test,0.15792253236684192,0.08,0.13793103448275862,0.5,6_vs_rest,6,svm
1397,scanpy_t-test,0.16856462046174203,0.08695652173913043,0.14814814814814814,0.5,6_vs_rest,6,svm
1398,scanpy_t-test,0.24769107418897982,0.10714285714285714,0.1875,0.75,6_vs_rest,7,svm
1399,scanpy_t-test,0.15792253236684192,0.08,0.13793103448275862,0.5,6_vs_rest,7,svm
1400,scanpy_t-test,0.1869845993496577,0.1,0.16666666666666666,0.5,6_vs_rest,7,svm
1401,scanpy_t-test,0.27386614752737304,0.125,0.21428571428571427,0.75,6_vs_rest,8,svm
1402,scanpy_t-test,0.1869845993496577,0.1,0.16666666666666666,0.5,6_vs_rest,8,svm
1403,scanpy_t-test,0.15299751534052614,0.07692307692307693,0.13333333333333333,0.5,6_vs_rest,8,svm
1404,scanpy_t-test,0.26679336907428597,0.12,0.20689655172413793,0.75,6_vs_rest,9,svm
1405,scanpy_t-test,0.16310250563852438,0.08333333333333333,0.14285714285714285,0.5,6_vs_rest,9,svm
1406,scanpy_t-test,0.1869845993496577,0.1,0.16666666666666666,0.5,6_vs_rest,9,svm
1407,scanpy_t-test,0.37566420578173004,0.16,0.27586206896551724,1.0,6_vs_rest,10,svm
1408,scanpy_t-test,0.19394647393174227,0.10526315789473684,0.17391304347826086,0.5,6_vs_rest,10,svm
1409,scanpy_t-test,0.19394647393174227,0.10526315789473684,0.17391304347826086,0.5,6_vs_rest,10,svm
1410,scanpy_t-test,0.26009577607889445,0.11538461538461539,0.2,0.75,6_vs_rest,11,svm
1411,scanpy_t-test,0.20141169209269094,0.1111111111111111,0.18181818181818182,0.5,6_vs_rest,11,svm
1412,scanpy_t-test,0.22763011703908834,0.13333333333333333,0.21052631578947367,0.5,6_vs_rest,11,svm
1413,scanpy_t-test,0.2813541826824665,0.13043478260869565,0.2222222222222222,0.75,6_vs_rest,12,svm
1414,scanpy_t-test,0.1869845993496577,0.1,0.16666666666666666,0.5,6_vs_rest,12,svm
1415,scanpy_t-test,0.22763011703908834,0.13333333333333333,0.21052631578947367,0.5,6_vs_rest,12,svm
1416,scanpy_t-test,0.1743402857633337,0.09090909090909091,0.15384615384615385,0.5,6_vs_rest,13,svm
1417,scanpy_t-test,0.21815603041788503,0.125,0.2,0.5,6_vs_rest,13,svm
1418,scanpy_t-test,0.22763011703908834,0.13333333333333333,0.21052631578947367,0.5,6_vs_rest,13,svm
1419,scanpy_t-test,0.16856462046174203,0.08695652173913043,0.14814814814814814,0.5,6_vs_rest,14,svm
1420,scanpy_t-test,0.2380082773243535,0.14285714285714285,0.2222222222222222,0.5,6_vs_rest,14,svm
1421,scanpy_t-test,0.2380082773243535,0.14285714285714285,0.2222222222222222,0.5,6_vs_rest,14,svm
1422,scanpy_t-test,0.19394647393174227,0.10526315789473684,0.17391304347826086,0.5,6_vs_rest,15,svm
1423,scanpy_t-test,0.24945922497781906,0.15384615384615385,0.23529411764705882,0.5,6_vs_rest,15,svm
1424,scanpy_t-test,0.22763011703908834,0.13333333333333333,0.21052631578947367,0.5,6_vs_rest,15,svm
1425,scanpy_t-test,0.32694911661621745,0.16666666666666666,0.2727272727272727,0.75,6_vs_rest,16,svm
1426,scanpy_t-test,0.2765130188823497,0.18181818181818182,0.26666666666666666,0.5,6_vs_rest,16,svm
1427,scanpy_t-test,0.21815603041788503,0.125,0.2,0.5,6_vs_rest,16,svm
1428,scanpy_t-test,-0.03419150344134341,0.0,0.0,0.0,6_vs_rest,17,svm
1429,scanpy_t-test,0.26219958627870393,0.16666666666666666,0.25,0.5,6_vs_rest,17,svm
1430,scanpy_t-test,0.2927795843760911,0.2,0.2857142857142857,0.5,6_vs_rest,17,svm
1431,scanpy_t-test,0.3115225869100178,0.2222222222222222,0.3076923076923077,0.5,6_vs_rest,18,svm
1432,scanpy_t-test,0.26219958627870393,0.16666666666666666,0.25,0.5,6_vs_rest,18,svm
1433,scanpy_t-test,0.2927795843760911,0.2,0.2857142857142857,0.5,6_vs_rest,18,svm
1434,scanpy_t-test,0.16489697157908953,0.14285714285714285,0.18181818181818182,0.25,6_vs_rest,19,svm
1435,scanpy_t-test,0.2765130188823497,0.18181818181818182,0.26666666666666666,0.5,6_vs_rest,19,svm
1436,scanpy_t-test,0.3115225869100178,0.2222222222222222,0.3076923076923077,0.5,6_vs_rest,19,svm
1437,scanpy_t-test,0.16489697157908953,0.14285714285714285,0.18181818181818182,0.25,6_vs_rest,20,svm
1438,scanpy_t-test,0.26219958627870393,0.16666666666666666,0.25,0.5,6_vs_rest,20,svm
1439,scanpy_t-test,0.3115225869100178,0.2222222222222222,0.3076923076923077,0.5,6_vs_rest,20,svm
1440,yomix,1.0,1.0,1.0,1.0,5_vs_rest,1,svm
1441,yomix,1.0,1.0,1.0,1.0,5_vs_rest,1,svm
1442,yomix,1.0,1.0,1.0,1.0,5_vs_rest,1,svm
1443,yomix,1.0,1.0,1.0,1.0,5_vs_rest,2,svm
1444,yomix,1.0,1.0,1.0,1.0,5_vs_rest,2,svm
1445,yomix,1.0,1.0,1.0,1.0,5_vs_rest,2,svm
1446,yomix,1.0,1.0,1.0,1.0,5_vs_rest,3,svm
1447,yomix,1.0,1.0,1.0,1.0,5_vs_rest,3,svm
1448,yomix,1.0,1.0,1.0,1.0,5_vs_rest,3,svm
1449,yomix,1.0,1.0,1.0,1.0,5_vs_rest,4,svm
1450,yomix,1.0,1.0,1.0,1.0,5_vs_rest,4,svm
1451,yomix,1.0,1.0,1.0,1.0,5_vs_rest,4,svm
1452,yomix,1.0,1.0,1.0,1.0,5_vs_rest,5,svm
1453,yomix,1.0,1.0,1.0,1.0,5_vs_rest,5,svm
1454,yomix,1.0,1.0,1.0,1.0,5_vs_rest,5,svm
1455,yomix,1.0,1.0,1.0,1.0,5_vs_rest,6,svm
1456,yomix,1.0,1.0,1.0,1.0,5_vs_rest,6,svm
1457,yomix,1.0,1.0,1.0,1.0,5_vs_rest,6,svm
1458,yomix,1.0,1.0,1.0,1.0,5_vs_rest,7,svm
1459,yomix,1.0,1.0,1.0,1.0,5_vs_rest,7,svm
1460,yomix,1.0,1.0,1.0,1.0,5_vs_rest,7,svm
1461,yomix,1.0,1.0,1.0,1.0,5_vs_rest,8,svm
1462,yomix,1.0,1.0,1.0,1.0,5_vs_rest,8,svm
1463,yomix,1.0,1.0,1.0,1.0,5_vs_rest,8,svm
1464,yomix,1.0,1.0,1.0,1.0,5_vs_rest,9,svm
1465,yomix,1.0,1.0,1.0,1.0,5_vs_rest,9,svm
1466,yomix,1.0,1.0,1.0,1.0,5_vs_rest,9,svm
1467,yomix,1.0,1.0,1.0,1.0,5_vs_rest,10,svm
1468,yomix,1.0,1.0,1.0,1.0,5_vs_rest,10,svm
1469,yomix,1.0,1.0,1.0,1.0,5_vs_rest,10,svm
1470,yomix,1.0,1.0,1.0,1.0,5_vs_rest,11,svm
1471,yomix,1.0,1.0,1.0,1.0,5_vs_rest,11,svm
1472,yomix,1.0,1.0,1.0,1.0,5_vs_rest,11,svm
1473,yomix,1.0,1.0,1.0,1.0,5_vs_rest,12,svm
1474,yomix,1.0,1.0,1.0,1.0,5_vs_rest,12,svm
1475,yomix,1.0,1.0,1.0,1.0,5_vs_rest,12,svm
1476,yomix,1.0,1.0,1.0,1.0,5_vs_rest,13,svm
1477,yomix,1.0,1.0,1.0,1.0,5_vs_rest,13,svm
1478,yomix,0.8919112164209665,1.0,0.8888888888888888,0.8,5_vs_rest,13,svm
1479,yomix,1.0,1.0,1.0,1.0,5_vs_rest,14,svm
1480,yomix,1.0,1.0,1.0,1.0,5_vs_rest,14,svm
1481,yomix,1.0,1.0,1.0,1.0,5_vs_rest,14,svm
1482,yomix,1.0,1.0,1.0,1.0,5_vs_rest,15,svm
1483,yomix,1.0,1.0,1.0,1.0,5_vs_rest,15,svm
1484,yomix,1.0,1.0,1.0,1.0,5_vs_rest,15,svm
1485,yomix,1.0,1.0,1.0,1.0,5_vs_rest,16,svm
1486,yomix,1.0,1.0,1.0,1.0,5_vs_rest,16,svm
1487,yomix,1.0,1.0,1.0,1.0,5_vs_rest,16,svm
1488,yomix,1.0,1.0,1.0,1.0,5_vs_rest,17,svm
1489,yomix,1.0,1.0,1.0,1.0,5_vs_rest,17,svm
1490,yomix,1.0,1.0,1.0,1.0,5_vs_rest,17,svm
1491,yomix,1.0,1.0,1.0,1.0,5_vs_rest,18,svm
1492,yomix,1.0,1.0,1.0,1.0,5_vs_rest,18,svm
1493,yomix,1.0,1.0,1.0,1.0,5_vs_rest,18,svm
1494,yomix,1.0,1.0,1.0,1.0,5_vs_rest,19,svm
1495,yomix,1.0,1.0,1.0,1.0,5_vs_rest,19,svm
1496,yomix,1.0,1.0,1.0,1.0,5_vs_rest,19,svm
1497,yomix,1.0,1.0,1.0,1.0,5_vs_rest,20,svm
1498,yomix,1.0,1.0,1.0,1.0,5_vs_rest,20,svm
1499,yomix,1.0,1.0,1.0,1.0,5_vs_rest,20,svm
1500,cosg,1.0,1.0,1.0,1.0,5_vs_rest,1,svm
1501,cosg,1.0,1.0,1.0,1.0,5_vs_rest,1,svm
1502,cosg,1.0,1.0,1.0,1.0,5_vs_rest,1,svm
1503,cosg,1.0,1.0,1.0,1.0,5_vs_rest,2,svm
1504,cosg,1.0,1.0,1.0,1.0,5_vs_rest,2,svm
1505,cosg,1.0,1.0,1.0,1.0,5_vs_rest,2,svm
1506,cosg,1.0,1.0,1.0,1.0,5_vs_rest,3,svm
1507,cosg,1.0,1.0,1.0,1.0,5_vs_rest,3,svm
1508,cosg,1.0,1.0,1.0,1.0,5_vs_rest,3,svm
1509,cosg,1.0,1.0,1.0,1.0,5_vs_rest,4,svm
1510,cosg,1.0,1.0,1.0,1.0,5_vs_rest,4,svm
1511,cosg,1.0,1.0,1.0,1.0,5_vs_rest,4,svm
1512,cosg,1.0,1.0,1.0,1.0,5_vs_rest,5,svm
1513,cosg,1.0,1.0,1.0,1.0,5_vs_rest,5,svm
1514,cosg,1.0,1.0,1.0,1.0,5_vs_rest,5,svm
1515,cosg,1.0,1.0,1.0,1.0,5_vs_rest,6,svm
1516,cosg,1.0,1.0,1.0,1.0,5_vs_rest,6,svm
1517,cosg,1.0,1.0,1.0,1.0,5_vs_rest,6,svm
1518,cosg,1.0,1.0,1.0,1.0,5_vs_rest,7,svm
1519,cosg,1.0,1.0,1.0,1.0,5_vs_rest,7,svm
1520,cosg,1.0,1.0,1.0,1.0,5_vs_rest,7,svm
1521,cosg,1.0,1.0,1.0,1.0,5_vs_rest,8,svm
1522,cosg,1.0,1.0,1.0,1.0,5_vs_rest,8,svm
1523,cosg,1.0,1.0,1.0,1.0,5_vs_rest,8,svm
1524,cosg,1.0,1.0,1.0,1.0,5_vs_rest,9,svm
1525,cosg,1.0,1.0,1.0,1.0,5_vs_rest,9,svm
1526,cosg,1.0,1.0,1.0,1.0,5_vs_rest,9,svm
1527,cosg,1.0,1.0,1.0,1.0,5_vs_rest,10,svm
1528,cosg,1.0,1.0,1.0,1.0,5_vs_rest,10,svm
1529,cosg,1.0,1.0,1.0,1.0,5_vs_rest,10,svm
1530,cosg,1.0,1.0,1.0,1.0,5_vs_rest,11,svm
1531,cosg,1.0,1.0,1.0,1.0,5_vs_rest,11,svm
1532,cosg,1.0,1.0,1.0,1.0,5_vs_rest,11,svm
1533,cosg,1.0,1.0,1.0,1.0,5_vs_rest,12,svm
1534,cosg,1.0,1.0,1.0,1.0,5_vs_rest,12,svm
1535,cosg,1.0,1.0,1.0,1.0,5_vs_rest,12,svm
1536,cosg,1.0,1.0,1.0,1.0,5_vs_rest,13,svm
1537,cosg,1.0,1.0,1.0,1.0,5_vs_rest,13,svm
1538,cosg,1.0,1.0,1.0,1.0,5_vs_rest,13,svm
1539,cosg,1.0,1.0,1.0,1.0,5_vs_rest,14,svm
1540,cosg,1.0,1.0,1.0,1.0,5_vs_rest,14,svm
1541,cosg,1.0,1.0,1.0,1.0,5_vs_rest,14,svm
1542,cosg,1.0,1.0,1.0,1.0,5_vs_rest,15,svm
1543,cosg,1.0,1.0,1.0,1.0,5_vs_rest,15,svm
1544,cosg,1.0,1.0,1.0,1.0,5_vs_rest,15,svm
1545,cosg,1.0,1.0,1.0,1.0,5_vs_rest,16,svm
1546,cosg,1.0,1.0,1.0,1.0,5_vs_rest,16,svm
1547,cosg,1.0,1.0,1.0,1.0,5_vs_rest,16,svm
1548,cosg,1.0,1.0,1.0,1.0,5_vs_rest,17,svm
1549,cosg,1.0,1.0,1.0,1.0,5_vs_rest,17,svm
1550,cosg,1.0,1.0,1.0,1.0,5_vs_rest,17,svm
1551,cosg,1.0,1.0,1.0,1.0,5_vs_rest,18,svm
1552,cosg,1.0,1.0,1.0,1.0,5_vs_rest,18,svm
1553,cosg,1.0,1.0,1.0,1.0,5_vs_rest,18,svm
1554,cosg,1.0,1.0,1.0,1.0,5_vs_rest,19,svm
1555,cosg,1.0,1.0,1.0,1.0,5_vs_rest,19,svm
1556,cosg,1.0,1.0,1.0,1.0,5_vs_rest,19,svm
1557,cosg,1.0,1.0,1.0,1.0,5_vs_rest,20,svm
1558,cosg,1.0,1.0,1.0,1.0,5_vs_rest,20,svm
1559,cosg,1.0,1.0,1.0,1.0,5_vs_rest,20,svm
1560,scanpy_wilcoxon,1.0,1.0,1.0,1.0,5_vs_rest,1,svm
1561,scanpy_wilcoxon,1.0,1.0,1.0,1.0,5_vs_rest,1,svm
1562,scanpy_wilcoxon,1.0,1.0,1.0,1.0,5_vs_rest,1,svm
1563,scanpy_wilcoxon,1.0,1.0,1.0,1.0,5_vs_rest,2,svm
1564,scanpy_wilcoxon,1.0,1.0,1.0,1.0,5_vs_rest,2,svm
1565,scanpy_wilcoxon,1.0,1.0,1.0,1.0,5_vs_rest,2,svm
1566,scanpy_wilcoxon,1.0,1.0,1.0,1.0,5_vs_rest,3,svm
1567,scanpy_wilcoxon,1.0,1.0,1.0,1.0,5_vs_rest,3,svm
1568,scanpy_wilcoxon,1.0,1.0,1.0,1.0,5_vs_rest,3,svm
1569,scanpy_wilcoxon,1.0,1.0,1.0,1.0,5_vs_rest,4,svm
1570,scanpy_wilcoxon,1.0,1.0,1.0,1.0,5_vs_rest,4,svm
1571,scanpy_wilcoxon,1.0,1.0,1.0,1.0,5_vs_rest,4,svm
1572,scanpy_wilcoxon,1.0,1.0,1.0,1.0,5_vs_rest,5,svm
1573,scanpy_wilcoxon,1.0,1.0,1.0,1.0,5_vs_rest,5,svm
1574,scanpy_wilcoxon,1.0,1.0,1.0,1.0,5_vs_rest,5,svm
1575,scanpy_wilcoxon,1.0,1.0,1.0,1.0,5_vs_rest,6,svm
1576,scanpy_wilcoxon,1.0,1.0,1.0,1.0,5_vs_rest,6,svm
1577,scanpy_wilcoxon,1.0,1.0,1.0,1.0,5_vs_rest,6,svm
1578,scanpy_wilcoxon,1.0,1.0,1.0,1.0,5_vs_rest,7,svm
1579,scanpy_wilcoxon,1.0,1.0,1.0,1.0,5_vs_rest,7,svm
1580,scanpy_wilcoxon,1.0,1.0,1.0,1.0,5_vs_rest,7,svm
1581,scanpy_wilcoxon,1.0,1.0,1.0,1.0,5_vs_rest,8,svm
1582,scanpy_wilcoxon,1.0,1.0,1.0,1.0,5_vs_rest,8,svm
1583,scanpy_wilcoxon,1.0,1.0,1.0,1.0,5_vs_rest,8,svm
1584,scanpy_wilcoxon,1.0,1.0,1.0,1.0,5_vs_rest,9,svm
1585,scanpy_wilcoxon,1.0,1.0,1.0,1.0,5_vs_rest,9,svm
1586,scanpy_wilcoxon,1.0,1.0,1.0,1.0,5_vs_rest,9,svm
1587,scanpy_wilcoxon,1.0,1.0,1.0,1.0,5_vs_rest,10,svm
1588,scanpy_wilcoxon,1.0,1.0,1.0,1.0,5_vs_rest,10,svm
1589,scanpy_wilcoxon,1.0,1.0,1.0,1.0,5_vs_rest,10,svm
1590,scanpy_wilcoxon,1.0,1.0,1.0,1.0,5_vs_rest,11,svm
1591,scanpy_wilcoxon,1.0,1.0,1.0,1.0,5_vs_rest,11,svm
1592,scanpy_wilcoxon,1.0,1.0,1.0,1.0,5_vs_rest,11,svm
1593,scanpy_wilcoxon,1.0,1.0,1.0,1.0,5_vs_rest,12,svm
1594,scanpy_wilcoxon,1.0,1.0,1.0,1.0,5_vs_rest,12,svm
1595,scanpy_wilcoxon,1.0,1.0,1.0,1.0,5_vs_rest,12,svm
1596,scanpy_wilcoxon,1.0,1.0,1.0,1.0,5_vs_rest,13,svm
1597,scanpy_wilcoxon,1.0,1.0,1.0,1.0,5_vs_rest,13,svm
1598,scanpy_wilcoxon,1.0,1.0,1.0,1.0,5_vs_rest,13,svm
1599,scanpy_wilcoxon,1.0,1.0,1.0,1.0,5_vs_rest,14,svm
1600,scanpy_wilcoxon,1.0,1.0,1.0,1.0,5_vs_rest,14,svm
1601,scanpy_wilcoxon,1.0,1.0,1.0,1.0,5_vs_rest,14,svm
1602,scanpy_wilcoxon,1.0,1.0,1.0,1.0,5_vs_rest,15,svm
1603,scanpy_wilcoxon,1.0,1.0,1.0,1.0,5_vs_rest,15,svm
1604,scanpy_wilcoxon,1.0,1.0,1.0,1.0,5_vs_rest,15,svm
1605,scanpy_wilcoxon,1.0,1.0,1.0,1.0,5_vs_rest,16,svm
1606,scanpy_wilcoxon,1.0,1.0,1.0,1.0,5_vs_rest,16,svm
1607,scanpy_wilcoxon,1.0,1.0,1.0,1.0,5_vs_rest,16,svm
1608,scanpy_wilcoxon,1.0,1.0,1.0,1.0,5_vs_rest,17,svm
1609,scanpy_wilcoxon,1.0,1.0,1.0,1.0,5_vs_rest,17,svm
1610,scanpy_wilcoxon,1.0,1.0,1.0,1.0,5_vs_rest,17,svm
1611,scanpy_wilcoxon,1.0,1.0,1.0,1.0,5_vs_rest,18,svm
1612,scanpy_wilcoxon,1.0,1.0,1.0,1.0,5_vs_rest,18,svm
1613,scanpy_wilcoxon,1.0,1.0,1.0,1.0,5_vs_rest,18,svm
1614,scanpy_wilcoxon,1.0,1.0,1.0,1.0,5_vs_rest,19,svm
1615,scanpy_wilcoxon,1.0,1.0,1.0,1.0,5_vs_rest,19,svm
1616,scanpy_wilcoxon,1.0,1.0,1.0,1.0,5_vs_rest,19,svm
1617,scanpy_wilcoxon,1.0,1.0,1.0,1.0,5_vs_rest,20,svm
1618,scanpy_wilcoxon,1.0,1.0,1.0,1.0,5_vs_rest,20,svm
1619,scanpy_wilcoxon,1.0,1.0,1.0,1.0,5_vs_rest,20,svm
1620,scanpy_t-test,1.0,1.0,1.0,1.0,5_vs_rest,1,svm
1621,scanpy_t-test,1.0,1.0,1.0,1.0,5_vs_rest,1,svm
1622,scanpy_t-test,1.0,1.0,1.0,1.0,5_vs_rest,1,svm
1623,scanpy_t-test,1.0,1.0,1.0,1.0,5_vs_rest,2,svm
1624,scanpy_t-test,1.0,1.0,1.0,1.0,5_vs_rest,2,svm
1625,scanpy_t-test,1.0,1.0,1.0,1.0,5_vs_rest,2,svm
1626,scanpy_t-test,1.0,1.0,1.0,1.0,5_vs_rest,3,svm
1627,scanpy_t-test,1.0,1.0,1.0,1.0,5_vs_rest,3,svm
1628,scanpy_t-test,1.0,1.0,1.0,1.0,5_vs_rest,3,svm
1629,scanpy_t-test,1.0,1.0,1.0,1.0,5_vs_rest,4,svm
1630,scanpy_t-test,1.0,1.0,1.0,1.0,5_vs_rest,4,svm
1631,scanpy_t-test,1.0,1.0,1.0,1.0,5_vs_rest,4,svm
1632,scanpy_t-test,1.0,1.0,1.0,1.0,5_vs_rest,5,svm
1633,scanpy_t-test,1.0,1.0,1.0,1.0,5_vs_rest,5,svm
1634,scanpy_t-test,1.0,1.0,1.0,1.0,5_vs_rest,5,svm
1635,scanpy_t-test,1.0,1.0,1.0,1.0,5_vs_rest,6,svm
1636,scanpy_t-test,1.0,1.0,1.0,1.0,5_vs_rest,6,svm
1637,scanpy_t-test,1.0,1.0,1.0,1.0,5_vs_rest,6,svm
1638,scanpy_t-test,1.0,1.0,1.0,1.0,5_vs_rest,7,svm
1639,scanpy_t-test,1.0,1.0,1.0,1.0,5_vs_rest,7,svm
1640,scanpy_t-test,1.0,1.0,1.0,1.0,5_vs_rest,7,svm
1641,scanpy_t-test,1.0,1.0,1.0,1.0,5_vs_rest,8,svm
1642,scanpy_t-test,1.0,1.0,1.0,1.0,5_vs_rest,8,svm
1643,scanpy_t-test,1.0,1.0,1.0,1.0,5_vs_rest,8,svm
1644,scanpy_t-test,1.0,1.0,1.0,1.0,5_vs_rest,9,svm
1645,scanpy_t-test,1.0,1.0,1.0,1.0,5_vs_rest,9,svm
1646,scanpy_t-test,1.0,1.0,1.0,1.0,5_vs_rest,9,svm
1647,scanpy_t-test,1.0,1.0,1.0,1.0,5_vs_rest,10,svm
1648,scanpy_t-test,1.0,1.0,1.0,1.0,5_vs_rest,10,svm
1649,scanpy_t-test,1.0,1.0,1.0,1.0,5_vs_rest,10,svm
1650,scanpy_t-test,1.0,1.0,1.0,1.0,5_vs_rest,11,svm
1651,scanpy_t-test,1.0,1.0,1.0,1.0,5_vs_rest,11,svm
1652,scanpy_t-test,1.0,1.0,1.0,1.0,5_vs_rest,11,svm
1653,scanpy_t-test,1.0,1.0,1.0,1.0,5_vs_rest,12,svm
1654,scanpy_t-test,1.0,1.0,1.0,1.0,5_vs_rest,12,svm
1655,scanpy_t-test,1.0,1.0,1.0,1.0,5_vs_rest,12,svm
1656,scanpy_t-test,1.0,1.0,1.0,1.0,5_vs_rest,13,svm
1657,scanpy_t-test,1.0,1.0,1.0,1.0,5_vs_rest,13,svm
1658,scanpy_t-test,1.0,1.0,1.0,1.0,5_vs_rest,13,svm
1659,scanpy_t-test,1.0,1.0,1.0,1.0,5_vs_rest,14,svm
1660,scanpy_t-test,1.0,1.0,1.0,1.0,5_vs_rest,14,svm
1661,scanpy_t-test,1.0,1.0,1.0,1.0,5_vs_rest,14,svm
1662,scanpy_t-test,1.0,1.0,1.0,1.0,5_vs_rest,15,svm
1663,scanpy_t-test,1.0,1.0,1.0,1.0,5_vs_rest,15,svm
1664,scanpy_t-test,1.0,1.0,1.0,1.0,5_vs_rest,15,svm
1665,scanpy_t-test,1.0,1.0,1.0,1.0,5_vs_rest,16,svm
1666,scanpy_t-test,1.0,1.0,1.0,1.0,5_vs_rest,16,svm
1667,scanpy_t-test,1.0,1.0,1.0,1.0,5_vs_rest,16,svm
1668,scanpy_t-test,1.0,1.0,1.0,1.0,5_vs_rest,17,svm
1669,scanpy_t-test,1.0,1.0,1.0,1.0,5_vs_rest,17,svm
1670,scanpy_t-test,1.0,1.0,1.0,1.0,5_vs_rest,17,svm
1671,scanpy_t-test,1.0,1.0,1.0,1.0,5_vs_rest,18,svm
1672,scanpy_t-test,1.0,1.0,1.0,1.0,5_vs_rest,18,svm
1673,scanpy_t-test,1.0,1.0,1.0,1.0,5_vs_rest,18,svm
1674,scanpy_t-test,1.0,1.0,1.0,1.0,5_vs_rest,19,svm
1675,scanpy_t-test,1.0,1.0,1.0,1.0,5_vs_rest,19,svm
1676,scanpy_t-test,1.0,1.0,1.0,1.0,5_vs_rest,19,svm
1677,scanpy_t-test,1.0,1.0,1.0,1.0,5_vs_rest,20,svm
1678,scanpy_t-test,1.0,1.0,1.0,1.0,5_vs_rest,20,svm
1679,scanpy_t-test,1.0,1.0,1.0,1.0,5_vs_rest,20,svm
1680,yomix,0.8610907459305742,0.75,0.8571428571428571,1.0,3_vs_rest,1,svm
1681,yomix,1.0,1.0,1.0,1.0,3_vs_rest,1,svm
1682,yomix,0.9231861823449955,0.8571428571428571,0.9230769230769231,1.0,3_vs_rest,1,svm
1683,yomix,0.9231861823449955,0.8571428571428571,0.9230769230769231,1.0,3_vs_rest,2,svm
1684,yomix,0.9231861823449955,0.8571428571428571,0.9230769230769231,1.0,3_vs_rest,2,svm
1685,yomix,0.7657438451359805,0.6,0.75,1.0,3_vs_rest,2,svm
1686,yomix,0.8610907459305742,0.75,0.8571428571428571,1.0,3_vs_rest,3,svm
1687,yomix,0.9231861823449955,0.8571428571428571,0.9230769230769231,1.0,3_vs_rest,3,svm
1688,yomix,0.8095078939102633,0.6666666666666666,0.8,1.0,3_vs_rest,3,svm
1689,yomix,0.8610907459305742,0.75,0.8571428571428571,1.0,3_vs_rest,4,svm
1690,yomix,0.9231861823449955,0.8571428571428571,0.9230769230769231,1.0,3_vs_rest,4,svm
1691,yomix,0.7657438451359805,0.6,0.75,1.0,3_vs_rest,4,svm
1692,yomix,0.8610907459305742,0.75,0.8571428571428571,1.0,3_vs_rest,5,svm
1693,yomix,0.9231861823449955,0.8571428571428571,0.9230769230769231,1.0,3_vs_rest,5,svm
1694,yomix,0.8610907459305742,0.75,0.8571428571428571,1.0,3_vs_rest,5,svm
1695,yomix,0.8095078939102633,0.6666666666666666,0.8,1.0,3_vs_rest,6,svm
1696,yomix,1.0,1.0,1.0,1.0,3_vs_rest,6,svm
1697,yomix,0.9231861823449955,0.8571428571428571,0.9230769230769231,1.0,3_vs_rest,6,svm
1698,yomix,0.7657438451359805,0.6,0.75,1.0,3_vs_rest,7,svm
1699,yomix,1.0,1.0,1.0,1.0,3_vs_rest,7,svm
1700,yomix,0.8610907459305742,0.75,0.8571428571428571,1.0,3_vs_rest,7,svm
1701,yomix,0.8095078939102633,0.6666666666666666,0.8,1.0,3_vs_rest,8,svm
1702,yomix,1.0,1.0,1.0,1.0,3_vs_rest,8,svm
1703,yomix,0.9231861823449955,0.8571428571428571,0.9230769230769231,1.0,3_vs_rest,8,svm
1704,yomix,1.0,1.0,1.0,1.0,3_vs_rest,9,svm
1705,yomix,0.9231861823449955,0.8571428571428571,0.9230769230769231,1.0,3_vs_rest,9,svm
1706,yomix,0.9231861823449955,0.8571428571428571,0.9230769230769231,1.0,3_vs_rest,9,svm
1707,yomix,1.0,1.0,1.0,1.0,3_vs_rest,10,svm
1708,yomix,0.9231861823449955,0.8571428571428571,0.9230769230769231,1.0,3_vs_rest,10,svm
1709,yomix,1.0,1.0,1.0,1.0,3_vs_rest,10,svm
1710,yomix,1.0,1.0,1.0,1.0,3_vs_rest,11,svm
1711,yomix,0.9231861823449955,0.8571428571428571,0.9230769230769231,1.0,3_vs_rest,11,svm
1712,yomix,1.0,1.0,1.0,1.0,3_vs_rest,11,svm
1713,yomix,1.0,1.0,1.0,1.0,3_vs_rest,12,svm
1714,yomix,0.9231861823449955,0.8571428571428571,0.9230769230769231,1.0,3_vs_rest,12,svm
1715,yomix,1.0,1.0,1.0,1.0,3_vs_rest,12,svm
1716,yomix,1.0,1.0,1.0,1.0,3_vs_rest,13,svm
1717,yomix,0.9231861823449955,0.8571428571428571,0.9230769230769231,1.0,3_vs_rest,13,svm
1718,yomix,1.0,1.0,1.0,1.0,3_vs_rest,13,svm
1719,yomix,1.0,1.0,1.0,1.0,3_vs_rest,14,svm
1720,yomix,0.8276515151515151,0.8333333333333334,0.8333333333333334,0.8333333333333334,3_vs_rest,14,svm
1721,yomix,1.0,1.0,1.0,1.0,3_vs_rest,14,svm
1722,yomix,1.0,1.0,1.0,1.0,3_vs_rest,15,svm
1723,yomix,0.8276515151515151,0.8333333333333334,0.8333333333333334,0.8333333333333334,3_vs_rest,15,svm
1724,yomix,1.0,1.0,1.0,1.0,3_vs_rest,15,svm
1725,yomix,1.0,1.0,1.0,1.0,3_vs_rest,16,svm
1726,yomix,0.8276515151515151,0.8333333333333334,0.8333333333333334,0.8333333333333334,3_vs_rest,16,svm
1727,yomix,1.0,1.0,1.0,1.0,3_vs_rest,16,svm
1728,yomix,1.0,1.0,1.0,1.0,3_vs_rest,17,svm
1729,yomix,1.0,1.0,1.0,1.0,3_vs_rest,17,svm
1730,yomix,1.0,1.0,1.0,1.0,3_vs_rest,17,svm
1731,yomix,1.0,1.0,1.0,1.0,3_vs_rest,18,svm
1732,yomix,1.0,1.0,1.0,1.0,3_vs_rest,18,svm
1733,yomix,0.9231861823449955,0.8571428571428571,0.9230769230769231,1.0,3_vs_rest,18,svm
1734,yomix,1.0,1.0,1.0,1.0,3_vs_rest,19,svm
1735,yomix,1.0,1.0,1.0,1.0,3_vs_rest,19,svm
1736,yomix,0.9231861823449955,0.8571428571428571,0.9230769230769231,1.0,3_vs_rest,19,svm
1737,yomix,1.0,1.0,1.0,1.0,3_vs_rest,20,svm
1738,yomix,0.9231861823449955,0.8571428571428571,0.9230769230769231,1.0,3_vs_rest,20,svm
1739,yomix,1.0,1.0,1.0,1.0,3_vs_rest,20,svm
1740,cosg,0.8610907459305742,0.75,0.8571428571428571,1.0,3_vs_rest,1,svm
1741,cosg,1.0,1.0,1.0,1.0,3_vs_rest,1,svm
1742,cosg,0.9231861823449955,0.8571428571428571,0.9230769230769231,1.0,3_vs_rest,1,svm
1743,cosg,0.9231861823449955,0.8571428571428571,0.9230769230769231,1.0,3_vs_rest,2,svm
1744,cosg,0.9231861823449955,0.8571428571428571,0.9230769230769231,1.0,3_vs_rest,2,svm
1745,cosg,0.7657438451359805,0.6,0.75,1.0,3_vs_rest,2,svm
1746,cosg,0.8610907459305742,0.75,0.8571428571428571,1.0,3_vs_rest,3,svm
1747,cosg,0.9231861823449955,0.8571428571428571,0.9230769230769231,1.0,3_vs_rest,3,svm
1748,cosg,0.8095078939102633,0.6666666666666666,0.8,1.0,3_vs_rest,3,svm
1749,cosg,0.8095078939102633,0.6666666666666666,0.8,1.0,3_vs_rest,4,svm
1750,cosg,0.9231861823449955,0.8571428571428571,0.9230769230769231,1.0,3_vs_rest,4,svm
1751,cosg,0.8095078939102633,0.6666666666666666,0.8,1.0,3_vs_rest,4,svm
1752,cosg,0.7657438451359805,0.6,0.75,1.0,3_vs_rest,5,svm
1753,cosg,0.7657438451359805,0.6,0.75,1.0,3_vs_rest,5,svm
1754,cosg,0.7279826080930439,0.5454545454545454,0.7058823529411765,1.0,3_vs_rest,5,svm
1755,cosg,0.7631672440718629,0.7142857142857143,0.7692307692307693,0.8333333333333334,3_vs_rest,6,svm
1756,cosg,0.6675710570204099,0.5555555555555556,0.6666666666666666,0.8333333333333334,3_vs_rest,6,svm
1757,cosg,0.7279826080930439,0.5454545454545454,0.7058823529411765,1.0,3_vs_rest,6,svm
1758,cosg,0.6675710570204099,0.5555555555555556,0.6666666666666666,0.8333333333333334,3_vs_rest,7,svm
1759,cosg,0.7109772250882711,0.625,0.7142857142857143,0.8333333333333334,3_vs_rest,7,svm
1760,cosg,0.7657438451359805,0.6,0.75,1.0,3_vs_rest,7,svm
1761,cosg,0.9231861823449955,0.8571428571428571,0.9230769230769231,1.0,3_vs_rest,8,svm
1762,cosg,0.7631672440718629,0.7142857142857143,0.7692307692307693,0.8333333333333334,3_vs_rest,8,svm
1763,cosg,0.8095078939102633,0.6666666666666666,0.8,1.0,3_vs_rest,8,svm
1764,cosg,0.9231861823449955,0.8571428571428571,0.9230769230769231,1.0,3_vs_rest,9,svm
1765,cosg,0.7109772250882711,0.625,0.7142857142857143,0.8333333333333334,3_vs_rest,9,svm
1766,cosg,0.7657438451359805,0.6,0.75,1.0,3_vs_rest,9,svm
1767,cosg,1.0,1.0,1.0,1.0,3_vs_rest,10,svm
1768,cosg,0.9231861823449955,0.8571428571428571,0.9230769230769231,1.0,3_vs_rest,10,svm
1769,cosg,0.8095078939102633,0.6666666666666666,0.8,1.0,3_vs_rest,10,svm
1770,cosg,1.0,1.0,1.0,1.0,3_vs_rest,11,svm
1771,cosg,0.9231861823449955,0.8571428571428571,0.9230769230769231,1.0,3_vs_rest,11,svm
1772,cosg,0.8095078939102633,0.6666666666666666,0.8,1.0,3_vs_rest,11,svm
1773,cosg,1.0,1.0,1.0,1.0,3_vs_rest,12,svm
1774,cosg,0.9231861823449955,0.8571428571428571,0.9230769230769231,1.0,3_vs_rest,12,svm
1775,cosg,0.8610907459305742,0.75,0.8571428571428571,1.0,3_vs_rest,12,svm
1776,cosg,1.0,1.0,1.0,1.0,3_vs_rest,13,svm
1777,cosg,0.8276515151515151,0.8333333333333334,0.8333333333333334,0.8333333333333334,3_vs_rest,13,svm
1778,cosg,0.8095078939102633,0.6666666666666666,0.8,1.0,3_vs_rest,13,svm
1779,cosg,1.0,1.0,1.0,1.0,3_vs_rest,14,svm
1780,cosg,0.7631672440718629,0.7142857142857143,0.7692307692307693,0.8333333333333334,3_vs_rest,14,svm
1781,cosg,0.8095078939102633,0.6666666666666666,0.8,1.0,3_vs_rest,14,svm
1782,cosg,0.9231861823449955,0.8571428571428571,0.9230769230769231,1.0,3_vs_rest,15,svm
1783,cosg,0.7631672440718629,0.7142857142857143,0.7692307692307693,0.8333333333333334,3_vs_rest,15,svm
1784,cosg,0.8095078939102633,0.6666666666666666,0.8,1.0,3_vs_rest,15,svm
1785,cosg,0.9231861823449955,0.8571428571428571,0.9230769230769231,1.0,3_vs_rest,16,svm
1786,cosg,0.8276515151515151,0.8333333333333334,0.8333333333333334,0.8333333333333334,3_vs_rest,16,svm
1787,cosg,0.8095078939102633,0.6666666666666666,0.8,1.0,3_vs_rest,16,svm
1788,cosg,0.9102885451354952,1.0,0.9090909090909091,0.8333333333333334,3_vs_rest,17,svm
1789,cosg,0.8276515151515151,0.8333333333333334,0.8333333333333334,0.8333333333333334,3_vs_rest,17,svm
1790,cosg,0.8095078939102633,0.6666666666666666,0.8,1.0,3_vs_rest,17,svm
1791,cosg,0.8276515151515151,0.8333333333333334,0.8333333333333334,0.8333333333333334,3_vs_rest,18,svm
1792,cosg,0.7631672440718629,0.7142857142857143,0.7692307692307693,0.8333333333333334,3_vs_rest,18,svm
1793,cosg,0.8095078939102633,0.6666666666666666,0.8,1.0,3_vs_rest,18,svm
1794,cosg,0.8276515151515151,0.8333333333333334,0.8333333333333334,0.8333333333333334,3_vs_rest,19,svm
1795,cosg,0.8610907459305742,0.75,0.8571428571428571,1.0,3_vs_rest,19,svm
1796,cosg,0.7631672440718629,0.7142857142857143,0.7692307692307693,0.8333333333333334,3_vs_rest,19,svm
1797,cosg,1.0,1.0,1.0,1.0,3_vs_rest,20,svm
1798,cosg,1.0,1.0,1.0,1.0,3_vs_rest,20,svm
1799,cosg,0.8276515151515151,0.8333333333333334,0.8333333333333334,0.8333333333333334,3_vs_rest,20,svm
1800,scanpy_wilcoxon,0.8610907459305742,0.75,0.8571428571428571,1.0,3_vs_rest,1,svm
1801,scanpy_wilcoxon,1.0,1.0,1.0,1.0,3_vs_rest,1,svm
1802,scanpy_wilcoxon,0.9231861823449955,0.8571428571428571,0.9230769230769231,1.0,3_vs_rest,1,svm
1803,scanpy_wilcoxon,0.9231861823449955,0.8571428571428571,0.9230769230769231,1.0,3_vs_rest,2,svm
1804,scanpy_wilcoxon,0.9231861823449955,0.8571428571428571,0.9230769230769231,1.0,3_vs_rest,2,svm
1805,scanpy_wilcoxon,0.7657438451359805,0.6,0.75,1.0,3_vs_rest,2,svm
1806,scanpy_wilcoxon,0.8610907459305742,0.75,0.8571428571428571,1.0,3_vs_rest,3,svm
1807,scanpy_wilcoxon,0.9231861823449955,0.8571428571428571,0.9230769230769231,1.0,3_vs_rest,3,svm
1808,scanpy_wilcoxon,0.8095078939102633,0.6666666666666666,0.8,1.0,3_vs_rest,3,svm
1809,scanpy_wilcoxon,0.8610907459305742,0.75,0.8571428571428571,1.0,3_vs_rest,4,svm
1810,scanpy_wilcoxon,0.9231861823449955,0.8571428571428571,0.9230769230769231,1.0,3_vs_rest,4,svm
1811,scanpy_wilcoxon,0.8095078939102633,0.6666666666666666,0.8,1.0,3_vs_rest,4,svm
1812,scanpy_wilcoxon,0.8610907459305742,0.75,0.8571428571428571,1.0,3_vs_rest,5,svm
1813,scanpy_wilcoxon,0.8610907459305742,0.75,0.8571428571428571,1.0,3_vs_rest,5,svm
1814,scanpy_wilcoxon,0.8095078939102633,0.6666666666666666,0.8,1.0,3_vs_rest,5,svm
1815,scanpy_wilcoxon,0.9231861823449955,0.8571428571428571,0.9230769230769231,1.0,3_vs_rest,6,svm
1816,scanpy_wilcoxon,0.7279826080930439,0.5454545454545454,0.7058823529411765,1.0,3_vs_rest,6,svm
1817,scanpy_wilcoxon,0.7657438451359805,0.6,0.75,1.0,3_vs_rest,6,svm
1818,scanpy_wilcoxon,0.9231861823449955,0.8571428571428571,0.9230769230769231,1.0,3_vs_rest,7,svm
1819,scanpy_wilcoxon,0.8610907459305742,0.75,0.8571428571428571,1.0,3_vs_rest,7,svm
1820,scanpy_wilcoxon,0.8610907459305742,0.75,0.8571428571428571,1.0,3_vs_rest,7,svm
1821,scanpy_wilcoxon,0.8610907459305742,0.75,0.8571428571428571,1.0,3_vs_rest,8,svm
1822,scanpy_wilcoxon,0.8610907459305742,0.75,0.8571428571428571,1.0,3_vs_rest,8,svm
1823,scanpy_wilcoxon,0.8610907459305742,0.75,0.8571428571428571,1.0,3_vs_rest,8,svm
1824,scanpy_wilcoxon,1.0,1.0,1.0,1.0,3_vs_rest,9,svm
1825,scanpy_wilcoxon,0.9231861823449955,0.8571428571428571,0.9230769230769231,1.0,3_vs_rest,9,svm
1826,scanpy_wilcoxon,0.9231861823449955,0.8571428571428571,0.9230769230769231,1.0,3_vs_rest,9,svm
1827,scanpy_wilcoxon,1.0,1.0,1.0,1.0,3_vs_rest,10,svm
1828,scanpy_wilcoxon,0.9231861823449955,0.8571428571428571,0.9230769230769231,1.0,3_vs_rest,10,svm
1829,scanpy_wilcoxon,0.9231861823449955,0.8571428571428571,0.9230769230769231,1.0,3_vs_rest,10,svm
1830,scanpy_wilcoxon,1.0,1.0,1.0,1.0,3_vs_rest,11,svm
1831,scanpy_wilcoxon,0.9231861823449955,0.8571428571428571,0.9230769230769231,1.0,3_vs_rest,11,svm
1832,scanpy_wilcoxon,0.9231861823449955,0.8571428571428571,0.9230769230769231,1.0,3_vs_rest,11,svm
1833,scanpy_wilcoxon,0.8610907459305742,0.75,0.8571428571428571,1.0,3_vs_rest,12,svm
1834,scanpy_wilcoxon,0.8610907459305742,0.75,0.8571428571428571,1.0,3_vs_rest,12,svm
1835,scanpy_wilcoxon,1.0,1.0,1.0,1.0,3_vs_rest,12,svm
1836,scanpy_wilcoxon,0.8610907459305742,0.75,0.8571428571428571,1.0,3_vs_rest,13,svm
1837,scanpy_wilcoxon,0.9231861823449955,0.8571428571428571,0.9230769230769231,1.0,3_vs_rest,13,svm
1838,scanpy_wilcoxon,1.0,1.0,1.0,1.0,3_vs_rest,13,svm
1839,scanpy_wilcoxon,0.9231861823449955,0.8571428571428571,0.9230769230769231,1.0,3_vs_rest,14,svm
1840,scanpy_wilcoxon,0.9231861823449955,0.8571428571428571,0.9230769230769231,1.0,3_vs_rest,14,svm
1841,scanpy_wilcoxon,1.0,1.0,1.0,1.0,3_vs_rest,14,svm
1842,scanpy_wilcoxon,0.9231861823449955,0.8571428571428571,0.9230769230769231,1.0,3_vs_rest,15,svm
1843,scanpy_wilcoxon,0.9231861823449955,0.8571428571428571,0.9230769230769231,1.0,3_vs_rest,15,svm
1844,scanpy_wilcoxon,1.0,1.0,1.0,1.0,3_vs_rest,15,svm
1845,scanpy_wilcoxon,0.9102885451354952,1.0,0.9090909090909091,0.8333333333333334,3_vs_rest,16,svm
1846,scanpy_wilcoxon,0.9102885451354952,1.0,0.9090909090909091,0.8333333333333334,3_vs_rest,16,svm
1847,scanpy_wilcoxon,1.0,1.0,1.0,1.0,3_vs_rest,16,svm
1848,scanpy_wilcoxon,0.9102885451354952,1.0,0.9090909090909091,0.8333333333333334,3_vs_rest,17,svm
1849,scanpy_wilcoxon,0.9102885451354952,1.0,0.9090909090909091,0.8333333333333334,3_vs_rest,17,svm
1850,scanpy_wilcoxon,1.0,1.0,1.0,1.0,3_vs_rest,17,svm
1851,scanpy_wilcoxon,0.9102885451354952,1.0,0.9090909090909091,0.8333333333333334,3_vs_rest,18,svm
1852,scanpy_wilcoxon,0.9102885451354952,1.0,0.9090909090909091,0.8333333333333334,3_vs_rest,18,svm
1853,scanpy_wilcoxon,0.9231861823449955,0.8571428571428571,0.9230769230769231,1.0,3_vs_rest,18,svm
1854,scanpy_wilcoxon,0.9102885451354952,1.0,0.9090909090909091,0.8333333333333334,3_vs_rest,19,svm
1855,scanpy_wilcoxon,0.9102885451354952,1.0,0.9090909090909091,0.8333333333333334,3_vs_rest,19,svm
1856,scanpy_wilcoxon,0.9231861823449955,0.8571428571428571,0.9230769230769231,1.0,3_vs_rest,19,svm
1857,scanpy_wilcoxon,0.9102885451354952,1.0,0.9090909090909091,0.8333333333333334,3_vs_rest,20,svm
1858,scanpy_wilcoxon,0.9102885451354952,1.0,0.9090909090909091,0.8333333333333334,3_vs_rest,20,svm
1859,scanpy_wilcoxon,1.0,1.0,1.0,1.0,3_vs_rest,20,svm
1860,scanpy_t-test,0.8610907459305742,0.75,0.8571428571428571,1.0,3_vs_rest,1,svm
1861,scanpy_t-test,1.0,1.0,1.0,1.0,3_vs_rest,1,svm
1862,scanpy_t-test,0.9231861823449955,0.8571428571428571,0.9230769230769231,1.0,3_vs_rest,1,svm
1863,scanpy_t-test,0.9231861823449955,0.8571428571428571,0.9230769230769231,1.0,3_vs_rest,2,svm
1864,scanpy_t-test,0.9231861823449955,0.8571428571428571,0.9230769230769231,1.0,3_vs_rest,2,svm
1865,scanpy_t-test,0.7657438451359805,0.6,0.75,1.0,3_vs_rest,2,svm
1866,scanpy_t-test,0.8610907459305742,0.75,0.8571428571428571,1.0,3_vs_rest,3,svm
1867,scanpy_t-test,0.9231861823449955,0.8571428571428571,0.9230769230769231,1.0,3_vs_rest,3,svm
1868,scanpy_t-test,0.8095078939102633,0.6666666666666666,0.8,1.0,3_vs_rest,3,svm
1869,scanpy_t-test,1.0,1.0,1.0,1.0,3_vs_rest,4,svm
1870,scanpy_t-test,1.0,1.0,1.0,1.0,3_vs_rest,4,svm
1871,scanpy_t-test,0.7657438451359805,0.6,0.75,1.0,3_vs_rest,4,svm
1872,scanpy_t-test,0.9231861823449955,0.8571428571428571,0.9230769230769231,1.0,3_vs_rest,5,svm
1873,scanpy_t-test,1.0,1.0,1.0,1.0,3_vs_rest,5,svm
1874,scanpy_t-test,0.7657438451359805,0.6,0.75,1.0,3_vs_rest,5,svm
1875,scanpy_t-test,0.9231861823449955,0.8571428571428571,0.9230769230769231,1.0,3_vs_rest,6,svm
1876,scanpy_t-test,1.0,1.0,1.0,1.0,3_vs_rest,6,svm
1877,scanpy_t-test,0.7657438451359805,0.6,0.75,1.0,3_vs_rest,6,svm
1878,scanpy_t-test,0.9231861823449955,0.8571428571428571,0.9230769230769231,1.0,3_vs_rest,7,svm
1879,scanpy_t-test,1.0,1.0,1.0,1.0,3_vs_rest,7,svm
1880,scanpy_t-test,0.7657438451359805,0.6,0.75,1.0,3_vs_rest,7,svm
1881,scanpy_t-test,0.9231861823449955,0.8571428571428571,0.9230769230769231,1.0,3_vs_rest,8,svm
1882,scanpy_t-test,1.0,1.0,1.0,1.0,3_vs_rest,8,svm
1883,scanpy_t-test,0.8095078939102633,0.6666666666666666,0.8,1.0,3_vs_rest,8,svm
1884,scanpy_t-test,0.9231861823449955,0.8571428571428571,0.9230769230769231,1.0,3_vs_rest,9,svm
1885,scanpy_t-test,1.0,1.0,1.0,1.0,3_vs_rest,9,svm
1886,scanpy_t-test,0.8610907459305742,0.75,0.8571428571428571,1.0,3_vs_rest,9,svm
1887,scanpy_t-test,0.8095078939102633,0.6666666666666666,0.8,1.0,3_vs_rest,10,svm
1888,scanpy_t-test,0.9231861823449955,0.8571428571428571,0.9230769230769231,1.0,3_vs_rest,10,svm
1889,scanpy_t-test,0.8610907459305742,0.75,0.8571428571428571,1.0,3_vs_rest,10,svm
1890,scanpy_t-test,0.8610907459305742,0.75,0.8571428571428571,1.0,3_vs_rest,11,svm
1891,scanpy_t-test,0.9231861823449955,0.8571428571428571,0.9230769230769231,1.0,3_vs_rest,11,svm
1892,scanpy_t-test,0.8610907459305742,0.75,0.8571428571428571,1.0,3_vs_rest,11,svm
1893,scanpy_t-test,0.9231861823449955,0.8571428571428571,0.9230769230769231,1.0,3_vs_rest,12,svm
1894,scanpy_t-test,0.9231861823449955,0.8571428571428571,0.9230769230769231,1.0,3_vs_rest,12,svm
1895,scanpy_t-test,0.9231861823449955,0.8571428571428571,0.9230769230769231,1.0,3_vs_rest,12,svm
1896,scanpy_t-test,0.9102885451354952,1.0,0.9090909090909091,0.8333333333333334,3_vs_rest,13,svm
1897,scanpy_t-test,0.8276515151515151,0.8333333333333334,0.8333333333333334,0.8333333333333334,3_vs_rest,13,svm
1898,scanpy_t-test,0.9231861823449955,0.8571428571428571,0.9230769230769231,1.0,3_vs_rest,13,svm
1899,scanpy_t-test,0.9102885451354952,1.0,0.9090909090909091,0.8333333333333334,3_vs_rest,14,svm
1900,scanpy_t-test,0.8276515151515151,0.8333333333333334,0.8333333333333334,0.8333333333333334,3_vs_rest,14,svm
1901,scanpy_t-test,0.9231861823449955,0.8571428571428571,0.9230769230769231,1.0,3_vs_rest,14,svm
1902,scanpy_t-test,0.9102885451354952,1.0,0.9090909090909091,0.8333333333333334,3_vs_rest,15,svm
1903,scanpy_t-test,0.8276515151515151,0.8333333333333334,0.8333333333333334,0.8333333333333334,3_vs_rest,15,svm
1904,scanpy_t-test,0.9231861823449955,0.8571428571428571,0.9230769230769231,1.0,3_vs_rest,15,svm
1905,scanpy_t-test,0.9102885451354952,1.0,0.9090909090909091,0.8333333333333334,3_vs_rest,16,svm
1906,scanpy_t-test,0.8276515151515151,0.8333333333333334,0.8333333333333334,0.8333333333333334,3_vs_rest,16,svm
1907,scanpy_t-test,0.8610907459305742,0.75,0.8571428571428571,1.0,3_vs_rest,16,svm
1908,scanpy_t-test,0.8276515151515151,0.8333333333333334,0.8333333333333334,0.8333333333333334,3_vs_rest,17,svm
1909,scanpy_t-test,0.9102885451354952,1.0,0.9090909090909091,0.8333333333333334,3_vs_rest,17,svm
1910,scanpy_t-test,0.9231861823449955,0.8571428571428571,0.9230769230769231,1.0,3_vs_rest,17,svm
1911,scanpy_t-test,0.8276515151515151,0.8333333333333334,0.8333333333333334,0.8333333333333334,3_vs_rest,18,svm
1912,scanpy_t-test,0.9102885451354952,1.0,0.9090909090909091,0.8333333333333334,3_vs_rest,18,svm
1913,scanpy_t-test,0.9231861823449955,0.8571428571428571,0.9230769230769231,1.0,3_vs_rest,18,svm
1914,scanpy_t-test,0.9102885451354952,1.0,0.9090909090909091,0.8333333333333334,3_vs_rest,19,svm
1915,scanpy_t-test,0.9102885451354952,1.0,0.9090909090909091,0.8333333333333334,3_vs_rest,19,svm
1916,scanpy_t-test,0.9231861823449955,0.8571428571428571,0.9230769230769231,1.0,3_vs_rest,19,svm
1917,scanpy_t-test,0.9102885451354952,1.0,0.9090909090909091,0.8333333333333334,3_vs_rest,20,svm
1918,scanpy_t-test,0.8276515151515151,0.8333333333333334,0.8333333333333334,0.8333333333333334,3_vs_rest,20,svm
1919,scanpy_t-test,0.9231861823449955,0.8571428571428571,0.9230769230769231,1.0,3_vs_rest,20,svm
