,method,mcc,precision,f1_score,recall,label_vs_rest,nb_genes,model
0,yomix,0.5647754988124567,0.43333333333333335,0.5909090909090909,0.9285714285714286,CD8 T_vs_rest,1,svm
1,yomix,0.549431469246722,0.435,0.5838926174496645,0.8877551020408163,CD8 T_vs_rest,1,svm
2,yomix,0.5317797686283785,0.425,0.5704697986577181,0.8673469387755102,CD8 T_vs_rest,1,svm
3,yomix,0.6384564161371632,0.5170454545454546,0.6642335766423357,0.9285714285714286,CD8 T_vs_rest,2,svm
4,yomix,0.5923399815847197,0.48863636363636365,0.6277372262773723,0.8775510204081632,CD8 T_vs_rest,2,svm
5,yomix,0.6210810033993498,0.535031847133758,0.6588235294117647,0.8571428571428571,CD8 T_vs_rest,2,svm
6,yomix,0.6475529037247052,0.5393939393939394,0.6768060836501901,0.9081632653061225,CD8 T_vs_rest,3,svm
7,yomix,0.6567944649457808,0.5569620253164557,0.6875,0.8979591836734694,CD8 T_vs_rest,3,svm
8,yomix,0.641047979920904,0.5734265734265734,0.6804979253112033,0.8367346938775511,CD8 T_vs_rest,3,svm
9,yomix,0.6229180297061602,0.5146198830409356,0.654275092936803,0.8979591836734694,CD8 T_vs_rest,4,svm
10,yomix,0.6499357307091315,0.554140127388535,0.6823529411764706,0.8877551020408163,CD8 T_vs_rest,4,svm
11,yomix,0.6012653653913358,0.5333333333333333,0.6451612903225806,0.8163265306122449,CD8 T_vs_rest,4,svm
12,yomix,0.6229180297061602,0.5146198830409356,0.654275092936803,0.8979591836734694,CD8 T_vs_rest,5,svm
13,yomix,0.647199149955796,0.5506329113924051,0.6796875,0.8877551020408163,CD8 T_vs_rest,5,svm
14,yomix,0.5958194852315103,0.5263157894736842,0.64,0.8163265306122449,CD8 T_vs_rest,5,svm
15,yomix,0.6279027175953785,0.5207100591715976,0.6591760299625468,0.8979591836734694,CD8 T_vs_rest,6,svm
16,yomix,0.6697695821140971,0.58,0.7016129032258065,0.8877551020408163,CD8 T_vs_rest,6,svm
17,yomix,0.6068080625370849,0.5405405405405406,0.6504065040650406,0.8163265306122449,CD8 T_vs_rest,6,svm
18,yomix,0.6210448635617192,0.5178571428571429,0.6541353383458647,0.8877551020408163,CD8 T_vs_rest,7,svm
19,yomix,0.6582875790796392,0.564935064935065,0.6904761904761905,0.8877551020408163,CD8 T_vs_rest,7,svm
20,yomix,0.6082919865969295,0.5364238410596026,0.6506024096385542,0.826530612244898,CD8 T_vs_rest,7,svm
21,yomix,0.6501777385892986,0.5426829268292683,0.6793893129770993,0.9081632653061225,CD8 T_vs_rest,8,svm
22,yomix,0.6542408741762968,0.5657894736842105,0.688,0.8775510204081632,CD8 T_vs_rest,8,svm
23,yomix,0.611051682066016,0.54,0.6532258064516129,0.826530612244898,CD8 T_vs_rest,8,svm
24,yomix,0.6569947443622465,0.5454545454545454,0.6844106463878327,0.9183673469387755,CD8 T_vs_rest,9,svm
25,yomix,0.6514075637785535,0.5620915032679739,0.6852589641434262,0.8775510204081632,CD8 T_vs_rest,9,svm
26,yomix,0.6180534497688056,0.543046357615894,0.6586345381526104,0.8367346938775511,CD8 T_vs_rest,9,svm
27,yomix,0.6540582786711518,0.5534591194968553,0.6848249027237354,0.8979591836734694,CD8 T_vs_rest,10,svm
28,yomix,0.659983265439417,0.5733333333333334,0.6935483870967742,0.8775510204081632,CD8 T_vs_rest,10,svm
29,yomix,0.6208379987406962,0.5466666666666666,0.6612903225806451,0.8367346938775511,CD8 T_vs_rest,10,svm
30,yomix,0.6486544228504912,0.546583850931677,0.6795366795366795,0.8979591836734694,CD8 T_vs_rest,11,svm
31,yomix,0.6526957433881037,0.5576923076923077,0.6850393700787402,0.8877551020408163,CD8 T_vs_rest,11,svm
32,yomix,0.650119061935464,0.5857142857142857,0.6890756302521008,0.8367346938775511,CD8 T_vs_rest,11,svm
33,yomix,0.6486544228504912,0.546583850931677,0.6795366795366795,0.8979591836734694,CD8 T_vs_rest,12,svm
34,yomix,0.6623371755867641,0.5641025641025641,0.6929133858267716,0.8979591836734694,CD8 T_vs_rest,12,svm
35,yomix,0.646203909268636,0.5869565217391305,0.6864406779661016,0.826530612244898,CD8 T_vs_rest,12,svm
36,yomix,0.6847164658537049,0.6,0.7160493827160493,0.8877551020408163,CD8 T_vs_rest,13,svm
37,yomix,0.7000071104756224,0.6277372262773723,0.7319148936170212,0.8775510204081632,CD8 T_vs_rest,13,svm
38,yomix,0.6862282147260027,0.6222222222222222,0.721030042918455,0.8571428571428571,CD8 T_vs_rest,13,svm
39,yomix,0.7305336015345406,0.6428571428571429,0.7563025210084033,0.9183673469387755,CD8 T_vs_rest,14,svm
40,yomix,0.727017193379085,0.6518518518518519,0.7553648068669528,0.8979591836734694,CD8 T_vs_rest,14,svm
41,yomix,0.6996237151861758,0.6484375,0.7345132743362832,0.8469387755102041,CD8 T_vs_rest,14,svm
42,yomix,0.7305336015345406,0.6428571428571429,0.7563025210084033,0.9183673469387755,CD8 T_vs_rest,15,svm
43,yomix,0.727017193379085,0.6518518518518519,0.7553648068669528,0.8979591836734694,CD8 T_vs_rest,15,svm
44,yomix,0.6893028936349077,0.6335877862595419,0.7248908296943232,0.8469387755102041,CD8 T_vs_rest,15,svm
45,yomix,0.7372808058997263,0.6453900709219859,0.7615062761506276,0.9285714285714286,CD8 T_vs_rest,16,svm
46,yomix,0.7236331916515828,0.6470588235294118,0.7521367521367521,0.8979591836734694,CD8 T_vs_rest,16,svm
47,yomix,0.6893028936349077,0.6335877862595419,0.7248908296943232,0.8469387755102041,CD8 T_vs_rest,16,svm
48,yomix,0.7172332075108575,0.6312056737588653,0.7447698744769874,0.9081632653061225,CD8 T_vs_rest,17,svm
49,yomix,0.7136820493741193,0.6330935251798561,0.7426160337552743,0.8979591836734694,CD8 T_vs_rest,17,svm
50,yomix,0.692707113481307,0.6384615384615384,0.7280701754385965,0.8469387755102041,CD8 T_vs_rest,17,svm
51,yomix,0.7181059577709946,0.6190476190476191,0.7428571428571429,0.9285714285714286,CD8 T_vs_rest,18,svm
52,yomix,0.7202830725681759,0.6423357664233577,0.7489361702127659,0.8979591836734694,CD8 T_vs_rest,18,svm
53,yomix,0.6893028936349077,0.6335877862595419,0.7248908296943232,0.8469387755102041,CD8 T_vs_rest,18,svm
54,yomix,0.7181059577709946,0.6190476190476191,0.7428571428571429,0.9285714285714286,CD8 T_vs_rest,19,svm
55,yomix,0.7136820493741193,0.6330935251798561,0.7426160337552743,0.8979591836734694,CD8 T_vs_rest,19,svm
56,yomix,0.6996237151861758,0.6484375,0.7345132743362832,0.8469387755102041,CD8 T_vs_rest,19,svm
57,yomix,0.7248509605711534,0.6216216216216216,0.7479674796747967,0.9387755102040817,CD8 T_vs_rest,20,svm
58,yomix,0.7169662240546303,0.6376811594202898,0.7457627118644068,0.8979591836734694,CD8 T_vs_rest,20,svm
59,yomix,0.6996237151861758,0.6484375,0.7345132743362832,0.8469387755102041,CD8 T_vs_rest,20,svm
60,cosg,0.5098970515857628,0.6144578313253012,0.56353591160221,0.5204081632653061,CD8 T_vs_rest,1,svm
61,cosg,0.5895098599364261,0.6559139784946236,0.6387434554973822,0.6224489795918368,CD8 T_vs_rest,1,svm
62,cosg,0.46775917376777415,0.5897435897435898,0.5227272727272727,0.46938775510204084,CD8 T_vs_rest,1,svm
63,cosg,0.5139089660709415,0.5934065934065934,0.5714285714285714,0.5510204081632653,CD8 T_vs_rest,2,svm
64,cosg,0.588415684446598,0.6363636363636364,0.6395939086294417,0.6428571428571429,CD8 T_vs_rest,2,svm
65,cosg,0.5015089258003186,0.6,0.5573770491803278,0.5204081632653061,CD8 T_vs_rest,2,svm
66,cosg,0.4896820675389892,0.5384615384615384,0.5544554455445545,0.5714285714285714,CD8 T_vs_rest,3,svm
67,cosg,0.6031989086616668,0.6106194690265486,0.6540284360189573,0.7040816326530612,CD8 T_vs_rest,3,svm
68,cosg,0.5221772184748961,0.5894736842105263,0.5803108808290155,0.5714285714285714,CD8 T_vs_rest,3,svm
69,cosg,0.4896820675389892,0.5384615384615384,0.5544554455445545,0.5714285714285714,CD8 T_vs_rest,4,svm
70,cosg,0.6031989086616668,0.6106194690265486,0.6540284360189573,0.7040816326530612,CD8 T_vs_rest,4,svm
71,cosg,0.5221772184748961,0.5894736842105263,0.5803108808290155,0.5714285714285714,CD8 T_vs_rest,4,svm
72,cosg,0.4896820675389892,0.5384615384615384,0.5544554455445545,0.5714285714285714,CD8 T_vs_rest,5,svm
73,cosg,0.6031989086616668,0.6106194690265486,0.6540284360189573,0.7040816326530612,CD8 T_vs_rest,5,svm
74,cosg,0.5221772184748961,0.5894736842105263,0.5803108808290155,0.5714285714285714,CD8 T_vs_rest,5,svm
75,cosg,0.5059097753406145,0.4697986577181208,0.5668016194331984,0.7142857142857143,CD8 T_vs_rest,6,svm
76,cosg,0.5390103629232281,0.4723926380368098,0.5900383141762452,0.7857142857142857,CD8 T_vs_rest,6,svm
77,cosg,0.46167690282665447,0.4421768707482993,0.5306122448979592,0.6632653061224489,CD8 T_vs_rest,6,svm
78,cosg,0.5459015880577134,0.44041450777202074,0.584192439862543,0.8673469387755102,CD8 T_vs_rest,7,svm
79,cosg,0.5973828621973464,0.5,0.6343283582089553,0.8673469387755102,CD8 T_vs_rest,7,svm
80,cosg,0.5553874889700683,0.47619047619047616,0.6015037593984962,0.8163265306122449,CD8 T_vs_rest,7,svm
81,cosg,0.5729897912163803,0.5031847133757962,0.6196078431372549,0.8061224489795918,CD8 T_vs_rest,8,svm
82,cosg,0.6028444787120398,0.5294117647058824,0.6454183266932271,0.826530612244898,CD8 T_vs_rest,8,svm
83,cosg,0.5603034624206314,0.5102040816326531,0.6122448979591837,0.7653061224489796,CD8 T_vs_rest,8,svm
84,cosg,0.6253403411665753,0.5345911949685535,0.6614785992217899,0.8673469387755102,CD8 T_vs_rest,9,svm
85,cosg,0.6658295115541192,0.581081081081081,0.6991869918699187,0.8775510204081632,CD8 T_vs_rest,9,svm
86,cosg,0.6440430874252999,0.5774647887323944,0.6833333333333333,0.8367346938775511,CD8 T_vs_rest,9,svm
87,cosg,0.6459860482191264,0.5432098765432098,0.676923076923077,0.8979591836734694,CD8 T_vs_rest,10,svm
88,cosg,0.659983265439417,0.5733333333333334,0.6935483870967742,0.8775510204081632,CD8 T_vs_rest,10,svm
89,cosg,0.6440430874252999,0.5774647887323944,0.6833333333333333,0.8367346938775511,CD8 T_vs_rest,10,svm
90,cosg,0.6554921974236888,0.5493827160493827,0.6846153846153846,0.9081632653061225,CD8 T_vs_rest,11,svm
91,cosg,0.6570993024563095,0.5695364238410596,0.6907630522088354,0.8775510204081632,CD8 T_vs_rest,11,svm
92,cosg,0.6440430874252999,0.5774647887323944,0.6833333333333333,0.8367346938775511,CD8 T_vs_rest,11,svm
93,cosg,0.6501777385892986,0.5426829268292683,0.6793893129770993,0.9081632653061225,CD8 T_vs_rest,12,svm
94,cosg,0.6570993024563095,0.5695364238410596,0.6907630522088354,0.8775510204081632,CD8 T_vs_rest,12,svm
95,cosg,0.6138358726707344,0.5436241610738255,0.6558704453441295,0.826530612244898,CD8 T_vs_rest,12,svm
96,cosg,0.6554921974236888,0.5493827160493827,0.6846153846153846,0.9081632653061225,CD8 T_vs_rest,13,svm
97,cosg,0.6639777723337613,0.5723684210526315,0.696,0.8877551020408163,CD8 T_vs_rest,13,svm
98,cosg,0.60961674221762,0.54421768707483,0.6530612244897959,0.8163265306122449,CD8 T_vs_rest,13,svm
99,cosg,0.6554921974236888,0.5493827160493827,0.6846153846153846,0.9081632653061225,CD8 T_vs_rest,14,svm
100,cosg,0.6639777723337613,0.5723684210526315,0.696,0.8877551020408163,CD8 T_vs_rest,14,svm
101,cosg,0.6293420541364154,0.5578231292517006,0.6693877551020408,0.8367346938775511,CD8 T_vs_rest,14,svm
102,cosg,0.6433395849136117,0.5398773006134969,0.6743295019157088,0.8979591836734694,CD8 T_vs_rest,15,svm
103,cosg,0.6611201807918562,0.5686274509803921,0.6932270916334662,0.8877551020408163,CD8 T_vs_rest,15,svm
104,cosg,0.6252259797722919,0.5586206896551724,0.6666666666666666,0.826530612244898,CD8 T_vs_rest,15,svm
105,cosg,0.6355283573624411,0.5301204819277109,0.6666666666666666,0.8979591836734694,CD8 T_vs_rest,16,svm
106,cosg,0.6582875790796392,0.564935064935065,0.6904761904761905,0.8877551020408163,CD8 T_vs_rest,16,svm
107,cosg,0.6281390291795009,0.5625,0.6694214876033058,0.826530612244898,CD8 T_vs_rest,16,svm
108,cosg,0.6329662681815239,0.5269461077844312,0.6641509433962264,0.8979591836734694,CD8 T_vs_rest,17,svm
109,cosg,0.6582875790796392,0.564935064935065,0.6904761904761905,0.8877551020408163,CD8 T_vs_rest,17,svm
110,cosg,0.6281390291795009,0.5625,0.6694214876033058,0.826530612244898,CD8 T_vs_rest,17,svm
111,cosg,0.6355283573624411,0.5301204819277109,0.6666666666666666,0.8979591836734694,CD8 T_vs_rest,18,svm
112,cosg,0.655479564514542,0.5612903225806452,0.6877470355731226,0.8877551020408163,CD8 T_vs_rest,18,svm
113,cosg,0.6211104185583532,0.5594405594405595,0.6639004149377593,0.8163265306122449,CD8 T_vs_rest,18,svm
114,cosg,0.6433395849136117,0.5398773006134969,0.6743295019157088,0.8979591836734694,CD8 T_vs_rest,19,svm
115,cosg,0.655479564514542,0.5612903225806452,0.6877470355731226,0.8877551020408163,CD8 T_vs_rest,19,svm
116,cosg,0.6181972603723433,0.5555555555555556,0.6611570247933884,0.8163265306122449,CD8 T_vs_rest,19,svm
117,cosg,0.6407146988773991,0.5365853658536586,0.6717557251908397,0.8979591836734694,CD8 T_vs_rest,20,svm
118,cosg,0.6582875790796392,0.564935064935065,0.6904761904761905,0.8877551020408163,CD8 T_vs_rest,20,svm
119,cosg,0.641047979920904,0.5734265734265734,0.6804979253112033,0.8367346938775511,CD8 T_vs_rest,20,svm
120,scanpy_wilcoxon,0.5647754988124567,0.43333333333333335,0.5909090909090909,0.9285714285714286,CD8 T_vs_rest,1,svm
121,scanpy_wilcoxon,0.549431469246722,0.435,0.5838926174496645,0.8877551020408163,CD8 T_vs_rest,1,svm
122,scanpy_wilcoxon,0.5317797686283785,0.425,0.5704697986577181,0.8673469387755102,CD8 T_vs_rest,1,svm
123,scanpy_wilcoxon,0.6384564161371632,0.5170454545454546,0.6642335766423357,0.9285714285714286,CD8 T_vs_rest,2,svm
124,scanpy_wilcoxon,0.5923399815847197,0.48863636363636365,0.6277372262773723,0.8775510204081632,CD8 T_vs_rest,2,svm
125,scanpy_wilcoxon,0.6210810033993498,0.535031847133758,0.6588235294117647,0.8571428571428571,CD8 T_vs_rest,2,svm
126,scanpy_wilcoxon,0.6458509479039115,0.5260115606936416,0.6715867158671587,0.9285714285714286,CD8 T_vs_rest,3,svm
127,scanpy_wilcoxon,0.6166866092516732,0.5180722891566265,0.6515151515151515,0.8775510204081632,CD8 T_vs_rest,3,svm
128,scanpy_wilcoxon,0.6375763761125576,0.5562913907284768,0.6746987951807228,0.8571428571428571,CD8 T_vs_rest,3,svm
129,scanpy_wilcoxon,0.6347399270895926,0.5235294117647059,0.664179104477612,0.9081632653061225,CD8 T_vs_rest,4,svm
130,scanpy_wilcoxon,0.6192273818120815,0.5212121212121212,0.6539923954372624,0.8775510204081632,CD8 T_vs_rest,4,svm
131,scanpy_wilcoxon,0.5922262760895681,0.5159235668789809,0.6352941176470588,0.826530612244898,CD8 T_vs_rest,4,svm
132,scanpy_wilcoxon,0.6544380820597584,0.5254237288135594,0.6763636363636364,0.9489795918367347,CD8 T_vs_rest,5,svm
133,scanpy_wilcoxon,0.6261074833070571,0.5240963855421686,0.6590909090909091,0.8877551020408163,CD8 T_vs_rest,5,svm
134,scanpy_wilcoxon,0.634767077861368,0.5526315789473685,0.672,0.8571428571428571,CD8 T_vs_rest,5,svm
135,scanpy_wilcoxon,0.6563035644238298,0.5222222222222223,0.6762589928057554,0.9591836734693877,CD8 T_vs_rest,6,svm
136,scanpy_wilcoxon,0.6185433817212577,0.514792899408284,0.651685393258427,0.8877551020408163,CD8 T_vs_rest,6,svm
137,scanpy_wilcoxon,0.6458146761224,0.5548387096774193,0.6798418972332015,0.8775510204081632,CD8 T_vs_rest,6,svm
138,scanpy_wilcoxon,0.6587316549633212,0.5251396648044693,0.6787003610108303,0.9591836734693877,CD8 T_vs_rest,7,svm
139,scanpy_wilcoxon,0.6185433817212577,0.514792899408284,0.651685393258427,0.8877551020408163,CD8 T_vs_rest,7,svm
140,scanpy_wilcoxon,0.6499357307091315,0.554140127388535,0.6823529411764706,0.8877551020408163,CD8 T_vs_rest,7,svm
141,scanpy_wilcoxon,0.6563035644238298,0.5222222222222223,0.6762589928057554,0.9591836734693877,CD8 T_vs_rest,8,svm
142,scanpy_wilcoxon,0.6210448635617192,0.5178571428571429,0.6541353383458647,0.8877551020408163,CD8 T_vs_rest,8,svm
143,scanpy_wilcoxon,0.6458146761224,0.5548387096774193,0.6798418972332015,0.8775510204081632,CD8 T_vs_rest,8,svm
144,scanpy_wilcoxon,0.6563035644238298,0.5222222222222223,0.6762589928057554,0.9591836734693877,CD8 T_vs_rest,9,svm
145,scanpy_wilcoxon,0.6210448635617192,0.5178571428571429,0.6541353383458647,0.8877551020408163,CD8 T_vs_rest,9,svm
146,scanpy_wilcoxon,0.6485989638519749,0.5584415584415584,0.6825396825396826,0.8775510204081632,CD8 T_vs_rest,9,svm
147,scanpy_wilcoxon,0.6618894937478098,0.5344827586206896,0.6838235294117647,0.9489795918367347,CD8 T_vs_rest,10,svm
148,scanpy_wilcoxon,0.6417948190577272,0.54375,0.6744186046511628,0.8877551020408163,CD8 T_vs_rest,10,svm
149,scanpy_wilcoxon,0.6445039760188325,0.5592105263157895,0.68,0.8673469387755102,CD8 T_vs_rest,10,svm
150,scanpy_wilcoxon,0.6719786077854245,0.5705128205128205,0.7007874015748031,0.9081632653061225,CD8 T_vs_rest,11,svm
151,scanpy_wilcoxon,0.6697695821140971,0.58,0.7016129032258065,0.8877551020408163,CD8 T_vs_rest,11,svm
152,scanpy_wilcoxon,0.6540392096570322,0.5845070422535211,0.6916666666666667,0.8469387755102041,CD8 T_vs_rest,11,svm
153,scanpy_wilcoxon,0.6787904580189131,0.5732484076433121,0.7058823529411765,0.9183673469387755,CD8 T_vs_rest,12,svm
154,scanpy_wilcoxon,0.6697695821140971,0.58,0.7016129032258065,0.8877551020408163,CD8 T_vs_rest,12,svm
155,scanpy_wilcoxon,0.6609855412834548,0.5874125874125874,0.6970954356846473,0.8571428571428571,CD8 T_vs_rest,12,svm
156,scanpy_wilcoxon,0.6623371755867641,0.5641025641025641,0.6929133858267716,0.8979591836734694,CD8 T_vs_rest,13,svm
157,scanpy_wilcoxon,0.6697695821140971,0.58,0.7016129032258065,0.8877551020408163,CD8 T_vs_rest,13,svm
158,scanpy_wilcoxon,0.6640353318887646,0.5915492957746479,0.7,0.8571428571428571,CD8 T_vs_rest,13,svm
159,scanpy_wilcoxon,0.6570993024563095,0.5695364238410596,0.6907630522088354,0.8775510204081632,CD8 T_vs_rest,14,svm
160,scanpy_wilcoxon,0.6628931896389707,0.5771812080536913,0.6963562753036437,0.8775510204081632,CD8 T_vs_rest,14,svm
161,scanpy_wilcoxon,0.6664217134932058,0.6014492753623188,0.7033898305084746,0.8469387755102041,CD8 T_vs_rest,14,svm
162,scanpy_wilcoxon,0.672704653032618,0.5838926174496645,0.7044534412955465,0.8877551020408163,CD8 T_vs_rest,15,svm
163,scanpy_wilcoxon,0.6697695821140971,0.58,0.7016129032258065,0.8877551020408163,CD8 T_vs_rest,15,svm
164,scanpy_wilcoxon,0.6733613172626735,0.60431654676259,0.7088607594936709,0.8571428571428571,CD8 T_vs_rest,15,svm
165,scanpy_wilcoxon,0.672704653032618,0.5838926174496645,0.7044534412955465,0.8877551020408163,CD8 T_vs_rest,16,svm
166,scanpy_wilcoxon,0.6756664197236248,0.5878378378378378,0.7073170731707317,0.8877551020408163,CD8 T_vs_rest,16,svm
167,scanpy_wilcoxon,0.663281134234812,0.5971223021582733,0.70042194092827,0.8469387755102041,CD8 T_vs_rest,16,svm
168,scanpy_wilcoxon,0.6923275798199124,0.5973154362416108,0.7206477732793523,0.9081632653061225,CD8 T_vs_rest,17,svm
169,scanpy_wilcoxon,0.6748013848401361,0.593103448275862,0.7078189300411523,0.8775510204081632,CD8 T_vs_rest,17,svm
170,scanpy_wilcoxon,0.669593167336792,0.6058394160583942,0.7063829787234043,0.8469387755102041,CD8 T_vs_rest,17,svm
171,scanpy_wilcoxon,0.6893422154634575,0.5933333333333334,0.717741935483871,0.9081632653061225,CD8 T_vs_rest,18,svm
172,scanpy_wilcoxon,0.671783146293382,0.589041095890411,0.7049180327868853,0.8775510204081632,CD8 T_vs_rest,18,svm
173,scanpy_wilcoxon,0.6664217134932058,0.6014492753623188,0.7033898305084746,0.8469387755102041,CD8 T_vs_rest,18,svm
174,scanpy_wilcoxon,0.6893422154634575,0.5933333333333334,0.717741935483871,0.9081632653061225,CD8 T_vs_rest,19,svm
175,scanpy_wilcoxon,0.6816718581338466,0.5958904109589042,0.7131147540983607,0.8877551020408163,CD8 T_vs_rest,19,svm
176,scanpy_wilcoxon,0.669593167336792,0.6058394160583942,0.7063829787234043,0.8469387755102041,CD8 T_vs_rest,19,svm
177,scanpy_wilcoxon,0.6893422154634575,0.5933333333333334,0.717741935483871,0.9081632653061225,CD8 T_vs_rest,20,svm
178,scanpy_wilcoxon,0.6687926779740062,0.5850340136054422,0.7020408163265306,0.8775510204081632,CD8 T_vs_rest,20,svm
179,scanpy_wilcoxon,0.669593167336792,0.6058394160583942,0.7063829787234043,0.8469387755102041,CD8 T_vs_rest,20,svm
180,scanpy_t-test,0.5647754988124567,0.43333333333333335,0.5909090909090909,0.9285714285714286,CD8 T_vs_rest,1,svm
181,scanpy_t-test,0.549431469246722,0.435,0.5838926174496645,0.8877551020408163,CD8 T_vs_rest,1,svm
182,scanpy_t-test,0.5317797686283785,0.425,0.5704697986577181,0.8673469387755102,CD8 T_vs_rest,1,svm
183,scanpy_t-test,0.6384564161371632,0.5170454545454546,0.6642335766423357,0.9285714285714286,CD8 T_vs_rest,2,svm
184,scanpy_t-test,0.5923399815847197,0.48863636363636365,0.6277372262773723,0.8775510204081632,CD8 T_vs_rest,2,svm
185,scanpy_t-test,0.6210810033993498,0.535031847133758,0.6588235294117647,0.8571428571428571,CD8 T_vs_rest,2,svm
186,scanpy_t-test,0.6661262768686294,0.5340909090909091,0.6861313868613139,0.9591836734693877,CD8 T_vs_rest,3,svm
187,scanpy_t-test,0.6261074833070571,0.5240963855421686,0.6590909090909091,0.8877551020408163,CD8 T_vs_rest,3,svm
188,scanpy_t-test,0.6195331181689818,0.538961038961039,0.6587301587301587,0.8469387755102041,CD8 T_vs_rest,3,svm
189,scanpy_t-test,0.6611779652292367,0.5280898876404494,0.6811594202898551,0.9591836734693877,CD8 T_vs_rest,4,svm
190,scanpy_t-test,0.6235661315904912,0.5209580838323353,0.6566037735849056,0.8877551020408163,CD8 T_vs_rest,4,svm
191,scanpy_t-test,0.6292217333966461,0.5454545454545454,0.6666666666666666,0.8571428571428571,CD8 T_vs_rest,4,svm
192,scanpy_t-test,0.6544380820597584,0.5254237288135594,0.6763636363636364,0.9489795918367347,CD8 T_vs_rest,5,svm
193,scanpy_t-test,0.6261074833070571,0.5240963855421686,0.6590909090909091,0.8877551020408163,CD8 T_vs_rest,5,svm
194,scanpy_t-test,0.634767077861368,0.5526315789473685,0.672,0.8571428571428571,CD8 T_vs_rest,5,svm
195,scanpy_t-test,0.6563035644238298,0.5222222222222223,0.6762589928057554,0.9591836734693877,CD8 T_vs_rest,6,svm
196,scanpy_t-test,0.6185433817212577,0.514792899408284,0.651685393258427,0.8877551020408163,CD8 T_vs_rest,6,svm
197,scanpy_t-test,0.6458146761224,0.5548387096774193,0.6798418972332015,0.8775510204081632,CD8 T_vs_rest,6,svm
198,scanpy_t-test,0.6587316549633212,0.5251396648044693,0.6787003610108303,0.9591836734693877,CD8 T_vs_rest,7,svm
199,scanpy_t-test,0.6185433817212577,0.514792899408284,0.651685393258427,0.8877551020408163,CD8 T_vs_rest,7,svm
200,scanpy_t-test,0.6499357307091315,0.554140127388535,0.6823529411764706,0.8877551020408163,CD8 T_vs_rest,7,svm
201,scanpy_t-test,0.6661262768686294,0.5340909090909091,0.6861313868613139,0.9591836734693877,CD8 T_vs_rest,8,svm
202,scanpy_t-test,0.644485632836293,0.5471698113207547,0.6770428015564203,0.8877551020408163,CD8 T_vs_rest,8,svm
203,scanpy_t-test,0.6473378392844336,0.5629139072847682,0.6827309236947792,0.8673469387755102,CD8 T_vs_rest,8,svm
204,scanpy_t-test,0.6661262768686294,0.5340909090909091,0.6861313868613139,0.9591836734693877,CD8 T_vs_rest,9,svm
205,scanpy_t-test,0.6417948190577272,0.54375,0.6744186046511628,0.8877551020408163,CD8 T_vs_rest,9,svm
206,scanpy_t-test,0.6445039760188325,0.5592105263157895,0.68,0.8673469387755102,CD8 T_vs_rest,9,svm
207,scanpy_t-test,0.6618894937478098,0.5344827586206896,0.6838235294117647,0.9489795918367347,CD8 T_vs_rest,10,svm
208,scanpy_t-test,0.6417948190577272,0.54375,0.6744186046511628,0.8877551020408163,CD8 T_vs_rest,10,svm
209,scanpy_t-test,0.6445039760188325,0.5592105263157895,0.68,0.8673469387755102,CD8 T_vs_rest,10,svm
210,scanpy_t-test,0.6719786077854245,0.5705128205128205,0.7007874015748031,0.9081632653061225,CD8 T_vs_rest,11,svm
211,scanpy_t-test,0.6697695821140971,0.58,0.7016129032258065,0.8877551020408163,CD8 T_vs_rest,11,svm
212,scanpy_t-test,0.6540392096570322,0.5845070422535211,0.6916666666666667,0.8469387755102041,CD8 T_vs_rest,11,svm
213,scanpy_t-test,0.6787904580189131,0.5732484076433121,0.7058823529411765,0.9183673469387755,CD8 T_vs_rest,12,svm
214,scanpy_t-test,0.6697695821140971,0.58,0.7016129032258065,0.8877551020408163,CD8 T_vs_rest,12,svm
215,scanpy_t-test,0.6609855412834548,0.5874125874125874,0.6970954356846473,0.8571428571428571,CD8 T_vs_rest,12,svm
216,scanpy_t-test,0.6623371755867641,0.5641025641025641,0.6929133858267716,0.8979591836734694,CD8 T_vs_rest,13,svm
217,scanpy_t-test,0.6697695821140971,0.58,0.7016129032258065,0.8877551020408163,CD8 T_vs_rest,13,svm
218,scanpy_t-test,0.6640353318887646,0.5915492957746479,0.7,0.8571428571428571,CD8 T_vs_rest,13,svm
219,scanpy_t-test,0.6570993024563095,0.5695364238410596,0.6907630522088354,0.8775510204081632,CD8 T_vs_rest,14,svm
220,scanpy_t-test,0.6628931896389707,0.5771812080536913,0.6963562753036437,0.8775510204081632,CD8 T_vs_rest,14,svm
221,scanpy_t-test,0.6664217134932058,0.6014492753623188,0.7033898305084746,0.8469387755102041,CD8 T_vs_rest,14,svm
222,scanpy_t-test,0.6570993024563095,0.5695364238410596,0.6907630522088354,0.8775510204081632,CD8 T_vs_rest,15,svm
223,scanpy_t-test,0.6628931896389707,0.5771812080536913,0.6963562753036437,0.8775510204081632,CD8 T_vs_rest,15,svm
224,scanpy_t-test,0.669593167336792,0.6058394160583942,0.7063829787234043,0.8469387755102041,CD8 T_vs_rest,15,svm
225,scanpy_t-test,0.6570993024563095,0.5695364238410596,0.6907630522088354,0.8775510204081632,CD8 T_vs_rest,16,svm
226,scanpy_t-test,0.6639777723337613,0.5723684210526315,0.696,0.8877551020408163,CD8 T_vs_rest,16,svm
227,scanpy_t-test,0.6671142115386853,0.5957446808510638,0.702928870292887,0.8571428571428571,CD8 T_vs_rest,16,svm
228,scanpy_t-test,0.6893422154634575,0.5933333333333334,0.717741935483871,0.9081632653061225,CD8 T_vs_rest,17,svm
229,scanpy_t-test,0.6668607656281855,0.5761589403973509,0.6987951807228916,0.8877551020408163,CD8 T_vs_rest,17,svm
230,scanpy_t-test,0.6797311483830688,0.6131386861313869,0.7148936170212766,0.8571428571428571,CD8 T_vs_rest,17,svm
231,scanpy_t-test,0.7008606640085564,0.6153846153846154,0.7302904564315352,0.8979591836734694,CD8 T_vs_rest,18,svm
232,scanpy_t-test,0.6786553339334038,0.5918367346938775,0.710204081632653,0.8877551020408163,CD8 T_vs_rest,18,svm
233,scanpy_t-test,0.6727960599644506,0.6102941176470589,0.7094017094017094,0.8469387755102041,CD8 T_vs_rest,18,svm
234,scanpy_t-test,0.7008606640085564,0.6153846153846154,0.7302904564315352,0.8979591836734694,CD8 T_vs_rest,19,svm
235,scanpy_t-test,0.6786553339334038,0.5918367346938775,0.710204081632653,0.8877551020408163,CD8 T_vs_rest,19,svm
236,scanpy_t-test,0.6727960599644506,0.6102941176470589,0.7094017094017094,0.8469387755102041,CD8 T_vs_rest,19,svm
237,scanpy_t-test,0.6953402360626363,0.6013513513513513,0.7235772357723578,0.9081632653061225,CD8 T_vs_rest,20,svm
238,scanpy_t-test,0.6903263317350022,0.6142857142857143,0.7226890756302521,0.8775510204081632,CD8 T_vs_rest,20,svm
239,scanpy_t-test,0.6727960599644506,0.6102941176470589,0.7094017094017094,0.8469387755102041,CD8 T_vs_rest,20,svm
240,yomix,0.8092341724955047,0.75,0.8311688311688312,0.9320388349514563,B_vs_rest,1,svm
241,yomix,0.8354377723032046,0.7983193277310925,0.8558558558558559,0.9223300970873787,B_vs_rest,1,svm
242,yomix,0.827024526196277,0.7851239669421488,0.8482142857142857,0.9223300970873787,B_vs_rest,1,svm
243,yomix,0.890901665955882,0.853448275862069,0.9041095890410958,0.9611650485436893,B_vs_rest,2,svm
244,yomix,0.9084584299851883,0.8909090909090909,0.92018779342723,0.9514563106796117,B_vs_rest,2,svm
245,yomix,0.9218791832823707,0.9320388349514563,0.9320388349514563,0.9320388349514563,B_vs_rest,2,svm
246,yomix,0.9779224710807718,0.9714285714285714,0.9807692307692307,0.9902912621359223,B_vs_rest,3,svm
247,yomix,0.9615489378279825,0.9528301886792453,0.9665071770334929,0.9805825242718447,B_vs_rest,3,svm
248,yomix,0.983205858004961,0.9901960784313726,0.9853658536585366,0.9805825242718447,B_vs_rest,3,svm
249,yomix,0.9779224710807718,0.9714285714285714,0.9807692307692307,0.9902912621359223,B_vs_rest,4,svm
250,yomix,0.9722294381251193,0.9711538461538461,0.9758454106280193,0.9805825242718447,B_vs_rest,4,svm
251,yomix,0.9888095718355213,1.0,0.9901960784313726,0.9805825242718447,B_vs_rest,4,svm
252,yomix,0.9779224710807718,0.9714285714285714,0.9807692307692307,0.9902912621359223,B_vs_rest,5,svm
253,yomix,0.9665196499781589,0.970873786407767,0.970873786407767,0.970873786407767,B_vs_rest,5,svm
254,yomix,0.9944124181687339,1.0,0.9951219512195122,0.9902912621359223,B_vs_rest,5,svm
255,yomix,0.9776797666521059,0.9805825242718447,0.9805825242718447,0.9805825242718447,B_vs_rest,6,svm
256,yomix,0.9722294381251193,0.9711538461538461,0.9758454106280193,0.9805825242718447,B_vs_rest,6,svm
257,yomix,0.9944124181687339,1.0,0.9951219512195122,0.9902912621359223,B_vs_rest,6,svm
258,yomix,0.9779224710807718,0.9714285714285714,0.9807692307692307,0.9902912621359223,B_vs_rest,7,svm
259,yomix,0.9722294381251193,0.9711538461538461,0.9758454106280193,0.9805825242718447,B_vs_rest,7,svm
260,yomix,0.9944124181687339,1.0,0.9951219512195122,0.9902912621359223,B_vs_rest,7,svm
261,yomix,0.9725740233704407,0.9622641509433962,0.9760765550239234,0.9902912621359223,B_vs_rest,8,svm
262,yomix,0.9722294381251193,0.9711538461538461,0.9758454106280193,0.9805825242718447,B_vs_rest,8,svm
263,yomix,0.9944124181687339,1.0,0.9951219512195122,0.9902912621359223,B_vs_rest,8,svm
264,yomix,0.9833438393230854,0.9807692307692307,0.9855072463768116,0.9902912621359223,B_vs_rest,9,svm
265,yomix,0.9833438393230854,0.9807692307692307,0.9855072463768116,0.9902912621359223,B_vs_rest,9,svm
266,yomix,0.9888095718355213,1.0,0.9901960784313726,0.9805825242718447,B_vs_rest,9,svm
267,yomix,0.9833438393230854,0.9807692307692307,0.9855072463768116,0.9902912621359223,B_vs_rest,10,svm
268,yomix,0.9833438393230854,0.9807692307692307,0.9855072463768116,0.9902912621359223,B_vs_rest,10,svm
269,yomix,0.9888095718355213,1.0,0.9901960784313726,0.9805825242718447,B_vs_rest,10,svm
270,yomix,0.9833438393230854,0.9807692307692307,0.9855072463768116,0.9902912621359223,B_vs_rest,11,svm
271,yomix,0.9833438393230854,0.9807692307692307,0.9855072463768116,0.9902912621359223,B_vs_rest,11,svm
272,yomix,0.9888095718355213,1.0,0.9901960784313726,0.9805825242718447,B_vs_rest,11,svm
273,yomix,0.9833438393230854,0.9807692307692307,0.9855072463768116,0.9902912621359223,B_vs_rest,12,svm
274,yomix,0.9833438393230854,0.9807692307692307,0.9855072463768116,0.9902912621359223,B_vs_rest,12,svm
275,yomix,0.9888095718355213,1.0,0.9901960784313726,0.9805825242718447,B_vs_rest,12,svm
276,yomix,0.9833438393230854,0.9807692307692307,0.9855072463768116,0.9902912621359223,B_vs_rest,13,svm
277,yomix,0.9779224710807718,0.9714285714285714,0.9807692307692307,0.9902912621359223,B_vs_rest,13,svm
278,yomix,0.9888095718355213,1.0,0.9901960784313726,0.9805825242718447,B_vs_rest,13,svm
279,yomix,0.9833438393230854,0.9807692307692307,0.9855072463768116,0.9902912621359223,B_vs_rest,14,svm
280,yomix,0.9779224710807718,0.9714285714285714,0.9807692307692307,0.9902912621359223,B_vs_rest,14,svm
281,yomix,0.9888095718355213,1.0,0.9901960784313726,0.9805825242718447,B_vs_rest,14,svm
282,yomix,0.9776797666521059,0.9805825242718447,0.9805825242718447,0.9805825242718447,B_vs_rest,15,svm
283,yomix,0.9779224710807718,0.9714285714285714,0.9807692307692307,0.9902912621359223,B_vs_rest,15,svm
284,yomix,0.9888095718355213,1.0,0.9901960784313726,0.9805825242718447,B_vs_rest,15,svm
285,yomix,0.9776797666521059,0.9805825242718447,0.9805825242718447,0.9805825242718447,B_vs_rest,16,svm
286,yomix,0.9779224710807718,0.9714285714285714,0.9807692307692307,0.9902912621359223,B_vs_rest,16,svm
287,yomix,0.9888095718355213,1.0,0.9901960784313726,0.9805825242718447,B_vs_rest,16,svm
288,yomix,0.9776797666521059,0.9805825242718447,0.9805825242718447,0.9805825242718447,B_vs_rest,17,svm
289,yomix,0.9776797666521059,0.9805825242718447,0.9805825242718447,0.9805825242718447,B_vs_rest,17,svm
290,yomix,0.9888095718355213,1.0,0.9901960784313726,0.9805825242718447,B_vs_rest,17,svm
291,yomix,0.971999297841188,0.9803921568627451,0.975609756097561,0.970873786407767,B_vs_rest,18,svm
292,yomix,0.9833438393230854,0.9807692307692307,0.9855072463768116,0.9902912621359223,B_vs_rest,18,svm
293,yomix,0.9888095718355213,1.0,0.9901960784313726,0.9805825242718447,B_vs_rest,18,svm
294,yomix,0.971999297841188,0.9803921568627451,0.975609756097561,0.970873786407767,B_vs_rest,19,svm
295,yomix,0.9833438393230854,0.9807692307692307,0.9855072463768116,0.9902912621359223,B_vs_rest,19,svm
296,yomix,0.9775558222358183,0.9900990099009901,0.9803921568627451,0.970873786407767,B_vs_rest,19,svm
297,yomix,0.9833438393230854,0.9807692307692307,0.9855072463768116,0.9902912621359223,B_vs_rest,20,svm
298,yomix,0.9779224710807718,0.9714285714285714,0.9807692307692307,0.9902912621359223,B_vs_rest,20,svm
299,yomix,0.9944124181687339,1.0,0.9951219512195122,0.9902912621359223,B_vs_rest,20,svm
300,cosg,0.8092341724955047,0.75,0.8311688311688312,0.9320388349514563,B_vs_rest,1,svm
301,cosg,0.8354377723032046,0.7983193277310925,0.8558558558558559,0.9223300970873787,B_vs_rest,1,svm
302,cosg,0.827024526196277,0.7851239669421488,0.8482142857142857,0.9223300970873787,B_vs_rest,1,svm
303,cosg,0.8280955685082182,0.7557251908396947,0.8461538461538461,0.9611650485436893,B_vs_rest,2,svm
304,cosg,0.860259060713503,0.8048780487804879,0.8761061946902655,0.9611650485436893,B_vs_rest,2,svm
305,cosg,0.8438238732818931,0.7795275590551181,0.8608695652173913,0.9611650485436893,B_vs_rest,2,svm
306,cosg,0.8155429962354254,0.751937984496124,0.8362068965517241,0.941747572815534,B_vs_rest,3,svm
307,cosg,0.8664108451688054,0.8064516129032258,0.8810572687224669,0.970873786407767,B_vs_rest,3,svm
308,cosg,0.8478642229091996,0.7857142857142857,0.8646288209606987,0.9611650485436893,B_vs_rest,3,svm
309,cosg,0.8540540768369204,0.7874015748031497,0.8695652173913043,0.970873786407767,B_vs_rest,4,svm
310,cosg,0.8664108451688054,0.8064516129032258,0.8810572687224669,0.970873786407767,B_vs_rest,4,svm
311,cosg,0.8500255080744532,0.78125,0.8658008658008658,0.970873786407767,B_vs_rest,4,svm
312,cosg,0.8376012171848517,0.7777777777777778,0.8558951965065502,0.9514563106796117,B_vs_rest,5,svm
313,cosg,0.8879651777669121,0.8403361344537815,0.9009009009009009,0.970873786407767,B_vs_rest,5,svm
314,cosg,0.8683902343578955,0.8015873015873016,0.8820960698689956,0.9805825242718447,B_vs_rest,5,svm
315,cosg,0.8730843195200247,0.825,0.8878923766816144,0.9611650485436893,B_vs_rest,6,svm
316,cosg,0.9155746021727644,0.8849557522123894,0.9259259259259259,0.970873786407767,B_vs_rest,6,svm
317,cosg,0.8969464365933381,0.8547008547008547,0.9090909090909091,0.970873786407767,B_vs_rest,6,svm
318,cosg,0.9668530746752784,0.9619047619047619,0.9711538461538461,0.9805825242718447,B_vs_rest,7,svm
319,cosg,0.9615489378279825,0.9528301886792453,0.9665071770334929,0.9805825242718447,B_vs_rest,7,svm
320,cosg,0.9776797666521059,0.9805825242718447,0.9805825242718447,0.9805825242718447,B_vs_rest,7,svm
321,cosg,0.9668530746752784,0.9619047619047619,0.9711538461538461,0.9805825242718447,B_vs_rest,8,svm
322,cosg,0.9615489378279825,0.9528301886792453,0.9665071770334929,0.9805825242718447,B_vs_rest,8,svm
323,cosg,0.9722294381251193,0.9711538461538461,0.9758454106280193,0.9805825242718447,B_vs_rest,8,svm
324,cosg,0.9668530746752784,0.9619047619047619,0.9711538461538461,0.9805825242718447,B_vs_rest,9,svm
325,cosg,0.9672967982957607,0.9532710280373832,0.9714285714285714,0.9902912621359223,B_vs_rest,9,svm
326,cosg,0.9668530746752784,0.9619047619047619,0.9711538461538461,0.9805825242718447,B_vs_rest,9,svm
327,cosg,0.9557836782697849,0.9523809523809523,0.9615384615384616,0.970873786407767,B_vs_rest,10,svm
328,cosg,0.9672967982957607,0.9532710280373832,0.9714285714285714,0.9902912621359223,B_vs_rest,10,svm
329,cosg,0.9668530746752784,0.9619047619047619,0.9711538461538461,0.9805825242718447,B_vs_rest,10,svm
330,cosg,0.9557836782697849,0.9523809523809523,0.9615384615384616,0.970873786407767,B_vs_rest,11,svm
331,cosg,0.971999297841188,0.9803921568627451,0.975609756097561,0.970873786407767,B_vs_rest,11,svm
332,cosg,0.9888095718355213,1.0,0.9901960784313726,0.9805825242718447,B_vs_rest,11,svm
333,cosg,0.9557836782697849,0.9523809523809523,0.9615384615384616,0.970873786407767,B_vs_rest,12,svm
334,cosg,0.971999297841188,0.9803921568627451,0.975609756097561,0.970873786407767,B_vs_rest,12,svm
335,cosg,0.9888095718355213,1.0,0.9901960784313726,0.9805825242718447,B_vs_rest,12,svm
336,cosg,0.9722294381251193,0.9711538461538461,0.9758454106280193,0.9805825242718447,B_vs_rest,13,svm
337,cosg,0.9665196499781589,0.970873786407767,0.970873786407767,0.970873786407767,B_vs_rest,13,svm
338,cosg,0.9888095718355213,1.0,0.9901960784313726,0.9805825242718447,B_vs_rest,13,svm
339,cosg,0.9776797666521059,0.9805825242718447,0.9805825242718447,0.9805825242718447,B_vs_rest,14,svm
340,cosg,0.9665196499781589,0.970873786407767,0.970873786407767,0.970873786407767,B_vs_rest,14,svm
341,cosg,0.9888095718355213,1.0,0.9901960784313726,0.9805825242718447,B_vs_rest,14,svm
342,cosg,0.9775558222358183,0.9900990099009901,0.9803921568627451,0.970873786407767,B_vs_rest,15,svm
343,cosg,0.9722294381251193,0.9711538461538461,0.9758454106280193,0.9805825242718447,B_vs_rest,15,svm
344,cosg,0.9831911289287882,1.0,0.9852216748768473,0.970873786407767,B_vs_rest,15,svm
345,cosg,0.983205858004961,0.9901960784313726,0.9853658536585366,0.9805825242718447,B_vs_rest,16,svm
346,cosg,0.971999297841188,0.9803921568627451,0.975609756097561,0.970873786407767,B_vs_rest,16,svm
347,cosg,0.9775567494195132,1.0,0.9801980198019802,0.9611650485436893,B_vs_rest,16,svm
348,cosg,0.983205858004961,0.9901960784313726,0.9853658536585366,0.9805825242718447,B_vs_rest,17,svm
349,cosg,0.971999297841188,0.9803921568627451,0.975609756097561,0.970873786407767,B_vs_rest,17,svm
350,cosg,0.9775567494195132,1.0,0.9801980198019802,0.9611650485436893,B_vs_rest,17,svm
351,cosg,0.983205858004961,0.9901960784313726,0.9853658536585366,0.9805825242718447,B_vs_rest,18,svm
352,cosg,0.9775558222358183,0.9900990099009901,0.9803921568627451,0.970873786407767,B_vs_rest,18,svm
353,cosg,0.9831911289287882,1.0,0.9852216748768473,0.970873786407767,B_vs_rest,18,svm
354,cosg,0.983205858004961,0.9901960784313726,0.9853658536585366,0.9805825242718447,B_vs_rest,19,svm
355,cosg,0.9775558222358183,0.9900990099009901,0.9803921568627451,0.970873786407767,B_vs_rest,19,svm
356,cosg,0.9831911289287882,1.0,0.9852216748768473,0.970873786407767,B_vs_rest,19,svm
357,cosg,0.988839883326053,0.9902912621359223,0.9902912621359223,0.9902912621359223,B_vs_rest,20,svm
358,cosg,0.983205858004961,0.9901960784313726,0.9853658536585366,0.9805825242718447,B_vs_rest,20,svm
359,cosg,0.9888095718355213,1.0,0.9901960784313726,0.9805825242718447,B_vs_rest,20,svm
360,scanpy_wilcoxon,0.7490324233938255,0.6428571428571429,0.7704280155642024,0.9611650485436893,B_vs_rest,1,svm
361,scanpy_wilcoxon,0.7838405691652757,0.6710526315789473,0.8,0.9902912621359223,B_vs_rest,1,svm
362,scanpy_wilcoxon,0.7775817120086866,0.6560509554140127,0.7923076923076923,1.0,B_vs_rest,1,svm
363,scanpy_wilcoxon,0.890901665955882,0.853448275862069,0.9041095890410958,0.9611650485436893,B_vs_rest,2,svm
364,scanpy_wilcoxon,0.9084584299851883,0.8909090909090909,0.92018779342723,0.9514563106796117,B_vs_rest,2,svm
365,scanpy_wilcoxon,0.9218791832823707,0.9320388349514563,0.9320388349514563,0.9320388349514563,B_vs_rest,2,svm
366,scanpy_wilcoxon,0.8863672533176091,0.8461538461538461,0.9,0.9611650485436893,B_vs_rest,3,svm
367,scanpy_wilcoxon,0.9036144779562562,0.8828828828828829,0.9158878504672897,0.9514563106796117,B_vs_rest,3,svm
368,scanpy_wilcoxon,0.9218791832823707,0.9320388349514563,0.9320388349514563,0.9320388349514563,B_vs_rest,3,svm
369,scanpy_wilcoxon,0.9620891529030643,0.9444444444444444,0.966824644549763,0.9902912621359223,B_vs_rest,4,svm
370,scanpy_wilcoxon,0.9360546514090169,0.9099099099099099,0.9439252336448598,0.9805825242718447,B_vs_rest,4,svm
371,scanpy_wilcoxon,0.9668530746752784,0.9619047619047619,0.9711538461538461,0.9805825242718447,B_vs_rest,4,svm
372,scanpy_wilcoxon,0.9569494969123721,0.9357798165137615,0.9622641509433962,0.9902912621359223,B_vs_rest,5,svm
373,scanpy_wilcoxon,0.9360546514090169,0.9099099099099099,0.9439252336448598,0.9805825242718447,B_vs_rest,5,svm
374,scanpy_wilcoxon,0.9668530746752784,0.9619047619047619,0.9711538461538461,0.9805825242718447,B_vs_rest,5,svm
375,scanpy_wilcoxon,0.9722294381251193,0.9711538461538461,0.9758454106280193,0.9805825242718447,B_vs_rest,6,svm
376,scanpy_wilcoxon,0.9722294381251193,0.9711538461538461,0.9758454106280193,0.9805825242718447,B_vs_rest,6,svm
377,scanpy_wilcoxon,0.9944124181687339,1.0,0.9951219512195122,0.9902912621359223,B_vs_rest,6,svm
378,scanpy_wilcoxon,0.9722294381251193,0.9711538461538461,0.9758454106280193,0.9805825242718447,B_vs_rest,7,svm
379,scanpy_wilcoxon,0.971999297841188,0.9803921568627451,0.975609756097561,0.970873786407767,B_vs_rest,7,svm
380,scanpy_wilcoxon,0.9944124181687339,1.0,0.9951219512195122,0.9902912621359223,B_vs_rest,7,svm
381,scanpy_wilcoxon,0.9722294381251193,0.9711538461538461,0.9758454106280193,0.9805825242718447,B_vs_rest,8,svm
382,scanpy_wilcoxon,0.9665196499781589,0.970873786407767,0.970873786407767,0.970873786407767,B_vs_rest,8,svm
383,scanpy_wilcoxon,0.9888095718355213,1.0,0.9901960784313726,0.9805825242718447,B_vs_rest,8,svm
384,scanpy_wilcoxon,0.9722294381251193,0.9711538461538461,0.9758454106280193,0.9805825242718447,B_vs_rest,9,svm
385,scanpy_wilcoxon,0.9776797666521059,0.9805825242718447,0.9805825242718447,0.9805825242718447,B_vs_rest,9,svm
386,scanpy_wilcoxon,0.9888095718355213,1.0,0.9901960784313726,0.9805825242718447,B_vs_rest,9,svm
387,scanpy_wilcoxon,0.9722294381251193,0.9711538461538461,0.9758454106280193,0.9805825242718447,B_vs_rest,10,svm
388,scanpy_wilcoxon,0.9776797666521059,0.9805825242718447,0.9805825242718447,0.9805825242718447,B_vs_rest,10,svm
389,scanpy_wilcoxon,0.9888095718355213,1.0,0.9901960784313726,0.9805825242718447,B_vs_rest,10,svm
390,scanpy_wilcoxon,0.9722294381251193,0.9711538461538461,0.9758454106280193,0.9805825242718447,B_vs_rest,11,svm
391,scanpy_wilcoxon,0.9776797666521059,0.9805825242718447,0.9805825242718447,0.9805825242718447,B_vs_rest,11,svm
392,scanpy_wilcoxon,0.9888095718355213,1.0,0.9901960784313726,0.9805825242718447,B_vs_rest,11,svm
393,scanpy_wilcoxon,0.9665196499781589,0.970873786407767,0.970873786407767,0.970873786407767,B_vs_rest,12,svm
394,scanpy_wilcoxon,0.9722294381251193,0.9711538461538461,0.9758454106280193,0.9805825242718447,B_vs_rest,12,svm
395,scanpy_wilcoxon,0.9776797666521059,0.9805825242718447,0.9805825242718447,0.9805825242718447,B_vs_rest,12,svm
396,scanpy_wilcoxon,0.9722294381251193,0.9711538461538461,0.9758454106280193,0.9805825242718447,B_vs_rest,13,svm
397,scanpy_wilcoxon,0.9722294381251193,0.9711538461538461,0.9758454106280193,0.9805825242718447,B_vs_rest,13,svm
398,scanpy_wilcoxon,0.983205858004961,0.9901960784313726,0.9853658536585366,0.9805825242718447,B_vs_rest,13,svm
399,scanpy_wilcoxon,0.9776797666521059,0.9805825242718447,0.9805825242718447,0.9805825242718447,B_vs_rest,14,svm
400,scanpy_wilcoxon,0.9776797666521059,0.9805825242718447,0.9805825242718447,0.9805825242718447,B_vs_rest,14,svm
401,scanpy_wilcoxon,0.9888095718355213,1.0,0.9901960784313726,0.9805825242718447,B_vs_rest,14,svm
402,scanpy_wilcoxon,0.9776797666521059,0.9805825242718447,0.9805825242718447,0.9805825242718447,B_vs_rest,15,svm
403,scanpy_wilcoxon,0.9776797666521059,0.9805825242718447,0.9805825242718447,0.9805825242718447,B_vs_rest,15,svm
404,scanpy_wilcoxon,0.983205858004961,0.9901960784313726,0.9853658536585366,0.9805825242718447,B_vs_rest,15,svm
405,scanpy_wilcoxon,0.9776797666521059,0.9805825242718447,0.9805825242718447,0.9805825242718447,B_vs_rest,16,svm
406,scanpy_wilcoxon,0.9776797666521059,0.9805825242718447,0.9805825242718447,0.9805825242718447,B_vs_rest,16,svm
407,scanpy_wilcoxon,0.983205858004961,0.9901960784313726,0.9853658536585366,0.9805825242718447,B_vs_rest,16,svm
408,scanpy_wilcoxon,0.9776797666521059,0.9805825242718447,0.9805825242718447,0.9805825242718447,B_vs_rest,17,svm
409,scanpy_wilcoxon,0.9776797666521059,0.9805825242718447,0.9805825242718447,0.9805825242718447,B_vs_rest,17,svm
410,scanpy_wilcoxon,0.983205858004961,0.9901960784313726,0.9853658536585366,0.9805825242718447,B_vs_rest,17,svm
411,scanpy_wilcoxon,0.9776797666521059,0.9805825242718447,0.9805825242718447,0.9805825242718447,B_vs_rest,18,svm
412,scanpy_wilcoxon,0.9833438393230854,0.9807692307692307,0.9855072463768116,0.9902912621359223,B_vs_rest,18,svm
413,scanpy_wilcoxon,0.983205858004961,0.9901960784313726,0.9853658536585366,0.9805825242718447,B_vs_rest,18,svm
414,scanpy_wilcoxon,0.9776797666521059,0.9805825242718447,0.9805825242718447,0.9805825242718447,B_vs_rest,19,svm
415,scanpy_wilcoxon,0.9779224710807718,0.9714285714285714,0.9807692307692307,0.9902912621359223,B_vs_rest,19,svm
416,scanpy_wilcoxon,0.983205858004961,0.9901960784313726,0.9853658536585366,0.9805825242718447,B_vs_rest,19,svm
417,scanpy_wilcoxon,0.9776797666521059,0.9805825242718447,0.9805825242718447,0.9805825242718447,B_vs_rest,20,svm
418,scanpy_wilcoxon,0.9779224710807718,0.9714285714285714,0.9807692307692307,0.9902912621359223,B_vs_rest,20,svm
419,scanpy_wilcoxon,0.983205858004961,0.9901960784313726,0.9853658536585366,0.9805825242718447,B_vs_rest,20,svm
420,scanpy_t-test,0.7490324233938255,0.6428571428571429,0.7704280155642024,0.9611650485436893,B_vs_rest,1,svm
421,scanpy_t-test,0.7838405691652757,0.6710526315789473,0.8,0.9902912621359223,B_vs_rest,1,svm
422,scanpy_t-test,0.7775817120086866,0.6560509554140127,0.7923076923076923,1.0,B_vs_rest,1,svm
423,scanpy_t-test,0.7300629072192368,0.6298701298701299,0.754863813229572,0.941747572815534,B_vs_rest,2,svm
424,scanpy_t-test,0.7648906722272291,0.6516129032258065,0.7829457364341085,0.9805825242718447,B_vs_rest,2,svm
425,scanpy_t-test,0.7838405691652757,0.6710526315789473,0.8,0.9902912621359223,B_vs_rest,2,svm
426,scanpy_t-test,0.7334911273881944,0.6282051282051282,0.7567567567567568,0.9514563106796117,B_vs_rest,3,svm
427,scanpy_t-test,0.7648906722272291,0.6516129032258065,0.7829457364341085,0.9805825242718447,B_vs_rest,3,svm
428,scanpy_t-test,0.7901575880266932,0.673202614379085,0.8046875,1.0,B_vs_rest,3,svm
429,scanpy_t-test,0.890901665955882,0.853448275862069,0.9041095890410958,0.9611650485436893,B_vs_rest,4,svm
430,scanpy_t-test,0.9084584299851883,0.8909090909090909,0.92018779342723,0.9514563106796117,B_vs_rest,4,svm
431,scanpy_t-test,0.9271730571860961,0.9411764705882353,0.9365853658536586,0.9320388349514563,B_vs_rest,4,svm
432,scanpy_t-test,0.890901665955882,0.853448275862069,0.9041095890410958,0.9611650485436893,B_vs_rest,5,svm
433,scanpy_t-test,0.9036144779562562,0.8828828828828829,0.9158878504672897,0.9514563106796117,B_vs_rest,5,svm
434,scanpy_t-test,0.9218791832823707,0.9320388349514563,0.9320388349514563,0.9320388349514563,B_vs_rest,5,svm
435,scanpy_t-test,0.8954913797943612,0.8608695652173913,0.908256880733945,0.9611650485436893,B_vs_rest,6,svm
436,scanpy_t-test,0.9084584299851883,0.8909090909090909,0.92018779342723,0.9514563106796117,B_vs_rest,6,svm
437,scanpy_t-test,0.9271730571860961,0.9411764705882353,0.9365853658536586,0.9320388349514563,B_vs_rest,6,svm
438,scanpy_t-test,0.9620891529030643,0.9444444444444444,0.966824644549763,0.9902912621359223,B_vs_rest,7,svm
439,scanpy_t-test,0.9360546514090169,0.9099099099099099,0.9439252336448598,0.9805825242718447,B_vs_rest,7,svm
440,scanpy_t-test,0.9668530746752784,0.9619047619047619,0.9711538461538461,0.9805825242718447,B_vs_rest,7,svm
441,scanpy_t-test,0.9620891529030643,0.9444444444444444,0.966824644549763,0.9902912621359223,B_vs_rest,8,svm
442,scanpy_t-test,0.9410218254177806,0.9181818181818182,0.9483568075117371,0.9805825242718447,B_vs_rest,8,svm
443,scanpy_t-test,0.9668530746752784,0.9619047619047619,0.9711538461538461,0.9805825242718447,B_vs_rest,8,svm
444,scanpy_t-test,0.9722294381251193,0.9711538461538461,0.9758454106280193,0.9805825242718447,B_vs_rest,9,svm
445,scanpy_t-test,0.971999297841188,0.9803921568627451,0.975609756097561,0.970873786407767,B_vs_rest,9,svm
446,scanpy_t-test,0.9888095718355213,1.0,0.9901960784313726,0.9805825242718447,B_vs_rest,9,svm
447,scanpy_t-test,0.960792737677415,0.9705882352941176,0.9658536585365853,0.9611650485436893,B_vs_rest,10,svm
448,scanpy_t-test,0.9776797666521059,0.9805825242718447,0.9805825242718447,0.9805825242718447,B_vs_rest,10,svm
449,scanpy_t-test,0.9944124181687339,1.0,0.9951219512195122,0.9902912621359223,B_vs_rest,10,svm
450,scanpy_t-test,0.9722294381251193,0.9711538461538461,0.9758454106280193,0.9805825242718447,B_vs_rest,11,svm
451,scanpy_t-test,0.9776797666521059,0.9805825242718447,0.9805825242718447,0.9805825242718447,B_vs_rest,11,svm
452,scanpy_t-test,0.9888095718355213,1.0,0.9901960784313726,0.9805825242718447,B_vs_rest,11,svm
453,scanpy_t-test,0.9665196499781589,0.970873786407767,0.970873786407767,0.970873786407767,B_vs_rest,12,svm
454,scanpy_t-test,0.9722294381251193,0.9711538461538461,0.9758454106280193,0.9805825242718447,B_vs_rest,12,svm
455,scanpy_t-test,0.9776797666521059,0.9805825242718447,0.9805825242718447,0.9805825242718447,B_vs_rest,12,svm
456,scanpy_t-test,0.983205858004961,0.9901960784313726,0.9853658536585366,0.9805825242718447,B_vs_rest,13,svm
457,scanpy_t-test,0.9776797666521059,0.9805825242718447,0.9805825242718447,0.9805825242718447,B_vs_rest,13,svm
458,scanpy_t-test,0.983205858004961,0.9901960784313726,0.9853658536585366,0.9805825242718447,B_vs_rest,13,svm
459,scanpy_t-test,0.9776797666521059,0.9805825242718447,0.9805825242718447,0.9805825242718447,B_vs_rest,14,svm
460,scanpy_t-test,0.9776797666521059,0.9805825242718447,0.9805825242718447,0.9805825242718447,B_vs_rest,14,svm
461,scanpy_t-test,0.9888095718355213,1.0,0.9901960784313726,0.9805825242718447,B_vs_rest,14,svm
462,scanpy_t-test,0.9776797666521059,0.9805825242718447,0.9805825242718447,0.9805825242718447,B_vs_rest,15,svm
463,scanpy_t-test,0.9776797666521059,0.9805825242718447,0.9805825242718447,0.9805825242718447,B_vs_rest,15,svm
464,scanpy_t-test,0.983205858004961,0.9901960784313726,0.9853658536585366,0.9805825242718447,B_vs_rest,15,svm
465,scanpy_t-test,0.9557836782697849,0.9523809523809523,0.9615384615384616,0.970873786407767,B_vs_rest,16,svm
466,scanpy_t-test,0.9725740233704407,0.9622641509433962,0.9760765550239234,0.9902912621359223,B_vs_rest,16,svm
467,scanpy_t-test,0.9775558222358183,0.9900990099009901,0.9803921568627451,0.970873786407767,B_vs_rest,16,svm
468,scanpy_t-test,0.9557836782697849,0.9523809523809523,0.9615384615384616,0.970873786407767,B_vs_rest,17,svm
469,scanpy_t-test,0.9668530746752784,0.9619047619047619,0.9711538461538461,0.9805825242718447,B_vs_rest,17,svm
470,scanpy_t-test,0.9775558222358183,0.9900990099009901,0.9803921568627451,0.970873786407767,B_vs_rest,17,svm
471,scanpy_t-test,0.9665196499781589,0.970873786407767,0.970873786407767,0.970873786407767,B_vs_rest,18,svm
472,scanpy_t-test,0.9725740233704407,0.9622641509433962,0.9760765550239234,0.9902912621359223,B_vs_rest,18,svm
473,scanpy_t-test,0.983205858004961,0.9901960784313726,0.9853658536585366,0.9805825242718447,B_vs_rest,18,svm
474,scanpy_t-test,0.9668530746752784,0.9619047619047619,0.9711538461538461,0.9805825242718447,B_vs_rest,19,svm
475,scanpy_t-test,0.9672967982957607,0.9532710280373832,0.9714285714285714,0.9902912621359223,B_vs_rest,19,svm
476,scanpy_t-test,0.9775558222358183,0.9900990099009901,0.9803921568627451,0.970873786407767,B_vs_rest,19,svm
477,scanpy_t-test,0.9722294381251193,0.9711538461538461,0.9758454106280193,0.9805825242718447,B_vs_rest,20,svm
478,scanpy_t-test,0.9668530746752784,0.9619047619047619,0.9711538461538461,0.9805825242718447,B_vs_rest,20,svm
479,scanpy_t-test,0.9775558222358183,0.9900990099009901,0.9803921568627451,0.970873786407767,B_vs_rest,20,svm
480,yomix,0.5205822920465518,0.6881443298969072,0.736551724137931,0.7922848664688428,CD4 T_vs_rest,1,svm
481,yomix,0.49548445919578427,0.6844919786096256,0.720112517580872,0.7596439169139466,CD4 T_vs_rest,1,svm
482,yomix,0.489378826636869,0.6960227272727273,0.7111756168359942,0.7270029673590505,CD4 T_vs_rest,1,svm
483,yomix,0.6309528278749958,0.7486910994764397,0.7955493741307371,0.8486646884272997,CD4 T_vs_rest,2,svm
484,yomix,0.6494875355980697,0.6892177589852009,0.8049382716049382,0.9673590504451038,CD4 T_vs_rest,2,svm
485,yomix,0.6290940730459299,0.7602179836512262,0.7926136363636364,0.827893175074184,CD4 T_vs_rest,2,svm
486,yomix,0.6507060078583439,0.7110609480812641,0.8076923076923077,0.9347181008902077,CD4 T_vs_rest,3,svm
487,yomix,0.693554967080422,0.7244444444444444,0.8284625158831004,0.9673590504451038,CD4 T_vs_rest,3,svm
488,yomix,0.6893223175434295,0.7611940298507462,0.8281461434370772,0.9080118694362018,CD4 T_vs_rest,3,svm
489,yomix,0.6685184251489948,0.7158836689038032,0.8163265306122449,0.9495548961424333,CD4 T_vs_rest,4,svm
490,yomix,0.6870765904192575,0.7171052631578947,0.8247162673392182,0.9703264094955489,CD4 T_vs_rest,4,svm
491,yomix,0.6877300256917169,0.7638190954773869,0.8272108843537415,0.9020771513353115,CD4 T_vs_rest,4,svm
492,yomix,0.7170111748646202,0.7755610972568578,0.8428184281842819,0.9228486646884273,CD4 T_vs_rest,5,svm
493,yomix,0.7561580332967489,0.7872860635696821,0.8632707774798928,0.9554896142433235,CD4 T_vs_rest,5,svm
494,yomix,0.7292536095592308,0.7888040712468194,0.8493150684931506,0.9198813056379822,CD4 T_vs_rest,5,svm
495,yomix,0.7352951976445689,0.7835820895522388,0.8525033829499323,0.9347181008902077,CD4 T_vs_rest,6,svm
496,yomix,0.7578745236745346,0.7955112219451371,0.8644986449864499,0.9465875370919882,CD4 T_vs_rest,6,svm
497,yomix,0.7296861088680519,0.8021108179419525,0.8491620111731844,0.9020771513353115,CD4 T_vs_rest,6,svm
498,yomix,0.7433686920513216,0.7866004962779156,0.8567567567567568,0.9406528189910979,CD4 T_vs_rest,7,svm
499,yomix,0.7710518821676772,0.8009950248756219,0.871447902571042,0.9554896142433235,CD4 T_vs_rest,7,svm
500,yomix,0.7478914681054984,0.8194070080862533,0.8587570621468926,0.9020771513353115,CD4 T_vs_rest,7,svm
501,yomix,0.7643436742093517,0.8015075376884422,0.8680272108843538,0.9465875370919882,CD4 T_vs_rest,8,svm
502,yomix,0.8127502989422822,0.8193069306930693,0.893387314439946,0.9821958456973294,CD4 T_vs_rest,8,svm
503,yomix,0.7939509490556889,0.8436657681940701,0.884180790960452,0.9287833827893175,CD4 T_vs_rest,8,svm
504,yomix,0.7804572439511115,0.8075,0.8765264586160109,0.9584569732937686,CD4 T_vs_rest,9,svm
505,yomix,0.80170046890177,0.8159203980099502,0.8876860622462788,0.973293768545994,CD4 T_vs_rest,9,svm
506,yomix,0.7893847228819186,0.8298429319371727,0.8817802503477051,0.9406528189910979,CD4 T_vs_rest,9,svm
507,yomix,0.8073503346381053,0.8307692307692308,0.8913342503438789,0.9614243323442137,CD4 T_vs_rest,10,svm
508,yomix,0.8322040853427928,0.845360824742268,0.9048275862068965,0.973293768545994,CD4 T_vs_rest,10,svm
509,yomix,0.8160199523866103,0.8488063660477454,0.896358543417367,0.9495548961424333,CD4 T_vs_rest,10,svm
510,yomix,0.8124584324271208,0.8333333333333334,0.8940852819807428,0.9643916913946587,CD4 T_vs_rest,11,svm
511,yomix,0.8373126393312558,0.8479381443298969,0.9075862068965517,0.9762611275964391,CD4 T_vs_rest,11,svm
512,yomix,0.8308107448856419,0.8586666666666667,0.9044943820224719,0.9554896142433235,CD4 T_vs_rest,11,svm
513,yomix,0.8095405610865631,0.8257575757575758,0.8922237380627558,0.9703264094955489,CD4 T_vs_rest,12,svm
514,yomix,0.8284909382803562,0.8392857142857143,0.9026063100137174,0.9762611275964391,CD4 T_vs_rest,12,svm
515,yomix,0.8256960365711626,0.856,0.901685393258427,0.9525222551928784,CD4 T_vs_rest,12,svm
516,yomix,0.8168239488270288,0.830379746835443,0.8961748633879781,0.973293768545994,CD4 T_vs_rest,13,svm
517,yomix,0.8328908235831828,0.8435897435897436,0.9050894085281981,0.9762611275964391,CD4 T_vs_rest,13,svm
518,yomix,0.8182977262258877,0.851063829787234,0.8976157082748948,0.9495548961424333,CD4 T_vs_rest,13,svm
519,yomix,0.8087899086860805,0.8274111675126904,0.8919288645690835,0.9673590504451038,CD4 T_vs_rest,14,svm
520,yomix,0.8350989683855939,0.8457583547557841,0.90633608815427,0.9762611275964391,CD4 T_vs_rest,14,svm
521,yomix,0.8205813282566835,0.8533333333333334,0.898876404494382,0.9495548961424333,CD4 T_vs_rest,14,svm
522,yomix,0.8109761375293629,0.8295165394402035,0.8931506849315068,0.9673590504451038,CD4 T_vs_rest,15,svm
523,yomix,0.8350989683855939,0.8457583547557841,0.90633608815427,0.9762611275964391,CD4 T_vs_rest,15,svm
524,yomix,0.8262467533817792,0.8541114058355438,0.9019607843137255,0.9554896142433235,CD4 T_vs_rest,15,svm
525,yomix,0.8087899086860805,0.8274111675126904,0.8919288645690835,0.9673590504451038,CD4 T_vs_rest,16,svm
526,yomix,0.835796079912127,0.8439897698209718,0.9065934065934066,0.9792284866468842,CD4 T_vs_rest,16,svm
527,yomix,0.8103519116277252,0.848,0.8932584269662921,0.9436201780415431,CD4 T_vs_rest,16,svm
528,yomix,0.8022422368490899,0.8282051282051283,0.8885832187070152,0.9584569732937686,CD4 T_vs_rest,17,svm
529,yomix,0.835796079912127,0.8439897698209718,0.9065934065934066,0.9792284866468842,CD4 T_vs_rest,17,svm
530,yomix,0.8103519116277252,0.848,0.8932584269662921,0.9436201780415431,CD4 T_vs_rest,17,svm
531,yomix,0.7971341390600744,0.8256410256410256,0.8858321870701513,0.9554896142433235,CD4 T_vs_rest,18,svm
532,yomix,0.8379989213721982,0.8461538461538461,0.9078404401650619,0.9792284866468842,CD4 T_vs_rest,18,svm
533,yomix,0.8149339142847578,0.8525469168900804,0.895774647887324,0.9436201780415431,CD4 T_vs_rest,18,svm
534,yomix,0.7971341390600744,0.8256410256410256,0.8858321870701513,0.9554896142433235,CD4 T_vs_rest,19,svm
535,yomix,0.8306881613108877,0.8414322250639387,0.9038461538461539,0.9762611275964391,CD4 T_vs_rest,19,svm
536,yomix,0.8160199523866103,0.8488063660477454,0.896358543417367,0.9495548961424333,CD4 T_vs_rest,19,svm
537,yomix,0.8000406497034519,0.8260869565217391,0.8873626373626373,0.9584569732937686,CD4 T_vs_rest,20,svm
538,yomix,0.8387064822945243,0.8443877551020408,0.9080932784636488,0.9821958456973294,CD4 T_vs_rest,20,svm
539,yomix,0.8160199523866103,0.8488063660477454,0.896358543417367,0.9495548961424333,CD4 T_vs_rest,20,svm
540,cosg,0.284027856299521,0.9607843137254902,0.25257731958762886,0.14540059347181009,CD4 T_vs_rest,1,svm
541,cosg,0.24081254980010267,0.8571428571428571,0.24427480916030533,0.142433234421365,CD4 T_vs_rest,1,svm
542,cosg,0.26781471835514264,0.896551724137931,0.26329113924050634,0.1543026706231454,CD4 T_vs_rest,1,svm
543,cosg,0.44305010106828474,0.8843537414965986,0.5371900826446281,0.3857566765578635,CD4 T_vs_rest,2,svm
544,cosg,0.4219674748437287,0.8776978417266187,0.5126050420168067,0.3620178041543027,CD4 T_vs_rest,2,svm
545,cosg,0.45220852524284366,0.8918918918918919,0.5443298969072164,0.3916913946587537,CD4 T_vs_rest,2,svm
546,cosg,0.4879444117086753,0.8922155688622755,0.5912698412698413,0.4421364985163205,CD4 T_vs_rest,3,svm
547,cosg,0.4574364855715088,0.875,0.5633802816901409,0.41543026706231456,CD4 T_vs_rest,3,svm
548,cosg,0.4805219282773708,0.8816568047337278,0.5889328063241107,0.4421364985163205,CD4 T_vs_rest,3,svm
549,cosg,0.5074291477575429,0.865979381443299,0.632768361581921,0.49851632047477745,CD4 T_vs_rest,4,svm
550,cosg,0.48548905605309595,0.8633879781420765,0.6076923076923076,0.4688427299703264,CD4 T_vs_rest,4,svm
551,cosg,0.5152347380853933,0.8789473684210526,0.6337760910815939,0.49554896142433236,CD4 T_vs_rest,4,svm
552,cosg,0.5276789862557104,0.861244019138756,0.6593406593406593,0.5341246290801187,CD4 T_vs_rest,5,svm
553,cosg,0.5006438846538287,0.8571428571428571,0.6303939962476548,0.49851632047477745,CD4 T_vs_rest,5,svm
554,cosg,0.519189496126194,0.8656716417910447,0.6468401486988847,0.516320474777448,CD4 T_vs_rest,5,svm
555,cosg,0.5904194603457662,0.8302583025830258,0.7401315789473685,0.6676557863501483,CD4 T_vs_rest,6,svm
556,cosg,0.5383526173918862,0.8117647058823529,0.6993243243243243,0.6142433234421365,CD4 T_vs_rest,6,svm
557,cosg,0.5541330397453552,0.8185328185328186,0.7114093959731543,0.629080118694362,CD4 T_vs_rest,6,svm
558,cosg,0.6027017453585797,0.8262411347517731,0.752827140549273,0.6913946587537092,CD4 T_vs_rest,7,svm
559,cosg,0.5613499617180454,0.8157894736842105,0.7197346600331676,0.6439169139465876,CD4 T_vs_rest,7,svm
560,cosg,0.5662998672666038,0.8148148148148148,0.7248764415156508,0.6528189910979229,CD4 T_vs_rest,7,svm
561,cosg,0.6049048805137585,0.8200692041522492,0.7571884984025559,0.7032640949554896,CD4 T_vs_rest,8,svm
562,cosg,0.5659171345621814,0.8102189781021898,0.7266775777414075,0.658753709198813,CD4 T_vs_rest,8,svm
563,cosg,0.5895988343021767,0.8207885304659498,0.7435064935064936,0.6795252225519288,CD4 T_vs_rest,8,svm
564,cosg,0.6230516584152939,0.82,0.7723704866562009,0.7299703264094956,CD4 T_vs_rest,9,svm
565,cosg,0.5758335864950704,0.8041958041958042,0.7383627608346709,0.6824925816023739,CD4 T_vs_rest,9,svm
566,cosg,0.5888721761561981,0.8054607508532423,0.7492063492063492,0.7002967359050445,CD4 T_vs_rest,9,svm
567,cosg,0.5881027123068089,0.7713414634146342,0.7609022556390977,0.7507418397626113,CD4 T_vs_rest,10,svm
568,cosg,0.5969814271397863,0.7935483870967742,0.7604327666151468,0.7299703264094956,CD4 T_vs_rest,10,svm
569,cosg,0.5903456273311263,0.7753846153846153,0.7613293051359517,0.7477744807121661,CD4 T_vs_rest,10,svm
570,cosg,0.6475812295418957,0.7890173410404624,0.7994143484626647,0.8100890207715133,CD4 T_vs_rest,11,svm
571,cosg,0.6213117179737961,0.7956656346749226,0.7787878787878788,0.7626112759643917,CD4 T_vs_rest,11,svm
572,cosg,0.6322769951522482,0.7963525835866262,0.7867867867867868,0.7774480712166172,CD4 T_vs_rest,11,svm
573,cosg,0.6562129045130929,0.7891737891737892,0.8052325581395349,0.8219584569732937,CD4 T_vs_rest,12,svm
574,cosg,0.6312852878995718,0.807570977917981,0.7828746177370031,0.7596439169139466,CD4 T_vs_rest,12,svm
575,cosg,0.6676563021540172,0.8338658146964856,0.803076923076923,0.7744807121661721,CD4 T_vs_rest,12,svm
576,cosg,0.662698451006111,0.7994186046511628,0.8076358296622613,0.8160237388724035,CD4 T_vs_rest,13,svm
577,cosg,0.6364975722111182,0.8107255520504731,0.7859327217125383,0.7626112759643917,CD4 T_vs_rest,13,svm
578,cosg,0.6835644876715316,0.8348909657320872,0.8145896656534954,0.7952522255192879,CD4 T_vs_rest,13,svm
579,cosg,0.6788096923039149,0.8045977011494253,0.8175182481751825,0.8308605341246291,CD4 T_vs_rest,14,svm
580,cosg,0.636315085058109,0.8146964856230032,0.7846153846153846,0.7566765578635015,CD4 T_vs_rest,14,svm
581,cosg,0.6791008752974608,0.8217522658610272,0.8143712574850299,0.8071216617210683,CD4 T_vs_rest,14,svm
582,cosg,0.6658048145889897,0.7861111111111111,0.812051649928264,0.8397626112759644,CD4 T_vs_rest,15,svm
583,cosg,0.6768247071739351,0.8173652694610778,0.8137108792846498,0.8100890207715133,CD4 T_vs_rest,15,svm
584,cosg,0.6618142710260013,0.8047337278106509,0.8059259259259259,0.8071216617210683,CD4 T_vs_rest,15,svm
585,cosg,0.6690702620857827,0.7851239669421488,0.8142857142857143,0.8456973293768546,CD4 T_vs_rest,16,svm
586,cosg,0.6685525553878254,0.817629179331307,0.8078078078078078,0.798219584569733,CD4 T_vs_rest,16,svm
587,cosg,0.6808871963149697,0.808695652173913,0.8181818181818182,0.827893175074184,CD4 T_vs_rest,16,svm
588,cosg,0.6709335631607536,0.7888888888888889,0.8149210903873745,0.8427299703264095,CD4 T_vs_rest,17,svm
589,cosg,0.6913247854236996,0.840625,0.8188736681887366,0.798219584569733,CD4 T_vs_rest,17,svm
590,cosg,0.6854458171453761,0.8152492668621701,0.8200589970501475,0.8249258160237388,CD4 T_vs_rest,17,svm
591,cosg,0.6767761505193787,0.8005698005698005,0.8168604651162791,0.8338278931750742,CD4 T_vs_rest,18,svm
592,cosg,0.6967157524525409,0.8395061728395061,0.8229954614220878,0.8071216617210683,CD4 T_vs_rest,18,svm
593,cosg,0.6716534211363716,0.8143712574850299,0.8107302533532041,0.8071216617210683,CD4 T_vs_rest,18,svm
594,cosg,0.6898128618171968,0.8068181818181818,0.8243831640058055,0.8427299703264095,CD4 T_vs_rest,19,svm
595,cosg,0.6917931281899329,0.8323170731707317,0.8210526315789474,0.8100890207715133,CD4 T_vs_rest,19,svm
596,cosg,0.6768247071739351,0.8173652694610778,0.8137108792846498,0.8100890207715133,CD4 T_vs_rest,19,svm
597,cosg,0.6985009469517207,0.8067226890756303,0.829971181556196,0.8545994065281899,CD4 T_vs_rest,20,svm
598,cosg,0.6968373513113456,0.8374233128834356,0.8235294117647058,0.8100890207715133,CD4 T_vs_rest,20,svm
599,cosg,0.6739231372684882,0.8187311178247734,0.811377245508982,0.8041543026706232,CD4 T_vs_rest,20,svm
600,scanpy_wilcoxon,0.5769325454165071,0.6980676328502415,0.7696404793608522,0.857566765578635,CD4 T_vs_rest,1,svm
601,scanpy_wilcoxon,0.5538239920600545,0.6767441860465117,0.758800521512386,0.8635014836795252,CD4 T_vs_rest,1,svm
602,scanpy_wilcoxon,0.5753870079411149,0.6885245901639344,0.7696335078534031,0.8724035608308606,CD4 T_vs_rest,1,svm
603,scanpy_wilcoxon,0.6447063919386159,0.7418546365914787,0.8043478260869565,0.8783382789317508,CD4 T_vs_rest,2,svm
604,scanpy_wilcoxon,0.6803870511293949,0.7493917274939172,0.8235294117647058,0.913946587537092,CD4 T_vs_rest,2,svm
605,scanpy_wilcoxon,0.6651370239311489,0.7518796992481203,0.8152173913043478,0.8902077151335311,CD4 T_vs_rest,2,svm
606,scanpy_wilcoxon,0.6898640854907494,0.7717948717948718,0.828060522696011,0.8931750741839762,CD4 T_vs_rest,3,svm
607,scanpy_wilcoxon,0.7183139520836231,0.7851662404092071,0.8434065934065934,0.9109792284866469,CD4 T_vs_rest,3,svm
608,scanpy_wilcoxon,0.6760492875195379,0.7674418604651163,0.8204419889502762,0.8813056379821959,CD4 T_vs_rest,3,svm
609,scanpy_wilcoxon,0.7015308007613918,0.7741116751269036,0.8344733242134063,0.9050445103857567,CD4 T_vs_rest,4,svm
610,scanpy_wilcoxon,0.7331520728899176,0.7816377171215881,0.8513513513513513,0.9347181008902077,CD4 T_vs_rest,4,svm
611,scanpy_wilcoxon,0.6935916551574178,0.7772020725388601,0.8298755186721992,0.8902077151335311,CD4 T_vs_rest,4,svm
612,scanpy_wilcoxon,0.7102964766468113,0.782051282051282,0.8390646492434664,0.9050445103857567,CD4 T_vs_rest,5,svm
613,scanpy_wilcoxon,0.7321762601684457,0.7893401015228426,0.8508891928864569,0.9228486646884273,CD4 T_vs_rest,5,svm
614,scanpy_wilcoxon,0.7057888917002906,0.7925531914893617,0.8359046283309958,0.884272997032641,CD4 T_vs_rest,5,svm
615,scanpy_wilcoxon,0.7088229775666978,0.7786259541984732,0.8383561643835616,0.9080118694362018,CD4 T_vs_rest,6,svm
616,scanpy_wilcoxon,0.73880579137014,0.7889447236180904,0.854421768707483,0.9317507418397626,CD4 T_vs_rest,6,svm
617,scanpy_wilcoxon,0.7098537754221115,0.7900262467191601,0.8384401114206128,0.8931750741839762,CD4 T_vs_rest,6,svm
618,scanpy_wilcoxon,0.7132060334823838,0.782608695652174,0.8406593406593407,0.9080118694362018,CD4 T_vs_rest,7,svm
619,scanpy_wilcoxon,0.738035401116772,0.7904040404040404,0.8540245566166439,0.9287833827893175,CD4 T_vs_rest,7,svm
620,scanpy_wilcoxon,0.7188653429325058,0.7984084880636605,0.8431372549019608,0.8931750741839762,CD4 T_vs_rest,7,svm
621,scanpy_wilcoxon,0.7239787434300903,0.8010610079575596,0.84593837535014,0.8961424332344213,CD4 T_vs_rest,8,svm
622,scanpy_wilcoxon,0.7584654468224267,0.8005050505050505,0.8649386084583902,0.9406528189910979,CD4 T_vs_rest,8,svm
623,scanpy_wilcoxon,0.7319432232786662,0.8042328042328042,0.8503496503496504,0.9020771513353115,CD4 T_vs_rest,8,svm
624,scanpy_wilcoxon,0.7389594830220133,0.819672131147541,0.8534850640113798,0.8902077151335311,CD4 T_vs_rest,9,svm
625,scanpy_wilcoxon,0.7702287658111701,0.8160621761658031,0.8713692946058091,0.9347181008902077,CD4 T_vs_rest,9,svm
626,scanpy_wilcoxon,0.7336312869105379,0.808,0.851123595505618,0.8991097922848664,CD4 T_vs_rest,9,svm
627,scanpy_wilcoxon,0.720012320103963,0.803763440860215,0.843441466854725,0.887240356083086,CD4 T_vs_rest,10,svm
628,scanpy_wilcoxon,0.7791633103008269,0.824607329842932,0.8762169680111266,0.9347181008902077,CD4 T_vs_rest,10,svm
629,scanpy_wilcoxon,0.7507138253006002,0.8198924731182796,0.8603667136812412,0.9050445103857567,CD4 T_vs_rest,10,svm
630,scanpy_wilcoxon,0.7223028675776149,0.8059299191374663,0.844632768361582,0.887240356083086,CD4 T_vs_rest,11,svm
631,scanpy_wilcoxon,0.7791633103008269,0.824607329842932,0.8762169680111266,0.9347181008902077,CD4 T_vs_rest,11,svm
632,scanpy_wilcoxon,0.7478914681054984,0.8194070080862533,0.8587570621468926,0.9020771513353115,CD4 T_vs_rest,11,svm
633,scanpy_wilcoxon,0.7223028675776149,0.8059299191374663,0.844632768361582,0.887240356083086,CD4 T_vs_rest,12,svm
634,scanpy_wilcoxon,0.7871422460425314,0.8276762402088773,0.8805555555555555,0.9406528189910979,CD4 T_vs_rest,12,svm
635,scanpy_wilcoxon,0.7455969077678273,0.8172043010752689,0.8575458392101551,0.9020771513353115,CD4 T_vs_rest,12,svm
636,scanpy_wilcoxon,0.7622468976423569,0.8310626702997275,0.8664772727272727,0.9050445103857567,CD4 T_vs_rest,13,svm
637,scanpy_wilcoxon,0.792892419541672,0.8285714285714286,0.8836565096952909,0.9465875370919882,CD4 T_vs_rest,13,svm
638,scanpy_wilcoxon,0.7660226402796138,0.8393351800554016,0.8681948424068768,0.8991097922848664,CD4 T_vs_rest,13,svm
639,scanpy_wilcoxon,0.7520043726734009,0.8256130790190735,0.8607954545454546,0.8991097922848664,CD4 T_vs_rest,14,svm
640,scanpy_wilcoxon,0.7951248875265335,0.8307291666666666,0.8848821081830791,0.9465875370919882,CD4 T_vs_rest,14,svm
641,scanpy_wilcoxon,0.7604831009740216,0.8384401114206128,0.8649425287356322,0.8931750741839762,CD4 T_vs_rest,14,svm
642,scanpy_wilcoxon,0.7487385801359823,0.8269230769230769,0.8587731811697575,0.8931750741839762,CD4 T_vs_rest,15,svm
643,scanpy_wilcoxon,0.7951248875265335,0.8307291666666666,0.8848821081830791,0.9465875370919882,CD4 T_vs_rest,15,svm
644,scanpy_wilcoxon,0.7628499737170489,0.840782122905028,0.8661870503597122,0.8931750741839762,CD4 T_vs_rest,15,svm
645,scanpy_wilcoxon,0.7487385801359823,0.8269230769230769,0.8587731811697575,0.8931750741839762,CD4 T_vs_rest,16,svm
646,scanpy_wilcoxon,0.7922525118681581,0.8302872062663186,0.8833333333333333,0.9436201780415431,CD4 T_vs_rest,16,svm
647,scanpy_wilcoxon,0.7628499737170489,0.840782122905028,0.8661870503597122,0.8931750741839762,CD4 T_vs_rest,16,svm
648,scanpy_wilcoxon,0.7510756820158626,0.8292011019283747,0.86,0.8931750741839762,CD4 T_vs_rest,17,svm
649,scanpy_wilcoxon,0.7855561879419205,0.8238341968911918,0.8796680497925311,0.9436201780415431,CD4 T_vs_rest,17,svm
650,scanpy_wilcoxon,0.7656130536690571,0.841225626740947,0.867816091954023,0.8961424332344213,CD4 T_vs_rest,17,svm
651,scanpy_wilcoxon,0.7482921907633607,0.8287292817679558,0.8583690987124464,0.8902077151335311,CD4 T_vs_rest,18,svm
652,scanpy_wilcoxon,0.7877829364836749,0.825974025974026,0.8808864265927978,0.9436201780415431,CD4 T_vs_rest,18,svm
653,scanpy_wilcoxon,0.7656130536690571,0.841225626740947,0.867816091954023,0.8961424332344213,CD4 T_vs_rest,18,svm
654,scanpy_wilcoxon,0.7506399055260716,0.8310249307479224,0.8595988538681948,0.8902077151335311,CD4 T_vs_rest,19,svm
655,scanpy_wilcoxon,0.7849051713480036,0.8255208333333334,0.8793342579750347,0.9406528189910979,CD4 T_vs_rest,19,svm
656,scanpy_wilcoxon,0.7628499737170489,0.840782122905028,0.8661870503597122,0.8931750741839762,CD4 T_vs_rest,19,svm
657,scanpy_wilcoxon,0.7673681601268348,0.8337874659400545,0.8693181818181818,0.9080118694362018,CD4 T_vs_rest,20,svm
658,scanpy_wilcoxon,0.8002347456157985,0.8333333333333334,0.8876560332871013,0.9495548961424333,CD4 T_vs_rest,20,svm
659,scanpy_wilcoxon,0.7594484084558012,0.8306010928961749,0.8648648648648649,0.9020771513353115,CD4 T_vs_rest,20,svm
660,scanpy_t-test,0.49915744076881574,0.6070038910505836,0.7332549941245593,0.9258160237388724,CD4 T_vs_rest,1,svm
661,scanpy_t-test,0.5364796204793216,0.6189555125725339,0.7494145199063232,0.9495548961424333,CD4 T_vs_rest,1,svm
662,scanpy_t-test,0.5170608633432072,0.6140350877192983,0.7411764705882353,0.9347181008902077,CD4 T_vs_rest,1,svm
663,scanpy_t-test,0.6420438579721277,0.7759103641456583,0.7982708933717579,0.8219584569732937,CD4 T_vs_rest,2,svm
664,scanpy_t-test,0.6751854354062315,0.784741144414169,0.8181818181818182,0.8545994065281899,CD4 T_vs_rest,2,svm
665,scanpy_t-test,0.6230015167570876,0.7698863636363636,0.7866473149492017,0.8041543026706232,CD4 T_vs_rest,2,svm
666,scanpy_t-test,0.7140282179984184,0.7875647668393783,0.8409405255878285,0.9020771513353115,CD4 T_vs_rest,3,svm
667,scanpy_t-test,0.7409720031918016,0.7909319899244333,0.8555858310626703,0.9317507418397626,CD4 T_vs_rest,3,svm
668,scanpy_t-test,0.7059044101103397,0.7780612244897959,0.8367626886145405,0.9050445103857567,CD4 T_vs_rest,3,svm
669,scanpy_t-test,0.7264691397877111,0.7948051948051948,0.8476454293628809,0.9080118694362018,CD4 T_vs_rest,4,svm
670,scanpy_t-test,0.7625134472638732,0.7931034482758621,0.8667563930013459,0.9554896142433235,CD4 T_vs_rest,4,svm
671,scanpy_t-test,0.7280562473953679,0.7984293193717278,0.8484005563282336,0.9050445103857567,CD4 T_vs_rest,4,svm
672,scanpy_t-test,0.7433883662670057,0.806282722513089,0.8567454798331016,0.913946587537092,CD4 T_vs_rest,5,svm
673,scanpy_t-test,0.7701148735442969,0.8091603053435115,0.8712328767123287,0.9436201780415431,CD4 T_vs_rest,5,svm
674,scanpy_t-test,0.7433078412667292,0.8150134048257373,0.856338028169014,0.9020771513353115,CD4 T_vs_rest,5,svm
675,scanpy_t-test,0.7450227818272317,0.8100263852242744,0.8575418994413407,0.9109792284866469,CD4 T_vs_rest,6,svm
676,scanpy_t-test,0.7752225315424301,0.811704834605598,0.873972602739726,0.9465875370919882,CD4 T_vs_rest,6,svm
677,scanpy_t-test,0.7394476239485493,0.8179347826086957,0.8539007092198582,0.8931750741839762,CD4 T_vs_rest,6,svm
678,scanpy_t-test,0.7380410863522562,0.7969151670951157,0.8539944903581267,0.9198813056379822,CD4 T_vs_rest,7,svm
679,scanpy_t-test,0.7716171694610244,0.8060453400503779,0.8719346049046321,0.9495548961424333,CD4 T_vs_rest,7,svm
680,scanpy_t-test,0.7256779848330571,0.8048128342245989,0.8466947960618847,0.8931750741839762,CD4 T_vs_rest,7,svm
681,scanpy_t-test,0.7562693567479506,0.8051282051282052,0.8638239339752407,0.9317507418397626,CD4 T_vs_rest,8,svm
682,scanpy_t-test,0.7812680777457082,0.8059701492537313,0.8768606224627875,0.9614243323442137,CD4 T_vs_rest,8,svm
683,scanpy_t-test,0.7461396315563703,0.8155080213903744,0.8579465541490858,0.9050445103857567,CD4 T_vs_rest,8,svm
684,scanpy_t-test,0.7628994149673034,0.8113695090439277,0.8674033149171271,0.9317507418397626,CD4 T_vs_rest,9,svm
685,scanpy_t-test,0.7905455055368299,0.8193384223918575,0.8821917808219178,0.9554896142433235,CD4 T_vs_rest,9,svm
686,scanpy_t-test,0.7489754118539754,0.816,0.8595505617977528,0.9080118694362018,CD4 T_vs_rest,9,svm
687,scanpy_t-test,0.7638311914291892,0.8167539267015707,0.8678720445062587,0.9258160237388724,CD4 T_vs_rest,10,svm
688,scanpy_t-test,0.8051485683046912,0.8286445012787724,0.8901098901098901,0.9614243323442137,CD4 T_vs_rest,10,svm
689,scanpy_t-test,0.7785977887389588,0.8355795148247979,0.8757062146892656,0.9198813056379822,CD4 T_vs_rest,10,svm
690,scanpy_t-test,0.771187929534678,0.821522309711286,0.871866295264624,0.9287833827893175,CD4 T_vs_rest,11,svm
691,scanpy_t-test,0.7985747555503958,0.8223350253807107,0.8864569083447332,0.9614243323442137,CD4 T_vs_rest,11,svm
692,scanpy_t-test,0.7752899127781181,0.8369565217391305,0.873758865248227,0.913946587537092,CD4 T_vs_rest,11,svm
693,scanpy_t-test,0.7814153304972373,0.8360215053763441,0.8772919605077574,0.9228486646884273,CD4 T_vs_rest,12,svm
694,scanpy_t-test,0.8153644055071698,0.8337595907928389,0.8956043956043956,0.9673590504451038,CD4 T_vs_rest,12,svm
695,scanpy_t-test,0.7804102397537708,0.8396739130434783,0.8765957446808511,0.9169139465875371,CD4 T_vs_rest,12,svm
696,scanpy_t-test,0.7837155088445354,0.8382749326145552,0.8785310734463276,0.9228486646884273,CD4 T_vs_rest,13,svm
697,scanpy_t-test,0.8160837955274962,0.8320610687022901,0.8958904109589041,0.9703264094955489,CD4 T_vs_rest,13,svm
698,scanpy_t-test,0.7780943909032186,0.8373983739837398,0.8753541076487252,0.9169139465875371,CD4 T_vs_rest,13,svm
699,scanpy_t-test,0.7814153304972373,0.8360215053763441,0.8772919605077574,0.9228486646884273,CD4 T_vs_rest,14,svm
700,scanpy_t-test,0.8131676222591041,0.8316326530612245,0.8943758573388203,0.9673590504451038,CD4 T_vs_rest,14,svm
701,scanpy_t-test,0.7780943909032186,0.8373983739837398,0.8753541076487252,0.9169139465875371,CD4 T_vs_rest,14,svm
702,scanpy_t-test,0.7791208777757435,0.8337801608579088,0.8760563380281691,0.9228486646884273,CD4 T_vs_rest,15,svm
703,scanpy_t-test,0.8109761375293629,0.8295165394402035,0.8931506849315068,0.9673590504451038,CD4 T_vs_rest,15,svm
704,scanpy_t-test,0.7780943909032186,0.8373983739837398,0.8753541076487252,0.9169139465875371,CD4 T_vs_rest,15,svm
705,scanpy_t-test,0.7791208777757435,0.8337801608579088,0.8760563380281691,0.9228486646884273,CD4 T_vs_rest,16,svm
706,scanpy_t-test,0.8138974852539227,0.8299492385786802,0.8946648426812586,0.9703264094955489,CD4 T_vs_rest,16,svm
707,scanpy_t-test,0.7757843505573372,0.8351351351351352,0.8741159830268741,0.9169139465875371,CD4 T_vs_rest,16,svm
708,scanpy_t-test,0.7814153304972373,0.8360215053763441,0.8772919605077574,0.9228486646884273,CD4 T_vs_rest,17,svm
709,scanpy_t-test,0.8160837955274962,0.8320610687022901,0.8958904109589041,0.9703264094955489,CD4 T_vs_rest,17,svm
710,scanpy_t-test,0.773480068633382,0.8328840970350404,0.8728813559322034,0.9169139465875371,CD4 T_vs_rest,17,svm
711,scanpy_t-test,0.7762984129644644,0.8333333333333334,0.8744710860366713,0.9198813056379822,CD4 T_vs_rest,18,svm
712,scanpy_t-test,0.8066613154004779,0.8324742268041238,0.8910344827586207,0.9584569732937686,CD4 T_vs_rest,18,svm
713,scanpy_t-test,0.7724894226113128,0.8365122615803815,0.8721590909090909,0.9109792284866469,CD4 T_vs_rest,18,svm
714,scanpy_t-test,0.7842370258484598,0.8364611260053619,0.8788732394366198,0.9258160237388724,CD4 T_vs_rest,19,svm
715,scanpy_t-test,0.8051485683046912,0.8286445012787724,0.8901098901098901,0.9614243323442137,CD4 T_vs_rest,19,svm
716,scanpy_t-test,0.7780943909032186,0.8373983739837398,0.8753541076487252,0.9169139465875371,CD4 T_vs_rest,19,svm
717,scanpy_t-test,0.7855305667294235,0.842391304347826,0.8794326241134752,0.9198813056379822,CD4 T_vs_rest,20,svm
718,scanpy_t-test,0.8155643198835933,0.8411458333333334,0.8959778085991679,0.9584569732937686,CD4 T_vs_rest,20,svm
719,scanpy_t-test,0.78376603173956,0.85,0.8780487804878049,0.9080118694362018,CD4 T_vs_rest,20,svm
720,yomix,0.5189600157940144,0.3194444444444444,0.4816753926701571,0.9787234042553191,FCGR3A Monocytes_vs_rest,1,svm
721,yomix,0.4972474151479064,0.2919254658385093,0.4519230769230769,1.0,FCGR3A Monocytes_vs_rest,1,svm
722,yomix,0.5112352270086753,0.3051948051948052,0.46766169154228854,1.0,FCGR3A Monocytes_vs_rest,1,svm
723,yomix,0.7561971483818937,0.6376811594202898,0.7586206896551724,0.9361702127659575,FCGR3A Monocytes_vs_rest,2,svm
724,yomix,0.7527957983593471,0.6052631578947368,0.7479674796747967,0.9787234042553191,FCGR3A Monocytes_vs_rest,2,svm
725,yomix,0.7816971226464958,0.647887323943662,0.7796610169491526,0.9787234042553191,FCGR3A Monocytes_vs_rest,2,svm
726,yomix,0.7878247279870934,0.6716417910447762,0.7894736842105263,0.9574468085106383,FCGR3A Monocytes_vs_rest,3,svm
727,yomix,0.7570959947593132,0.625,0.7563025210084033,0.9574468085106383,FCGR3A Monocytes_vs_rest,3,svm
728,yomix,0.7751469392858158,0.6521739130434783,0.7758620689655172,0.9574468085106383,FCGR3A Monocytes_vs_rest,3,svm
729,yomix,0.8004937501242654,0.6764705882352942,0.8,0.9787234042553191,FCGR3A Monocytes_vs_rest,4,svm
730,yomix,0.7709398723794507,0.618421052631579,0.7642276422764228,1.0,FCGR3A Monocytes_vs_rest,4,svm
731,yomix,0.7756854053449214,0.6388888888888888,0.773109243697479,0.9787234042553191,FCGR3A Monocytes_vs_rest,4,svm
732,yomix,0.8004937501242654,0.6764705882352942,0.8,0.9787234042553191,FCGR3A Monocytes_vs_rest,5,svm
733,yomix,0.7766042067615468,0.6266666666666667,0.7704918032786885,1.0,FCGR3A Monocytes_vs_rest,5,svm
734,yomix,0.7583523140717001,0.6133333333333333,0.7540983606557377,0.9787234042553191,FCGR3A Monocytes_vs_rest,5,svm
735,yomix,0.794096730189738,0.6666666666666666,0.7931034482758621,0.9787234042553191,FCGR3A Monocytes_vs_rest,6,svm
736,yomix,0.7709398723794507,0.618421052631579,0.7642276422764228,1.0,FCGR3A Monocytes_vs_rest,6,svm
737,yomix,0.7473438924900159,0.5974025974025974,0.7419354838709677,0.9787234042553191,FCGR3A Monocytes_vs_rest,6,svm
738,yomix,0.8275146300846176,0.71875,0.8288288288288288,0.9787234042553191,FCGR3A Monocytes_vs_rest,7,svm
739,yomix,0.7690057743578111,0.6428571428571429,0.7692307692307693,0.9574468085106383,FCGR3A Monocytes_vs_rest,7,svm
740,yomix,0.7878247279870934,0.6716417910447762,0.7894736842105263,0.9574468085106383,FCGR3A Monocytes_vs_rest,7,svm
741,yomix,0.8275146300846176,0.71875,0.8288288288288288,0.9787234042553191,FCGR3A Monocytes_vs_rest,8,svm
742,yomix,0.7751469392858158,0.6521739130434783,0.7758620689655172,0.9574468085106383,FCGR3A Monocytes_vs_rest,8,svm
743,yomix,0.7943712383550141,0.6818181818181818,0.7964601769911505,0.9574468085106383,FCGR3A Monocytes_vs_rest,8,svm
744,yomix,0.8275146300846176,0.71875,0.8288288288288288,0.9787234042553191,FCGR3A Monocytes_vs_rest,9,svm
745,yomix,0.7751469392858158,0.6521739130434783,0.7758620689655172,0.9574468085106383,FCGR3A Monocytes_vs_rest,9,svm
746,yomix,0.7943712383550141,0.6818181818181818,0.7964601769911505,0.9574468085106383,FCGR3A Monocytes_vs_rest,9,svm
747,yomix,0.8220695953370649,0.7258064516129032,0.8256880733944955,0.9574468085106383,FCGR3A Monocytes_vs_rest,10,svm
748,yomix,0.7751469392858158,0.6521739130434783,0.7758620689655172,0.9574468085106383,FCGR3A Monocytes_vs_rest,10,svm
749,yomix,0.7943712383550141,0.6818181818181818,0.7964601769911505,0.9574468085106383,FCGR3A Monocytes_vs_rest,10,svm
750,yomix,0.814906260217545,0.7142857142857143,0.8181818181818182,0.9574468085106383,FCGR3A Monocytes_vs_rest,11,svm
751,yomix,0.7751469392858158,0.6521739130434783,0.7758620689655172,0.9574468085106383,FCGR3A Monocytes_vs_rest,11,svm
752,yomix,0.7814183183605629,0.6617647058823529,0.782608695652174,0.9574468085106383,FCGR3A Monocytes_vs_rest,11,svm
753,yomix,0.8205335621667983,0.7076923076923077,0.8214285714285714,0.9787234042553191,FCGR3A Monocytes_vs_rest,12,svm
754,yomix,0.7814183183605629,0.6617647058823529,0.782608695652174,0.9574468085106383,FCGR3A Monocytes_vs_rest,12,svm
755,yomix,0.7751469392858158,0.6521739130434783,0.7758620689655172,0.9574468085106383,FCGR3A Monocytes_vs_rest,12,svm
756,yomix,0.8220695953370649,0.7258064516129032,0.8256880733944955,0.9574468085106383,FCGR3A Monocytes_vs_rest,13,svm
757,yomix,0.7943712383550141,0.6818181818181818,0.7964601769911505,0.9574468085106383,FCGR3A Monocytes_vs_rest,13,svm
758,yomix,0.8137068465908359,0.696969696969697,0.8141592920353983,0.9787234042553191,FCGR3A Monocytes_vs_rest,13,svm
759,yomix,0.8220695953370649,0.7258064516129032,0.8256880733944955,0.9574468085106383,FCGR3A Monocytes_vs_rest,14,svm
760,yomix,0.7878247279870934,0.6716417910447762,0.7894736842105263,0.9574468085106383,FCGR3A Monocytes_vs_rest,14,svm
761,yomix,0.7878247279870934,0.6716417910447762,0.7894736842105263,0.9574468085106383,FCGR3A Monocytes_vs_rest,14,svm
762,yomix,0.8220695953370649,0.7258064516129032,0.8256880733944955,0.9574468085106383,FCGR3A Monocytes_vs_rest,15,svm
763,yomix,0.7629902448360706,0.6338028169014085,0.7627118644067796,0.9574468085106383,FCGR3A Monocytes_vs_rest,15,svm
764,yomix,0.8137068465908359,0.696969696969697,0.8141592920353983,0.9787234042553191,FCGR3A Monocytes_vs_rest,15,svm
765,yomix,0.8220695953370649,0.7258064516129032,0.8256880733944955,0.9574468085106383,FCGR3A Monocytes_vs_rest,16,svm
766,yomix,0.7751469392858158,0.6521739130434783,0.7758620689655172,0.9574468085106383,FCGR3A Monocytes_vs_rest,16,svm
767,yomix,0.7943712383550141,0.6818181818181818,0.7964601769911505,0.9574468085106383,FCGR3A Monocytes_vs_rest,16,svm
768,yomix,0.8220695953370649,0.7258064516129032,0.8256880733944955,0.9574468085106383,FCGR3A Monocytes_vs_rest,17,svm
769,yomix,0.7690057743578111,0.6428571428571429,0.7692307692307693,0.9574468085106383,FCGR3A Monocytes_vs_rest,17,svm
770,yomix,0.7943712383550141,0.6818181818181818,0.7964601769911505,0.9574468085106383,FCGR3A Monocytes_vs_rest,17,svm
771,yomix,0.8220695953370649,0.7258064516129032,0.8256880733944955,0.9574468085106383,FCGR3A Monocytes_vs_rest,18,svm
772,yomix,0.7629902448360706,0.6338028169014085,0.7627118644067796,0.9574468085106383,FCGR3A Monocytes_vs_rest,18,svm
773,yomix,0.7878247279870934,0.6716417910447762,0.7894736842105263,0.9574468085106383,FCGR3A Monocytes_vs_rest,18,svm
774,yomix,0.8220695953370649,0.7258064516129032,0.8256880733944955,0.9574468085106383,FCGR3A Monocytes_vs_rest,19,svm
775,yomix,0.7690057743578111,0.6428571428571429,0.7692307692307693,0.9574468085106383,FCGR3A Monocytes_vs_rest,19,svm
776,yomix,0.8079062173564278,0.703125,0.8108108108108109,0.9574468085106383,FCGR3A Monocytes_vs_rest,19,svm
777,yomix,0.8220695953370649,0.7258064516129032,0.8256880733944955,0.9574468085106383,FCGR3A Monocytes_vs_rest,20,svm
778,yomix,0.7751469392858158,0.6521739130434783,0.7758620689655172,0.9574468085106383,FCGR3A Monocytes_vs_rest,20,svm
779,yomix,0.8010631909160536,0.6923076923076923,0.8035714285714286,0.9574468085106383,FCGR3A Monocytes_vs_rest,20,svm
780,cosg,0.5479310846368841,0.7916666666666666,0.5352112676056338,0.40425531914893614,FCGR3A Monocytes_vs_rest,1,svm
781,cosg,0.553553796143309,0.7692307692307693,0.547945205479452,0.425531914893617,FCGR3A Monocytes_vs_rest,1,svm
782,cosg,0.4197487308583861,0.75,0.38095238095238093,0.2553191489361702,FCGR3A Monocytes_vs_rest,1,svm
783,cosg,0.6339183587205163,0.8275862068965517,0.631578947368421,0.5106382978723404,FCGR3A Monocytes_vs_rest,2,svm
784,cosg,0.5940174195361528,0.7666666666666667,0.5974025974025974,0.48936170212765956,FCGR3A Monocytes_vs_rest,2,svm
785,cosg,0.42785637792966413,0.7222222222222222,0.4,0.2765957446808511,FCGR3A Monocytes_vs_rest,2,svm
786,cosg,0.7258667803799642,0.72,0.7422680412371134,0.7659574468085106,FCGR3A Monocytes_vs_rest,3,svm
787,cosg,0.6599444705342797,0.66,0.6804123711340206,0.7021276595744681,FCGR3A Monocytes_vs_rest,3,svm
788,cosg,0.5787831743616609,0.5918367346938775,0.6041666666666666,0.6170212765957447,FCGR3A Monocytes_vs_rest,3,svm
789,cosg,0.7396802474032661,0.7254901960784313,0.7551020408163265,0.7872340425531915,FCGR3A Monocytes_vs_rest,4,svm
790,cosg,0.6743634053982057,0.6666666666666666,0.6938775510204082,0.723404255319149,FCGR3A Monocytes_vs_rest,4,svm
791,cosg,0.5787831743616609,0.5918367346938775,0.6041666666666666,0.6170212765957447,FCGR3A Monocytes_vs_rest,4,svm
792,cosg,0.7437906178537651,0.6964285714285714,0.7572815533980582,0.8297872340425532,FCGR3A Monocytes_vs_rest,5,svm
793,cosg,0.667874537195984,0.6206896551724138,0.6857142857142857,0.7659574468085106,FCGR3A Monocytes_vs_rest,5,svm
794,cosg,0.6041030408209036,0.5818181818181818,0.6274509803921569,0.6808510638297872,FCGR3A Monocytes_vs_rest,5,svm
795,cosg,0.7512600889474069,0.7090909090909091,0.7647058823529411,0.8297872340425532,FCGR3A Monocytes_vs_rest,6,svm
796,cosg,0.667874537195984,0.6206896551724138,0.6857142857142857,0.7659574468085106,FCGR3A Monocytes_vs_rest,6,svm
797,cosg,0.6105159208397162,0.5925925925925926,0.6336633663366337,0.6808510638297872,FCGR3A Monocytes_vs_rest,6,svm
798,cosg,0.7561287656594377,0.6833333333333333,0.7663551401869159,0.8723404255319149,FCGR3A Monocytes_vs_rest,7,svm
799,cosg,0.6569073598614029,0.5873015873015873,0.6727272727272727,0.7872340425531915,FCGR3A Monocytes_vs_rest,7,svm
800,cosg,0.6207289250518963,0.576271186440678,0.6415094339622641,0.723404255319149,FCGR3A Monocytes_vs_rest,7,svm
801,cosg,0.7561287656594377,0.6833333333333333,0.7663551401869159,0.8723404255319149,FCGR3A Monocytes_vs_rest,8,svm
802,cosg,0.6569073598614029,0.5873015873015873,0.6727272727272727,0.7872340425531915,FCGR3A Monocytes_vs_rest,8,svm
803,cosg,0.6207289250518963,0.576271186440678,0.6415094339622641,0.723404255319149,FCGR3A Monocytes_vs_rest,8,svm
804,cosg,0.7561287656594377,0.6833333333333333,0.7663551401869159,0.8723404255319149,FCGR3A Monocytes_vs_rest,9,svm
805,cosg,0.6510389155309091,0.578125,0.6666666666666666,0.7872340425531915,FCGR3A Monocytes_vs_rest,9,svm
806,cosg,0.6207289250518963,0.576271186440678,0.6415094339622641,0.723404255319149,FCGR3A Monocytes_vs_rest,9,svm
807,cosg,0.6993477756701272,0.5942028985507246,0.7068965517241379,0.8723404255319149,FCGR3A Monocytes_vs_rest,10,svm
808,cosg,0.6606460515647289,0.525,0.6614173228346457,0.8936170212765957,FCGR3A Monocytes_vs_rest,10,svm
809,cosg,0.6455595312456645,0.5416666666666666,0.6554621848739496,0.8297872340425532,FCGR3A Monocytes_vs_rest,10,svm
810,cosg,0.6983635762990364,0.5657894736842105,0.6991869918699187,0.9148936170212766,FCGR3A Monocytes_vs_rest,11,svm
811,cosg,0.6606460515647289,0.525,0.6614173228346457,0.8936170212765957,FCGR3A Monocytes_vs_rest,11,svm
812,cosg,0.6488409579326198,0.5333333333333333,0.6557377049180327,0.851063829787234,FCGR3A Monocytes_vs_rest,11,svm
813,cosg,0.6983635762990364,0.5657894736842105,0.6991869918699187,0.9148936170212766,FCGR3A Monocytes_vs_rest,12,svm
814,cosg,0.6606460515647289,0.525,0.6614173228346457,0.8936170212765957,FCGR3A Monocytes_vs_rest,12,svm
815,cosg,0.6488409579326198,0.5333333333333333,0.6557377049180327,0.851063829787234,FCGR3A Monocytes_vs_rest,12,svm
816,cosg,0.6606460515647289,0.525,0.6614173228346457,0.8936170212765957,FCGR3A Monocytes_vs_rest,13,svm
817,cosg,0.6802195022789329,0.5526315789473685,0.6829268292682927,0.8936170212765957,FCGR3A Monocytes_vs_rest,13,svm
818,cosg,0.630589065242773,0.52,0.639344262295082,0.8297872340425532,FCGR3A Monocytes_vs_rest,13,svm
819,cosg,0.675190006792019,0.5454545454545454,0.6774193548387096,0.8936170212765957,FCGR3A Monocytes_vs_rest,14,svm
820,cosg,0.6802195022789329,0.5526315789473685,0.6829268292682927,0.8936170212765957,FCGR3A Monocytes_vs_rest,14,svm
821,cosg,0.630589065242773,0.52,0.639344262295082,0.8297872340425532,FCGR3A Monocytes_vs_rest,14,svm
822,cosg,0.6681233801122203,0.5116279069767442,0.6616541353383458,0.9361702127659575,FCGR3A Monocytes_vs_rest,15,svm
823,cosg,0.6094365934509616,0.45652173913043476,0.60431654676259,0.8936170212765957,FCGR3A Monocytes_vs_rest,15,svm
824,cosg,0.6348677244952888,0.46808510638297873,0.624113475177305,0.9361702127659575,FCGR3A Monocytes_vs_rest,15,svm
825,cosg,0.6643089501654618,0.5180722891566265,0.6615384615384615,0.9148936170212766,FCGR3A Monocytes_vs_rest,16,svm
826,cosg,0.5928901360011953,0.42574257425742573,0.581081081081081,0.9148936170212766,FCGR3A Monocytes_vs_rest,16,svm
827,cosg,0.6348677244952888,0.46808510638297873,0.624113475177305,0.9361702127659575,FCGR3A Monocytes_vs_rest,16,svm
828,cosg,0.683239775288046,0.5443037974683544,0.6825396825396826,0.9148936170212766,FCGR3A Monocytes_vs_rest,17,svm
829,cosg,0.5928901360011953,0.42574257425742573,0.581081081081081,0.9148936170212766,FCGR3A Monocytes_vs_rest,17,svm
830,cosg,0.6961145760250912,0.55,0.6929133858267716,0.9361702127659575,FCGR3A Monocytes_vs_rest,17,svm
831,cosg,0.683239775288046,0.5443037974683544,0.6825396825396826,0.9148936170212766,FCGR3A Monocytes_vs_rest,18,svm
832,cosg,0.5608474878239837,0.40594059405940597,0.5540540540540541,0.8723404255319149,FCGR3A Monocytes_vs_rest,18,svm
833,cosg,0.675190006792019,0.5454545454545454,0.6774193548387096,0.8936170212765957,FCGR3A Monocytes_vs_rest,18,svm
834,cosg,0.683239775288046,0.5443037974683544,0.6825396825396826,0.9148936170212766,FCGR3A Monocytes_vs_rest,19,svm
835,cosg,0.564192156230012,0.41,0.5578231292517006,0.8723404255319149,FCGR3A Monocytes_vs_rest,19,svm
836,cosg,0.675190006792019,0.5454545454545454,0.6774193548387096,0.8936170212765957,FCGR3A Monocytes_vs_rest,19,svm
837,cosg,0.7112669496410174,0.5714285714285714,0.7096774193548387,0.9361702127659575,FCGR3A Monocytes_vs_rest,20,svm
838,cosg,0.5780559361777352,0.4270833333333333,0.5734265734265734,0.8723404255319149,FCGR3A Monocytes_vs_rest,20,svm
839,cosg,0.683239775288046,0.5443037974683544,0.6825396825396826,0.9148936170212766,FCGR3A Monocytes_vs_rest,20,svm
840,scanpy_wilcoxon,0.5189600157940144,0.3194444444444444,0.4816753926701571,0.9787234042553191,FCGR3A Monocytes_vs_rest,1,svm
841,scanpy_wilcoxon,0.4972474151479064,0.2919254658385093,0.4519230769230769,1.0,FCGR3A Monocytes_vs_rest,1,svm
842,scanpy_wilcoxon,0.5112352270086753,0.3051948051948052,0.46766169154228854,1.0,FCGR3A Monocytes_vs_rest,1,svm
843,scanpy_wilcoxon,0.5472974376156166,0.3484848484848485,0.5139664804469274,0.9787234042553191,FCGR3A Monocytes_vs_rest,2,svm
844,scanpy_wilcoxon,0.4953173720258297,0.29012345679012347,0.44976076555023925,1.0,FCGR3A Monocytes_vs_rest,2,svm
845,scanpy_wilcoxon,0.5196281582235435,0.31333333333333335,0.47715736040609136,1.0,FCGR3A Monocytes_vs_rest,2,svm
846,scanpy_wilcoxon,0.5682664993700822,0.3709677419354839,0.5380116959064327,0.9787234042553191,FCGR3A Monocytes_vs_rest,3,svm
847,scanpy_wilcoxon,0.5283365107613472,0.3219178082191781,0.48704663212435234,1.0,FCGR3A Monocytes_vs_rest,3,svm
848,scanpy_wilcoxon,0.5492007972506767,0.34306569343065696,0.5108695652173914,1.0,FCGR3A Monocytes_vs_rest,3,svm
849,scanpy_wilcoxon,0.6232734020703384,0.4339622641509434,0.6013071895424836,0.9787234042553191,FCGR3A Monocytes_vs_rest,4,svm
850,scanpy_wilcoxon,0.5472974376156166,0.3484848484848485,0.5139664804469274,0.9787234042553191,FCGR3A Monocytes_vs_rest,4,svm
851,scanpy_wilcoxon,0.6032950307819852,0.4017094017094017,0.573170731707317,1.0,FCGR3A Monocytes_vs_rest,4,svm
852,scanpy_wilcoxon,0.8294028563033863,0.7377049180327869,0.8333333333333334,0.9574468085106383,FCGR3A Monocytes_vs_rest,5,svm
853,scanpy_wilcoxon,0.7751469392858158,0.6521739130434783,0.7758620689655172,0.9574468085106383,FCGR3A Monocytes_vs_rest,5,svm
854,scanpy_wilcoxon,0.7943712383550141,0.6818181818181818,0.7964601769911505,0.9574468085106383,FCGR3A Monocytes_vs_rest,5,svm
855,scanpy_wilcoxon,0.8220695953370649,0.7258064516129032,0.8256880733944955,0.9574468085106383,FCGR3A Monocytes_vs_rest,6,svm
856,scanpy_wilcoxon,0.7751469392858158,0.6521739130434783,0.7758620689655172,0.9574468085106383,FCGR3A Monocytes_vs_rest,6,svm
857,scanpy_wilcoxon,0.7878247279870934,0.6716417910447762,0.7894736842105263,0.9574468085106383,FCGR3A Monocytes_vs_rest,6,svm
858,scanpy_wilcoxon,0.8275146300846176,0.71875,0.8288288288288288,0.9787234042553191,FCGR3A Monocytes_vs_rest,7,svm
859,scanpy_wilcoxon,0.7751469392858158,0.6521739130434783,0.7758620689655172,0.9574468085106383,FCGR3A Monocytes_vs_rest,7,svm
860,scanpy_wilcoxon,0.7878247279870934,0.6716417910447762,0.7894736842105263,0.9574468085106383,FCGR3A Monocytes_vs_rest,7,svm
861,scanpy_wilcoxon,0.8079062173564278,0.703125,0.8108108108108109,0.9574468085106383,FCGR3A Monocytes_vs_rest,8,svm
862,scanpy_wilcoxon,0.7629902448360706,0.6338028169014085,0.7627118644067796,0.9574468085106383,FCGR3A Monocytes_vs_rest,8,svm
863,scanpy_wilcoxon,0.7878247279870934,0.6716417910447762,0.7894736842105263,0.9574468085106383,FCGR3A Monocytes_vs_rest,8,svm
864,scanpy_wilcoxon,0.8275146300846176,0.71875,0.8288288288288288,0.9787234042553191,FCGR3A Monocytes_vs_rest,9,svm
865,scanpy_wilcoxon,0.7690057743578111,0.6428571428571429,0.7692307692307693,0.9574468085106383,FCGR3A Monocytes_vs_rest,9,svm
866,scanpy_wilcoxon,0.8010631909160536,0.6923076923076923,0.8035714285714286,0.9574468085106383,FCGR3A Monocytes_vs_rest,9,svm
867,scanpy_wilcoxon,0.8205335621667983,0.7076923076923077,0.8214285714285714,0.9787234042553191,FCGR3A Monocytes_vs_rest,10,svm
868,scanpy_wilcoxon,0.7814183183605629,0.6617647058823529,0.782608695652174,0.9574468085106383,FCGR3A Monocytes_vs_rest,10,svm
869,scanpy_wilcoxon,0.7878247279870934,0.6716417910447762,0.7894736842105263,0.9574468085106383,FCGR3A Monocytes_vs_rest,10,svm
870,scanpy_wilcoxon,0.8205335621667983,0.7076923076923077,0.8214285714285714,0.9787234042553191,FCGR3A Monocytes_vs_rest,11,svm
871,scanpy_wilcoxon,0.7751469392858158,0.6521739130434783,0.7758620689655172,0.9574468085106383,FCGR3A Monocytes_vs_rest,11,svm
872,scanpy_wilcoxon,0.7943712383550141,0.6818181818181818,0.7964601769911505,0.9574468085106383,FCGR3A Monocytes_vs_rest,11,svm
873,scanpy_wilcoxon,0.8346561227620627,0.7301587301587301,0.8363636363636363,0.9787234042553191,FCGR3A Monocytes_vs_rest,12,svm
874,scanpy_wilcoxon,0.7751469392858158,0.6521739130434783,0.7758620689655172,0.9574468085106383,FCGR3A Monocytes_vs_rest,12,svm
875,scanpy_wilcoxon,0.7943712383550141,0.6818181818181818,0.7964601769911505,0.9574468085106383,FCGR3A Monocytes_vs_rest,12,svm
876,scanpy_wilcoxon,0.8275146300846176,0.71875,0.8288288288288288,0.9787234042553191,FCGR3A Monocytes_vs_rest,13,svm
877,scanpy_wilcoxon,0.7814183183605629,0.6617647058823529,0.782608695652174,0.9574468085106383,FCGR3A Monocytes_vs_rest,13,svm
878,scanpy_wilcoxon,0.7751469392858158,0.6521739130434783,0.7758620689655172,0.9574468085106383,FCGR3A Monocytes_vs_rest,13,svm
879,scanpy_wilcoxon,0.8205335621667983,0.7076923076923077,0.8214285714285714,0.9787234042553191,FCGR3A Monocytes_vs_rest,14,svm
880,scanpy_wilcoxon,0.7751469392858158,0.6521739130434783,0.7758620689655172,0.9574468085106383,FCGR3A Monocytes_vs_rest,14,svm
881,scanpy_wilcoxon,0.7814183183605629,0.6617647058823529,0.782608695652174,0.9574468085106383,FCGR3A Monocytes_vs_rest,14,svm
882,scanpy_wilcoxon,0.8205335621667983,0.7076923076923077,0.8214285714285714,0.9787234042553191,FCGR3A Monocytes_vs_rest,15,svm
883,scanpy_wilcoxon,0.7751469392858158,0.6521739130434783,0.7758620689655172,0.9574468085106383,FCGR3A Monocytes_vs_rest,15,svm
884,scanpy_wilcoxon,0.7751469392858158,0.6521739130434783,0.7758620689655172,0.9574468085106383,FCGR3A Monocytes_vs_rest,15,svm
885,scanpy_wilcoxon,0.8346561227620627,0.7301587301587301,0.8363636363636363,0.9787234042553191,FCGR3A Monocytes_vs_rest,16,svm
886,scanpy_wilcoxon,0.7751469392858158,0.6521739130434783,0.7758620689655172,0.9574468085106383,FCGR3A Monocytes_vs_rest,16,svm
887,scanpy_wilcoxon,0.7751469392858158,0.6521739130434783,0.7758620689655172,0.9574468085106383,FCGR3A Monocytes_vs_rest,16,svm
888,scanpy_wilcoxon,0.8369130611406563,0.75,0.8411214953271028,0.9574468085106383,FCGR3A Monocytes_vs_rest,17,svm
889,scanpy_wilcoxon,0.7513188771844767,0.6164383561643836,0.75,0.9574468085106383,FCGR3A Monocytes_vs_rest,17,svm
890,scanpy_wilcoxon,0.7751469392858158,0.6521739130434783,0.7758620689655172,0.9574468085106383,FCGR3A Monocytes_vs_rest,17,svm
891,scanpy_wilcoxon,0.8369130611406563,0.75,0.8411214953271028,0.9574468085106383,FCGR3A Monocytes_vs_rest,18,svm
892,scanpy_wilcoxon,0.7570959947593132,0.625,0.7563025210084033,0.9574468085106383,FCGR3A Monocytes_vs_rest,18,svm
893,scanpy_wilcoxon,0.7690057743578111,0.6428571428571429,0.7692307692307693,0.9574468085106383,FCGR3A Monocytes_vs_rest,18,svm
894,scanpy_wilcoxon,0.8369130611406563,0.75,0.8411214953271028,0.9574468085106383,FCGR3A Monocytes_vs_rest,19,svm
895,scanpy_wilcoxon,0.7629902448360706,0.6338028169014085,0.7627118644067796,0.9574468085106383,FCGR3A Monocytes_vs_rest,19,svm
896,scanpy_wilcoxon,0.7690057743578111,0.6428571428571429,0.7692307692307693,0.9574468085106383,FCGR3A Monocytes_vs_rest,19,svm
897,scanpy_wilcoxon,0.8079062173564278,0.703125,0.8108108108108109,0.9574468085106383,FCGR3A Monocytes_vs_rest,20,svm
898,scanpy_wilcoxon,0.7629902448360706,0.6338028169014085,0.7627118644067796,0.9574468085106383,FCGR3A Monocytes_vs_rest,20,svm
899,scanpy_wilcoxon,0.7570959947593132,0.625,0.7563025210084033,0.9574468085106383,FCGR3A Monocytes_vs_rest,20,svm
900,scanpy_t-test,0.4801851960305247,0.2822085889570552,0.4380952380952381,0.9787234042553191,FCGR3A Monocytes_vs_rest,1,svm
901,scanpy_t-test,0.45819874364583596,0.2568306010928962,0.40869565217391307,1.0,FCGR3A Monocytes_vs_rest,1,svm
902,scanpy_t-test,0.47335874626061464,0.27011494252873564,0.4253393665158371,1.0,FCGR3A Monocytes_vs_rest,1,svm
903,scanpy_t-test,0.5059890814914878,0.30666666666666664,0.467005076142132,0.9787234042553191,FCGR3A Monocytes_vs_rest,2,svm
904,scanpy_t-test,0.46920514346595826,0.27218934911242604,0.42592592592592593,0.9787234042553191,FCGR3A Monocytes_vs_rest,2,svm
905,scanpy_t-test,0.49571405239971367,0.2967741935483871,0.45544554455445546,0.9787234042553191,FCGR3A Monocytes_vs_rest,2,svm
906,scanpy_t-test,0.5682664993700822,0.3709677419354839,0.5380116959064327,0.9787234042553191,FCGR3A Monocytes_vs_rest,3,svm
907,scanpy_t-test,0.5283365107613472,0.3219178082191781,0.48704663212435234,1.0,FCGR3A Monocytes_vs_rest,3,svm
908,scanpy_t-test,0.5492007972506767,0.34306569343065696,0.5108695652173914,1.0,FCGR3A Monocytes_vs_rest,3,svm
909,scanpy_t-test,0.5738068120243526,0.3770491803278688,0.5443786982248521,0.9787234042553191,FCGR3A Monocytes_vs_rest,4,svm
910,scanpy_t-test,0.5239415838045454,0.31756756756756754,0.48205128205128206,1.0,FCGR3A Monocytes_vs_rest,4,svm
911,scanpy_t-test,0.5492007972506767,0.34306569343065696,0.5108695652173914,1.0,FCGR3A Monocytes_vs_rest,4,svm
912,scanpy_t-test,0.5710208526101452,0.37398373983739835,0.5411764705882353,0.9787234042553191,FCGR3A Monocytes_vs_rest,5,svm
913,scanpy_t-test,0.5196281582235435,0.31333333333333335,0.47715736040609136,1.0,FCGR3A Monocytes_vs_rest,5,svm
914,scanpy_t-test,0.5565847979269481,0.35074626865671643,0.5193370165745856,1.0,FCGR3A Monocytes_vs_rest,5,svm
915,scanpy_t-test,0.5852799542479545,0.3898305084745763,0.5575757575757576,0.9787234042553191,FCGR3A Monocytes_vs_rest,6,svm
916,scanpy_t-test,0.5217748535459449,0.31543624161073824,0.47959183673469385,1.0,FCGR3A Monocytes_vs_rest,6,svm
917,scanpy_t-test,0.559097666184583,0.3533834586466165,0.5222222222222223,1.0,FCGR3A Monocytes_vs_rest,6,svm
918,scanpy_t-test,0.5852799542479545,0.3898305084745763,0.5575757575757576,0.9787234042553191,FCGR3A Monocytes_vs_rest,7,svm
919,scanpy_t-test,0.5305654086520669,0.32413793103448274,0.4895833333333333,1.0,FCGR3A Monocytes_vs_rest,7,svm
920,scanpy_t-test,0.559097666184583,0.3533834586466165,0.5222222222222223,1.0,FCGR3A Monocytes_vs_rest,7,svm
921,scanpy_t-test,0.6267135824281561,0.4380952380952381,0.6052631578947368,0.9787234042553191,FCGR3A Monocytes_vs_rest,8,svm
922,scanpy_t-test,0.5747510254139572,0.3700787401574803,0.5402298850574713,1.0,FCGR3A Monocytes_vs_rest,8,svm
923,scanpy_t-test,0.6188939504922443,0.41964285714285715,0.5911949685534591,1.0,FCGR3A Monocytes_vs_rest,8,svm
924,scanpy_t-test,0.6638907597111828,0.4842105263157895,0.647887323943662,0.9787234042553191,FCGR3A Monocytes_vs_rest,9,svm
925,scanpy_t-test,0.5973169570953587,0.3949579831932773,0.5662650602409639,1.0,FCGR3A Monocytes_vs_rest,9,svm
926,scanpy_t-test,0.619878965042991,0.42990654205607476,0.5974025974025974,0.9787234042553191,FCGR3A Monocytes_vs_rest,9,svm
927,scanpy_t-test,0.6599265194132085,0.4791666666666667,0.6433566433566433,0.9787234042553191,FCGR3A Monocytes_vs_rest,10,svm
928,scanpy_t-test,0.5943808464309956,0.39166666666666666,0.562874251497006,1.0,FCGR3A Monocytes_vs_rest,10,svm
929,scanpy_t-test,0.619878965042991,0.42990654205607476,0.5974025974025974,0.9787234042553191,FCGR3A Monocytes_vs_rest,10,svm
930,scanpy_t-test,0.6679150618466045,0.48936170212765956,0.6524822695035462,0.9787234042553191,FCGR3A Monocytes_vs_rest,11,svm
931,scanpy_t-test,0.5914790511660352,0.3884297520661157,0.5595238095238095,1.0,FCGR3A Monocytes_vs_rest,11,svm
932,scanpy_t-test,0.6302005965691923,0.4423076923076923,0.609271523178808,0.9787234042553191,FCGR3A Monocytes_vs_rest,11,svm
933,scanpy_t-test,0.6720010267587583,0.4946236559139785,0.6571428571428571,0.9787234042553191,FCGR3A Monocytes_vs_rest,12,svm
934,scanpy_t-test,0.6032950307819852,0.4017094017094017,0.573170731707317,1.0,FCGR3A Monocytes_vs_rest,12,svm
935,scanpy_t-test,0.6232734020703384,0.4339622641509434,0.6013071895424836,0.9787234042553191,FCGR3A Monocytes_vs_rest,12,svm
936,scanpy_t-test,0.6720010267587583,0.4946236559139785,0.6571428571428571,0.9787234042553191,FCGR3A Monocytes_vs_rest,13,svm
937,scanpy_t-test,0.5973169570953587,0.3949579831932773,0.5662650602409639,1.0,FCGR3A Monocytes_vs_rest,13,svm
938,scanpy_t-test,0.6337355717634292,0.44660194174757284,0.6133333333333333,0.9787234042553191,FCGR3A Monocytes_vs_rest,13,svm
939,scanpy_t-test,0.6720010267587583,0.4946236559139785,0.6571428571428571,0.9787234042553191,FCGR3A Monocytes_vs_rest,14,svm
940,scanpy_t-test,0.600288104340695,0.3983050847457627,0.5696969696969697,1.0,FCGR3A Monocytes_vs_rest,14,svm
941,scanpy_t-test,0.6337355717634292,0.44660194174757284,0.6133333333333333,0.9787234042553191,FCGR3A Monocytes_vs_rest,14,svm
942,scanpy_t-test,0.6979094045366664,0.5287356321839081,0.6865671641791045,0.9787234042553191,FCGR3A Monocytes_vs_rest,15,svm
943,scanpy_t-test,0.6165292161760797,0.42592592592592593,0.5935483870967742,0.9787234042553191,FCGR3A Monocytes_vs_rest,15,svm
944,scanpy_t-test,0.6560207977294311,0.4742268041237113,0.6388888888888888,0.9787234042553191,FCGR3A Monocytes_vs_rest,15,svm
945,scanpy_t-test,0.8079062173564278,0.703125,0.8108108108108109,0.9574468085106383,FCGR3A Monocytes_vs_rest,16,svm
946,scanpy_t-test,0.7814183183605629,0.6617647058823529,0.782608695652174,0.9574468085106383,FCGR3A Monocytes_vs_rest,16,svm
947,scanpy_t-test,0.7814183183605629,0.6617647058823529,0.782608695652174,0.9574468085106383,FCGR3A Monocytes_vs_rest,16,svm
948,scanpy_t-test,0.8220695953370649,0.7258064516129032,0.8256880733944955,0.9574468085106383,FCGR3A Monocytes_vs_rest,17,svm
949,scanpy_t-test,0.7751469392858158,0.6521739130434783,0.7758620689655172,0.9574468085106383,FCGR3A Monocytes_vs_rest,17,svm
950,scanpy_t-test,0.7814183183605629,0.6617647058823529,0.782608695652174,0.9574468085106383,FCGR3A Monocytes_vs_rest,17,svm
951,scanpy_t-test,0.8079062173564278,0.703125,0.8108108108108109,0.9574468085106383,FCGR3A Monocytes_vs_rest,18,svm
952,scanpy_t-test,0.7629902448360706,0.6338028169014085,0.7627118644067796,0.9574468085106383,FCGR3A Monocytes_vs_rest,18,svm
953,scanpy_t-test,0.7814183183605629,0.6617647058823529,0.782608695652174,0.9574468085106383,FCGR3A Monocytes_vs_rest,18,svm
954,scanpy_t-test,0.8079062173564278,0.703125,0.8108108108108109,0.9574468085106383,FCGR3A Monocytes_vs_rest,19,svm
955,scanpy_t-test,0.7629902448360706,0.6338028169014085,0.7627118644067796,0.9574468085106383,FCGR3A Monocytes_vs_rest,19,svm
956,scanpy_t-test,0.7690057743578111,0.6428571428571429,0.7692307692307693,0.9574468085106383,FCGR3A Monocytes_vs_rest,19,svm
957,scanpy_t-test,0.8079062173564278,0.703125,0.8108108108108109,0.9574468085106383,FCGR3A Monocytes_vs_rest,20,svm
958,scanpy_t-test,0.7570959947593132,0.625,0.7563025210084033,0.9574468085106383,FCGR3A Monocytes_vs_rest,20,svm
959,scanpy_t-test,0.7690057743578111,0.6428571428571429,0.7692307692307693,0.9574468085106383,FCGR3A Monocytes_vs_rest,20,svm
960,yomix,0.675654726115641,0.5108695652173914,0.6666666666666666,0.9591836734693877,NK_vs_rest,1,svm
961,yomix,0.6157348644103996,0.4351851851851852,0.5987261146496815,0.9591836734693877,NK_vs_rest,1,svm
962,yomix,0.585191083086772,0.4166666666666667,0.5732484076433121,0.9183673469387755,NK_vs_rest,1,svm
963,yomix,0.8312817314873281,0.7101449275362319,0.8305084745762712,1.0,NK_vs_rest,2,svm
964,yomix,0.7819187851679757,0.6486486486486487,0.7804878048780488,0.9795918367346939,NK_vs_rest,2,svm
965,yomix,0.7948390499528625,0.696969696969697,0.8,0.9387755102040817,NK_vs_rest,2,svm
966,yomix,0.7769721241766612,0.6282051282051282,0.7716535433070866,1.0,NK_vs_rest,3,svm
967,yomix,0.7940220798296896,0.6533333333333333,0.7903225806451613,1.0,NK_vs_rest,3,svm
968,yomix,0.7403233788455624,0.6133333333333333,0.7419354838709677,0.9387755102040817,NK_vs_rest,3,svm
969,yomix,0.7769721241766612,0.6282051282051282,0.7716535433070866,1.0,NK_vs_rest,4,svm
970,yomix,0.7940220798296896,0.6533333333333333,0.7903225806451613,1.0,NK_vs_rest,4,svm
971,yomix,0.7661232396319617,0.6125,0.7596899224806202,1.0,NK_vs_rest,4,svm
972,yomix,0.7825485506891784,0.6363636363636364,0.7777777777777778,1.0,NK_vs_rest,5,svm
973,yomix,0.8062881396494636,0.6857142857142857,0.8067226890756303,0.9795918367346939,NK_vs_rest,5,svm
974,yomix,0.7878294482874063,0.6575342465753424,0.7868852459016393,0.9795918367346939,NK_vs_rest,5,svm
975,yomix,0.8120890098334839,0.6805555555555556,0.8099173553719008,1.0,NK_vs_rest,6,svm
976,yomix,0.8259303873086019,0.7164179104477612,0.8275862068965517,0.9795918367346939,NK_vs_rest,6,svm
977,yomix,0.837950684146646,0.7205882352941176,0.8376068376068376,1.0,NK_vs_rest,6,svm
978,yomix,0.8447636832159066,0.7313432835820896,0.8448275862068966,1.0,NK_vs_rest,7,svm
979,yomix,0.8517261390150952,0.7424242424242424,0.8521739130434782,1.0,NK_vs_rest,7,svm
980,yomix,0.8259303873086019,0.7164179104477612,0.8275862068965517,0.9795918367346939,NK_vs_rest,7,svm
981,yomix,0.8735688160911177,0.7777777777777778,0.875,1.0,NK_vs_rest,8,svm
982,yomix,0.8735688160911177,0.7777777777777778,0.875,1.0,NK_vs_rest,8,svm
983,yomix,0.8259303873086019,0.7164179104477612,0.8275862068965517,0.9795918367346939,NK_vs_rest,8,svm
984,yomix,0.8889910815548631,0.8032786885245902,0.8909090909090909,1.0,NK_vs_rest,9,svm
985,yomix,0.8735688160911177,0.7777777777777778,0.875,1.0,NK_vs_rest,9,svm
986,yomix,0.8468926285171959,0.75,0.8495575221238938,0.9795918367346939,NK_vs_rest,9,svm
987,yomix,0.9051688805823509,0.8305084745762712,0.9074074074074074,1.0,NK_vs_rest,10,svm
988,yomix,0.866122529944536,0.765625,0.8672566371681416,1.0,NK_vs_rest,10,svm
989,yomix,0.8693344485781901,0.7868852459016393,0.8727272727272727,0.9795918367346939,NK_vs_rest,10,svm
990,yomix,0.9051688805823509,0.8305084745762712,0.9074074074074074,1.0,NK_vs_rest,11,svm
991,yomix,0.866122529944536,0.765625,0.8672566371681416,1.0,NK_vs_rest,11,svm
992,yomix,0.8852091469347405,0.8135593220338984,0.8888888888888888,0.9795918367346939,NK_vs_rest,11,svm
993,yomix,0.9051688805823509,0.8305084745762712,0.9074074074074074,1.0,NK_vs_rest,12,svm
994,yomix,0.8889910815548631,0.8032786885245902,0.8909090909090909,1.0,NK_vs_rest,12,svm
995,yomix,0.9051688805823509,0.8305084745762712,0.9074074074074074,1.0,NK_vs_rest,12,svm
996,yomix,0.9051688805823509,0.8305084745762712,0.9074074074074074,1.0,NK_vs_rest,13,svm
997,yomix,0.913561242082956,0.8448275862068966,0.9158878504672897,1.0,NK_vs_rest,13,svm
998,yomix,0.8934438950404797,0.8275862068965517,0.897196261682243,0.9795918367346939,NK_vs_rest,13,svm
999,yomix,0.922167632819031,0.8596491228070176,0.9245283018867925,1.0,NK_vs_rest,14,svm
1000,yomix,0.8934438950404797,0.8275862068965517,0.897196261682243,0.9795918367346939,NK_vs_rest,14,svm
1001,yomix,0.854200195326185,0.7619047619047619,0.8571428571428571,0.9795918367346939,NK_vs_rest,14,svm
1002,yomix,0.9309975257761676,0.875,0.9333333333333333,1.0,NK_vs_rest,15,svm
1003,yomix,0.9051688805823509,0.8305084745762712,0.9074074074074074,1.0,NK_vs_rest,15,svm
1004,yomix,0.849677815601517,0.7704918032786885,0.8545454545454545,0.9591836734693877,NK_vs_rest,15,svm
1005,yomix,0.9309975257761676,0.875,0.9333333333333333,1.0,NK_vs_rest,16,svm
1006,yomix,0.913561242082956,0.8448275862068966,0.9158878504672897,1.0,NK_vs_rest,16,svm
1007,yomix,0.849677815601517,0.7704918032786885,0.8545454545454545,0.9591836734693877,NK_vs_rest,16,svm
1008,yomix,0.922167632819031,0.8596491228070176,0.9245283018867925,1.0,NK_vs_rest,17,svm
1009,yomix,0.922167632819031,0.8596491228070176,0.9245283018867925,1.0,NK_vs_rest,17,svm
1010,yomix,0.901888394579612,0.8421052631578947,0.9056603773584906,0.9795918367346939,NK_vs_rest,17,svm
1011,yomix,0.922167632819031,0.8596491228070176,0.9245283018867925,1.0,NK_vs_rest,18,svm
1012,yomix,0.922167632819031,0.8596491228070176,0.9245283018867925,1.0,NK_vs_rest,18,svm
1013,yomix,0.901888394579612,0.8421052631578947,0.9056603773584906,0.9795918367346939,NK_vs_rest,18,svm
1014,yomix,0.913561242082956,0.8448275862068966,0.9158878504672897,1.0,NK_vs_rest,19,svm
1015,yomix,0.910551927938581,0.8571428571428571,0.9142857142857143,0.9795918367346939,NK_vs_rest,19,svm
1016,yomix,0.8934438950404797,0.8275862068965517,0.897196261682243,0.9795918367346939,NK_vs_rest,19,svm
1017,yomix,0.8889910815548631,0.8032786885245902,0.8909090909090909,1.0,NK_vs_rest,20,svm
1018,yomix,0.910551927938581,0.8571428571428571,0.9142857142857143,0.9795918367346939,NK_vs_rest,20,svm
1019,yomix,0.8901063301009944,0.8392857142857143,0.8952380952380953,0.9591836734693877,NK_vs_rest,20,svm
1020,cosg,0.5917336860234271,0.7931034482758621,0.5897435897435898,0.46938775510204084,NK_vs_rest,1,svm
1021,cosg,0.4886610485445936,0.6451612903225806,0.5,0.40816326530612246,NK_vs_rest,1,svm
1022,cosg,0.5156856662701238,0.6774193548387096,0.525,0.42857142857142855,NK_vs_rest,1,svm
1023,cosg,0.5981355214485936,0.7222222222222222,0.611764705882353,0.5306122448979592,NK_vs_rest,2,svm
1024,cosg,0.5313687574907497,0.6097560975609756,0.5555555555555556,0.5102040816326531,NK_vs_rest,2,svm
1025,cosg,0.5713179667610407,0.6666666666666666,0.5909090909090909,0.5306122448979592,NK_vs_rest,2,svm
1026,cosg,0.6927548814523582,0.75,0.7096774193548387,0.673469387755102,NK_vs_rest,3,svm
1027,cosg,0.5866728925756036,0.6122448979591837,0.6122448979591837,0.6122448979591837,NK_vs_rest,3,svm
1028,cosg,0.6161536457170255,0.6666666666666666,0.6382978723404256,0.6122448979591837,NK_vs_rest,3,svm
1029,cosg,0.7000272348491413,0.6212121212121212,0.7130434782608696,0.8367346938775511,NK_vs_rest,4,svm
1030,cosg,0.6401162244403796,0.5571428571428572,0.6554621848739496,0.7959183673469388,NK_vs_rest,4,svm
1031,cosg,0.7139704089777502,0.6142857142857143,0.7226890756302521,0.8775510204081632,NK_vs_rest,4,svm
1032,cosg,0.7257074309313776,0.6323529411764706,0.7350427350427351,0.8775510204081632,NK_vs_rest,5,svm
1033,cosg,0.6791222983044871,0.5753424657534246,0.6885245901639344,0.8571428571428571,NK_vs_rest,5,svm
1034,cosg,0.7170553859243274,0.5921052631578947,0.72,0.9183673469387755,NK_vs_rest,5,svm
1035,cosg,0.7257074309313776,0.6323529411764706,0.7350427350427351,0.8775510204081632,NK_vs_rest,6,svm
1036,cosg,0.6791222983044871,0.5753424657534246,0.6885245901639344,0.8571428571428571,NK_vs_rest,6,svm
1037,cosg,0.7170553859243274,0.5921052631578947,0.72,0.9183673469387755,NK_vs_rest,6,svm
1038,cosg,0.7257074309313776,0.6323529411764706,0.7350427350427351,0.8775510204081632,NK_vs_rest,7,svm
1039,cosg,0.6791222983044871,0.5753424657534246,0.6885245901639344,0.8571428571428571,NK_vs_rest,7,svm
1040,cosg,0.7170553859243274,0.5921052631578947,0.72,0.9183673469387755,NK_vs_rest,7,svm
1041,cosg,0.8000098919379793,0.676056338028169,0.8,0.9795918367346939,NK_vs_rest,8,svm
1042,cosg,0.7882307043416814,0.6447368421052632,0.784,1.0,NK_vs_rest,8,svm
1043,cosg,0.7878294482874063,0.6575342465753424,0.7868852459016393,0.9795918367346939,NK_vs_rest,8,svm
1044,cosg,0.8327637759943509,0.7272727272727273,0.8347826086956521,0.9795918367346939,NK_vs_rest,9,svm
1045,cosg,0.8192434752774346,0.7058823529411765,0.8205128205128205,0.9795918367346939,NK_vs_rest,9,svm
1046,cosg,0.8005362664082232,0.6911764705882353,0.8034188034188035,0.9591836734693877,NK_vs_rest,9,svm
1047,cosg,0.8259303873086019,0.7164179104477612,0.8275862068965517,0.9795918367346939,NK_vs_rest,10,svm
1048,cosg,0.8000098919379793,0.676056338028169,0.8,0.9795918367346939,NK_vs_rest,10,svm
1049,cosg,0.8005362664082232,0.6911764705882353,0.8034188034188035,0.9591836734693877,NK_vs_rest,10,svm
1050,cosg,0.8259303873086019,0.7164179104477612,0.8275862068965517,0.9795918367346939,NK_vs_rest,11,svm
1051,cosg,0.8192434752774346,0.7058823529411765,0.8205128205128205,0.9795918367346939,NK_vs_rest,11,svm
1052,cosg,0.8005362664082232,0.6911764705882353,0.8034188034188035,0.9591836734693877,NK_vs_rest,11,svm
1053,cosg,0.8259303873086019,0.7164179104477612,0.8275862068965517,0.9795918367346939,NK_vs_rest,12,svm
1054,cosg,0.8192434752774346,0.7058823529411765,0.8205128205128205,0.9795918367346939,NK_vs_rest,12,svm
1055,cosg,0.8005362664082232,0.6911764705882353,0.8034188034188035,0.9591836734693877,NK_vs_rest,12,svm
1056,cosg,0.8693344485781901,0.7868852459016393,0.8727272727272727,0.9795918367346939,NK_vs_rest,13,svm
1057,cosg,0.8192434752774346,0.7058823529411765,0.8205128205128205,0.9795918367346939,NK_vs_rest,13,svm
1058,cosg,0.8138014129736068,0.7121212121212122,0.8173913043478261,0.9591836734693877,NK_vs_rest,13,svm
1059,cosg,0.8532092009555272,0.7931034482758621,0.8598130841121495,0.9387755102040817,NK_vs_rest,14,svm
1060,cosg,0.8397492267503981,0.7384615384615385,0.8421052631578947,0.9795918367346939,NK_vs_rest,14,svm
1061,cosg,0.789202924235176,0.703125,0.7964601769911505,0.9183673469387755,NK_vs_rest,14,svm
1062,cosg,0.8532092009555272,0.7931034482758621,0.8598130841121495,0.9387755102040817,NK_vs_rest,15,svm
1063,cosg,0.8397492267503981,0.7384615384615385,0.8421052631578947,0.9795918367346939,NK_vs_rest,15,svm
1064,cosg,0.789202924235176,0.703125,0.7964601769911505,0.9183673469387755,NK_vs_rest,15,svm
1065,cosg,0.842167672573485,0.7580645161290323,0.8468468468468469,0.9591836734693877,NK_vs_rest,16,svm
1066,cosg,0.8517261390150952,0.7424242424242424,0.8521739130434782,1.0,NK_vs_rest,16,svm
1067,cosg,0.789202924235176,0.703125,0.7964601769911505,0.9183673469387755,NK_vs_rest,16,svm
1068,cosg,0.842167672573485,0.7580645161290323,0.8468468468468469,0.9591836734693877,NK_vs_rest,17,svm
1069,cosg,0.8517261390150952,0.7424242424242424,0.8521739130434782,1.0,NK_vs_rest,17,svm
1070,cosg,0.789202924235176,0.703125,0.7964601769911505,0.9183673469387755,NK_vs_rest,17,svm
1071,cosg,0.8852091469347405,0.8135593220338984,0.8888888888888888,0.9795918367346939,NK_vs_rest,18,svm
1072,cosg,0.8348315745612521,0.746031746031746,0.8392857142857143,0.9591836734693877,NK_vs_rest,18,svm
1073,cosg,0.842167672573485,0.7580645161290323,0.8468468468468469,0.9591836734693877,NK_vs_rest,18,svm
1074,cosg,0.8852091469347405,0.8135593220338984,0.8888888888888888,0.9795918367346939,NK_vs_rest,19,svm
1075,cosg,0.8348315745612521,0.746031746031746,0.8392857142857143,0.9591836734693877,NK_vs_rest,19,svm
1076,cosg,0.842167672573485,0.7580645161290323,0.8468468468468469,0.9591836734693877,NK_vs_rest,19,svm
1077,cosg,0.8816091563401931,0.8245614035087719,0.8867924528301887,0.9591836734693877,NK_vs_rest,20,svm
1078,cosg,0.8616784897699455,0.7741935483870968,0.8648648648648649,0.9795918367346939,NK_vs_rest,20,svm
1079,cosg,0.8613299181007742,0.8070175438596491,0.8679245283018868,0.9387755102040817,NK_vs_rest,20,svm
1080,scanpy_wilcoxon,0.6597697199849156,0.48,0.6442953020134228,0.9795918367346939,NK_vs_rest,1,svm
1081,scanpy_wilcoxon,0.6605127154819856,0.47115384615384615,0.6405228758169934,1.0,NK_vs_rest,1,svm
1082,scanpy_wilcoxon,0.6327746585523606,0.4375,0.6086956521739131,1.0,NK_vs_rest,1,svm
1083,scanpy_wilcoxon,0.7608445324586062,0.6049382716049383,0.7538461538461538,1.0,NK_vs_rest,2,svm
1084,scanpy_wilcoxon,0.7882307043416814,0.6447368421052632,0.784,1.0,NK_vs_rest,2,svm
1085,scanpy_wilcoxon,0.7435481442239491,0.5925925925925926,0.7384615384615385,0.9795918367346939,NK_vs_rest,2,svm
1086,scanpy_wilcoxon,0.7769721241766612,0.6282051282051282,0.7716535433070866,1.0,NK_vs_rest,3,svm
1087,scanpy_wilcoxon,0.7940220798296896,0.6533333333333333,0.7903225806451613,1.0,NK_vs_rest,3,svm
1088,scanpy_wilcoxon,0.7403233788455624,0.6133333333333333,0.7419354838709677,0.9387755102040817,NK_vs_rest,3,svm
1089,scanpy_wilcoxon,0.8183556612408974,0.6901408450704225,0.8166666666666667,1.0,NK_vs_rest,4,svm
1090,scanpy_wilcoxon,0.8059473066178929,0.6712328767123288,0.8032786885245902,1.0,NK_vs_rest,4,svm
1091,scanpy_wilcoxon,0.7882307043416814,0.6447368421052632,0.784,1.0,NK_vs_rest,4,svm
1092,scanpy_wilcoxon,0.7769721241766612,0.6282051282051282,0.7716535433070866,1.0,NK_vs_rest,5,svm
1093,scanpy_wilcoxon,0.8120890098334839,0.6805555555555556,0.8099173553719008,1.0,NK_vs_rest,5,svm
1094,scanpy_wilcoxon,0.7882307043416814,0.6447368421052632,0.784,1.0,NK_vs_rest,5,svm
1095,scanpy_wilcoxon,0.7882307043416814,0.6447368421052632,0.784,1.0,NK_vs_rest,6,svm
1096,scanpy_wilcoxon,0.8120890098334839,0.6805555555555556,0.8099173553719008,1.0,NK_vs_rest,6,svm
1097,scanpy_wilcoxon,0.7825485506891784,0.6363636363636364,0.7777777777777778,1.0,NK_vs_rest,6,svm
1098,scanpy_wilcoxon,0.7882307043416814,0.6447368421052632,0.784,1.0,NK_vs_rest,7,svm
1099,scanpy_wilcoxon,0.8059473066178929,0.6712328767123288,0.8032786885245902,1.0,NK_vs_rest,7,svm
1100,scanpy_wilcoxon,0.7825485506891784,0.6363636363636364,0.7777777777777778,1.0,NK_vs_rest,7,svm
1101,scanpy_wilcoxon,0.7882307043416814,0.6447368421052632,0.784,1.0,NK_vs_rest,8,svm
1102,scanpy_wilcoxon,0.7999263361378227,0.6621621621621622,0.7967479674796748,1.0,NK_vs_rest,8,svm
1103,scanpy_wilcoxon,0.7825485506891784,0.6363636363636364,0.7777777777777778,1.0,NK_vs_rest,8,svm
1104,scanpy_wilcoxon,0.7940220798296896,0.6533333333333333,0.7903225806451613,1.0,NK_vs_rest,9,svm
1105,scanpy_wilcoxon,0.7999263361378227,0.6621621621621622,0.7967479674796748,1.0,NK_vs_rest,9,svm
1106,scanpy_wilcoxon,0.7825485506891784,0.6363636363636364,0.7777777777777778,1.0,NK_vs_rest,9,svm
1107,scanpy_wilcoxon,0.8183556612408974,0.6901408450704225,0.8166666666666667,1.0,NK_vs_rest,10,svm
1108,scanpy_wilcoxon,0.8062881396494636,0.6857142857142857,0.8067226890756303,0.9795918367346939,NK_vs_rest,10,svm
1109,scanpy_wilcoxon,0.7882307043416814,0.6447368421052632,0.784,1.0,NK_vs_rest,10,svm
1110,scanpy_wilcoxon,0.8247516857838062,0.7,0.8235294117647058,1.0,NK_vs_rest,11,svm
1111,scanpy_wilcoxon,0.8126977381676013,0.6956521739130435,0.8135593220338984,0.9795918367346939,NK_vs_rest,11,svm
1112,scanpy_wilcoxon,0.7938584402249771,0.6666666666666666,0.7933884297520661,0.9795918367346939,NK_vs_rest,11,svm
1113,scanpy_wilcoxon,0.8059473066178929,0.6712328767123288,0.8032786885245902,1.0,NK_vs_rest,12,svm
1114,scanpy_wilcoxon,0.8000098919379793,0.676056338028169,0.8,0.9795918367346939,NK_vs_rest,12,svm
1115,scanpy_wilcoxon,0.8192434752774346,0.7058823529411765,0.8205128205128205,0.9795918367346939,NK_vs_rest,12,svm
1116,scanpy_wilcoxon,0.8312817314873281,0.7101449275362319,0.8305084745762712,1.0,NK_vs_rest,13,svm
1117,scanpy_wilcoxon,0.8192434752774346,0.7058823529411765,0.8205128205128205,0.9795918367346939,NK_vs_rest,13,svm
1118,scanpy_wilcoxon,0.8062881396494636,0.6857142857142857,0.8067226890756303,0.9795918367346939,NK_vs_rest,13,svm
1119,scanpy_wilcoxon,0.8312817314873281,0.7101449275362319,0.8305084745762712,1.0,NK_vs_rest,14,svm
1120,scanpy_wilcoxon,0.8259303873086019,0.7164179104477612,0.8275862068965517,0.9795918367346939,NK_vs_rest,14,svm
1121,scanpy_wilcoxon,0.8062881396494636,0.6857142857142857,0.8067226890756303,0.9795918367346939,NK_vs_rest,14,svm
1122,scanpy_wilcoxon,0.8312817314873281,0.7101449275362319,0.8305084745762712,1.0,NK_vs_rest,15,svm
1123,scanpy_wilcoxon,0.8259303873086019,0.7164179104477612,0.8275862068965517,0.9795918367346939,NK_vs_rest,15,svm
1124,scanpy_wilcoxon,0.8062881396494636,0.6857142857142857,0.8067226890756303,0.9795918367346939,NK_vs_rest,15,svm
1125,scanpy_wilcoxon,0.8517261390150952,0.7424242424242424,0.8521739130434782,1.0,NK_vs_rest,16,svm
1126,scanpy_wilcoxon,0.8397492267503981,0.7384615384615385,0.8421052631578947,0.9795918367346939,NK_vs_rest,16,svm
1127,scanpy_wilcoxon,0.7941137448478743,0.6811594202898551,0.7966101694915254,0.9591836734693877,NK_vs_rest,16,svm
1128,scanpy_wilcoxon,0.837950684146646,0.7205882352941176,0.8376068376068376,1.0,NK_vs_rest,17,svm
1129,scanpy_wilcoxon,0.8226568553770245,0.7419354838709677,0.8288288288288288,0.9387755102040817,NK_vs_rest,17,svm
1130,scanpy_wilcoxon,0.8062881396494636,0.6857142857142857,0.8067226890756303,0.9795918367346939,NK_vs_rest,17,svm
1131,scanpy_wilcoxon,0.8312817314873281,0.7101449275362319,0.8305084745762712,1.0,NK_vs_rest,18,svm
1132,scanpy_wilcoxon,0.8226568553770245,0.7419354838709677,0.8288288288288288,0.9387755102040817,NK_vs_rest,18,svm
1133,scanpy_wilcoxon,0.827662727089856,0.734375,0.831858407079646,0.9591836734693877,NK_vs_rest,18,svm
1134,scanpy_wilcoxon,0.8312817314873281,0.7101449275362319,0.8305084745762712,1.0,NK_vs_rest,19,svm
1135,scanpy_wilcoxon,0.8226568553770245,0.7419354838709677,0.8288288288288288,0.9387755102040817,NK_vs_rest,19,svm
1136,scanpy_wilcoxon,0.8206547021146909,0.7230769230769231,0.8245614035087719,0.9591836734693877,NK_vs_rest,19,svm
1137,scanpy_wilcoxon,0.837950684146646,0.7205882352941176,0.8376068376068376,1.0,NK_vs_rest,20,svm
1138,scanpy_wilcoxon,0.8154629537963193,0.7301587301587301,0.8214285714285714,0.9387755102040817,NK_vs_rest,20,svm
1139,scanpy_wilcoxon,0.827662727089856,0.734375,0.831858407079646,0.9591836734693877,NK_vs_rest,20,svm
1140,scanpy_t-test,0.6597697199849156,0.48,0.6442953020134228,0.9795918367346939,NK_vs_rest,1,svm
1141,scanpy_t-test,0.6605127154819856,0.47115384615384615,0.6405228758169934,1.0,NK_vs_rest,1,svm
1142,scanpy_t-test,0.6327746585523606,0.4375,0.6086956521739131,1.0,NK_vs_rest,1,svm
1143,scanpy_t-test,0.6559981851907098,0.4752475247524752,0.64,0.9795918367346939,NK_vs_rest,2,svm
1144,scanpy_t-test,0.6497660711523722,0.45794392523364486,0.6282051282051282,1.0,NK_vs_rest,2,svm
1145,scanpy_t-test,0.6428368080942388,0.44954128440366975,0.620253164556962,1.0,NK_vs_rest,2,svm
1146,scanpy_t-test,0.7357948741611631,0.5697674418604651,0.725925925925926,1.0,NK_vs_rest,3,svm
1147,scanpy_t-test,0.7608445324586062,0.6049382716049383,0.7538461538461538,1.0,NK_vs_rest,3,svm
1148,scanpy_t-test,0.7334531457311392,0.5783132530120482,0.7272727272727273,0.9795918367346939,NK_vs_rest,3,svm
1149,scanpy_t-test,0.8183556612408974,0.6901408450704225,0.8166666666666667,1.0,NK_vs_rest,4,svm
1150,scanpy_t-test,0.8059473066178929,0.6712328767123288,0.8032786885245902,1.0,NK_vs_rest,4,svm
1151,scanpy_t-test,0.7882307043416814,0.6447368421052632,0.784,1.0,NK_vs_rest,4,svm
1152,scanpy_t-test,0.7769721241766612,0.6282051282051282,0.7716535433070866,1.0,NK_vs_rest,5,svm
1153,scanpy_t-test,0.8120890098334839,0.6805555555555556,0.8099173553719008,1.0,NK_vs_rest,5,svm
1154,scanpy_t-test,0.7882307043416814,0.6447368421052632,0.784,1.0,NK_vs_rest,5,svm
1155,scanpy_t-test,0.7825485506891784,0.6363636363636364,0.7777777777777778,1.0,NK_vs_rest,6,svm
1156,scanpy_t-test,0.8120890098334839,0.6805555555555556,0.8099173553719008,1.0,NK_vs_rest,6,svm
1157,scanpy_t-test,0.7882307043416814,0.6447368421052632,0.784,1.0,NK_vs_rest,6,svm
1158,scanpy_t-test,0.7940220798296896,0.6533333333333333,0.7903225806451613,1.0,NK_vs_rest,7,svm
1159,scanpy_t-test,0.8120890098334839,0.6805555555555556,0.8099173553719008,1.0,NK_vs_rest,7,svm
1160,scanpy_t-test,0.7825485506891784,0.6363636363636364,0.7777777777777778,1.0,NK_vs_rest,7,svm
1161,scanpy_t-test,0.7940220798296896,0.6533333333333333,0.7903225806451613,1.0,NK_vs_rest,8,svm
1162,scanpy_t-test,0.7882307043416814,0.6447368421052632,0.784,1.0,NK_vs_rest,8,svm
1163,scanpy_t-test,0.7882307043416814,0.6447368421052632,0.784,1.0,NK_vs_rest,8,svm
1164,scanpy_t-test,0.7940220798296896,0.6533333333333333,0.7903225806451613,1.0,NK_vs_rest,9,svm
1165,scanpy_t-test,0.7999263361378227,0.6621621621621622,0.7967479674796748,1.0,NK_vs_rest,9,svm
1166,scanpy_t-test,0.7825485506891784,0.6363636363636364,0.7777777777777778,1.0,NK_vs_rest,9,svm
1167,scanpy_t-test,0.8183556612408974,0.6901408450704225,0.8166666666666667,1.0,NK_vs_rest,10,svm
1168,scanpy_t-test,0.8062881396494636,0.6857142857142857,0.8067226890756303,0.9795918367346939,NK_vs_rest,10,svm
1169,scanpy_t-test,0.7882307043416814,0.6447368421052632,0.784,1.0,NK_vs_rest,10,svm
1170,scanpy_t-test,0.8247516857838062,0.7,0.8235294117647058,1.0,NK_vs_rest,11,svm
1171,scanpy_t-test,0.8126977381676013,0.6956521739130435,0.8135593220338984,0.9795918367346939,NK_vs_rest,11,svm
1172,scanpy_t-test,0.7938584402249771,0.6666666666666666,0.7933884297520661,0.9795918367346939,NK_vs_rest,11,svm
1173,scanpy_t-test,0.8120890098334839,0.6805555555555556,0.8099173553719008,1.0,NK_vs_rest,12,svm
1174,scanpy_t-test,0.8192434752774346,0.7058823529411765,0.8205128205128205,0.9795918367346939,NK_vs_rest,12,svm
1175,scanpy_t-test,0.7938584402249771,0.6666666666666666,0.7933884297520661,0.9795918367346939,NK_vs_rest,12,svm
1176,scanpy_t-test,0.837950684146646,0.7205882352941176,0.8376068376068376,1.0,NK_vs_rest,13,svm
1177,scanpy_t-test,0.8397492267503981,0.7384615384615385,0.8421052631578947,0.9795918367346939,NK_vs_rest,13,svm
1178,scanpy_t-test,0.8192434752774346,0.7058823529411765,0.8205128205128205,0.9795918367346939,NK_vs_rest,13,svm
1179,scanpy_t-test,0.8312817314873281,0.7101449275362319,0.8305084745762712,1.0,NK_vs_rest,14,svm
1180,scanpy_t-test,0.8259303873086019,0.7164179104477612,0.8275862068965517,0.9795918367346939,NK_vs_rest,14,svm
1181,scanpy_t-test,0.8062881396494636,0.6857142857142857,0.8067226890756303,0.9795918367346939,NK_vs_rest,14,svm
1182,scanpy_t-test,0.8312817314873281,0.7101449275362319,0.8305084745762712,1.0,NK_vs_rest,15,svm
1183,scanpy_t-test,0.8397492267503981,0.7384615384615385,0.8421052631578947,0.9795918367346939,NK_vs_rest,15,svm
1184,scanpy_t-test,0.8062881396494636,0.6857142857142857,0.8067226890756303,0.9795918367346939,NK_vs_rest,15,svm
1185,scanpy_t-test,0.8517261390150952,0.7424242424242424,0.8521739130434782,1.0,NK_vs_rest,16,svm
1186,scanpy_t-test,0.8397492267503981,0.7384615384615385,0.8421052631578947,0.9795918367346939,NK_vs_rest,16,svm
1187,scanpy_t-test,0.7941137448478743,0.6811594202898551,0.7966101694915254,0.9591836734693877,NK_vs_rest,16,svm
1188,scanpy_t-test,0.866122529944536,0.765625,0.8672566371681416,1.0,NK_vs_rest,17,svm
1189,scanpy_t-test,0.8468926285171959,0.75,0.8495575221238938,0.9795918367346939,NK_vs_rest,17,svm
1190,scanpy_t-test,0.8192434752774346,0.7058823529411765,0.8205128205128205,0.9795918367346939,NK_vs_rest,17,svm
1191,scanpy_t-test,0.8517261390150952,0.7424242424242424,0.8521739130434782,1.0,NK_vs_rest,18,svm
1192,scanpy_t-test,0.827662727089856,0.734375,0.831858407079646,0.9591836734693877,NK_vs_rest,18,svm
1193,scanpy_t-test,0.8247516857838062,0.7,0.8235294117647058,1.0,NK_vs_rest,18,svm
1194,scanpy_t-test,0.8517261390150952,0.7424242424242424,0.8521739130434782,1.0,NK_vs_rest,19,svm
1195,scanpy_t-test,0.8348315745612521,0.746031746031746,0.8392857142857143,0.9591836734693877,NK_vs_rest,19,svm
1196,scanpy_t-test,0.8183556612408974,0.6901408450704225,0.8166666666666667,1.0,NK_vs_rest,19,svm
1197,scanpy_t-test,0.8517261390150952,0.7424242424242424,0.8521739130434782,1.0,NK_vs_rest,20,svm
1198,scanpy_t-test,0.827662727089856,0.734375,0.831858407079646,0.9591836734693877,NK_vs_rest,20,svm
1199,scanpy_t-test,0.8005362664082232,0.6911764705882353,0.8034188034188035,0.9591836734693877,NK_vs_rest,20,svm
1200,yomix,0.9108757362492369,0.8666666666666667,0.9255663430420712,0.9930555555555556,CD14 Monocytes_vs_rest,1,svm
1201,yomix,0.8693702228593615,0.8114285714285714,0.890282131661442,0.9861111111111112,CD14 Monocytes_vs_rest,1,svm
1202,yomix,0.866168583979479,0.8068181818181818,0.8875,0.9861111111111112,CD14 Monocytes_vs_rest,1,svm
1203,yomix,0.9226421555083433,0.9032258064516129,0.9364548494983278,0.9722222222222222,CD14 Monocytes_vs_rest,2,svm
1204,yomix,0.90050579376737,0.8511904761904762,0.9166666666666666,0.9930555555555556,CD14 Monocytes_vs_rest,2,svm
1205,yomix,0.8950047998369987,0.8372093023255814,0.9113924050632911,1.0,CD14 Monocytes_vs_rest,2,svm
1206,yomix,0.9212549491422475,0.9139072847682119,0.9355932203389831,0.9583333333333334,CD14 Monocytes_vs_rest,3,svm
1207,yomix,0.9028148890257923,0.8606060606060606,0.919093851132686,0.9861111111111112,CD14 Monocytes_vs_rest,3,svm
1208,yomix,0.9017049935676504,0.8470588235294118,0.9171974522292994,1.0,CD14 Monocytes_vs_rest,3,svm
1209,yomix,0.9290197729126257,0.9261744966442953,0.9419795221843004,0.9583333333333334,CD14 Monocytes_vs_rest,4,svm
1210,yomix,0.9039341823318907,0.8562874251497006,0.9196141479099679,0.9930555555555556,CD14 Monocytes_vs_rest,4,svm
1211,yomix,0.9085135251589959,0.8571428571428571,0.9230769230769231,1.0,CD14 Monocytes_vs_rest,4,svm
1212,yomix,0.9385057858903383,0.9215686274509803,0.9494949494949495,0.9791666666666666,CD14 Monocytes_vs_rest,5,svm
1213,yomix,0.9050955176780919,0.8520710059171598,0.9201277955271565,1.0,CD14 Monocytes_vs_rest,5,svm
1214,yomix,0.915433635843254,0.8674698795180723,0.9290322580645162,1.0,CD14 Monocytes_vs_rest,5,svm
1215,yomix,0.9353688514589676,0.9102564102564102,0.9466666666666667,0.9861111111111112,CD14 Monocytes_vs_rest,6,svm
1216,yomix,0.9098359506950326,0.8711656441717791,0.9250814332247557,0.9861111111111112,CD14 Monocytes_vs_rest,6,svm
1217,yomix,0.9215065018880603,0.8827160493827161,0.934640522875817,0.9930555555555556,CD14 Monocytes_vs_rest,6,svm
1218,yomix,0.9353688514589676,0.9102564102564102,0.9466666666666667,0.9861111111111112,CD14 Monocytes_vs_rest,7,svm
1219,yomix,0.9133907520715921,0.8765432098765432,0.9281045751633987,0.9861111111111112,CD14 Monocytes_vs_rest,7,svm
1220,yomix,0.917933196210927,0.8773006134969326,0.9315960912052117,0.9930555555555556,CD14 Monocytes_vs_rest,7,svm
1221,yomix,0.9353688514589676,0.9102564102564102,0.9466666666666667,0.9861111111111112,CD14 Monocytes_vs_rest,8,svm
1222,yomix,0.9098359506950326,0.8711656441717791,0.9250814332247557,0.9861111111111112,CD14 Monocytes_vs_rest,8,svm
1223,yomix,0.9296222517045284,0.8888888888888888,0.9411764705882353,1.0,CD14 Monocytes_vs_rest,8,svm
1224,yomix,0.9353688514589676,0.9102564102564102,0.9466666666666667,0.9861111111111112,CD14 Monocytes_vs_rest,9,svm
1225,yomix,0.9028148890257923,0.8606060606060606,0.919093851132686,0.9861111111111112,CD14 Monocytes_vs_rest,9,svm
1226,yomix,0.9296222517045284,0.8888888888888888,0.9411764705882353,1.0,CD14 Monocytes_vs_rest,9,svm
1227,yomix,0.9429541672723837,0.922077922077922,0.9530201342281879,0.9861111111111112,CD14 Monocytes_vs_rest,10,svm
1228,yomix,0.9098359506950326,0.8711656441717791,0.9250814332247557,0.9861111111111112,CD14 Monocytes_vs_rest,10,svm
1229,yomix,0.9215065018880603,0.8827160493827161,0.934640522875817,0.9930555555555556,CD14 Monocytes_vs_rest,10,svm
1230,yomix,0.9429541672723837,0.922077922077922,0.9530201342281879,0.9861111111111112,CD14 Monocytes_vs_rest,11,svm
1231,yomix,0.9098359506950326,0.8711656441717791,0.9250814332247557,0.9861111111111112,CD14 Monocytes_vs_rest,11,svm
1232,yomix,0.9251101363400185,0.8881987577639752,0.9377049180327869,0.9930555555555556,CD14 Monocytes_vs_rest,11,svm
1233,yomix,0.9429541672723837,0.922077922077922,0.9530201342281879,0.9861111111111112,CD14 Monocytes_vs_rest,12,svm
1234,yomix,0.9133907520715921,0.8765432098765432,0.9281045751633987,0.9861111111111112,CD14 Monocytes_vs_rest,12,svm
1235,yomix,0.9215065018880603,0.8827160493827161,0.934640522875817,0.9930555555555556,CD14 Monocytes_vs_rest,12,svm
1236,yomix,0.9429541672723837,0.922077922077922,0.9530201342281879,0.9861111111111112,CD14 Monocytes_vs_rest,13,svm
1237,yomix,0.9133907520715921,0.8765432098765432,0.9281045751633987,0.9861111111111112,CD14 Monocytes_vs_rest,13,svm
1238,yomix,0.9251101363400185,0.8881987577639752,0.9377049180327869,0.9930555555555556,CD14 Monocytes_vs_rest,13,svm
1239,yomix,0.9429541672723837,0.922077922077922,0.9530201342281879,0.9861111111111112,CD14 Monocytes_vs_rest,14,svm
1240,yomix,0.9098359506950326,0.8711656441717791,0.9250814332247557,0.9861111111111112,CD14 Monocytes_vs_rest,14,svm
1241,yomix,0.9251101363400185,0.8881987577639752,0.9377049180327869,0.9930555555555556,CD14 Monocytes_vs_rest,14,svm
1242,yomix,0.9467978048821405,0.9281045751633987,0.9562289562289562,0.9861111111111112,CD14 Monocytes_vs_rest,15,svm
1243,yomix,0.9251101363400185,0.8881987577639752,0.9377049180327869,0.9930555555555556,CD14 Monocytes_vs_rest,15,svm
1244,yomix,0.9251101363400185,0.8881987577639752,0.9377049180327869,0.9930555555555556,CD14 Monocytes_vs_rest,15,svm
1245,yomix,0.9353688514589676,0.9102564102564102,0.9466666666666667,0.9861111111111112,CD14 Monocytes_vs_rest,16,svm
1246,yomix,0.9215065018880603,0.8827160493827161,0.934640522875817,0.9930555555555556,CD14 Monocytes_vs_rest,16,svm
1247,yomix,0.9251101363400185,0.8881987577639752,0.9377049180327869,0.9930555555555556,CD14 Monocytes_vs_rest,16,svm
1248,yomix,0.9353688514589676,0.9102564102564102,0.9466666666666667,0.9861111111111112,CD14 Monocytes_vs_rest,17,svm
1249,yomix,0.917933196210927,0.8773006134969326,0.9315960912052117,0.9930555555555556,CD14 Monocytes_vs_rest,17,svm
1250,yomix,0.9251101363400185,0.8881987577639752,0.9377049180327869,0.9930555555555556,CD14 Monocytes_vs_rest,17,svm
1251,yomix,0.9391446981271916,0.9161290322580645,0.9498327759197325,0.9861111111111112,CD14 Monocytes_vs_rest,18,svm
1252,yomix,0.9169756747095307,0.8819875776397516,0.9311475409836065,0.9861111111111112,CD14 Monocytes_vs_rest,18,svm
1253,yomix,0.917933196210927,0.8773006134969326,0.9315960912052117,0.9930555555555556,CD14 Monocytes_vs_rest,18,svm
1254,yomix,0.9308934268177674,0.9096774193548387,0.9431438127090301,0.9791666666666666,CD14 Monocytes_vs_rest,19,svm
1255,yomix,0.920591186635736,0.8875,0.9342105263157895,0.9861111111111112,CD14 Monocytes_vs_rest,19,svm
1256,yomix,0.9215065018880603,0.8827160493827161,0.934640522875817,0.9930555555555556,CD14 Monocytes_vs_rest,19,svm
1257,yomix,0.9541489962782951,0.9463087248322147,0.962457337883959,0.9791666666666666,CD14 Monocytes_vs_rest,20,svm
1258,yomix,0.920591186635736,0.8875,0.9342105263157895,0.9861111111111112,CD14 Monocytes_vs_rest,20,svm
1259,yomix,0.9251101363400185,0.8881987577639752,0.9377049180327869,0.9930555555555556,CD14 Monocytes_vs_rest,20,svm
1260,cosg,0.688558460111918,0.8725490196078431,0.7235772357723578,0.6180555555555556,CD14 Monocytes_vs_rest,1,svm
1261,cosg,0.6761472984373833,0.8050847457627118,0.7251908396946565,0.6597222222222222,CD14 Monocytes_vs_rest,1,svm
1262,cosg,0.6646798872596495,0.8070175438596491,0.7131782945736435,0.6388888888888888,CD14 Monocytes_vs_rest,1,svm
1263,cosg,0.7552323417651162,0.8677685950413223,0.7924528301886793,0.7291666666666666,CD14 Monocytes_vs_rest,2,svm
1264,cosg,0.7229438559234386,0.813953488372093,0.7692307692307693,0.7291666666666666,CD14 Monocytes_vs_rest,2,svm
1265,cosg,0.7090458448379728,0.8046875,0.7573529411764706,0.7152777777777778,CD14 Monocytes_vs_rest,2,svm
1266,cosg,0.8254009871191491,0.770949720670391,0.8544891640866873,0.9583333333333334,CD14 Monocytes_vs_rest,3,svm
1267,cosg,0.8133585481921893,0.7540983606557377,0.8440366972477065,0.9583333333333334,CD14 Monocytes_vs_rest,3,svm
1268,cosg,0.7862453931068965,0.7272727272727273,0.8217522658610272,0.9444444444444444,CD14 Monocytes_vs_rest,3,svm
1269,cosg,0.8458920639014856,0.8058823529411765,0.8726114649681529,0.9513888888888888,CD14 Monocytes_vs_rest,4,svm
1270,cosg,0.827131786397959,0.7679558011049724,0.8553846153846154,0.9652777777777778,CD14 Monocytes_vs_rest,4,svm
1271,cosg,0.8145452242666055,0.7611111111111111,0.845679012345679,0.9513888888888888,CD14 Monocytes_vs_rest,4,svm
1272,cosg,0.8477574817349935,0.8143712574850299,0.8745980707395499,0.9444444444444444,CD14 Monocytes_vs_rest,5,svm
1273,cosg,0.8379802655924974,0.7777777777777778,0.8641975308641975,0.9722222222222222,CD14 Monocytes_vs_rest,5,svm
1274,cosg,0.8085546262798924,0.7527472527472527,0.8404907975460123,0.9513888888888888,CD14 Monocytes_vs_rest,5,svm
1275,cosg,0.8510900576050701,0.8192771084337349,0.8774193548387097,0.9444444444444444,CD14 Monocytes_vs_rest,6,svm
1276,cosg,0.8332280654452789,0.776536312849162,0.8606811145510835,0.9652777777777778,CD14 Monocytes_vs_rest,6,svm
1277,cosg,0.8133585481921893,0.7540983606557377,0.8440366972477065,0.9583333333333334,CD14 Monocytes_vs_rest,6,svm
1278,cosg,0.9302137668985361,0.9150326797385621,0.9427609427609428,0.9722222222222222,CD14 Monocytes_vs_rest,7,svm
1279,cosg,0.9308934268177674,0.9096774193548387,0.9431438127090301,0.9791666666666666,CD14 Monocytes_vs_rest,7,svm
1280,cosg,0.9361077757605244,0.9050632911392406,0.9470198675496688,0.9930555555555556,CD14 Monocytes_vs_rest,7,svm
1281,cosg,0.9264111117062015,0.9090909090909091,0.9395973154362416,0.9722222222222222,CD14 Monocytes_vs_rest,8,svm
1282,cosg,0.9316260933940034,0.9044585987261147,0.9435215946843853,0.9861111111111112,CD14 Monocytes_vs_rest,8,svm
1283,cosg,0.9405828069720861,0.9056603773584906,0.9504950495049505,1.0,CD14 Monocytes_vs_rest,8,svm
1284,cosg,0.9264111117062015,0.9090909090909091,0.9395973154362416,0.9722222222222222,CD14 Monocytes_vs_rest,9,svm
1285,cosg,0.9242377660926343,0.8930817610062893,0.9372937293729373,0.9861111111111112,CD14 Monocytes_vs_rest,9,svm
1286,cosg,0.9296222517045284,0.8888888888888888,0.9411764705882353,1.0,CD14 Monocytes_vs_rest,9,svm
1287,cosg,0.9226421555083433,0.9032258064516129,0.9364548494983278,0.9722222222222222,CD14 Monocytes_vs_rest,10,svm
1288,cosg,0.9332445979705063,0.8944099378881988,0.9442622950819672,1.0,CD14 Monocytes_vs_rest,10,svm
1289,cosg,0.9143897581428223,0.8719512195121951,0.9285714285714286,0.9930555555555556,CD14 Monocytes_vs_rest,10,svm
1290,cosg,0.9226421555083433,0.9032258064516129,0.9364548494983278,0.9722222222222222,CD14 Monocytes_vs_rest,11,svm
1291,cosg,0.9332445979705063,0.8944099378881988,0.9442622950819672,1.0,CD14 Monocytes_vs_rest,11,svm
1292,cosg,0.9143897581428223,0.8719512195121951,0.9285714285714286,0.9930555555555556,CD14 Monocytes_vs_rest,11,svm
1293,cosg,0.9181395839231105,0.9025974025974026,0.9328859060402684,0.9652777777777778,CD14 Monocytes_vs_rest,12,svm
1294,cosg,0.9332445979705063,0.8944099378881988,0.9442622950819672,1.0,CD14 Monocytes_vs_rest,12,svm
1295,cosg,0.9143897581428223,0.8719512195121951,0.9285714285714286,0.9930555555555556,CD14 Monocytes_vs_rest,12,svm
1296,cosg,0.9181395839231105,0.9025974025974026,0.9328859060402684,0.9652777777777778,CD14 Monocytes_vs_rest,13,svm
1297,cosg,0.9242377660926343,0.8930817610062893,0.9372937293729373,0.9861111111111112,CD14 Monocytes_vs_rest,13,svm
1298,cosg,0.9143897581428223,0.8719512195121951,0.9285714285714286,0.9930555555555556,CD14 Monocytes_vs_rest,13,svm
1299,cosg,0.9181395839231105,0.9025974025974026,0.9328859060402684,0.9652777777777778,CD14 Monocytes_vs_rest,14,svm
1300,cosg,0.9242377660926343,0.8930817610062893,0.9372937293729373,0.9861111111111112,CD14 Monocytes_vs_rest,14,svm
1301,cosg,0.9143897581428223,0.8719512195121951,0.9285714285714286,0.9930555555555556,CD14 Monocytes_vs_rest,14,svm
1302,cosg,0.9181395839231105,0.9025974025974026,0.9328859060402684,0.9652777777777778,CD14 Monocytes_vs_rest,15,svm
1303,cosg,0.9287445707363745,0.89375,0.9407894736842105,0.9930555555555556,CD14 Monocytes_vs_rest,15,svm
1304,cosg,0.9143897581428223,0.8719512195121951,0.9285714285714286,0.9930555555555556,CD14 Monocytes_vs_rest,15,svm
1305,cosg,0.921921747906734,0.9084967320261438,0.936026936026936,0.9652777777777778,CD14 Monocytes_vs_rest,16,svm
1306,cosg,0.9287445707363745,0.89375,0.9407894736842105,0.9930555555555556,CD14 Monocytes_vs_rest,16,svm
1307,cosg,0.9215065018880603,0.8827160493827161,0.934640522875817,0.9930555555555556,CD14 Monocytes_vs_rest,16,svm
1308,cosg,0.9226421555083433,0.9032258064516129,0.9364548494983278,0.9722222222222222,CD14 Monocytes_vs_rest,17,svm
1309,cosg,0.9242377660926343,0.8930817610062893,0.9372937293729373,0.9861111111111112,CD14 Monocytes_vs_rest,17,svm
1310,cosg,0.9215065018880603,0.8827160493827161,0.934640522875817,0.9930555555555556,CD14 Monocytes_vs_rest,17,svm
1311,cosg,0.9226421555083433,0.9032258064516129,0.9364548494983278,0.9722222222222222,CD14 Monocytes_vs_rest,18,svm
1312,cosg,0.9324102865323601,0.89937106918239,0.9438943894389439,0.9930555555555556,CD14 Monocytes_vs_rest,18,svm
1313,cosg,0.9287445707363745,0.89375,0.9407894736842105,0.9930555555555556,CD14 Monocytes_vs_rest,18,svm
1314,cosg,0.9346826394892926,0.9155844155844156,0.9463087248322147,0.9791666666666666,CD14 Monocytes_vs_rest,19,svm
1315,cosg,0.9361077757605244,0.9050632911392406,0.9470198675496688,0.9930555555555556,CD14 Monocytes_vs_rest,19,svm
1316,cosg,0.9251101363400185,0.8881987577639752,0.9377049180327869,0.9930555555555556,CD14 Monocytes_vs_rest,19,svm
1317,cosg,0.9346826394892926,0.9155844155844156,0.9463087248322147,0.9791666666666666,CD14 Monocytes_vs_rest,20,svm
1318,cosg,0.9361077757605244,0.9050632911392406,0.9470198675496688,0.9930555555555556,CD14 Monocytes_vs_rest,20,svm
1319,cosg,0.9251101363400185,0.8881987577639752,0.9377049180327869,0.9930555555555556,CD14 Monocytes_vs_rest,20,svm
1320,scanpy_wilcoxon,0.9108757362492369,0.8666666666666667,0.9255663430420712,0.9930555555555556,CD14 Monocytes_vs_rest,1,svm
1321,scanpy_wilcoxon,0.8693702228593615,0.8114285714285714,0.890282131661442,0.9861111111111112,CD14 Monocytes_vs_rest,1,svm
1322,scanpy_wilcoxon,0.866168583979479,0.8068181818181818,0.8875,0.9861111111111112,CD14 Monocytes_vs_rest,1,svm
1323,scanpy_wilcoxon,0.9042844184344588,0.875,0.9210526315789473,0.9722222222222222,CD14 Monocytes_vs_rest,2,svm
1324,scanpy_wilcoxon,0.8708498111538979,0.807909604519774,0.8909657320872274,0.9930555555555556,CD14 Monocytes_vs_rest,2,svm
1325,scanpy_wilcoxon,0.8692269873603532,0.8,0.8888888888888888,1.0,CD14 Monocytes_vs_rest,2,svm
1326,scanpy_wilcoxon,0.9212549491422475,0.9139072847682119,0.9355932203389831,0.9583333333333334,CD14 Monocytes_vs_rest,3,svm
1327,scanpy_wilcoxon,0.9028148890257923,0.8606060606060606,0.919093851132686,0.9861111111111112,CD14 Monocytes_vs_rest,3,svm
1328,scanpy_wilcoxon,0.9017049935676504,0.8470588235294118,0.9171974522292994,1.0,CD14 Monocytes_vs_rest,3,svm
1329,scanpy_wilcoxon,0.9212549491422475,0.9139072847682119,0.9355932203389831,0.9583333333333334,CD14 Monocytes_vs_rest,4,svm
1330,scanpy_wilcoxon,0.899347741283708,0.8554216867469879,0.9161290322580645,0.9861111111111112,CD14 Monocytes_vs_rest,4,svm
1331,scanpy_wilcoxon,0.9017049935676504,0.8470588235294118,0.9171974522292994,1.0,CD14 Monocytes_vs_rest,4,svm
1332,scanpy_wilcoxon,0.9251196212400443,0.92,0.9387755102040817,0.9583333333333334,CD14 Monocytes_vs_rest,5,svm
1333,scanpy_wilcoxon,0.9143897581428223,0.8719512195121951,0.9285714285714286,0.9930555555555556,CD14 Monocytes_vs_rest,5,svm
1334,scanpy_wilcoxon,0.9085135251589959,0.8571428571428571,0.9230769230769231,1.0,CD14 Monocytes_vs_rest,5,svm
1335,scanpy_wilcoxon,0.9181395839231105,0.9025974025974026,0.9328859060402684,0.9652777777777778,CD14 Monocytes_vs_rest,6,svm
1336,scanpy_wilcoxon,0.8870652411287673,0.8313953488372093,0.9050632911392406,0.9930555555555556,CD14 Monocytes_vs_rest,6,svm
1337,scanpy_wilcoxon,0.891694352477465,0.8323699421965318,0.9085173501577287,1.0,CD14 Monocytes_vs_rest,6,svm
1338,scanpy_wilcoxon,0.9181395839231105,0.9025974025974026,0.9328859060402684,0.9652777777777778,CD14 Monocytes_vs_rest,7,svm
1339,scanpy_wilcoxon,0.8870652411287673,0.8313953488372093,0.9050632911392406,0.9930555555555556,CD14 Monocytes_vs_rest,7,svm
1340,scanpy_wilcoxon,0.8870652411287673,0.8313953488372093,0.9050632911392406,0.9930555555555556,CD14 Monocytes_vs_rest,7,svm
1341,scanpy_wilcoxon,0.9181395839231105,0.9025974025974026,0.9328859060402684,0.9652777777777778,CD14 Monocytes_vs_rest,8,svm
1342,scanpy_wilcoxon,0.8870652411287673,0.8313953488372093,0.9050632911392406,0.9930555555555556,CD14 Monocytes_vs_rest,8,svm
1343,scanpy_wilcoxon,0.8837713816557751,0.8265895953757225,0.9022082018927445,0.9930555555555556,CD14 Monocytes_vs_rest,8,svm
1344,scanpy_wilcoxon,0.9181395839231105,0.9025974025974026,0.9328859060402684,0.9652777777777778,CD14 Monocytes_vs_rest,9,svm
1345,scanpy_wilcoxon,0.8870652411287673,0.8313953488372093,0.9050632911392406,0.9930555555555556,CD14 Monocytes_vs_rest,9,svm
1346,scanpy_wilcoxon,0.8837713816557751,0.8265895953757225,0.9022082018927445,0.9930555555555556,CD14 Monocytes_vs_rest,9,svm
1347,scanpy_wilcoxon,0.9353688514589676,0.9102564102564102,0.9466666666666667,0.9861111111111112,CD14 Monocytes_vs_rest,10,svm
1348,scanpy_wilcoxon,0.9028148890257923,0.8606060606060606,0.919093851132686,0.9861111111111112,CD14 Monocytes_vs_rest,10,svm
1349,scanpy_wilcoxon,0.9224687037970962,0.8780487804878049,0.935064935064935,1.0,CD14 Monocytes_vs_rest,10,svm
1350,scanpy_wilcoxon,0.9353688514589676,0.9102564102564102,0.9466666666666667,0.9861111111111112,CD14 Monocytes_vs_rest,11,svm
1351,scanpy_wilcoxon,0.9028148890257923,0.8606060606060606,0.919093851132686,0.9861111111111112,CD14 Monocytes_vs_rest,11,svm
1352,scanpy_wilcoxon,0.9189365834726815,0.8727272727272727,0.9320388349514563,1.0,CD14 Monocytes_vs_rest,11,svm
1353,scanpy_wilcoxon,0.9353688514589676,0.9102564102564102,0.9466666666666667,0.9861111111111112,CD14 Monocytes_vs_rest,12,svm
1354,scanpy_wilcoxon,0.9028148890257923,0.8606060606060606,0.919093851132686,0.9861111111111112,CD14 Monocytes_vs_rest,12,svm
1355,scanpy_wilcoxon,0.9189365834726815,0.8727272727272727,0.9320388349514563,1.0,CD14 Monocytes_vs_rest,12,svm
1356,scanpy_wilcoxon,0.9353688514589676,0.9102564102564102,0.9466666666666667,0.9861111111111112,CD14 Monocytes_vs_rest,13,svm
1357,scanpy_wilcoxon,0.9028148890257923,0.8606060606060606,0.919093851132686,0.9861111111111112,CD14 Monocytes_vs_rest,13,svm
1358,scanpy_wilcoxon,0.9189365834726815,0.8727272727272727,0.9320388349514563,1.0,CD14 Monocytes_vs_rest,13,svm
1359,scanpy_wilcoxon,0.9353688514589676,0.9102564102564102,0.9466666666666667,0.9861111111111112,CD14 Monocytes_vs_rest,14,svm
1360,scanpy_wilcoxon,0.9028148890257923,0.8606060606060606,0.919093851132686,0.9861111111111112,CD14 Monocytes_vs_rest,14,svm
1361,scanpy_wilcoxon,0.917933196210927,0.8773006134969326,0.9315960912052117,0.9930555555555556,CD14 Monocytes_vs_rest,14,svm
1362,scanpy_wilcoxon,0.9353688514589676,0.9102564102564102,0.9466666666666667,0.9861111111111112,CD14 Monocytes_vs_rest,15,svm
1363,scanpy_wilcoxon,0.9098359506950326,0.8711656441717791,0.9250814332247557,0.9861111111111112,CD14 Monocytes_vs_rest,15,svm
1364,scanpy_wilcoxon,0.9143897581428223,0.8719512195121951,0.9285714285714286,0.9930555555555556,CD14 Monocytes_vs_rest,15,svm
1365,scanpy_wilcoxon,0.9353688514589676,0.9102564102564102,0.9466666666666667,0.9861111111111112,CD14 Monocytes_vs_rest,16,svm
1366,scanpy_wilcoxon,0.9098359506950326,0.8711656441717791,0.9250814332247557,0.9861111111111112,CD14 Monocytes_vs_rest,16,svm
1367,scanpy_wilcoxon,0.917933196210927,0.8773006134969326,0.9315960912052117,0.9930555555555556,CD14 Monocytes_vs_rest,16,svm
1368,scanpy_wilcoxon,0.9302137668985361,0.9150326797385621,0.9427609427609428,0.9722222222222222,CD14 Monocytes_vs_rest,17,svm
1369,scanpy_wilcoxon,0.9108757362492369,0.8666666666666667,0.9255663430420712,0.9930555555555556,CD14 Monocytes_vs_rest,17,svm
1370,scanpy_wilcoxon,0.917933196210927,0.8773006134969326,0.9315960912052117,0.9930555555555556,CD14 Monocytes_vs_rest,17,svm
1371,scanpy_wilcoxon,0.9302137668985361,0.9150326797385621,0.9427609427609428,0.9722222222222222,CD14 Monocytes_vs_rest,18,svm
1372,scanpy_wilcoxon,0.899347741283708,0.8554216867469879,0.9161290322580645,0.9861111111111112,CD14 Monocytes_vs_rest,18,svm
1373,scanpy_wilcoxon,0.9224687037970962,0.8780487804878049,0.935064935064935,1.0,CD14 Monocytes_vs_rest,18,svm
1374,scanpy_wilcoxon,0.9308934268177674,0.9096774193548387,0.9431438127090301,0.9791666666666666,CD14 Monocytes_vs_rest,19,svm
1375,scanpy_wilcoxon,0.9028148890257923,0.8606060606060606,0.919093851132686,0.9861111111111112,CD14 Monocytes_vs_rest,19,svm
1376,scanpy_wilcoxon,0.9215065018880603,0.8827160493827161,0.934640522875817,0.9930555555555556,CD14 Monocytes_vs_rest,19,svm
1377,scanpy_wilcoxon,0.9308934268177674,0.9096774193548387,0.9431438127090301,0.9791666666666666,CD14 Monocytes_vs_rest,20,svm
1378,scanpy_wilcoxon,0.899347741283708,0.8554216867469879,0.9161290322580645,0.9861111111111112,CD14 Monocytes_vs_rest,20,svm
1379,scanpy_wilcoxon,0.917933196210927,0.8773006134969326,0.9315960912052117,0.9930555555555556,CD14 Monocytes_vs_rest,20,svm
1380,scanpy_t-test,0.9108757362492369,0.8666666666666667,0.9255663430420712,0.9930555555555556,CD14 Monocytes_vs_rest,1,svm
1381,scanpy_t-test,0.8693702228593615,0.8114285714285714,0.890282131661442,0.9861111111111112,CD14 Monocytes_vs_rest,1,svm
1382,scanpy_t-test,0.866168583979479,0.8068181818181818,0.8875,0.9861111111111112,CD14 Monocytes_vs_rest,1,svm
1383,scanpy_t-test,0.8819171036881969,0.8181818181818182,0.9,1.0,CD14 Monocytes_vs_rest,2,svm
1384,scanpy_t-test,0.8508903201456476,0.7741935483870968,0.8727272727272727,1.0,CD14 Monocytes_vs_rest,2,svm
1385,scanpy_t-test,0.8362079564104644,0.7539267015706806,0.8597014925373134,1.0,CD14 Monocytes_vs_rest,2,svm
1386,scanpy_t-test,0.8819171036881969,0.8181818181818182,0.9,1.0,CD14 Monocytes_vs_rest,3,svm
1387,scanpy_t-test,0.853890583815707,0.7783783783783784,0.8753799392097265,1.0,CD14 Monocytes_vs_rest,3,svm
1388,scanpy_t-test,0.8276438078202112,0.7422680412371134,0.8520710059171598,1.0,CD14 Monocytes_vs_rest,3,svm
1389,scanpy_t-test,0.8819171036881969,0.8181818181818182,0.9,1.0,CD14 Monocytes_vs_rest,4,svm
1390,scanpy_t-test,0.8508903201456476,0.7741935483870968,0.8727272727272727,1.0,CD14 Monocytes_vs_rest,4,svm
1391,scanpy_t-test,0.8228532725567943,0.7409326424870466,0.8486646884272997,0.9930555555555556,CD14 Monocytes_vs_rest,4,svm
1392,scanpy_t-test,0.9017387051791383,0.8650306748466258,0.9185667752442996,0.9791666666666666,CD14 Monocytes_vs_rest,5,svm
1393,scanpy_t-test,0.8819171036881969,0.8181818181818182,0.9,1.0,CD14 Monocytes_vs_rest,5,svm
1394,scanpy_t-test,0.8583175606923122,0.7900552486187845,0.88,0.9930555555555556,CD14 Monocytes_vs_rest,5,svm
1395,scanpy_t-test,0.9251196212400443,0.92,0.9387755102040817,0.9583333333333334,CD14 Monocytes_vs_rest,6,svm
1396,scanpy_t-test,0.9108757362492369,0.8666666666666667,0.9255663430420712,0.9930555555555556,CD14 Monocytes_vs_rest,6,svm
1397,scanpy_t-test,0.891694352477465,0.8323699421965318,0.9085173501577287,1.0,CD14 Monocytes_vs_rest,6,svm
1398,scanpy_t-test,0.9251196212400443,0.92,0.9387755102040817,0.9583333333333334,CD14 Monocytes_vs_rest,7,svm
1399,scanpy_t-test,0.9143897581428223,0.8719512195121951,0.9285714285714286,0.9930555555555556,CD14 Monocytes_vs_rest,7,svm
1400,scanpy_t-test,0.891694352477465,0.8323699421965318,0.9085173501577287,1.0,CD14 Monocytes_vs_rest,7,svm
1401,scanpy_t-test,0.9181395839231105,0.9025974025974026,0.9328859060402684,0.9652777777777778,CD14 Monocytes_vs_rest,8,svm
1402,scanpy_t-test,0.8870652411287673,0.8313953488372093,0.9050632911392406,0.9930555555555556,CD14 Monocytes_vs_rest,8,svm
1403,scanpy_t-test,0.8837713816557751,0.8265895953757225,0.9022082018927445,0.9930555555555556,CD14 Monocytes_vs_rest,8,svm
1404,scanpy_t-test,0.921921747906734,0.9084967320261438,0.936026936026936,0.9652777777777778,CD14 Monocytes_vs_rest,9,svm
1405,scanpy_t-test,0.8837713816557751,0.8265895953757225,0.9022082018927445,0.9930555555555556,CD14 Monocytes_vs_rest,9,svm
1406,scanpy_t-test,0.8937317179010554,0.8411764705882353,0.910828025477707,0.9930555555555556,CD14 Monocytes_vs_rest,9,svm
1407,scanpy_t-test,0.9212549491422475,0.9139072847682119,0.9355932203389831,0.9583333333333334,CD14 Monocytes_vs_rest,10,svm
1408,scanpy_t-test,0.8837713816557751,0.8265895953757225,0.9022082018927445,0.9930555555555556,CD14 Monocytes_vs_rest,10,svm
1409,scanpy_t-test,0.8870652411287673,0.8313953488372093,0.9050632911392406,0.9930555555555556,CD14 Monocytes_vs_rest,10,svm
1410,scanpy_t-test,0.9212549491422475,0.9139072847682119,0.9355932203389831,0.9583333333333334,CD14 Monocytes_vs_rest,11,svm
1411,scanpy_t-test,0.8870652411287673,0.8313953488372093,0.9050632911392406,0.9930555555555556,CD14 Monocytes_vs_rest,11,svm
1412,scanpy_t-test,0.8870652411287673,0.8313953488372093,0.9050632911392406,0.9930555555555556,CD14 Monocytes_vs_rest,11,svm
1413,scanpy_t-test,0.93405067201664,0.9210526315789473,0.9459459459459459,0.9722222222222222,CD14 Monocytes_vs_rest,12,svm
1414,scanpy_t-test,0.8937317179010554,0.8411764705882353,0.910828025477707,0.9930555555555556,CD14 Monocytes_vs_rest,12,svm
1415,scanpy_t-test,0.891694352477465,0.8323699421965318,0.9085173501577287,1.0,CD14 Monocytes_vs_rest,12,svm
1416,scanpy_t-test,0.93405067201664,0.9210526315789473,0.9459459459459459,0.9722222222222222,CD14 Monocytes_vs_rest,13,svm
1417,scanpy_t-test,0.8903852257501926,0.8362573099415205,0.9079365079365079,0.9930555555555556,CD14 Monocytes_vs_rest,13,svm
1418,scanpy_t-test,0.9017049935676504,0.8470588235294118,0.9171974522292994,1.0,CD14 Monocytes_vs_rest,13,svm
1419,scanpy_t-test,0.9316260933940034,0.9044585987261147,0.9435215946843853,0.9861111111111112,CD14 Monocytes_vs_rest,14,svm
1420,scanpy_t-test,0.9063108124885484,0.8658536585365854,0.922077922077922,0.9861111111111112,CD14 Monocytes_vs_rest,14,svm
1421,scanpy_t-test,0.9296222517045284,0.8888888888888888,0.9411764705882353,1.0,CD14 Monocytes_vs_rest,14,svm
1422,scanpy_t-test,0.9316260933940034,0.9044585987261147,0.9435215946843853,0.9861111111111112,CD14 Monocytes_vs_rest,15,svm
1423,scanpy_t-test,0.9098359506950326,0.8711656441717791,0.9250814332247557,0.9861111111111112,CD14 Monocytes_vs_rest,15,svm
1424,scanpy_t-test,0.9332445979705063,0.8944099378881988,0.9442622950819672,1.0,CD14 Monocytes_vs_rest,15,svm
1425,scanpy_t-test,0.9316260933940034,0.9044585987261147,0.9435215946843853,0.9861111111111112,CD14 Monocytes_vs_rest,16,svm
1426,scanpy_t-test,0.9098359506950326,0.8711656441717791,0.9250814332247557,0.9861111111111112,CD14 Monocytes_vs_rest,16,svm
1427,scanpy_t-test,0.9260304417268213,0.8834355828220859,0.9381107491856677,1.0,CD14 Monocytes_vs_rest,16,svm
1428,scanpy_t-test,0.9353688514589676,0.9102564102564102,0.9466666666666667,0.9861111111111112,CD14 Monocytes_vs_rest,17,svm
1429,scanpy_t-test,0.8947540418023477,0.8545454545454545,0.912621359223301,0.9791666666666666,CD14 Monocytes_vs_rest,17,svm
1430,scanpy_t-test,0.9296222517045284,0.8888888888888888,0.9411764705882353,1.0,CD14 Monocytes_vs_rest,17,svm
1431,scanpy_t-test,0.9316260933940034,0.9044585987261147,0.9435215946843853,0.9861111111111112,CD14 Monocytes_vs_rest,18,svm
1432,scanpy_t-test,0.8947540418023477,0.8545454545454545,0.912621359223301,0.9791666666666666,CD14 Monocytes_vs_rest,18,svm
1433,scanpy_t-test,0.9251101363400185,0.8881987577639752,0.9377049180327869,0.9930555555555556,CD14 Monocytes_vs_rest,18,svm
1434,scanpy_t-test,0.9279159018278548,0.8987341772151899,0.9403973509933775,0.9861111111111112,CD14 Monocytes_vs_rest,19,svm
1435,scanpy_t-test,0.8947540418023477,0.8545454545454545,0.912621359223301,0.9791666666666666,CD14 Monocytes_vs_rest,19,svm
1436,scanpy_t-test,0.9215065018880603,0.8827160493827161,0.934640522875817,0.9930555555555556,CD14 Monocytes_vs_rest,19,svm
1437,scanpy_t-test,0.9308934268177674,0.9096774193548387,0.9431438127090301,0.9791666666666666,CD14 Monocytes_vs_rest,20,svm
1438,scanpy_t-test,0.9028148890257923,0.8606060606060606,0.919093851132686,0.9861111111111112,CD14 Monocytes_vs_rest,20,svm
1439,scanpy_t-test,0.9215065018880603,0.8827160493827161,0.934640522875817,0.9930555555555556,CD14 Monocytes_vs_rest,20,svm
1440,yomix,0.7569788964471992,0.5789473684210527,0.7333333333333333,1.0,Dendritic_vs_rest,1,svm
1441,yomix,0.6524164051637641,0.5294117647058824,0.6428571428571429,0.8181818181818182,Dendritic_vs_rest,1,svm
1442,yomix,0.7190984742677216,0.5238095238095238,0.6875,1.0,Dendritic_vs_rest,1,svm
1443,yomix,0.7373343690829731,0.55,0.7096774193548387,1.0,Dendritic_vs_rest,2,svm
1444,yomix,0.7190984742677216,0.5238095238095238,0.6875,1.0,Dendritic_vs_rest,2,svm
1445,yomix,0.6862305961616616,0.4782608695652174,0.6470588235294118,1.0,Dendritic_vs_rest,2,svm
1446,yomix,0.6317127771890083,0.4074074074074074,0.5789473684210527,1.0,Dendritic_vs_rest,3,svm
1447,yomix,0.5880067439583339,0.3548387096774194,0.5238095238095238,1.0,Dendritic_vs_rest,3,svm
1448,yomix,0.7021094974994094,0.5,0.6666666666666666,1.0,Dendritic_vs_rest,3,svm
1449,yomix,0.6317127771890083,0.4074074074074074,0.5789473684210527,1.0,Dendritic_vs_rest,4,svm
1450,yomix,0.551299508239542,0.3448275862068966,0.5,0.9090909090909091,Dendritic_vs_rest,4,svm
1451,yomix,0.7782247765375383,0.6111111111111112,0.7586206896551724,1.0,Dendritic_vs_rest,4,svm
1452,yomix,0.8847011795303397,0.7857142857142857,0.88,1.0,Dendritic_vs_rest,5,svm
1453,yomix,0.8847011795303397,0.7857142857142857,0.88,1.0,Dendritic_vs_rest,5,svm
1454,yomix,0.9186876503559719,0.8461538461538461,0.9166666666666666,1.0,Dendritic_vs_rest,5,svm
1455,yomix,0.9186876503559719,0.8461538461538461,0.9166666666666666,1.0,Dendritic_vs_rest,6,svm
1456,yomix,0.9186876503559719,0.8461538461538461,0.9166666666666666,1.0,Dendritic_vs_rest,6,svm
1457,yomix,0.9186876503559719,0.8461538461538461,0.9166666666666666,1.0,Dendritic_vs_rest,6,svm
1458,yomix,0.9186876503559719,0.8461538461538461,0.9166666666666666,1.0,Dendritic_vs_rest,7,svm
1459,yomix,0.9568139619311996,0.9166666666666666,0.9565217391304348,1.0,Dendritic_vs_rest,7,svm
1460,yomix,0.9186876503559719,0.8461538461538461,0.9166666666666666,1.0,Dendritic_vs_rest,7,svm
1461,yomix,0.9568139619311996,0.9166666666666666,0.9565217391304348,1.0,Dendritic_vs_rest,8,svm
1462,yomix,0.9568139619311996,0.9166666666666666,0.9565217391304348,1.0,Dendritic_vs_rest,8,svm
1463,yomix,0.9568139619311996,0.9166666666666666,0.9565217391304348,1.0,Dendritic_vs_rest,8,svm
1464,yomix,0.9568139619311996,0.9166666666666666,0.9565217391304348,1.0,Dendritic_vs_rest,9,svm
1465,yomix,0.9528527634145807,1.0,0.9523809523809523,0.9090909090909091,Dendritic_vs_rest,9,svm
1466,yomix,0.9568139619311996,0.9166666666666666,0.9565217391304348,1.0,Dendritic_vs_rest,9,svm
1467,yomix,0.9568139619311996,0.9166666666666666,0.9565217391304348,1.0,Dendritic_vs_rest,10,svm
1468,yomix,0.9528527634145807,1.0,0.9523809523809523,0.9090909090909091,Dendritic_vs_rest,10,svm
1469,yomix,0.9568139619311996,0.9166666666666666,0.9565217391304348,1.0,Dendritic_vs_rest,10,svm
1470,yomix,0.9568139619311996,0.9166666666666666,0.9565217391304348,1.0,Dendritic_vs_rest,11,svm
1471,yomix,0.9528527634145807,1.0,0.9523809523809523,0.9090909090909091,Dendritic_vs_rest,11,svm
1472,yomix,0.9568139619311996,0.9166666666666666,0.9565217391304348,1.0,Dendritic_vs_rest,11,svm
1473,yomix,0.9568139619311996,0.9166666666666666,0.9565217391304348,1.0,Dendritic_vs_rest,12,svm
1474,yomix,0.9528527634145807,1.0,0.9523809523809523,0.9090909090909091,Dendritic_vs_rest,12,svm
1475,yomix,0.9568139619311996,0.9166666666666666,0.9565217391304348,1.0,Dendritic_vs_rest,12,svm
1476,yomix,0.9568139619311996,0.9166666666666666,0.9565217391304348,1.0,Dendritic_vs_rest,13,svm
1477,yomix,0.9528527634145807,1.0,0.9523809523809523,0.9090909090909091,Dendritic_vs_rest,13,svm
1478,yomix,0.9568139619311996,0.9166666666666666,0.9565217391304348,1.0,Dendritic_vs_rest,13,svm
1479,yomix,0.9568139619311996,0.9166666666666666,0.9565217391304348,1.0,Dendritic_vs_rest,14,svm
1480,yomix,0.9528527634145807,1.0,0.9523809523809523,0.9090909090909091,Dendritic_vs_rest,14,svm
1481,yomix,1.0,1.0,1.0,1.0,Dendritic_vs_rest,14,svm
1482,yomix,0.9568139619311996,0.9166666666666666,0.9565217391304348,1.0,Dendritic_vs_rest,15,svm
1483,yomix,0.9528527634145807,1.0,0.9523809523809523,0.9090909090909091,Dendritic_vs_rest,15,svm
1484,yomix,1.0,1.0,1.0,1.0,Dendritic_vs_rest,15,svm
1485,yomix,0.9568139619311996,0.9166666666666666,0.9565217391304348,1.0,Dendritic_vs_rest,16,svm
1486,yomix,0.9528527634145807,1.0,0.9523809523809523,0.9090909090909091,Dendritic_vs_rest,16,svm
1487,yomix,1.0,1.0,1.0,1.0,Dendritic_vs_rest,16,svm
1488,yomix,0.9568139619311996,0.9166666666666666,0.9565217391304348,1.0,Dendritic_vs_rest,17,svm
1489,yomix,0.9528527634145807,1.0,0.9523809523809523,0.9090909090909091,Dendritic_vs_rest,17,svm
1490,yomix,1.0,1.0,1.0,1.0,Dendritic_vs_rest,17,svm
1491,yomix,0.9568139619311996,0.9166666666666666,0.9565217391304348,1.0,Dendritic_vs_rest,18,svm
1492,yomix,0.9528527634145807,1.0,0.9523809523809523,0.9090909090909091,Dendritic_vs_rest,18,svm
1493,yomix,1.0,1.0,1.0,1.0,Dendritic_vs_rest,18,svm
1494,yomix,0.9568139619311996,0.9166666666666666,0.9565217391304348,1.0,Dendritic_vs_rest,19,svm
1495,yomix,0.9528527634145807,1.0,0.9523809523809523,0.9090909090909091,Dendritic_vs_rest,19,svm
1496,yomix,0.9568139619311996,0.9166666666666666,0.9565217391304348,1.0,Dendritic_vs_rest,19,svm
1497,yomix,0.9568139619311996,0.9166666666666666,0.9565217391304348,1.0,Dendritic_vs_rest,20,svm
1498,yomix,0.9528527634145807,1.0,0.9523809523809523,0.9090909090909091,Dendritic_vs_rest,20,svm
1499,yomix,1.0,1.0,1.0,1.0,Dendritic_vs_rest,20,svm
1500,cosg,0.7569788964471992,0.5789473684210527,0.7333333333333333,1.0,Dendritic_vs_rest,1,svm
1501,cosg,0.6524164051637641,0.5294117647058824,0.6428571428571429,0.8181818181818182,Dendritic_vs_rest,1,svm
1502,cosg,0.7190984742677216,0.5238095238095238,0.6875,1.0,Dendritic_vs_rest,1,svm
1503,cosg,0.7373343690829731,0.55,0.7096774193548387,1.0,Dendritic_vs_rest,2,svm
1504,cosg,0.7190984742677216,0.5238095238095238,0.6875,1.0,Dendritic_vs_rest,2,svm
1505,cosg,0.6862305961616616,0.4782608695652174,0.6470588235294118,1.0,Dendritic_vs_rest,2,svm
1506,cosg,0.7373343690829731,0.55,0.7096774193548387,1.0,Dendritic_vs_rest,3,svm
1507,cosg,0.7190984742677216,0.5238095238095238,0.6875,1.0,Dendritic_vs_rest,3,svm
1508,cosg,0.6862305961616616,0.4782608695652174,0.6470588235294118,1.0,Dendritic_vs_rest,3,svm
1509,cosg,0.7373343690829731,0.55,0.7096774193548387,1.0,Dendritic_vs_rest,4,svm
1510,cosg,0.7190984742677216,0.5238095238095238,0.6875,1.0,Dendritic_vs_rest,4,svm
1511,cosg,0.6862305961616616,0.4782608695652174,0.6470588235294118,1.0,Dendritic_vs_rest,4,svm
1512,cosg,0.7373343690829731,0.55,0.7096774193548387,1.0,Dendritic_vs_rest,5,svm
1513,cosg,0.7190984742677216,0.5238095238095238,0.6875,1.0,Dendritic_vs_rest,5,svm
1514,cosg,0.6862305961616616,0.4782608695652174,0.6470588235294118,1.0,Dendritic_vs_rest,5,svm
1515,cosg,0.7373343690829731,0.55,0.7096774193548387,1.0,Dendritic_vs_rest,6,svm
1516,cosg,0.7190984742677216,0.5238095238095238,0.6875,1.0,Dendritic_vs_rest,6,svm
1517,cosg,0.6862305961616616,0.4782608695652174,0.6470588235294118,1.0,Dendritic_vs_rest,6,svm
1518,cosg,0.7021094974994094,0.5,0.6666666666666666,1.0,Dendritic_vs_rest,7,svm
1519,cosg,0.6713450866373513,0.4583333333333333,0.6285714285714286,1.0,Dendritic_vs_rest,7,svm
1520,cosg,0.6573527789979579,0.44,0.6111111111111112,1.0,Dendritic_vs_rest,7,svm
1521,cosg,0.7021094974994094,0.5,0.6666666666666666,1.0,Dendritic_vs_rest,8,svm
1522,cosg,0.6713450866373513,0.4583333333333333,0.6285714285714286,1.0,Dendritic_vs_rest,8,svm
1523,cosg,0.6573527789979579,0.44,0.6111111111111112,1.0,Dendritic_vs_rest,8,svm
1524,cosg,0.6862305961616616,0.4782608695652174,0.6470588235294118,1.0,Dendritic_vs_rest,9,svm
1525,cosg,0.6713450866373513,0.4583333333333333,0.6285714285714286,1.0,Dendritic_vs_rest,9,svm
1526,cosg,0.6573527789979579,0.44,0.6111111111111112,1.0,Dendritic_vs_rest,9,svm
1527,cosg,0.7021094974994094,0.5,0.6666666666666666,1.0,Dendritic_vs_rest,10,svm
1528,cosg,0.6713450866373513,0.4583333333333333,0.6285714285714286,1.0,Dendritic_vs_rest,10,svm
1529,cosg,0.6219801372232485,0.43478260869565216,0.5882352941176471,0.9090909090909091,Dendritic_vs_rest,10,svm
1530,cosg,0.82649778677822,0.6875,0.8148148148148148,1.0,Dendritic_vs_rest,11,svm
1531,cosg,0.82649778677822,0.6875,0.8148148148148148,1.0,Dendritic_vs_rest,11,svm
1532,cosg,0.7498124251183851,0.625,0.7407407407407407,0.9090909090909091,Dendritic_vs_rest,11,svm
1533,cosg,0.82649778677822,0.6875,0.8148148148148148,1.0,Dendritic_vs_rest,12,svm
1534,cosg,0.8847011795303397,0.7857142857142857,0.88,1.0,Dendritic_vs_rest,12,svm
1535,cosg,0.8541530687111839,0.7333333333333333,0.8461538461538461,1.0,Dendritic_vs_rest,12,svm
1536,cosg,0.82649778677822,0.6875,0.8148148148148148,1.0,Dendritic_vs_rest,13,svm
1537,cosg,0.8847011795303397,0.7857142857142857,0.88,1.0,Dendritic_vs_rest,13,svm
1538,cosg,0.8541530687111839,0.7333333333333333,0.8461538461538461,1.0,Dendritic_vs_rest,13,svm
1539,cosg,0.82649778677822,0.6875,0.8148148148148148,1.0,Dendritic_vs_rest,14,svm
1540,cosg,0.8847011795303397,0.7857142857142857,0.88,1.0,Dendritic_vs_rest,14,svm
1541,cosg,0.8541530687111839,0.7333333333333333,0.8461538461538461,1.0,Dendritic_vs_rest,14,svm
1542,cosg,0.82649778677822,0.6875,0.8148148148148148,1.0,Dendritic_vs_rest,15,svm
1543,cosg,0.8847011795303397,0.7857142857142857,0.88,1.0,Dendritic_vs_rest,15,svm
1544,cosg,0.7801713843439012,0.75,0.782608695652174,0.8181818181818182,Dendritic_vs_rest,15,svm
1545,cosg,0.82649778677822,0.6875,0.8148148148148148,1.0,Dendritic_vs_rest,16,svm
1546,cosg,0.8847011795303397,0.7857142857142857,0.88,1.0,Dendritic_vs_rest,16,svm
1547,cosg,0.7801713843439012,0.75,0.782608695652174,0.8181818181818182,Dendritic_vs_rest,16,svm
1548,cosg,0.82649778677822,0.6875,0.8148148148148148,1.0,Dendritic_vs_rest,17,svm
1549,cosg,0.8847011795303397,0.7857142857142857,0.88,1.0,Dendritic_vs_rest,17,svm
1550,cosg,0.7801713843439012,0.75,0.782608695652174,0.8181818181818182,Dendritic_vs_rest,17,svm
1551,cosg,0.82649778677822,0.6875,0.8148148148148148,1.0,Dendritic_vs_rest,18,svm
1552,cosg,0.8847011795303397,0.7857142857142857,0.88,1.0,Dendritic_vs_rest,18,svm
1553,cosg,0.7801713843439012,0.75,0.782608695652174,0.8181818181818182,Dendritic_vs_rest,18,svm
1554,cosg,0.8847011795303397,0.7857142857142857,0.88,1.0,Dendritic_vs_rest,19,svm
1555,cosg,0.8562254409274683,0.9,0.8571428571428571,0.8181818181818182,Dendritic_vs_rest,19,svm
1556,cosg,0.9033780792243016,1.0,0.9,0.8181818181818182,Dendritic_vs_rest,19,svm
1557,cosg,0.8847011795303397,0.7857142857142857,0.88,1.0,Dendritic_vs_rest,20,svm
1558,cosg,0.8562254409274683,0.9,0.8571428571428571,0.8181818181818182,Dendritic_vs_rest,20,svm
1559,cosg,0.9033780792243016,1.0,0.9,0.8181818181818182,Dendritic_vs_rest,20,svm
1560,scanpy_wilcoxon,0.2349484408043811,0.06832298136645963,0.12790697674418605,1.0,Dendritic_vs_rest,1,svm
1561,scanpy_wilcoxon,0.2208446703677682,0.06802721088435375,0.12658227848101267,0.9090909090909091,Dendritic_vs_rest,1,svm
1562,scanpy_wilcoxon,0.2228406329333066,0.06285714285714286,0.11827956989247312,1.0,Dendritic_vs_rest,1,svm
1563,scanpy_wilcoxon,0.2161261814676544,0.06578947368421052,0.12269938650306748,0.9090909090909091,Dendritic_vs_rest,2,svm
1564,scanpy_wilcoxon,0.21339473900679082,0.06451612903225806,0.12048192771084337,0.9090909090909091,Dendritic_vs_rest,2,svm
1565,scanpy_wilcoxon,0.2287222842221518,0.06547619047619048,0.12290502793296089,1.0,Dendritic_vs_rest,2,svm
1566,scanpy_wilcoxon,0.21339473900679082,0.06451612903225806,0.12048192771084337,0.9090909090909091,Dendritic_vs_rest,3,svm
1567,scanpy_wilcoxon,0.2116130913556188,0.06369426751592357,0.11904761904761904,0.9090909090909091,Dendritic_vs_rest,3,svm
1568,scanpy_wilcoxon,0.2287222842221518,0.06547619047619048,0.12290502793296089,1.0,Dendritic_vs_rest,3,svm
1569,scanpy_wilcoxon,0.21250006763881116,0.0641025641025641,0.11976047904191617,0.9090909090909091,Dendritic_vs_rest,4,svm
1570,scanpy_wilcoxon,0.1878797095351875,0.058823529411764705,0.10975609756097561,0.8181818181818182,Dendritic_vs_rest,4,svm
1571,scanpy_wilcoxon,0.2313463350921371,0.06666666666666667,0.125,1.0,Dendritic_vs_rest,4,svm
1572,scanpy_wilcoxon,0.21798797536616216,0.06666666666666667,0.12422360248447205,0.9090909090909091,Dendritic_vs_rest,5,svm
1573,scanpy_wilcoxon,0.21893153054644807,0.06711409395973154,0.125,0.9090909090909091,Dendritic_vs_rest,5,svm
1574,scanpy_wilcoxon,0.2415576548230706,0.07142857142857142,0.13333333333333333,1.0,Dendritic_vs_rest,5,svm
1575,scanpy_wilcoxon,0.2507533919640748,0.08333333333333333,0.15267175572519084,0.9090909090909091,Dendritic_vs_rest,6,svm
1576,scanpy_wilcoxon,0.2364227248116317,0.07575757575757576,0.13986013986013987,0.9090909090909091,Dendritic_vs_rest,6,svm
1577,scanpy_wilcoxon,0.26904983788078196,0.08527131782945736,0.15714285714285714,1.0,Dendritic_vs_rest,6,svm
1578,scanpy_wilcoxon,0.431799756010033,0.21739130434782608,0.3508771929824561,0.9090909090909091,Dendritic_vs_rest,7,svm
1579,scanpy_wilcoxon,0.4041380637791746,0.19230769230769232,0.31746031746031744,0.9090909090909091,Dendritic_vs_rest,7,svm
1580,scanpy_wilcoxon,0.3999783693924588,0.18867924528301888,0.3125,0.9090909090909091,Dendritic_vs_rest,7,svm
1581,scanpy_wilcoxon,0.6199240558407622,0.39285714285714285,0.5641025641025641,1.0,Dendritic_vs_rest,8,svm
1582,scanpy_wilcoxon,0.7190984742677216,0.5238095238095238,0.6875,1.0,Dendritic_vs_rest,8,svm
1583,scanpy_wilcoxon,0.6087431617753554,0.3793103448275862,0.55,1.0,Dendritic_vs_rest,8,svm
1584,scanpy_wilcoxon,0.6199240558407622,0.39285714285714285,0.5641025641025641,1.0,Dendritic_vs_rest,9,svm
1585,scanpy_wilcoxon,0.7190984742677216,0.5238095238095238,0.6875,1.0,Dendritic_vs_rest,9,svm
1586,scanpy_wilcoxon,0.6087431617753554,0.3793103448275862,0.55,1.0,Dendritic_vs_rest,9,svm
1587,scanpy_wilcoxon,0.6862305961616616,0.4782608695652174,0.6470588235294118,1.0,Dendritic_vs_rest,10,svm
1588,scanpy_wilcoxon,0.6713450866373513,0.4583333333333333,0.6285714285714286,1.0,Dendritic_vs_rest,10,svm
1589,scanpy_wilcoxon,0.6713450866373513,0.4583333333333333,0.6285714285714286,1.0,Dendritic_vs_rest,10,svm
1590,scanpy_wilcoxon,0.7021094974994094,0.5,0.6666666666666666,1.0,Dendritic_vs_rest,11,svm
1591,scanpy_wilcoxon,0.6573527789979579,0.44,0.6111111111111112,1.0,Dendritic_vs_rest,11,svm
1592,scanpy_wilcoxon,0.6573527789979579,0.44,0.6111111111111112,1.0,Dendritic_vs_rest,11,svm
1593,scanpy_wilcoxon,0.6087431617753554,0.3793103448275862,0.55,1.0,Dendritic_vs_rest,12,svm
1594,scanpy_wilcoxon,0.6317127771890083,0.4074074074074074,0.5789473684210527,1.0,Dendritic_vs_rest,12,svm
1595,scanpy_wilcoxon,0.5360970771534486,0.2972972972972973,0.4583333333333333,1.0,Dendritic_vs_rest,12,svm
1596,scanpy_wilcoxon,0.5981191176289548,0.36666666666666664,0.5365853658536586,1.0,Dendritic_vs_rest,13,svm
1597,scanpy_wilcoxon,0.6441670947333163,0.4230769230769231,0.5945945945945946,1.0,Dendritic_vs_rest,13,svm
1598,scanpy_wilcoxon,0.5603585075653162,0.3235294117647059,0.4888888888888889,1.0,Dendritic_vs_rest,13,svm
1599,scanpy_wilcoxon,0.5981191176289548,0.36666666666666664,0.5365853658536586,1.0,Dendritic_vs_rest,14,svm
1600,scanpy_wilcoxon,0.6862305961616616,0.4782608695652174,0.6470588235294118,1.0,Dendritic_vs_rest,14,svm
1601,scanpy_wilcoxon,0.55193094368734,0.3142857142857143,0.4782608695652174,1.0,Dendritic_vs_rest,14,svm
1602,scanpy_wilcoxon,0.6199240558407622,0.39285714285714285,0.5641025641025641,1.0,Dendritic_vs_rest,15,svm
1603,scanpy_wilcoxon,0.6864711596500473,0.5263157894736842,0.6666666666666666,0.9090909090909091,Dendritic_vs_rest,15,svm
1604,scanpy_wilcoxon,0.55193094368734,0.3142857142857143,0.4782608695652174,1.0,Dendritic_vs_rest,15,svm
1605,scanpy_wilcoxon,0.5981191176289548,0.36666666666666664,0.5365853658536586,1.0,Dendritic_vs_rest,16,svm
1606,scanpy_wilcoxon,0.6685674331063227,0.5,0.6451612903225806,0.9090909090909091,Dendritic_vs_rest,16,svm
1607,scanpy_wilcoxon,0.55193094368734,0.3142857142857143,0.4782608695652174,1.0,Dendritic_vs_rest,16,svm
1608,scanpy_wilcoxon,0.6317127771890083,0.4074074074074074,0.5789473684210527,1.0,Dendritic_vs_rest,17,svm
1609,scanpy_wilcoxon,0.6364577003306334,0.45454545454545453,0.6060606060606061,0.9090909090909091,Dendritic_vs_rest,17,svm
1610,scanpy_wilcoxon,0.49943553028510945,0.2857142857142857,0.43478260869565216,0.9090909090909091,Dendritic_vs_rest,17,svm
1611,scanpy_wilcoxon,0.6317127771890083,0.4074074074074074,0.5789473684210527,1.0,Dendritic_vs_rest,18,svm
1612,scanpy_wilcoxon,0.572257456982984,0.37037037037037035,0.5263157894736842,0.9090909090909091,Dendritic_vs_rest,18,svm
1613,scanpy_wilcoxon,0.49205628028148707,0.2777777777777778,0.425531914893617,0.9090909090909091,Dendritic_vs_rest,18,svm
1614,scanpy_wilcoxon,0.6317127771890083,0.4074074074074074,0.5789473684210527,1.0,Dendritic_vs_rest,19,svm
1615,scanpy_wilcoxon,0.583618751625224,0.38461538461538464,0.5405405405405406,0.9090909090909091,Dendritic_vs_rest,19,svm
1616,scanpy_wilcoxon,0.523573284682205,0.3125,0.46511627906976744,0.9090909090909091,Dendritic_vs_rest,19,svm
1617,scanpy_wilcoxon,0.6317127771890083,0.4074074074074074,0.5789473684210527,1.0,Dendritic_vs_rest,20,svm
1618,scanpy_wilcoxon,0.5956456080881104,0.4,0.5555555555555556,0.9090909090909091,Dendritic_vs_rest,20,svm
1619,scanpy_wilcoxon,0.523573284682205,0.3125,0.46511627906976744,0.9090909090909091,Dendritic_vs_rest,20,svm
1620,scanpy_t-test,0.18876405511276723,0.053763440860215055,0.10152284263959391,0.9090909090909091,Dendritic_vs_rest,1,svm
1621,scanpy_t-test,0.19090219421014354,0.0546448087431694,0.10309278350515463,0.9090909090909091,Dendritic_vs_rest,1,svm
1622,scanpy_t-test,0.20836297644972263,0.05670103092783505,0.1073170731707317,1.0,Dendritic_vs_rest,1,svm
1623,scanpy_t-test,0.24058840486252348,0.07096774193548387,0.13253012048192772,1.0,Dendritic_vs_rest,2,svm
1624,scanpy_t-test,0.22700820638550248,0.06470588235294118,0.12154696132596685,1.0,Dendritic_vs_rest,2,svm
1625,scanpy_t-test,0.24451829945583126,0.0728476821192053,0.13580246913580246,1.0,Dendritic_vs_rest,2,svm
1626,scanpy_t-test,0.37245502741078085,0.1506849315068493,0.2619047619047619,1.0,Dendritic_vs_rest,3,svm
1627,scanpy_t-test,0.34921514788478913,0.13414634146341464,0.23655913978494625,1.0,Dendritic_vs_rest,3,svm
1628,scanpy_t-test,0.34227176128769266,0.12941176470588237,0.22916666666666666,1.0,Dendritic_vs_rest,3,svm
1629,scanpy_t-test,0.37529331252040077,0.1527777777777778,0.26506024096385544,1.0,Dendritic_vs_rest,4,svm
1630,scanpy_t-test,0.36426759687750815,0.14473684210526316,0.25287356321839083,1.0,Dendritic_vs_rest,4,svm
1631,scanpy_t-test,0.34454647530028676,0.13095238095238096,0.23157894736842105,1.0,Dendritic_vs_rest,4,svm
1632,scanpy_t-test,0.35759236856943827,0.15384615384615385,0.2631578947368421,0.9090909090909091,Dendritic_vs_rest,5,svm
1633,scanpy_t-test,0.32522462011713765,0.12987012987012986,0.22727272727272727,0.9090909090909091,Dendritic_vs_rest,5,svm
1634,scanpy_t-test,0.34454647530028676,0.13095238095238096,0.23157894736842105,1.0,Dendritic_vs_rest,5,svm
1635,scanpy_t-test,0.3487343137422692,0.14705882352941177,0.25316455696202533,0.9090909090909091,Dendritic_vs_rest,6,svm
1636,scanpy_t-test,0.32522462011713765,0.12987012987012986,0.22727272727272727,0.9090909090909091,Dendritic_vs_rest,6,svm
1637,scanpy_t-test,0.3696725369095038,0.14864864864864866,0.25882352941176473,1.0,Dendritic_vs_rest,6,svm
1638,scanpy_t-test,0.373752060371828,0.16666666666666666,0.28169014084507044,0.9090909090909091,Dendritic_vs_rest,7,svm
1639,scanpy_t-test,0.4041380637791746,0.19230769230769232,0.31746031746031744,0.9090909090909091,Dendritic_vs_rest,7,svm
1640,scanpy_t-test,0.44769785508471444,0.21153846153846154,0.3492063492063492,1.0,Dendritic_vs_rest,7,svm
1641,scanpy_t-test,0.4084160035855744,0.19607843137254902,0.3225806451612903,0.9090909090909091,Dendritic_vs_rest,8,svm
1642,scanpy_t-test,0.47792673291318194,0.2391304347826087,0.38596491228070173,1.0,Dendritic_vs_rest,8,svm
1643,scanpy_t-test,0.40026399738876567,0.171875,0.29333333333333333,1.0,Dendritic_vs_rest,8,svm
1644,scanpy_t-test,0.4268338212424964,0.2127659574468085,0.3448275862068966,0.9090909090909091,Dendritic_vs_rest,9,svm
1645,scanpy_t-test,0.41735046230812567,0.20408163265306123,0.3333333333333333,0.9090909090909091,Dendritic_vs_rest,9,svm
1646,scanpy_t-test,0.483531608999255,0.24444444444444444,0.39285714285714285,1.0,Dendritic_vs_rest,9,svm
1647,scanpy_t-test,0.45336213267104725,0.23809523809523808,0.37735849056603776,0.9090909090909091,Dendritic_vs_rest,10,svm
1648,scanpy_t-test,0.41735046230812567,0.20408163265306123,0.3333333333333333,0.9090909090909091,Dendritic_vs_rest,10,svm
1649,scanpy_t-test,0.45336213267104725,0.23809523809523808,0.37735849056603776,0.9090909090909091,Dendritic_vs_rest,10,svm
1650,scanpy_t-test,0.431799756010033,0.21739130434782608,0.3508771929824561,0.9090909090909091,Dendritic_vs_rest,11,svm
1651,scanpy_t-test,0.41281804569105673,0.2,0.32786885245901637,0.9090909090909091,Dendritic_vs_rest,11,svm
1652,scanpy_t-test,0.4422220407412511,0.22727272727272727,0.36363636363636365,0.9090909090909091,Dendritic_vs_rest,11,svm
1653,scanpy_t-test,0.4716155823850128,0.2564102564102564,0.4,0.9090909090909091,Dendritic_vs_rest,12,svm
1654,scanpy_t-test,0.45336213267104725,0.23809523809523808,0.37735849056603776,0.9090909090909091,Dendritic_vs_rest,12,svm
1655,scanpy_t-test,0.39593144414425463,0.18518518518518517,0.3076923076923077,0.9090909090909091,Dendritic_vs_rest,12,svm
1656,scanpy_t-test,0.47816493938090604,0.2631578947368421,0.40816326530612246,0.9090909090909091,Dendritic_vs_rest,13,svm
1657,scanpy_t-test,0.447697178836939,0.23255813953488372,0.37037037037037035,0.9090909090909091,Dendritic_vs_rest,13,svm
1658,scanpy_t-test,0.41735046230812567,0.20408163265306123,0.3333333333333333,0.9090909090909091,Dendritic_vs_rest,13,svm
1659,scanpy_t-test,0.5956456080881104,0.4,0.5555555555555556,0.9090909090909091,Dendritic_vs_rest,14,svm
1660,scanpy_t-test,0.4716155823850128,0.2564102564102564,0.4,0.9090909090909091,Dendritic_vs_rest,14,svm
1661,scanpy_t-test,0.4422220407412511,0.22727272727272727,0.36363636363636365,0.9090909090909091,Dendritic_vs_rest,14,svm
1662,scanpy_t-test,0.572257456982984,0.37037037037037035,0.5263157894736842,0.9090909090909091,Dendritic_vs_rest,15,svm
1663,scanpy_t-test,0.49943553028510945,0.2857142857142857,0.43478260869565216,0.9090909090909091,Dendritic_vs_rest,15,svm
1664,scanpy_t-test,0.48497258767656337,0.2702702702702703,0.4166666666666667,0.9090909090909091,Dendritic_vs_rest,15,svm
1665,scanpy_t-test,0.583618751625224,0.38461538461538464,0.5405405405405406,0.9090909090909091,Dendritic_vs_rest,16,svm
1666,scanpy_t-test,0.49205628028148707,0.2777777777777778,0.425531914893617,0.9090909090909091,Dendritic_vs_rest,16,svm
1667,scanpy_t-test,0.48497258767656337,0.2702702702702703,0.4166666666666667,0.9090909090909091,Dendritic_vs_rest,16,svm
1668,scanpy_t-test,0.551299508239542,0.3448275862068966,0.5,0.9090909090909091,Dendritic_vs_rest,17,svm
1669,scanpy_t-test,0.49943553028510945,0.2857142857142857,0.43478260869565216,0.9090909090909091,Dendritic_vs_rest,17,svm
1670,scanpy_t-test,0.49943553028510945,0.2857142857142857,0.43478260869565216,0.9090909090909091,Dendritic_vs_rest,17,svm
1671,scanpy_t-test,0.551299508239542,0.3448275862068966,0.5,0.9090909090909091,Dendritic_vs_rest,18,svm
1672,scanpy_t-test,0.4850887331951365,0.3,0.43902439024390244,0.8181818181818182,Dendritic_vs_rest,18,svm
1673,scanpy_t-test,0.49205628028148707,0.2777777777777778,0.425531914893617,0.9090909090909091,Dendritic_vs_rest,18,svm
1674,scanpy_t-test,0.5615018935102191,0.35714285714285715,0.5128205128205128,0.9090909090909091,Dendritic_vs_rest,19,svm
1675,scanpy_t-test,0.583618751625224,0.38461538461538464,0.5405405405405406,0.9090909090909091,Dendritic_vs_rest,19,svm
1676,scanpy_t-test,0.523573284682205,0.3125,0.46511627906976744,0.9090909090909091,Dendritic_vs_rest,19,svm
1677,scanpy_t-test,0.583618751625224,0.38461538461538464,0.5405405405405406,0.9090909090909091,Dendritic_vs_rest,20,svm
1678,scanpy_t-test,0.5615018935102191,0.35714285714285715,0.5128205128205128,0.9090909090909091,Dendritic_vs_rest,20,svm
1679,scanpy_t-test,0.5416039254120456,0.3333333333333333,0.4878048780487805,0.9090909090909091,Dendritic_vs_rest,20,svm
1680,yomix,0.7053098106038297,0.5,0.6666666666666666,1.0,Megakaryocytes_vs_rest,1,svm
1681,yomix,0.7544886228058295,0.5714285714285714,0.7272727272727273,1.0,Megakaryocytes_vs_rest,1,svm
1682,yomix,0.7544886228058295,0.5714285714285714,0.7272727272727273,1.0,Megakaryocytes_vs_rest,1,svm
1683,yomix,0.8154597594543461,0.6666666666666666,0.8,1.0,Megakaryocytes_vs_rest,2,svm
1684,yomix,1.0,1.0,1.0,1.0,Megakaryocytes_vs_rest,2,svm
1685,yomix,1.0,1.0,1.0,1.0,Megakaryocytes_vs_rest,2,svm
1686,yomix,0.8938594808881338,0.8,0.8888888888888888,1.0,Megakaryocytes_vs_rest,3,svm
1687,yomix,1.0,1.0,1.0,1.0,Megakaryocytes_vs_rest,3,svm
1688,yomix,1.0,1.0,1.0,1.0,Megakaryocytes_vs_rest,3,svm
1689,yomix,0.8938594808881338,0.8,0.8888888888888888,1.0,Megakaryocytes_vs_rest,4,svm
1690,yomix,1.0,1.0,1.0,1.0,Megakaryocytes_vs_rest,4,svm
1691,yomix,1.0,1.0,1.0,1.0,Megakaryocytes_vs_rest,4,svm
1692,yomix,1.0,1.0,1.0,1.0,Megakaryocytes_vs_rest,5,svm
1693,yomix,1.0,1.0,1.0,1.0,Megakaryocytes_vs_rest,5,svm
1694,yomix,1.0,1.0,1.0,1.0,Megakaryocytes_vs_rest,5,svm
1695,yomix,1.0,1.0,1.0,1.0,Megakaryocytes_vs_rest,6,svm
1696,yomix,0.8654764177363786,1.0,0.8571428571428571,0.75,Megakaryocytes_vs_rest,6,svm
1697,yomix,1.0,1.0,1.0,1.0,Megakaryocytes_vs_rest,6,svm
1698,yomix,1.0,1.0,1.0,1.0,Megakaryocytes_vs_rest,7,svm
1699,yomix,0.8654764177363786,1.0,0.8571428571428571,0.75,Megakaryocytes_vs_rest,7,svm
1700,yomix,1.0,1.0,1.0,1.0,Megakaryocytes_vs_rest,7,svm
1701,yomix,1.0,1.0,1.0,1.0,Megakaryocytes_vs_rest,8,svm
1702,yomix,0.8654764177363786,1.0,0.8571428571428571,0.75,Megakaryocytes_vs_rest,8,svm
1703,yomix,1.0,1.0,1.0,1.0,Megakaryocytes_vs_rest,8,svm
1704,yomix,1.0,1.0,1.0,1.0,Megakaryocytes_vs_rest,9,svm
1705,yomix,0.8654764177363786,1.0,0.8571428571428571,0.75,Megakaryocytes_vs_rest,9,svm
1706,yomix,1.0,1.0,1.0,1.0,Megakaryocytes_vs_rest,9,svm
1707,yomix,1.0,1.0,1.0,1.0,Megakaryocytes_vs_rest,10,svm
1708,yomix,0.8654764177363786,1.0,0.8571428571428571,0.75,Megakaryocytes_vs_rest,10,svm
1709,yomix,1.0,1.0,1.0,1.0,Megakaryocytes_vs_rest,10,svm
1710,yomix,1.0,1.0,1.0,1.0,Megakaryocytes_vs_rest,11,svm
1711,yomix,0.8654764177363786,1.0,0.8571428571428571,0.75,Megakaryocytes_vs_rest,11,svm
1712,yomix,1.0,1.0,1.0,1.0,Megakaryocytes_vs_rest,11,svm
1713,yomix,1.0,1.0,1.0,1.0,Megakaryocytes_vs_rest,12,svm
1714,yomix,0.8654764177363786,1.0,0.8571428571428571,0.75,Megakaryocytes_vs_rest,12,svm
1715,yomix,1.0,1.0,1.0,1.0,Megakaryocytes_vs_rest,12,svm
1716,yomix,1.0,1.0,1.0,1.0,Megakaryocytes_vs_rest,13,svm
1717,yomix,0.8654764177363786,1.0,0.8571428571428571,0.75,Megakaryocytes_vs_rest,13,svm
1718,yomix,1.0,1.0,1.0,1.0,Megakaryocytes_vs_rest,13,svm
1719,yomix,1.0,1.0,1.0,1.0,Megakaryocytes_vs_rest,14,svm
1720,yomix,0.8654764177363786,1.0,0.8571428571428571,0.75,Megakaryocytes_vs_rest,14,svm
1721,yomix,1.0,1.0,1.0,1.0,Megakaryocytes_vs_rest,14,svm
1722,yomix,1.0,1.0,1.0,1.0,Megakaryocytes_vs_rest,15,svm
1723,yomix,0.8654764177363786,1.0,0.8571428571428571,0.75,Megakaryocytes_vs_rest,15,svm
1724,yomix,1.0,1.0,1.0,1.0,Megakaryocytes_vs_rest,15,svm
1725,yomix,1.0,1.0,1.0,1.0,Megakaryocytes_vs_rest,16,svm
1726,yomix,0.8654764177363786,1.0,0.8571428571428571,0.75,Megakaryocytes_vs_rest,16,svm
1727,yomix,1.0,1.0,1.0,1.0,Megakaryocytes_vs_rest,16,svm
1728,yomix,1.0,1.0,1.0,1.0,Megakaryocytes_vs_rest,17,svm
1729,yomix,0.8654764177363786,1.0,0.8571428571428571,0.75,Megakaryocytes_vs_rest,17,svm
1730,yomix,1.0,1.0,1.0,1.0,Megakaryocytes_vs_rest,17,svm
1731,yomix,1.0,1.0,1.0,1.0,Megakaryocytes_vs_rest,18,svm
1732,yomix,0.8654764177363786,1.0,0.8571428571428571,0.75,Megakaryocytes_vs_rest,18,svm
1733,yomix,1.0,1.0,1.0,1.0,Megakaryocytes_vs_rest,18,svm
1734,yomix,1.0,1.0,1.0,1.0,Megakaryocytes_vs_rest,19,svm
1735,yomix,0.8654764177363786,1.0,0.8571428571428571,0.75,Megakaryocytes_vs_rest,19,svm
1736,yomix,1.0,1.0,1.0,1.0,Megakaryocytes_vs_rest,19,svm
1737,yomix,1.0,1.0,1.0,1.0,Megakaryocytes_vs_rest,20,svm
1738,yomix,0.8654764177363786,1.0,0.8571428571428571,0.75,Megakaryocytes_vs_rest,20,svm
1739,yomix,1.0,1.0,1.0,1.0,Megakaryocytes_vs_rest,20,svm
1740,cosg,0.8938594808881338,0.8,0.8888888888888888,1.0,Megakaryocytes_vs_rest,1,svm
1741,cosg,0.8938594808881338,0.8,0.8888888888888888,1.0,Megakaryocytes_vs_rest,1,svm
1742,cosg,0.6689748846799375,0.6,0.6666666666666666,0.75,Megakaryocytes_vs_rest,1,svm
1743,cosg,0.8938594808881338,0.8,0.8888888888888888,1.0,Megakaryocytes_vs_rest,2,svm
1744,cosg,0.8938594808881338,0.8,0.8888888888888888,1.0,Megakaryocytes_vs_rest,2,svm
1745,cosg,0.748730964467005,0.75,0.75,0.75,Megakaryocytes_vs_rest,2,svm
1746,cosg,0.8154597594543461,0.6666666666666666,0.8,1.0,Megakaryocytes_vs_rest,3,svm
1747,cosg,0.748730964467005,0.75,0.75,0.75,Megakaryocytes_vs_rest,3,svm
1748,cosg,0.748730964467005,0.75,0.75,0.75,Megakaryocytes_vs_rest,3,svm
1749,cosg,1.0,1.0,1.0,1.0,Megakaryocytes_vs_rest,4,svm
1750,cosg,0.8938594808881338,0.8,0.8888888888888888,1.0,Megakaryocytes_vs_rest,4,svm
1751,cosg,1.0,1.0,1.0,1.0,Megakaryocytes_vs_rest,4,svm
1752,cosg,1.0,1.0,1.0,1.0,Megakaryocytes_vs_rest,5,svm
1753,cosg,0.8938594808881338,0.8,0.8888888888888888,1.0,Megakaryocytes_vs_rest,5,svm
1754,cosg,1.0,1.0,1.0,1.0,Megakaryocytes_vs_rest,5,svm
1755,cosg,1.0,1.0,1.0,1.0,Megakaryocytes_vs_rest,6,svm
1756,cosg,0.8938594808881338,0.8,0.8888888888888888,1.0,Megakaryocytes_vs_rest,6,svm
1757,cosg,1.0,1.0,1.0,1.0,Megakaryocytes_vs_rest,6,svm
1758,cosg,1.0,1.0,1.0,1.0,Megakaryocytes_vs_rest,7,svm
1759,cosg,0.8938594808881338,0.8,0.8888888888888888,1.0,Megakaryocytes_vs_rest,7,svm
1760,cosg,1.0,1.0,1.0,1.0,Megakaryocytes_vs_rest,7,svm
1761,cosg,1.0,1.0,1.0,1.0,Megakaryocytes_vs_rest,8,svm
1762,cosg,0.8938594808881338,0.8,0.8888888888888888,1.0,Megakaryocytes_vs_rest,8,svm
1763,cosg,1.0,1.0,1.0,1.0,Megakaryocytes_vs_rest,8,svm
1764,cosg,1.0,1.0,1.0,1.0,Megakaryocytes_vs_rest,9,svm
1765,cosg,0.8938594808881338,0.8,0.8888888888888888,1.0,Megakaryocytes_vs_rest,9,svm
1766,cosg,1.0,1.0,1.0,1.0,Megakaryocytes_vs_rest,9,svm
1767,cosg,1.0,1.0,1.0,1.0,Megakaryocytes_vs_rest,10,svm
1768,cosg,0.8938594808881338,0.8,0.8888888888888888,1.0,Megakaryocytes_vs_rest,10,svm
1769,cosg,1.0,1.0,1.0,1.0,Megakaryocytes_vs_rest,10,svm
1770,cosg,1.0,1.0,1.0,1.0,Megakaryocytes_vs_rest,11,svm
1771,cosg,0.8938594808881338,0.8,0.8888888888888888,1.0,Megakaryocytes_vs_rest,11,svm
1772,cosg,1.0,1.0,1.0,1.0,Megakaryocytes_vs_rest,11,svm
1773,cosg,1.0,1.0,1.0,1.0,Megakaryocytes_vs_rest,12,svm
1774,cosg,0.8938594808881338,0.8,0.8888888888888888,1.0,Megakaryocytes_vs_rest,12,svm
1775,cosg,1.0,1.0,1.0,1.0,Megakaryocytes_vs_rest,12,svm
1776,cosg,1.0,1.0,1.0,1.0,Megakaryocytes_vs_rest,13,svm
1777,cosg,0.8938594808881338,0.8,0.8888888888888888,1.0,Megakaryocytes_vs_rest,13,svm
1778,cosg,1.0,1.0,1.0,1.0,Megakaryocytes_vs_rest,13,svm
1779,cosg,1.0,1.0,1.0,1.0,Megakaryocytes_vs_rest,14,svm
1780,cosg,0.8938594808881338,0.8,0.8888888888888888,1.0,Megakaryocytes_vs_rest,14,svm
1781,cosg,1.0,1.0,1.0,1.0,Megakaryocytes_vs_rest,14,svm
1782,cosg,1.0,1.0,1.0,1.0,Megakaryocytes_vs_rest,15,svm
1783,cosg,1.0,1.0,1.0,1.0,Megakaryocytes_vs_rest,15,svm
1784,cosg,1.0,1.0,1.0,1.0,Megakaryocytes_vs_rest,15,svm
1785,cosg,1.0,1.0,1.0,1.0,Megakaryocytes_vs_rest,16,svm
1786,cosg,1.0,1.0,1.0,1.0,Megakaryocytes_vs_rest,16,svm
1787,cosg,1.0,1.0,1.0,1.0,Megakaryocytes_vs_rest,16,svm
1788,cosg,1.0,1.0,1.0,1.0,Megakaryocytes_vs_rest,17,svm
1789,cosg,1.0,1.0,1.0,1.0,Megakaryocytes_vs_rest,17,svm
1790,cosg,1.0,1.0,1.0,1.0,Megakaryocytes_vs_rest,17,svm
1791,cosg,1.0,1.0,1.0,1.0,Megakaryocytes_vs_rest,18,svm
1792,cosg,1.0,1.0,1.0,1.0,Megakaryocytes_vs_rest,18,svm
1793,cosg,1.0,1.0,1.0,1.0,Megakaryocytes_vs_rest,18,svm
1794,cosg,1.0,1.0,1.0,1.0,Megakaryocytes_vs_rest,19,svm
1795,cosg,1.0,1.0,1.0,1.0,Megakaryocytes_vs_rest,19,svm
1796,cosg,1.0,1.0,1.0,1.0,Megakaryocytes_vs_rest,19,svm
1797,cosg,1.0,1.0,1.0,1.0,Megakaryocytes_vs_rest,20,svm
1798,cosg,1.0,1.0,1.0,1.0,Megakaryocytes_vs_rest,20,svm
1799,cosg,1.0,1.0,1.0,1.0,Megakaryocytes_vs_rest,20,svm
1800,scanpy_wilcoxon,0.7053098106038297,0.5,0.6666666666666666,1.0,Megakaryocytes_vs_rest,1,svm
1801,scanpy_wilcoxon,0.7544886228058295,0.5714285714285714,0.7272727272727273,1.0,Megakaryocytes_vs_rest,1,svm
1802,scanpy_wilcoxon,0.7544886228058295,0.5714285714285714,0.7272727272727273,1.0,Megakaryocytes_vs_rest,1,svm
1803,scanpy_wilcoxon,0.8154597594543461,0.6666666666666666,0.8,1.0,Megakaryocytes_vs_rest,2,svm
1804,scanpy_wilcoxon,1.0,1.0,1.0,1.0,Megakaryocytes_vs_rest,2,svm
1805,scanpy_wilcoxon,1.0,1.0,1.0,1.0,Megakaryocytes_vs_rest,2,svm
1806,scanpy_wilcoxon,0.8938594808881338,0.8,0.8888888888888888,1.0,Megakaryocytes_vs_rest,3,svm
1807,scanpy_wilcoxon,1.0,1.0,1.0,1.0,Megakaryocytes_vs_rest,3,svm
1808,scanpy_wilcoxon,1.0,1.0,1.0,1.0,Megakaryocytes_vs_rest,3,svm
1809,scanpy_wilcoxon,0.8938594808881338,0.8,0.8888888888888888,1.0,Megakaryocytes_vs_rest,4,svm
1810,scanpy_wilcoxon,1.0,1.0,1.0,1.0,Megakaryocytes_vs_rest,4,svm
1811,scanpy_wilcoxon,1.0,1.0,1.0,1.0,Megakaryocytes_vs_rest,4,svm
1812,scanpy_wilcoxon,1.0,1.0,1.0,1.0,Megakaryocytes_vs_rest,5,svm
1813,scanpy_wilcoxon,1.0,1.0,1.0,1.0,Megakaryocytes_vs_rest,5,svm
1814,scanpy_wilcoxon,1.0,1.0,1.0,1.0,Megakaryocytes_vs_rest,5,svm
1815,scanpy_wilcoxon,1.0,1.0,1.0,1.0,Megakaryocytes_vs_rest,6,svm
1816,scanpy_wilcoxon,1.0,1.0,1.0,1.0,Megakaryocytes_vs_rest,6,svm
1817,scanpy_wilcoxon,1.0,1.0,1.0,1.0,Megakaryocytes_vs_rest,6,svm
1818,scanpy_wilcoxon,1.0,1.0,1.0,1.0,Megakaryocytes_vs_rest,7,svm
1819,scanpy_wilcoxon,1.0,1.0,1.0,1.0,Megakaryocytes_vs_rest,7,svm
1820,scanpy_wilcoxon,1.0,1.0,1.0,1.0,Megakaryocytes_vs_rest,7,svm
1821,scanpy_wilcoxon,1.0,1.0,1.0,1.0,Megakaryocytes_vs_rest,8,svm
1822,scanpy_wilcoxon,1.0,1.0,1.0,1.0,Megakaryocytes_vs_rest,8,svm
1823,scanpy_wilcoxon,1.0,1.0,1.0,1.0,Megakaryocytes_vs_rest,8,svm
1824,scanpy_wilcoxon,1.0,1.0,1.0,1.0,Megakaryocytes_vs_rest,9,svm
1825,scanpy_wilcoxon,1.0,1.0,1.0,1.0,Megakaryocytes_vs_rest,9,svm
1826,scanpy_wilcoxon,1.0,1.0,1.0,1.0,Megakaryocytes_vs_rest,9,svm
1827,scanpy_wilcoxon,1.0,1.0,1.0,1.0,Megakaryocytes_vs_rest,10,svm
1828,scanpy_wilcoxon,1.0,1.0,1.0,1.0,Megakaryocytes_vs_rest,10,svm
1829,scanpy_wilcoxon,1.0,1.0,1.0,1.0,Megakaryocytes_vs_rest,10,svm
1830,scanpy_wilcoxon,1.0,1.0,1.0,1.0,Megakaryocytes_vs_rest,11,svm
1831,scanpy_wilcoxon,1.0,1.0,1.0,1.0,Megakaryocytes_vs_rest,11,svm
1832,scanpy_wilcoxon,1.0,1.0,1.0,1.0,Megakaryocytes_vs_rest,11,svm
1833,scanpy_wilcoxon,1.0,1.0,1.0,1.0,Megakaryocytes_vs_rest,12,svm
1834,scanpy_wilcoxon,1.0,1.0,1.0,1.0,Megakaryocytes_vs_rest,12,svm
1835,scanpy_wilcoxon,1.0,1.0,1.0,1.0,Megakaryocytes_vs_rest,12,svm
1836,scanpy_wilcoxon,1.0,1.0,1.0,1.0,Megakaryocytes_vs_rest,13,svm
1837,scanpy_wilcoxon,1.0,1.0,1.0,1.0,Megakaryocytes_vs_rest,13,svm
1838,scanpy_wilcoxon,1.0,1.0,1.0,1.0,Megakaryocytes_vs_rest,13,svm
1839,scanpy_wilcoxon,1.0,1.0,1.0,1.0,Megakaryocytes_vs_rest,14,svm
1840,scanpy_wilcoxon,1.0,1.0,1.0,1.0,Megakaryocytes_vs_rest,14,svm
1841,scanpy_wilcoxon,1.0,1.0,1.0,1.0,Megakaryocytes_vs_rest,14,svm
1842,scanpy_wilcoxon,1.0,1.0,1.0,1.0,Megakaryocytes_vs_rest,15,svm
1843,scanpy_wilcoxon,1.0,1.0,1.0,1.0,Megakaryocytes_vs_rest,15,svm
1844,scanpy_wilcoxon,1.0,1.0,1.0,1.0,Megakaryocytes_vs_rest,15,svm
1845,scanpy_wilcoxon,1.0,1.0,1.0,1.0,Megakaryocytes_vs_rest,16,svm
1846,scanpy_wilcoxon,0.8654764177363786,1.0,0.8571428571428571,0.75,Megakaryocytes_vs_rest,16,svm
1847,scanpy_wilcoxon,1.0,1.0,1.0,1.0,Megakaryocytes_vs_rest,16,svm
1848,scanpy_wilcoxon,1.0,1.0,1.0,1.0,Megakaryocytes_vs_rest,17,svm
1849,scanpy_wilcoxon,0.8654764177363786,1.0,0.8571428571428571,0.75,Megakaryocytes_vs_rest,17,svm
1850,scanpy_wilcoxon,1.0,1.0,1.0,1.0,Megakaryocytes_vs_rest,17,svm
1851,scanpy_wilcoxon,1.0,1.0,1.0,1.0,Megakaryocytes_vs_rest,18,svm
1852,scanpy_wilcoxon,0.8654764177363786,1.0,0.8571428571428571,0.75,Megakaryocytes_vs_rest,18,svm
1853,scanpy_wilcoxon,1.0,1.0,1.0,1.0,Megakaryocytes_vs_rest,18,svm
1854,scanpy_wilcoxon,1.0,1.0,1.0,1.0,Megakaryocytes_vs_rest,19,svm
1855,scanpy_wilcoxon,0.8654764177363786,1.0,0.8571428571428571,0.75,Megakaryocytes_vs_rest,19,svm
1856,scanpy_wilcoxon,1.0,1.0,1.0,1.0,Megakaryocytes_vs_rest,19,svm
1857,scanpy_wilcoxon,1.0,1.0,1.0,1.0,Megakaryocytes_vs_rest,20,svm
1858,scanpy_wilcoxon,0.8654764177363786,1.0,0.8571428571428571,0.75,Megakaryocytes_vs_rest,20,svm
1859,scanpy_wilcoxon,1.0,1.0,1.0,1.0,Megakaryocytes_vs_rest,20,svm
1860,scanpy_t-test,0.4030341774879027,0.16666666666666666,0.2857142857142857,1.0,Megakaryocytes_vs_rest,1,svm
1861,scanpy_t-test,0.33640468172061355,0.11764705882352941,0.21052631578947367,1.0,Megakaryocytes_vs_rest,1,svm
1862,scanpy_t-test,0.39463405910936916,0.16,0.27586206896551724,1.0,Megakaryocytes_vs_rest,1,svm
1863,scanpy_t-test,0.8154597594543461,0.6666666666666666,0.8,1.0,Megakaryocytes_vs_rest,2,svm
1864,scanpy_t-test,0.8938594808881338,0.8,0.8888888888888888,1.0,Megakaryocytes_vs_rest,2,svm
1865,scanpy_t-test,1.0,1.0,1.0,1.0,Megakaryocytes_vs_rest,2,svm
1866,scanpy_t-test,0.8154597594543461,0.6666666666666666,0.8,1.0,Megakaryocytes_vs_rest,3,svm
1867,scanpy_t-test,0.8938594808881338,0.8,0.8888888888888888,1.0,Megakaryocytes_vs_rest,3,svm
1868,scanpy_t-test,1.0,1.0,1.0,1.0,Megakaryocytes_vs_rest,3,svm
1869,scanpy_t-test,0.8154597594543461,0.6666666666666666,0.8,1.0,Megakaryocytes_vs_rest,4,svm
1870,scanpy_t-test,0.8938594808881338,0.8,0.8888888888888888,1.0,Megakaryocytes_vs_rest,4,svm
1871,scanpy_t-test,1.0,1.0,1.0,1.0,Megakaryocytes_vs_rest,4,svm
1872,scanpy_t-test,0.8938594808881338,0.8,0.8888888888888888,1.0,Megakaryocytes_vs_rest,5,svm
1873,scanpy_t-test,0.8938594808881338,0.8,0.8888888888888888,1.0,Megakaryocytes_vs_rest,5,svm
1874,scanpy_t-test,1.0,1.0,1.0,1.0,Megakaryocytes_vs_rest,5,svm
1875,scanpy_t-test,0.8938594808881338,0.8,0.8888888888888888,1.0,Megakaryocytes_vs_rest,6,svm
1876,scanpy_t-test,0.8938594808881338,0.8,0.8888888888888888,1.0,Megakaryocytes_vs_rest,6,svm
1877,scanpy_t-test,1.0,1.0,1.0,1.0,Megakaryocytes_vs_rest,6,svm
1878,scanpy_t-test,1.0,1.0,1.0,1.0,Megakaryocytes_vs_rest,7,svm
1879,scanpy_t-test,1.0,1.0,1.0,1.0,Megakaryocytes_vs_rest,7,svm
1880,scanpy_t-test,1.0,1.0,1.0,1.0,Megakaryocytes_vs_rest,7,svm
1881,scanpy_t-test,1.0,1.0,1.0,1.0,Megakaryocytes_vs_rest,8,svm
1882,scanpy_t-test,1.0,1.0,1.0,1.0,Megakaryocytes_vs_rest,8,svm
1883,scanpy_t-test,1.0,1.0,1.0,1.0,Megakaryocytes_vs_rest,8,svm
1884,scanpy_t-test,1.0,1.0,1.0,1.0,Megakaryocytes_vs_rest,9,svm
1885,scanpy_t-test,1.0,1.0,1.0,1.0,Megakaryocytes_vs_rest,9,svm
1886,scanpy_t-test,1.0,1.0,1.0,1.0,Megakaryocytes_vs_rest,9,svm
1887,scanpy_t-test,1.0,1.0,1.0,1.0,Megakaryocytes_vs_rest,10,svm
1888,scanpy_t-test,1.0,1.0,1.0,1.0,Megakaryocytes_vs_rest,10,svm
1889,scanpy_t-test,1.0,1.0,1.0,1.0,Megakaryocytes_vs_rest,10,svm
1890,scanpy_t-test,1.0,1.0,1.0,1.0,Megakaryocytes_vs_rest,11,svm
1891,scanpy_t-test,1.0,1.0,1.0,1.0,Megakaryocytes_vs_rest,11,svm
1892,scanpy_t-test,1.0,1.0,1.0,1.0,Megakaryocytes_vs_rest,11,svm
1893,scanpy_t-test,1.0,1.0,1.0,1.0,Megakaryocytes_vs_rest,12,svm
1894,scanpy_t-test,1.0,1.0,1.0,1.0,Megakaryocytes_vs_rest,12,svm
1895,scanpy_t-test,1.0,1.0,1.0,1.0,Megakaryocytes_vs_rest,12,svm
1896,scanpy_t-test,1.0,1.0,1.0,1.0,Megakaryocytes_vs_rest,13,svm
1897,scanpy_t-test,1.0,1.0,1.0,1.0,Megakaryocytes_vs_rest,13,svm
1898,scanpy_t-test,1.0,1.0,1.0,1.0,Megakaryocytes_vs_rest,13,svm
1899,scanpy_t-test,1.0,1.0,1.0,1.0,Megakaryocytes_vs_rest,14,svm
1900,scanpy_t-test,1.0,1.0,1.0,1.0,Megakaryocytes_vs_rest,14,svm
1901,scanpy_t-test,1.0,1.0,1.0,1.0,Megakaryocytes_vs_rest,14,svm
1902,scanpy_t-test,1.0,1.0,1.0,1.0,Megakaryocytes_vs_rest,15,svm
1903,scanpy_t-test,1.0,1.0,1.0,1.0,Megakaryocytes_vs_rest,15,svm
1904,scanpy_t-test,1.0,1.0,1.0,1.0,Megakaryocytes_vs_rest,15,svm
1905,scanpy_t-test,1.0,1.0,1.0,1.0,Megakaryocytes_vs_rest,16,svm
1906,scanpy_t-test,1.0,1.0,1.0,1.0,Megakaryocytes_vs_rest,16,svm
1907,scanpy_t-test,1.0,1.0,1.0,1.0,Megakaryocytes_vs_rest,16,svm
1908,scanpy_t-test,1.0,1.0,1.0,1.0,Megakaryocytes_vs_rest,17,svm
1909,scanpy_t-test,1.0,1.0,1.0,1.0,Megakaryocytes_vs_rest,17,svm
1910,scanpy_t-test,1.0,1.0,1.0,1.0,Megakaryocytes_vs_rest,17,svm
1911,scanpy_t-test,1.0,1.0,1.0,1.0,Megakaryocytes_vs_rest,18,svm
1912,scanpy_t-test,0.8654764177363786,1.0,0.8571428571428571,0.75,Megakaryocytes_vs_rest,18,svm
1913,scanpy_t-test,1.0,1.0,1.0,1.0,Megakaryocytes_vs_rest,18,svm
1914,scanpy_t-test,1.0,1.0,1.0,1.0,Megakaryocytes_vs_rest,19,svm
1915,scanpy_t-test,0.8654764177363786,1.0,0.8571428571428571,0.75,Megakaryocytes_vs_rest,19,svm
1916,scanpy_t-test,1.0,1.0,1.0,1.0,Megakaryocytes_vs_rest,19,svm
1917,scanpy_t-test,1.0,1.0,1.0,1.0,Megakaryocytes_vs_rest,20,svm
1918,scanpy_t-test,0.8654764177363786,1.0,0.8571428571428571,0.75,Megakaryocytes_vs_rest,20,svm
1919,scanpy_t-test,1.0,1.0,1.0,1.0,Megakaryocytes_vs_rest,20,svm
