,method,mcc,precision,f1_score,recall,label_vs_rest,nb_genes,model
0,yomix,0.6818989106440089,0.5116279069767442,0.6567164179104478,0.9166666666666666,T_ACC_vs_rest,1,svm
1,yomix,0.7165581612175027,0.5641025641025641,0.6984126984126984,0.9166666666666666,T_ACC_vs_rest,1,svm
2,yomix,0.7219292160134775,0.5476190476190477,0.696969696969697,0.9583333333333334,T_ACC_vs_rest,1,svm
3,yomix,0.7359485705222312,0.5945945945945946,0.7213114754098361,0.9166666666666666,T_ACC_vs_rest,2,svm
4,yomix,0.7462413678529622,0.6111111111111112,0.7333333333333333,0.9166666666666666,T_ACC_vs_rest,2,svm
5,yomix,0.8559832804469032,0.7666666666666667,0.8518518518518519,0.9583333333333334,T_ACC_vs_rest,2,svm
6,yomix,0.7462413678529622,0.6111111111111112,0.7333333333333333,0.9166666666666666,T_ACC_vs_rest,3,svm
7,yomix,0.7359485705222312,0.5945945945945946,0.7213114754098361,0.9166666666666666,T_ACC_vs_rest,3,svm
8,yomix,0.8707676659571701,0.7931034482758621,0.8679245283018868,0.9583333333333334,T_ACC_vs_rest,3,svm
9,yomix,0.7921077186272929,0.6875,0.7857142857142857,0.9166666666666666,T_ACC_vs_rest,4,svm
10,yomix,0.7798662835980041,0.6666666666666666,0.7719298245614035,0.9166666666666666,T_ACC_vs_rest,4,svm
11,yomix,0.9027554113657453,0.8518518518518519,0.9019607843137255,0.9583333333333334,T_ACC_vs_rest,4,svm
12,yomix,0.7921077186272929,0.6875,0.7857142857142857,0.9166666666666666,T_ACC_vs_rest,5,svm
13,yomix,0.7798662835980041,0.6666666666666666,0.7719298245614035,0.9166666666666666,T_ACC_vs_rest,5,svm
14,yomix,0.8707676659571701,0.7931034482758621,0.8679245283018868,0.9583333333333334,T_ACC_vs_rest,5,svm
15,yomix,0.7921077186272929,0.6875,0.7857142857142857,0.9166666666666666,T_ACC_vs_rest,6,svm
16,yomix,0.7798662835980041,0.6666666666666666,0.7719298245614035,0.9166666666666666,T_ACC_vs_rest,6,svm
17,yomix,0.8863344609144451,0.8214285714285714,0.8846153846153846,0.9583333333333334,T_ACC_vs_rest,6,svm
18,yomix,0.7921077186272929,0.6875,0.7857142857142857,0.9166666666666666,T_ACC_vs_rest,7,svm
19,yomix,0.7798662835980041,0.6666666666666666,0.7719298245614035,0.9166666666666666,T_ACC_vs_rest,7,svm
20,yomix,0.8707676659571701,0.7931034482758621,0.8679245283018868,0.9583333333333334,T_ACC_vs_rest,7,svm
21,yomix,0.7921077186272929,0.6875,0.7857142857142857,0.9166666666666666,T_ACC_vs_rest,8,svm
22,yomix,0.7921077186272929,0.6875,0.7857142857142857,0.9166666666666666,T_ACC_vs_rest,8,svm
23,yomix,0.8707676659571701,0.7931034482758621,0.8679245283018868,0.9583333333333334,T_ACC_vs_rest,8,svm
24,yomix,0.7921077186272929,0.6875,0.7857142857142857,0.9166666666666666,T_ACC_vs_rest,9,svm
25,yomix,0.7921077186272929,0.6875,0.7857142857142857,0.9166666666666666,T_ACC_vs_rest,9,svm
26,yomix,0.9027554113657453,0.8518518518518519,0.9019607843137255,0.9583333333333334,T_ACC_vs_rest,9,svm
27,yomix,0.8049343790348107,0.7096774193548387,0.8,0.9166666666666666,T_ACC_vs_rest,10,svm
28,yomix,0.7921077186272929,0.6875,0.7857142857142857,0.9166666666666666,T_ACC_vs_rest,10,svm
29,yomix,0.8863344609144451,0.8214285714285714,0.8846153846153846,0.9583333333333334,T_ACC_vs_rest,10,svm
30,yomix,0.8049343790348107,0.7096774193548387,0.8,0.9166666666666666,T_ACC_vs_rest,11,svm
31,yomix,0.7921077186272929,0.6875,0.7857142857142857,0.9166666666666666,T_ACC_vs_rest,11,svm
32,yomix,0.8863344609144451,0.8214285714285714,0.8846153846153846,0.9583333333333334,T_ACC_vs_rest,11,svm
33,yomix,0.8183945992760754,0.7333333333333333,0.8148148148148148,0.9166666666666666,T_ACC_vs_rest,12,svm
34,yomix,0.7921077186272929,0.6875,0.7857142857142857,0.9166666666666666,T_ACC_vs_rest,12,svm
35,yomix,0.8559832804469032,0.7666666666666667,0.8518518518518519,0.9583333333333334,T_ACC_vs_rest,12,svm
36,yomix,0.8183945992760754,0.7333333333333333,0.8148148148148148,0.9166666666666666,T_ACC_vs_rest,13,svm
37,yomix,0.7921077186272929,0.6875,0.7857142857142857,0.9166666666666666,T_ACC_vs_rest,13,svm
38,yomix,0.8419177240986832,0.7419354838709677,0.8363636363636363,0.9583333333333334,T_ACC_vs_rest,13,svm
39,yomix,0.8325424966037424,0.7586206896551724,0.8301886792452831,0.9166666666666666,T_ACC_vs_rest,14,svm
40,yomix,0.7921077186272929,0.6875,0.7857142857142857,0.9166666666666666,T_ACC_vs_rest,14,svm
41,yomix,0.8707676659571701,0.7931034482758621,0.8679245283018868,0.9583333333333334,T_ACC_vs_rest,14,svm
42,yomix,0.8325424966037424,0.7586206896551724,0.8301886792452831,0.9166666666666666,T_ACC_vs_rest,15,svm
43,yomix,0.7808059181052476,0.7,0.7777777777777778,0.875,T_ACC_vs_rest,15,svm
44,yomix,0.8419177240986832,0.7419354838709677,0.8363636363636363,0.9583333333333334,T_ACC_vs_rest,15,svm
45,yomix,0.8325424966037424,0.7586206896551724,0.8301886792452831,0.9166666666666666,T_ACC_vs_rest,16,svm
46,yomix,0.8049343790348107,0.7096774193548387,0.8,0.9166666666666666,T_ACC_vs_rest,16,svm
47,yomix,0.8419177240986832,0.7419354838709677,0.8363636363636363,0.9583333333333334,T_ACC_vs_rest,16,svm
48,yomix,0.8325424966037424,0.7586206896551724,0.8301886792452831,0.9166666666666666,T_ACC_vs_rest,17,svm
49,yomix,0.8049343790348107,0.7096774193548387,0.8,0.9166666666666666,T_ACC_vs_rest,17,svm
50,yomix,0.8419177240986832,0.7419354838709677,0.8363636363636363,0.9583333333333334,T_ACC_vs_rest,17,svm
51,yomix,0.8183945992760754,0.7333333333333333,0.8148148148148148,0.9166666666666666,T_ACC_vs_rest,18,svm
52,yomix,0.7808059181052476,0.7,0.7777777777777778,0.875,T_ACC_vs_rest,18,svm
53,yomix,0.8419177240986832,0.7419354838709677,0.8363636363636363,0.9583333333333334,T_ACC_vs_rest,18,svm
54,yomix,0.8183945992760754,0.7333333333333333,0.8148148148148148,0.9166666666666666,T_ACC_vs_rest,19,svm
55,yomix,0.7679510339709383,0.6774193548387096,0.7636363636363637,0.875,T_ACC_vs_rest,19,svm
56,yomix,0.8419177240986832,0.7419354838709677,0.8363636363636363,0.9583333333333334,T_ACC_vs_rest,19,svm
57,yomix,0.8325424966037424,0.7586206896551724,0.8301886792452831,0.9166666666666666,T_ACC_vs_rest,20,svm
58,yomix,0.7808059181052476,0.7,0.7777777777777778,0.875,T_ACC_vs_rest,20,svm
59,yomix,0.8419177240986832,0.7419354838709677,0.8363636363636363,0.9583333333333334,T_ACC_vs_rest,20,svm
60,cosg,0.8049343790348107,0.7096774193548387,0.8,0.9166666666666666,T_ACC_vs_rest,1,svm
61,cosg,0.8183945992760754,0.7333333333333333,0.8148148148148148,0.9166666666666666,T_ACC_vs_rest,1,svm
62,cosg,0.9027554113657453,0.8518518518518519,0.9019607843137255,0.9583333333333334,T_ACC_vs_rest,1,svm
63,cosg,0.7462413678529622,0.6111111111111112,0.7333333333333333,0.9166666666666666,T_ACC_vs_rest,2,svm
64,cosg,0.768166751215776,0.6470588235294118,0.7586206896551724,0.9166666666666666,T_ACC_vs_rest,2,svm
65,cosg,0.8419177240986832,0.7419354838709677,0.8363636363636363,0.9583333333333334,T_ACC_vs_rest,2,svm
66,cosg,0.7569701614576484,0.6285714285714286,0.7457627118644068,0.9166666666666666,T_ACC_vs_rest,3,svm
67,cosg,0.7359485705222312,0.5945945945945946,0.7213114754098361,0.9166666666666666,T_ACC_vs_rest,3,svm
68,cosg,0.8285144249253272,0.71875,0.8214285714285714,0.9583333333333334,T_ACC_vs_rest,3,svm
69,cosg,0.7462413678529622,0.6111111111111112,0.7333333333333333,0.9166666666666666,T_ACC_vs_rest,4,svm
70,cosg,0.698597650565034,0.5365853658536586,0.676923076923077,0.9166666666666666,T_ACC_vs_rest,4,svm
71,cosg,0.8285144249253272,0.71875,0.8214285714285714,0.9583333333333334,T_ACC_vs_rest,4,svm
72,cosg,0.7462413678529622,0.6111111111111112,0.7333333333333333,0.9166666666666666,T_ACC_vs_rest,5,svm
73,cosg,0.698597650565034,0.5365853658536586,0.676923076923077,0.9166666666666666,T_ACC_vs_rest,5,svm
74,cosg,0.8285144249253272,0.71875,0.8214285714285714,0.9583333333333334,T_ACC_vs_rest,5,svm
75,cosg,0.726062917255797,0.5789473684210527,0.7096774193548387,0.9166666666666666,T_ACC_vs_rest,6,svm
76,cosg,0.7165581612175027,0.5641025641025641,0.6984126984126984,0.9166666666666666,T_ACC_vs_rest,6,svm
77,cosg,0.7698331862106328,0.6216216216216216,0.7540983606557377,0.9583333333333334,T_ACC_vs_rest,6,svm
78,cosg,0.7165581612175027,0.5641025641025641,0.6984126984126984,0.9166666666666666,T_ACC_vs_rest,7,svm
79,cosg,0.7165581612175027,0.5641025641025641,0.6984126984126984,0.9166666666666666,T_ACC_vs_rest,7,svm
80,cosg,0.7698331862106328,0.6216216216216216,0.7540983606557377,0.9583333333333334,T_ACC_vs_rest,7,svm
81,cosg,0.7165581612175027,0.5641025641025641,0.6984126984126984,0.9166666666666666,T_ACC_vs_rest,8,svm
82,cosg,0.7165581612175027,0.5641025641025641,0.6984126984126984,0.9166666666666666,T_ACC_vs_rest,8,svm
83,cosg,0.7698331862106328,0.6216216216216216,0.7540983606557377,0.9583333333333334,T_ACC_vs_rest,8,svm
84,cosg,0.768166751215776,0.6470588235294118,0.7586206896551724,0.9166666666666666,T_ACC_vs_rest,9,svm
85,cosg,0.768166751215776,0.6470588235294118,0.7586206896551724,0.9166666666666666,T_ACC_vs_rest,9,svm
86,cosg,0.8419177240986832,0.7419354838709677,0.8363636363636363,0.9583333333333334,T_ACC_vs_rest,9,svm
87,cosg,0.7798662835980041,0.6666666666666666,0.7719298245614035,0.9166666666666666,T_ACC_vs_rest,10,svm
88,cosg,0.768166751215776,0.6470588235294118,0.7586206896551724,0.9166666666666666,T_ACC_vs_rest,10,svm
89,cosg,0.8285144249253272,0.71875,0.8214285714285714,0.9583333333333334,T_ACC_vs_rest,10,svm
90,cosg,0.768166751215776,0.6470588235294118,0.7586206896551724,0.9166666666666666,T_ACC_vs_rest,11,svm
91,cosg,0.768166751215776,0.6470588235294118,0.7586206896551724,0.9166666666666666,T_ACC_vs_rest,11,svm
92,cosg,0.8285144249253272,0.71875,0.8214285714285714,0.9583333333333334,T_ACC_vs_rest,11,svm
93,cosg,0.7798662835980041,0.6666666666666666,0.7719298245614035,0.9166666666666666,T_ACC_vs_rest,12,svm
94,cosg,0.768166751215776,0.6470588235294118,0.7586206896551724,0.9166666666666666,T_ACC_vs_rest,12,svm
95,cosg,0.8419177240986832,0.7419354838709677,0.8363636363636363,0.9583333333333334,T_ACC_vs_rest,12,svm
96,cosg,0.7798662835980041,0.6666666666666666,0.7719298245614035,0.9166666666666666,T_ACC_vs_rest,13,svm
97,cosg,0.768166751215776,0.6470588235294118,0.7586206896551724,0.9166666666666666,T_ACC_vs_rest,13,svm
98,cosg,0.8419177240986832,0.7419354838709677,0.8363636363636363,0.9583333333333334,T_ACC_vs_rest,13,svm
99,cosg,0.768166751215776,0.6470588235294118,0.7586206896551724,0.9166666666666666,T_ACC_vs_rest,14,svm
100,cosg,0.7798662835980041,0.6666666666666666,0.7719298245614035,0.9166666666666666,T_ACC_vs_rest,14,svm
101,cosg,0.8285144249253272,0.71875,0.8214285714285714,0.9583333333333334,T_ACC_vs_rest,14,svm
102,cosg,0.768166751215776,0.6470588235294118,0.7586206896551724,0.9166666666666666,T_ACC_vs_rest,15,svm
103,cosg,0.768166751215776,0.6470588235294118,0.7586206896551724,0.9166666666666666,T_ACC_vs_rest,15,svm
104,cosg,0.8285144249253272,0.71875,0.8214285714285714,0.9583333333333334,T_ACC_vs_rest,15,svm
105,cosg,0.768166751215776,0.6470588235294118,0.7586206896551724,0.9166666666666666,T_ACC_vs_rest,16,svm
106,cosg,0.768166751215776,0.6470588235294118,0.7586206896551724,0.9166666666666666,T_ACC_vs_rest,16,svm
107,cosg,0.8285144249253272,0.71875,0.8214285714285714,0.9583333333333334,T_ACC_vs_rest,16,svm
108,cosg,0.768166751215776,0.6470588235294118,0.7586206896551724,0.9166666666666666,T_ACC_vs_rest,17,svm
109,cosg,0.768166751215776,0.6470588235294118,0.7586206896551724,0.9166666666666666,T_ACC_vs_rest,17,svm
110,cosg,0.8285144249253272,0.71875,0.8214285714285714,0.9583333333333334,T_ACC_vs_rest,17,svm
111,cosg,0.7798662835980041,0.6666666666666666,0.7719298245614035,0.9166666666666666,T_ACC_vs_rest,18,svm
112,cosg,0.7798662835980041,0.6666666666666666,0.7719298245614035,0.9166666666666666,T_ACC_vs_rest,18,svm
113,cosg,0.8559832804469032,0.7666666666666667,0.8518518518518519,0.9583333333333334,T_ACC_vs_rest,18,svm
114,cosg,0.7798662835980041,0.6666666666666666,0.7719298245614035,0.9166666666666666,T_ACC_vs_rest,19,svm
115,cosg,0.7798662835980041,0.6666666666666666,0.7719298245614035,0.9166666666666666,T_ACC_vs_rest,19,svm
116,cosg,0.8559832804469032,0.7666666666666667,0.8518518518518519,0.9583333333333334,T_ACC_vs_rest,19,svm
117,cosg,0.8049343790348107,0.7096774193548387,0.8,0.9166666666666666,T_ACC_vs_rest,20,svm
118,cosg,0.7798662835980041,0.6666666666666666,0.7719298245614035,0.9166666666666666,T_ACC_vs_rest,20,svm
119,cosg,0.8707676659571701,0.7931034482758621,0.8679245283018868,0.9583333333333334,T_ACC_vs_rest,20,svm
120,scanpy_wilcoxon,0.6926217749416739,0.5526315789473685,0.6774193548387096,0.875,T_ACC_vs_rest,1,svm
121,scanpy_wilcoxon,0.6047907311726929,0.4444444444444444,0.5797101449275363,0.8333333333333334,T_ACC_vs_rest,1,svm
122,scanpy_wilcoxon,0.7359485705222312,0.5945945945945946,0.7213114754098361,0.9166666666666666,T_ACC_vs_rest,1,svm
123,scanpy_wilcoxon,0.768166751215776,0.6470588235294118,0.7586206896551724,0.9166666666666666,T_ACC_vs_rest,2,svm
124,scanpy_wilcoxon,0.7462413678529622,0.6111111111111112,0.7333333333333333,0.9166666666666666,T_ACC_vs_rest,2,svm
125,scanpy_wilcoxon,0.7400151949070263,0.575,0.71875,0.9583333333333334,T_ACC_vs_rest,2,svm
126,scanpy_wilcoxon,0.7569701614576484,0.6285714285714286,0.7457627118644068,0.9166666666666666,T_ACC_vs_rest,3,svm
127,scanpy_wilcoxon,0.7462413678529622,0.6111111111111112,0.7333333333333333,0.9166666666666666,T_ACC_vs_rest,3,svm
128,scanpy_wilcoxon,0.815722856191842,0.696969696969697,0.8070175438596491,0.9583333333333334,T_ACC_vs_rest,3,svm
129,scanpy_wilcoxon,0.7462413678529622,0.6111111111111112,0.7333333333333333,0.9166666666666666,T_ACC_vs_rest,4,svm
130,scanpy_wilcoxon,0.7462413678529622,0.6111111111111112,0.7333333333333333,0.9166666666666666,T_ACC_vs_rest,4,svm
131,scanpy_wilcoxon,0.8419177240986832,0.7419354838709677,0.8363636363636363,0.9583333333333334,T_ACC_vs_rest,4,svm
132,scanpy_wilcoxon,0.7921077186272929,0.6875,0.7857142857142857,0.9166666666666666,T_ACC_vs_rest,5,svm
133,scanpy_wilcoxon,0.768166751215776,0.6470588235294118,0.7586206896551724,0.9166666666666666,T_ACC_vs_rest,5,svm
134,scanpy_wilcoxon,0.8707676659571701,0.7931034482758621,0.8679245283018868,0.9583333333333334,T_ACC_vs_rest,5,svm
135,scanpy_wilcoxon,0.7798662835980041,0.6666666666666666,0.7719298245614035,0.9166666666666666,T_ACC_vs_rest,6,svm
136,scanpy_wilcoxon,0.7798662835980041,0.6666666666666666,0.7719298245614035,0.9166666666666666,T_ACC_vs_rest,6,svm
137,scanpy_wilcoxon,0.8707676659571701,0.7931034482758621,0.8679245283018868,0.9583333333333334,T_ACC_vs_rest,6,svm
138,scanpy_wilcoxon,0.8183945992760754,0.7333333333333333,0.8148148148148148,0.9166666666666666,T_ACC_vs_rest,7,svm
139,scanpy_wilcoxon,0.7921077186272929,0.6875,0.7857142857142857,0.9166666666666666,T_ACC_vs_rest,7,svm
140,scanpy_wilcoxon,0.8034977303359665,0.6764705882352942,0.7931034482758621,0.9583333333333334,T_ACC_vs_rest,7,svm
141,scanpy_wilcoxon,0.8325424966037424,0.7586206896551724,0.8301886792452831,0.9166666666666666,T_ACC_vs_rest,8,svm
142,scanpy_wilcoxon,0.7921077186272929,0.6875,0.7857142857142857,0.9166666666666666,T_ACC_vs_rest,8,svm
143,scanpy_wilcoxon,0.8419177240986832,0.7419354838709677,0.8363636363636363,0.9583333333333334,T_ACC_vs_rest,8,svm
144,scanpy_wilcoxon,0.8325424966037424,0.7586206896551724,0.8301886792452831,0.9166666666666666,T_ACC_vs_rest,9,svm
145,scanpy_wilcoxon,0.7921077186272929,0.6875,0.7857142857142857,0.9166666666666666,T_ACC_vs_rest,9,svm
146,scanpy_wilcoxon,0.8285144249253272,0.71875,0.8214285714285714,0.9583333333333334,T_ACC_vs_rest,9,svm
147,scanpy_wilcoxon,0.8325424966037424,0.7586206896551724,0.8301886792452831,0.9166666666666666,T_ACC_vs_rest,10,svm
148,scanpy_wilcoxon,0.7679510339709383,0.6774193548387096,0.7636363636363637,0.875,T_ACC_vs_rest,10,svm
149,scanpy_wilcoxon,0.8419177240986832,0.7419354838709677,0.8363636363636363,0.9583333333333334,T_ACC_vs_rest,10,svm
150,scanpy_wilcoxon,0.8325424966037424,0.7586206896551724,0.8301886792452831,0.9166666666666666,T_ACC_vs_rest,11,svm
151,scanpy_wilcoxon,0.7679510339709383,0.6774193548387096,0.7636363636363637,0.875,T_ACC_vs_rest,11,svm
152,scanpy_wilcoxon,0.8559832804469032,0.7666666666666667,0.8518518518518519,0.9583333333333334,T_ACC_vs_rest,11,svm
153,scanpy_wilcoxon,0.8325424966037424,0.7586206896551724,0.8301886792452831,0.9166666666666666,T_ACC_vs_rest,12,svm
154,scanpy_wilcoxon,0.7679510339709383,0.6774193548387096,0.7636363636363637,0.875,T_ACC_vs_rest,12,svm
155,scanpy_wilcoxon,0.8707676659571701,0.7931034482758621,0.8679245283018868,0.9583333333333334,T_ACC_vs_rest,12,svm
156,scanpy_wilcoxon,0.8183945992760754,0.7333333333333333,0.8148148148148148,0.9166666666666666,T_ACC_vs_rest,13,svm
157,scanpy_wilcoxon,0.7921077186272929,0.6875,0.7857142857142857,0.9166666666666666,T_ACC_vs_rest,13,svm
158,scanpy_wilcoxon,0.8707676659571701,0.7931034482758621,0.8679245283018868,0.9583333333333334,T_ACC_vs_rest,13,svm
159,scanpy_wilcoxon,0.8183945992760754,0.7333333333333333,0.8148148148148148,0.9166666666666666,T_ACC_vs_rest,14,svm
160,scanpy_wilcoxon,0.7921077186272929,0.6875,0.7857142857142857,0.9166666666666666,T_ACC_vs_rest,14,svm
161,scanpy_wilcoxon,0.8863344609144451,0.8214285714285714,0.8846153846153846,0.9583333333333334,T_ACC_vs_rest,14,svm
162,scanpy_wilcoxon,0.8049343790348107,0.7096774193548387,0.8,0.9166666666666666,T_ACC_vs_rest,15,svm
163,scanpy_wilcoxon,0.7921077186272929,0.6875,0.7857142857142857,0.9166666666666666,T_ACC_vs_rest,15,svm
164,scanpy_wilcoxon,0.8863344609144451,0.8214285714285714,0.8846153846153846,0.9583333333333334,T_ACC_vs_rest,15,svm
165,scanpy_wilcoxon,0.8049343790348107,0.7096774193548387,0.8,0.9166666666666666,T_ACC_vs_rest,16,svm
166,scanpy_wilcoxon,0.8049343790348107,0.7096774193548387,0.8,0.9166666666666666,T_ACC_vs_rest,16,svm
167,scanpy_wilcoxon,0.8863344609144451,0.8214285714285714,0.8846153846153846,0.9583333333333334,T_ACC_vs_rest,16,svm
168,scanpy_wilcoxon,0.8049343790348107,0.7096774193548387,0.8,0.9166666666666666,T_ACC_vs_rest,17,svm
169,scanpy_wilcoxon,0.8049343790348107,0.7096774193548387,0.8,0.9166666666666666,T_ACC_vs_rest,17,svm
170,scanpy_wilcoxon,0.9027554113657453,0.8518518518518519,0.9019607843137255,0.9583333333333334,T_ACC_vs_rest,17,svm
171,scanpy_wilcoxon,0.8049343790348107,0.7096774193548387,0.8,0.9166666666666666,T_ACC_vs_rest,18,svm
172,scanpy_wilcoxon,0.8049343790348107,0.7096774193548387,0.8,0.9166666666666666,T_ACC_vs_rest,18,svm
173,scanpy_wilcoxon,0.9027554113657453,0.8518518518518519,0.9019607843137255,0.9583333333333334,T_ACC_vs_rest,18,svm
174,scanpy_wilcoxon,0.8049343790348107,0.7096774193548387,0.8,0.9166666666666666,T_ACC_vs_rest,19,svm
175,scanpy_wilcoxon,0.8049343790348107,0.7096774193548387,0.8,0.9166666666666666,T_ACC_vs_rest,19,svm
176,scanpy_wilcoxon,0.9027554113657453,0.8518518518518519,0.9019607843137255,0.9583333333333334,T_ACC_vs_rest,19,svm
177,scanpy_wilcoxon,0.8049343790348107,0.7096774193548387,0.8,0.9166666666666666,T_ACC_vs_rest,20,svm
178,scanpy_wilcoxon,0.8049343790348107,0.7096774193548387,0.8,0.9166666666666666,T_ACC_vs_rest,20,svm
179,scanpy_wilcoxon,0.9027554113657453,0.8518518518518519,0.9019607843137255,0.9583333333333334,T_ACC_vs_rest,20,svm
180,scanpy_t-test,0.6818989106440089,0.5116279069767442,0.6567164179104478,0.9166666666666666,T_ACC_vs_rest,1,svm
181,scanpy_t-test,0.7165581612175027,0.5641025641025641,0.6984126984126984,0.9166666666666666,T_ACC_vs_rest,1,svm
182,scanpy_t-test,0.7219292160134775,0.5476190476190477,0.696969696969697,0.9583333333333334,T_ACC_vs_rest,1,svm
183,scanpy_t-test,0.7462413678529622,0.6111111111111112,0.7333333333333333,0.9166666666666666,T_ACC_vs_rest,2,svm
184,scanpy_t-test,0.7359485705222312,0.5945945945945946,0.7213114754098361,0.9166666666666666,T_ACC_vs_rest,2,svm
185,scanpy_t-test,0.815722856191842,0.696969696969697,0.8070175438596491,0.9583333333333334,T_ACC_vs_rest,2,svm
186,scanpy_t-test,0.7569701614576484,0.6285714285714286,0.7457627118644068,0.9166666666666666,T_ACC_vs_rest,3,svm
187,scanpy_t-test,0.7462413678529622,0.6111111111111112,0.7333333333333333,0.9166666666666666,T_ACC_vs_rest,3,svm
188,scanpy_t-test,0.8034977303359665,0.6764705882352942,0.7931034482758621,0.9583333333333334,T_ACC_vs_rest,3,svm
189,scanpy_t-test,0.7798662835980041,0.6666666666666666,0.7719298245614035,0.9166666666666666,T_ACC_vs_rest,4,svm
190,scanpy_t-test,0.768166751215776,0.6470588235294118,0.7586206896551724,0.9166666666666666,T_ACC_vs_rest,4,svm
191,scanpy_t-test,0.815722856191842,0.696969696969697,0.8070175438596491,0.9583333333333334,T_ACC_vs_rest,4,svm
192,scanpy_t-test,0.7798662835980041,0.6666666666666666,0.7719298245614035,0.9166666666666666,T_ACC_vs_rest,5,svm
193,scanpy_t-test,0.768166751215776,0.6470588235294118,0.7586206896551724,0.9166666666666666,T_ACC_vs_rest,5,svm
194,scanpy_t-test,0.8419177240986832,0.7419354838709677,0.8363636363636363,0.9583333333333334,T_ACC_vs_rest,5,svm
195,scanpy_t-test,0.7921077186272929,0.6875,0.7857142857142857,0.9166666666666666,T_ACC_vs_rest,6,svm
196,scanpy_t-test,0.7798662835980041,0.6666666666666666,0.7719298245614035,0.9166666666666666,T_ACC_vs_rest,6,svm
197,scanpy_t-test,0.8707676659571701,0.7931034482758621,0.8679245283018868,0.9583333333333334,T_ACC_vs_rest,6,svm
198,scanpy_t-test,0.7798662835980041,0.6666666666666666,0.7719298245614035,0.9166666666666666,T_ACC_vs_rest,7,svm
199,scanpy_t-test,0.7798662835980041,0.6666666666666666,0.7719298245614035,0.9166666666666666,T_ACC_vs_rest,7,svm
200,scanpy_t-test,0.8559832804469032,0.7666666666666667,0.8518518518518519,0.9583333333333334,T_ACC_vs_rest,7,svm
201,scanpy_t-test,0.7921077186272929,0.6875,0.7857142857142857,0.9166666666666666,T_ACC_vs_rest,8,svm
202,scanpy_t-test,0.7798662835980041,0.6666666666666666,0.7719298245614035,0.9166666666666666,T_ACC_vs_rest,8,svm
203,scanpy_t-test,0.8863344609144451,0.8214285714285714,0.8846153846153846,0.9583333333333334,T_ACC_vs_rest,8,svm
204,scanpy_t-test,0.768166751215776,0.6470588235294118,0.7586206896551724,0.9166666666666666,T_ACC_vs_rest,9,svm
205,scanpy_t-test,0.768166751215776,0.6470588235294118,0.7586206896551724,0.9166666666666666,T_ACC_vs_rest,9,svm
206,scanpy_t-test,0.8419177240986832,0.7419354838709677,0.8363636363636363,0.9583333333333334,T_ACC_vs_rest,9,svm
207,scanpy_t-test,0.7569701614576484,0.6285714285714286,0.7457627118644068,0.9166666666666666,T_ACC_vs_rest,10,svm
208,scanpy_t-test,0.768166751215776,0.6470588235294118,0.7586206896551724,0.9166666666666666,T_ACC_vs_rest,10,svm
209,scanpy_t-test,0.8419177240986832,0.7419354838709677,0.8363636363636363,0.9583333333333334,T_ACC_vs_rest,10,svm
210,scanpy_t-test,0.7569701614576484,0.6285714285714286,0.7457627118644068,0.9166666666666666,T_ACC_vs_rest,11,svm
211,scanpy_t-test,0.768166751215776,0.6470588235294118,0.7586206896551724,0.9166666666666666,T_ACC_vs_rest,11,svm
212,scanpy_t-test,0.8707676659571701,0.7931034482758621,0.8679245283018868,0.9583333333333334,T_ACC_vs_rest,11,svm
213,scanpy_t-test,0.7798662835980041,0.6666666666666666,0.7719298245614035,0.9166666666666666,T_ACC_vs_rest,12,svm
214,scanpy_t-test,0.768166751215776,0.6470588235294118,0.7586206896551724,0.9166666666666666,T_ACC_vs_rest,12,svm
215,scanpy_t-test,0.9027554113657453,0.8518518518518519,0.9019607843137255,0.9583333333333334,T_ACC_vs_rest,12,svm
216,scanpy_t-test,0.7462413678529622,0.6111111111111112,0.7333333333333333,0.9166666666666666,T_ACC_vs_rest,13,svm
217,scanpy_t-test,0.768166751215776,0.6470588235294118,0.7586206896551724,0.9166666666666666,T_ACC_vs_rest,13,svm
218,scanpy_t-test,0.8707676659571701,0.7931034482758621,0.8679245283018868,0.9583333333333334,T_ACC_vs_rest,13,svm
219,scanpy_t-test,0.7462413678529622,0.6111111111111112,0.7333333333333333,0.9166666666666666,T_ACC_vs_rest,14,svm
220,scanpy_t-test,0.7359485705222312,0.5945945945945946,0.7213114754098361,0.9166666666666666,T_ACC_vs_rest,14,svm
221,scanpy_t-test,0.8863344609144451,0.8214285714285714,0.8846153846153846,0.9583333333333334,T_ACC_vs_rest,14,svm
222,scanpy_t-test,0.7462413678529622,0.6111111111111112,0.7333333333333333,0.9166666666666666,T_ACC_vs_rest,15,svm
223,scanpy_t-test,0.7074103660127539,0.55,0.6875,0.9166666666666666,T_ACC_vs_rest,15,svm
224,scanpy_t-test,0.8707676659571701,0.7931034482758621,0.8679245283018868,0.9583333333333334,T_ACC_vs_rest,15,svm
225,scanpy_t-test,0.7462413678529622,0.6111111111111112,0.7333333333333333,0.9166666666666666,T_ACC_vs_rest,16,svm
226,scanpy_t-test,0.726062917255797,0.5789473684210527,0.7096774193548387,0.9166666666666666,T_ACC_vs_rest,16,svm
227,scanpy_t-test,0.8863344609144451,0.8214285714285714,0.8846153846153846,0.9583333333333334,T_ACC_vs_rest,16,svm
228,scanpy_t-test,0.7569701614576484,0.6285714285714286,0.7457627118644068,0.9166666666666666,T_ACC_vs_rest,17,svm
229,scanpy_t-test,0.7165581612175027,0.5641025641025641,0.6984126984126984,0.9166666666666666,T_ACC_vs_rest,17,svm
230,scanpy_t-test,0.8863344609144451,0.8214285714285714,0.8846153846153846,0.9583333333333334,T_ACC_vs_rest,17,svm
231,scanpy_t-test,0.726062917255797,0.5789473684210527,0.7096774193548387,0.9166666666666666,T_ACC_vs_rest,18,svm
232,scanpy_t-test,0.6900999676025182,0.5238095238095238,0.6666666666666666,0.9166666666666666,T_ACC_vs_rest,18,svm
233,scanpy_t-test,0.8863344609144451,0.8214285714285714,0.8846153846153846,0.9583333333333334,T_ACC_vs_rest,18,svm
234,scanpy_t-test,0.7462413678529622,0.6111111111111112,0.7333333333333333,0.9166666666666666,T_ACC_vs_rest,19,svm
235,scanpy_t-test,0.6900999676025182,0.5238095238095238,0.6666666666666666,0.9166666666666666,T_ACC_vs_rest,19,svm
236,scanpy_t-test,0.8707676659571701,0.7931034482758621,0.8679245283018868,0.9583333333333334,T_ACC_vs_rest,19,svm
237,scanpy_t-test,0.7440097110041661,0.6363636363636364,0.7368421052631579,0.875,T_ACC_vs_rest,20,svm
238,scanpy_t-test,0.7569701614576484,0.6285714285714286,0.7457627118644068,0.9166666666666666,T_ACC_vs_rest,20,svm
239,scanpy_t-test,0.7805878863844211,0.6388888888888888,0.7666666666666667,0.9583333333333334,T_ACC_vs_rest,20,svm
240,yomix,0.565721291315754,0.45410628019323673,0.56797583081571,0.7580645161290323,T_BLCA_vs_rest,1,svm
241,yomix,0.5916478591095243,0.48717948717948717,0.5956112852664577,0.7661290322580645,T_BLCA_vs_rest,1,svm
242,yomix,0.5469948996151369,0.4603174603174603,0.5559105431309904,0.7016129032258065,T_BLCA_vs_rest,1,svm
243,yomix,0.6070773850318122,0.5052631578947369,0.6114649681528662,0.7741935483870968,T_BLCA_vs_rest,2,svm
244,yomix,0.6146420072502436,0.521978021978022,0.6209150326797386,0.7661290322580645,T_BLCA_vs_rest,2,svm
245,yomix,0.572697936587894,0.4838709677419355,0.5806451612903226,0.7258064516129032,T_BLCA_vs_rest,2,svm
246,yomix,0.5742611913802108,0.4353448275862069,0.5674157303370787,0.8145161290322581,T_BLCA_vs_rest,3,svm
247,yomix,0.5836437847559948,0.45248868778280543,0.5797101449275363,0.8064516129032258,T_BLCA_vs_rest,3,svm
248,yomix,0.5626843850005954,0.44976076555023925,0.5645645645645646,0.7580645161290323,T_BLCA_vs_rest,3,svm
249,yomix,0.5792712169549334,0.44642857142857145,0.5747126436781609,0.8064516129032258,T_BLCA_vs_rest,4,svm
250,yomix,0.5915238771406081,0.4590909090909091,0.5872093023255814,0.8145161290322581,T_BLCA_vs_rest,4,svm
251,yomix,0.5699995001992403,0.465,0.5740740740740741,0.75,T_BLCA_vs_rest,4,svm
252,yomix,0.5957351640376455,0.4694835680751174,0.5934718100890207,0.8064516129032258,T_BLCA_vs_rest,5,svm
253,yomix,0.6053896410993779,0.4786729857819905,0.6029850746268657,0.8145161290322581,T_BLCA_vs_rest,5,svm
254,yomix,0.5684140028288106,0.4626865671641791,0.5723076923076923,0.75,T_BLCA_vs_rest,5,svm
255,yomix,0.5926514845782711,0.46511627906976744,0.5899705014749262,0.8064516129032258,T_BLCA_vs_rest,6,svm
256,yomix,0.6322851732014899,0.517948717948718,0.6332288401253918,0.8145161290322581,T_BLCA_vs_rest,6,svm
257,yomix,0.5781020877455358,0.47692307692307695,0.5830721003134797,0.75,T_BLCA_vs_rest,6,svm
258,yomix,0.5954723614962676,0.47368421052631576,0.5945945945945946,0.7983870967741935,T_BLCA_vs_rest,7,svm
259,yomix,0.6006741441132895,0.4719626168224299,0.5976331360946746,0.8145161290322581,T_BLCA_vs_rest,7,svm
260,yomix,0.571596476473822,0.46733668341708545,0.5758513931888545,0.75,T_BLCA_vs_rest,7,svm
261,yomix,0.6002647576106362,0.48058252427184467,0.6,0.7983870967741935,T_BLCA_vs_rest,8,svm
262,yomix,0.6151451473936709,0.4880382775119617,0.6126126126126126,0.8225806451612904,T_BLCA_vs_rest,8,svm
263,yomix,0.5832144549810132,0.47959183673469385,0.5875,0.7580645161290323,T_BLCA_vs_rest,8,svm
264,yomix,0.6135537531917257,0.5,0.6149068322981367,0.7983870967741935,T_BLCA_vs_rest,9,svm
265,yomix,0.6322851732014899,0.517948717948718,0.6332288401253918,0.8145161290322581,T_BLCA_vs_rest,9,svm
266,yomix,0.5882332280087592,0.48704663212435234,0.5930599369085173,0.7580645161290323,T_BLCA_vs_rest,9,svm
267,yomix,0.6207886883997225,0.5157894736842106,0.6242038216560509,0.7903225806451613,T_BLCA_vs_rest,10,svm
268,yomix,0.6358723951375567,0.5233160621761658,0.637223974763407,0.8145161290322581,T_BLCA_vs_rest,10,svm
269,yomix,0.5832144549810132,0.47959183673469385,0.5875,0.7580645161290323,T_BLCA_vs_rest,10,svm
270,yomix,0.6368959906401277,0.5351351351351351,0.6407766990291263,0.7983870967741935,T_BLCA_vs_rest,11,svm
271,yomix,0.6546536454179928,0.5519125683060109,0.6579804560260586,0.8145161290322581,T_BLCA_vs_rest,11,svm
272,yomix,0.6006514081222125,0.510989010989011,0.6078431372549019,0.75,T_BLCA_vs_rest,11,svm
273,yomix,0.628092494004085,0.5268817204301075,0.632258064516129,0.7903225806451613,T_BLCA_vs_rest,12,svm
274,yomix,0.6566138046343372,0.554945054945055,0.6601307189542484,0.8145161290322581,T_BLCA_vs_rest,12,svm
275,yomix,0.6058123288365216,0.5136612021857924,0.6123778501628665,0.7580645161290323,T_BLCA_vs_rest,12,svm
276,yomix,0.6001516440602324,0.48514851485148514,0.6012269938650306,0.7903225806451613,T_BLCA_vs_rest,13,svm
277,yomix,0.6413556434515878,0.531578947368421,0.643312101910828,0.8145161290322581,T_BLCA_vs_rest,13,svm
278,yomix,0.5719239342197704,0.4630541871921182,0.5749235474006116,0.7580645161290323,T_BLCA_vs_rest,13,svm
279,yomix,0.6051414432265799,0.49246231155778897,0.6068111455108359,0.7903225806451613,T_BLCA_vs_rest,14,svm
280,yomix,0.6500840295372413,0.5396825396825397,0.6517571884984026,0.8225806451612904,T_BLCA_vs_rest,14,svm
281,yomix,0.5703568431404286,0.46078431372549017,0.573170731707317,0.7580645161290323,T_BLCA_vs_rest,14,svm
282,yomix,0.6035161495091796,0.4852941176470588,0.6036585365853658,0.7983870967741935,T_BLCA_vs_rest,15,svm
283,yomix,0.6450815208235046,0.5372340425531915,0.6474358974358975,0.8145161290322581,T_BLCA_vs_rest,15,svm
284,yomix,0.5750917880014202,0.46766169154228854,0.5784615384615385,0.7580645161290323,T_BLCA_vs_rest,15,svm
285,yomix,0.6018847161991242,0.48292682926829267,0.601823708206687,0.7983870967741935,T_BLCA_vs_rest,16,svm
286,yomix,0.6322851732014899,0.517948717948718,0.6332288401253918,0.8145161290322581,T_BLCA_vs_rest,16,svm
287,yomix,0.5750917880014202,0.46766169154228854,0.5784615384615385,0.7580645161290323,T_BLCA_vs_rest,16,svm
288,yomix,0.6051591979334785,0.4876847290640394,0.6055045871559633,0.7983870967741935,T_BLCA_vs_rest,17,svm
289,yomix,0.6500840295372413,0.5396825396825397,0.6517571884984026,0.8225806451612904,T_BLCA_vs_rest,17,svm
290,yomix,0.5735022031504872,0.46534653465346537,0.5766871165644172,0.7580645161290323,T_BLCA_vs_rest,17,svm
291,yomix,0.6294662035528205,0.5238095238095238,0.6325878594249201,0.7983870967741935,T_BLCA_vs_rest,18,svm
292,yomix,0.6395140017397657,0.5287958115183246,0.6412698412698413,0.8145161290322581,T_BLCA_vs_rest,18,svm
293,yomix,0.5882332280087592,0.48704663212435234,0.5930599369085173,0.7580645161290323,T_BLCA_vs_rest,18,svm
294,yomix,0.6419411333581327,0.5376344086021505,0.6451612903225806,0.8064516129032258,T_BLCA_vs_rest,19,svm
295,yomix,0.6251003561617033,0.5024630541871922,0.6238532110091743,0.8225806451612904,T_BLCA_vs_rest,19,svm
296,yomix,0.6035755784365224,0.5,0.6075949367088608,0.7741935483870968,T_BLCA_vs_rest,19,svm
297,yomix,0.636338812214294,0.5291005291005291,0.6389776357827476,0.8064516129032258,T_BLCA_vs_rest,20,svm
298,yomix,0.6234117333304303,0.5,0.6219512195121951,0.8225806451612904,T_BLCA_vs_rest,20,svm
299,yomix,0.6053198434745934,0.5026178010471204,0.6095238095238096,0.7741935483870968,T_BLCA_vs_rest,20,svm
300,cosg,0.5305468630083606,0.6588235294117647,0.5358851674641149,0.45161290322580644,T_BLCA_vs_rest,1,svm
301,cosg,0.4867083121109011,0.6764705882352942,0.4791666666666667,0.3709677419354839,T_BLCA_vs_rest,1,svm
302,cosg,0.48256894276126666,0.6282051282051282,0.48514851485148514,0.3951612903225806,T_BLCA_vs_rest,1,svm
303,cosg,0.5005728914747387,0.3936651583710407,0.5043478260869565,0.7016129032258065,T_BLCA_vs_rest,2,svm
304,cosg,0.4670059334921804,0.37735849056603776,0.47619047619047616,0.6451612903225806,T_BLCA_vs_rest,2,svm
305,cosg,0.46973591683362753,0.39487179487179486,0.4827586206896552,0.6209677419354839,T_BLCA_vs_rest,2,svm
306,cosg,0.5005728914747387,0.3936651583710407,0.5043478260869565,0.7016129032258065,T_BLCA_vs_rest,3,svm
307,cosg,0.4670059334921804,0.37735849056603776,0.47619047619047616,0.6451612903225806,T_BLCA_vs_rest,3,svm
308,cosg,0.46973591683362753,0.39487179487179486,0.4827586206896552,0.6209677419354839,T_BLCA_vs_rest,3,svm
309,cosg,0.5966879966689002,0.5266272189349113,0.6075085324232082,0.717741935483871,T_BLCA_vs_rest,4,svm
310,cosg,0.5515144273865816,0.47752808988764045,0.5629139072847682,0.6854838709677419,T_BLCA_vs_rest,4,svm
311,cosg,0.5194787009849042,0.45454545454545453,0.5333333333333333,0.6451612903225806,T_BLCA_vs_rest,4,svm
312,cosg,0.5899638855532608,0.4946808510638298,0.5961538461538461,0.75,T_BLCA_vs_rest,5,svm
313,cosg,0.5639483431952605,0.4808743169398907,0.5732899022801303,0.7096774193548387,T_BLCA_vs_rest,5,svm
314,cosg,0.5778798601234058,0.5436241610738255,0.5934065934065934,0.6532258064516129,T_BLCA_vs_rest,5,svm
315,cosg,0.5899638855532608,0.4946808510638298,0.5961538461538461,0.75,T_BLCA_vs_rest,6,svm
316,cosg,0.5639483431952605,0.4808743169398907,0.5732899022801303,0.7096774193548387,T_BLCA_vs_rest,6,svm
317,cosg,0.5778798601234058,0.5436241610738255,0.5934065934065934,0.6532258064516129,T_BLCA_vs_rest,6,svm
318,cosg,0.5899638855532608,0.4946808510638298,0.5961538461538461,0.75,T_BLCA_vs_rest,7,svm
319,cosg,0.5639483431952605,0.4808743169398907,0.5732899022801303,0.7096774193548387,T_BLCA_vs_rest,7,svm
320,cosg,0.5778798601234058,0.5436241610738255,0.5934065934065934,0.6532258064516129,T_BLCA_vs_rest,7,svm
321,cosg,0.5899638855532608,0.4946808510638298,0.5961538461538461,0.75,T_BLCA_vs_rest,8,svm
322,cosg,0.5639483431952605,0.4808743169398907,0.5732899022801303,0.7096774193548387,T_BLCA_vs_rest,8,svm
323,cosg,0.5770566737465946,0.5359477124183006,0.592057761732852,0.6612903225806451,T_BLCA_vs_rest,8,svm
324,cosg,0.5952449325300565,0.5027027027027027,0.6019417475728155,0.75,T_BLCA_vs_rest,9,svm
325,cosg,0.5656749103021346,0.4835164835164835,0.5751633986928104,0.7096774193548387,T_BLCA_vs_rest,9,svm
326,cosg,0.5812718326433847,0.543046357615894,0.5963636363636363,0.6612903225806451,T_BLCA_vs_rest,9,svm
327,cosg,0.609495751406063,0.5193370165745856,0.6163934426229508,0.7580645161290323,T_BLCA_vs_rest,10,svm
328,cosg,0.5656749103021346,0.4835164835164835,0.5751633986928104,0.7096774193548387,T_BLCA_vs_rest,10,svm
329,cosg,0.5733929982037839,0.5120481927710844,0.5862068965517241,0.6854838709677419,T_BLCA_vs_rest,10,svm
330,cosg,0.6076467076862281,0.5164835164835165,0.6143790849673203,0.7580645161290323,T_BLCA_vs_rest,11,svm
331,cosg,0.5656749103021346,0.4835164835164835,0.5751633986928104,0.7096774193548387,T_BLCA_vs_rest,11,svm
332,cosg,0.5753192035956429,0.5151515151515151,0.5882352941176471,0.6854838709677419,T_BLCA_vs_rest,11,svm
333,cosg,0.54168771736209,0.4246575342465753,0.5422740524781341,0.75,T_BLCA_vs_rest,12,svm
334,cosg,0.4996614865440818,0.3612167300380228,0.4909560723514212,0.7661290322580645,T_BLCA_vs_rest,12,svm
335,cosg,0.5118673994300296,0.3964757709251101,0.5128205128205128,0.7258064516129032,T_BLCA_vs_rest,12,svm
336,cosg,0.5535151224681784,0.4504950495049505,0.558282208588957,0.7338709677419355,T_BLCA_vs_rest,13,svm
337,cosg,0.506669687499687,0.366412213740458,0.49740932642487046,0.7741935483870968,T_BLCA_vs_rest,13,svm
338,cosg,0.5364540038040576,0.430622009569378,0.5405405405405406,0.7258064516129032,T_BLCA_vs_rest,13,svm
339,cosg,0.5694648445422485,0.4739583333333333,0.5759493670886076,0.7338709677419355,T_BLCA_vs_rest,14,svm
340,cosg,0.5159722841453003,0.3745173745173745,0.5065274151436031,0.782258064516129,T_BLCA_vs_rest,14,svm
341,cosg,0.5348186098421831,0.41517857142857145,0.5344827586206896,0.75,T_BLCA_vs_rest,14,svm
342,cosg,0.5633061711509063,0.46,0.5679012345679012,0.7419354838709677,T_BLCA_vs_rest,15,svm
343,cosg,0.5240539915907213,0.38866396761133604,0.5175202156334232,0.7741935483870968,T_BLCA_vs_rest,15,svm
344,cosg,0.6028677337861458,0.519774011299435,0.6112956810631229,0.7419354838709677,T_BLCA_vs_rest,15,svm
345,cosg,0.5633061711509063,0.46,0.5679012345679012,0.7419354838709677,T_BLCA_vs_rest,16,svm
346,cosg,0.5216499236225156,0.3855421686746988,0.514745308310992,0.7741935483870968,T_BLCA_vs_rest,16,svm
347,cosg,0.6028677337861458,0.519774011299435,0.6112956810631229,0.7419354838709677,T_BLCA_vs_rest,16,svm
348,cosg,0.5586298287342871,0.45320197044334976,0.5626911314984709,0.7419354838709677,T_BLCA_vs_rest,17,svm
349,cosg,0.517982704595624,0.38461538461538464,0.5121293800539084,0.7661290322580645,T_BLCA_vs_rest,17,svm
350,cosg,0.6066586427015027,0.5257142857142857,0.6153846153846154,0.7419354838709677,T_BLCA_vs_rest,17,svm
351,cosg,0.5601774826956146,0.45544554455445546,0.5644171779141104,0.7419354838709677,T_BLCA_vs_rest,18,svm
352,cosg,0.5167884158492846,0.38306451612903225,0.510752688172043,0.7661290322580645,T_BLCA_vs_rest,18,svm
353,cosg,0.6066586427015027,0.5257142857142857,0.6153846153846154,0.7419354838709677,T_BLCA_vs_rest,18,svm
354,cosg,0.5601774826956146,0.45544554455445546,0.5644171779141104,0.7419354838709677,T_BLCA_vs_rest,19,svm
355,cosg,0.5167884158492846,0.38306451612903225,0.510752688172043,0.7661290322580645,T_BLCA_vs_rest,19,svm
356,cosg,0.6066586427015027,0.5257142857142857,0.6153846153846154,0.7419354838709677,T_BLCA_vs_rest,19,svm
357,cosg,0.5294798473736532,0.40789473684210525,0.5284090909090909,0.75,T_BLCA_vs_rest,20,svm
358,cosg,0.5350610068079142,0.3840304182509506,0.5219638242894057,0.8145161290322581,T_BLCA_vs_rest,20,svm
359,cosg,0.5723082601968739,0.45893719806763283,0.5740181268882175,0.7661290322580645,T_BLCA_vs_rest,20,svm
360,scanpy_wilcoxon,0.45132368151111724,0.3035143769968051,0.43478260869565216,0.7661290322580645,T_BLCA_vs_rest,1,svm
361,scanpy_wilcoxon,0.42434519475319615,0.2908496732026144,0.413953488372093,0.717741935483871,T_BLCA_vs_rest,1,svm
362,scanpy_wilcoxon,0.41762620454773236,0.2803738317757009,0.4044943820224719,0.7258064516129032,T_BLCA_vs_rest,1,svm
363,scanpy_wilcoxon,0.4803978208383282,0.3215434083601286,0.45977011494252873,0.8064516129032258,T_BLCA_vs_rest,2,svm
364,scanpy_wilcoxon,0.46651913116750476,0.31788079470198677,0.4507042253521127,0.7741935483870968,T_BLCA_vs_rest,2,svm
365,scanpy_wilcoxon,0.46563122754458003,0.32974910394265233,0.456575682382134,0.7419354838709677,T_BLCA_vs_rest,2,svm
366,scanpy_wilcoxon,0.5782089068764038,0.4537037037037037,0.5764705882352941,0.7903225806451613,T_BLCA_vs_rest,3,svm
367,scanpy_wilcoxon,0.5782089068764038,0.4537037037037037,0.5764705882352941,0.7903225806451613,T_BLCA_vs_rest,3,svm
368,scanpy_wilcoxon,0.5489504409957033,0.44390243902439025,0.5531914893617021,0.7338709677419355,T_BLCA_vs_rest,3,svm
369,scanpy_wilcoxon,0.5797074392411555,0.4558139534883721,0.5781710914454278,0.7903225806451613,T_BLCA_vs_rest,4,svm
370,scanpy_wilcoxon,0.5767203514105637,0.45161290322580644,0.5747800586510264,0.7903225806451613,T_BLCA_vs_rest,4,svm
371,scanpy_wilcoxon,0.5489504409957033,0.44390243902439025,0.5531914893617021,0.7338709677419355,T_BLCA_vs_rest,4,svm
372,scanpy_wilcoxon,0.5889147661971331,0.4688995215311005,0.5885885885885885,0.7903225806451613,T_BLCA_vs_rest,5,svm
373,scanpy_wilcoxon,0.5941881174997293,0.4672897196261682,0.591715976331361,0.8064516129032258,T_BLCA_vs_rest,5,svm
374,scanpy_wilcoxon,0.5504612593191779,0.44607843137254904,0.5548780487804879,0.7338709677419355,T_BLCA_vs_rest,5,svm
375,scanpy_wilcoxon,0.5936629368836976,0.47572815533980584,0.593939393939394,0.7903225806451613,T_BLCA_vs_rest,6,svm
376,scanpy_wilcoxon,0.5896089814227277,0.4608294930875576,0.5865102639296188,0.8064516129032258,T_BLCA_vs_rest,6,svm
377,scanpy_wilcoxon,0.5566128421025723,0.455,0.5617283950617284,0.7338709677419355,T_BLCA_vs_rest,6,svm
378,scanpy_wilcoxon,0.5952679317986965,0.47804878048780486,0.5957446808510638,0.7903225806451613,T_BLCA_vs_rest,7,svm
379,scanpy_wilcoxon,0.6052431046024731,0.4830917874396135,0.6042296072507553,0.8064516129032258,T_BLCA_vs_rest,7,svm
380,scanpy_wilcoxon,0.5968535899620413,0.5,0.6025641025641025,0.7580645161290323,T_BLCA_vs_rest,7,svm
381,scanpy_wilcoxon,0.5610679876773309,0.40229885057471265,0.5454545454545454,0.8467741935483871,T_BLCA_vs_rest,8,svm
382,scanpy_wilcoxon,0.5540386435073561,0.40077821011673154,0.5406824146981627,0.8306451612903226,T_BLCA_vs_rest,8,svm
383,scanpy_wilcoxon,0.5374316440810085,0.3983739837398374,0.5297297297297298,0.7903225806451613,T_BLCA_vs_rest,8,svm
384,scanpy_wilcoxon,0.5706807841511244,0.4108527131782946,0.5549738219895288,0.8548387096774194,T_BLCA_vs_rest,9,svm
385,scanpy_wilcoxon,0.573927073792138,0.42276422764227645,0.5621621621621622,0.8387096774193549,T_BLCA_vs_rest,9,svm
386,scanpy_wilcoxon,0.6052431046024731,0.4830917874396135,0.6042296072507553,0.8064516129032258,T_BLCA_vs_rest,9,svm
387,scanpy_wilcoxon,0.5851225361210789,0.421875,0.5684210526315789,0.8709677419354839,T_BLCA_vs_rest,10,svm
388,scanpy_wilcoxon,0.5659631009596223,0.4085603112840467,0.5511811023622047,0.8467741935483871,T_BLCA_vs_rest,10,svm
389,scanpy_wilcoxon,0.5960532964288097,0.46543778801843316,0.592375366568915,0.8145161290322581,T_BLCA_vs_rest,10,svm
390,scanpy_wilcoxon,0.5816954298760084,0.421259842519685,0.5661375661375662,0.8629032258064516,T_BLCA_vs_rest,11,svm
391,scanpy_wilcoxon,0.5805573486556411,0.4315352697095436,0.5698630136986301,0.8387096774193549,T_BLCA_vs_rest,11,svm
392,scanpy_wilcoxon,0.5881028768996539,0.45871559633027525,0.5847953216374269,0.8064516129032258,T_BLCA_vs_rest,11,svm
393,scanpy_wilcoxon,0.593519295088756,0.43673469387755104,0.5799457994579946,0.8629032258064516,T_BLCA_vs_rest,12,svm
394,scanpy_wilcoxon,0.5813314392396499,0.42857142857142855,0.5691056910569106,0.8467741935483871,T_BLCA_vs_rest,12,svm
395,scanpy_wilcoxon,0.6052431046024731,0.4830917874396135,0.6042296072507553,0.8064516129032258,T_BLCA_vs_rest,12,svm
396,scanpy_wilcoxon,0.6095190402162408,0.4666666666666667,0.6017191977077364,0.8467741935483871,T_BLCA_vs_rest,13,svm
397,scanpy_wilcoxon,0.6088517973788206,0.45726495726495725,0.5977653631284916,0.8629032258064516,T_BLCA_vs_rest,13,svm
398,scanpy_wilcoxon,0.5986561357213532,0.4782608695652174,0.5981873111782477,0.7983870967741935,T_BLCA_vs_rest,13,svm
399,scanpy_wilcoxon,0.5921934923221707,0.4430379746835443,0.5817174515235457,0.8467741935483871,T_BLCA_vs_rest,14,svm
400,scanpy_wilcoxon,0.6117517876753437,0.46120689655172414,0.601123595505618,0.8629032258064516,T_BLCA_vs_rest,14,svm
401,scanpy_wilcoxon,0.6004400154450612,0.47619047619047616,0.5988023952095808,0.8064516129032258,T_BLCA_vs_rest,14,svm
402,scanpy_wilcoxon,0.6046727067336479,0.4642857142857143,0.5977011494252874,0.8387096774193549,T_BLCA_vs_rest,15,svm
403,scanpy_wilcoxon,0.6189003796820527,0.47533632286995514,0.6109510086455331,0.8548387096774194,T_BLCA_vs_rest,15,svm
404,scanpy_wilcoxon,0.6201387247425413,0.5,0.6196319018404908,0.8145161290322581,T_BLCA_vs_rest,15,svm
405,scanpy_wilcoxon,0.6073947038521713,0.4724770642201835,0.6023391812865497,0.8306451612903226,T_BLCA_vs_rest,16,svm
406,scanpy_wilcoxon,0.5935884702497268,0.4449152542372881,0.5833333333333334,0.8467741935483871,T_BLCA_vs_rest,16,svm
407,scanpy_wilcoxon,0.613476364515105,0.49504950495049505,0.6134969325153374,0.8064516129032258,T_BLCA_vs_rest,16,svm
408,scanpy_wilcoxon,0.6282603379919398,0.49760765550239233,0.6246246246246246,0.8387096774193549,T_BLCA_vs_rest,17,svm
409,scanpy_wilcoxon,0.6045683912655423,0.45147679324894513,0.592797783933518,0.8629032258064516,T_BLCA_vs_rest,17,svm
410,scanpy_wilcoxon,0.6302394616342463,0.51,0.6296296296296297,0.8225806451612904,T_BLCA_vs_rest,17,svm
411,scanpy_wilcoxon,0.5680388344273156,0.4037735849056604,0.5501285347043702,0.8629032258064516,T_BLCA_vs_rest,18,svm
412,scanpy_wilcoxon,0.5847497508077077,0.41762452107279696,0.5662337662337662,0.8790322580645161,T_BLCA_vs_rest,18,svm
413,scanpy_wilcoxon,0.5866974334985458,0.43568464730290457,0.5753424657534246,0.8467741935483871,T_BLCA_vs_rest,18,svm
414,scanpy_wilcoxon,0.5838497871380216,0.42023346303501946,0.5669291338582677,0.8709677419354839,T_BLCA_vs_rest,19,svm
415,scanpy_wilcoxon,0.5851225361210789,0.421875,0.5684210526315789,0.8709677419354839,T_BLCA_vs_rest,19,svm
416,scanpy_wilcoxon,0.6080246428727306,0.4646017699115044,0.6,0.8467741935483871,T_BLCA_vs_rest,19,svm
417,scanpy_wilcoxon,0.5800739864898633,0.4153846153846154,0.5625,0.8709677419354839,T_BLCA_vs_rest,20,svm
418,scanpy_wilcoxon,0.6057071509378621,0.4448979591836735,0.5907859078590786,0.8790322580645161,T_BLCA_vs_rest,20,svm
419,scanpy_wilcoxon,0.6084147797294879,0.4608695652173913,0.5988700564971752,0.8548387096774194,T_BLCA_vs_rest,20,svm
420,scanpy_t-test,0.30748529009780673,0.1562021439509954,0.2625482625482625,0.8225806451612904,T_BLCA_vs_rest,1,svm
421,scanpy_t-test,0.30573134569577726,0.15226939970717424,0.2577447335811648,0.8387096774193549,T_BLCA_vs_rest,1,svm
422,scanpy_t-test,0.30518352196392534,0.14929577464788732,0.2541966426858513,0.8548387096774194,T_BLCA_vs_rest,1,svm
423,scanpy_t-test,0.31426061685692247,0.16113744075829384,0.26948480845442535,0.8225806451612904,T_BLCA_vs_rest,2,svm
424,scanpy_t-test,0.316204836625133,0.1583710407239819,0.2668360864040661,0.8467741935483871,T_BLCA_vs_rest,2,svm
425,scanpy_t-test,0.32419387906146196,0.16,0.27033792240300375,0.8709677419354839,T_BLCA_vs_rest,2,svm
426,scanpy_t-test,0.3138603593917819,0.1580547112462006,0.2659846547314578,0.8387096774193549,T_BLCA_vs_rest,3,svm
427,scanpy_t-test,0.3153576742559897,0.15507246376811595,0.2628992628992629,0.8629032258064516,T_BLCA_vs_rest,3,svm
428,scanpy_t-test,0.31350272274845137,0.15117891816920942,0.2579881656804734,0.8790322580645161,T_BLCA_vs_rest,3,svm
429,scanpy_t-test,0.3449511343814388,0.17384370015948963,0.29027962716378164,0.8790322580645161,T_BLCA_vs_rest,4,svm
430,scanpy_t-test,0.3287791464651066,0.16614420062695925,0.2782152230971129,0.8548387096774194,T_BLCA_vs_rest,4,svm
431,scanpy_t-test,0.33952841796627836,0.16691729323308271,0.2813688212927757,0.8951612903225806,T_BLCA_vs_rest,4,svm
432,scanpy_t-test,0.38619062858493447,0.20683111954459202,0.3348694316436252,0.8790322580645161,T_BLCA_vs_rest,5,svm
433,scanpy_t-test,0.37126670445040055,0.19962335216572505,0.3236641221374046,0.8548387096774194,T_BLCA_vs_rest,5,svm
434,scanpy_t-test,0.37262169728498407,0.20075757575757575,0.32515337423312884,0.8548387096774194,T_BLCA_vs_rest,5,svm
435,scanpy_t-test,0.4254539311882585,0.24168514412416853,0.3791304347826087,0.8790322580645161,T_BLCA_vs_rest,6,svm
436,scanpy_t-test,0.41646058350759546,0.2334047109207709,0.3688663282571912,0.8790322580645161,T_BLCA_vs_rest,6,svm
437,scanpy_t-test,0.39480088378460104,0.23006833712984054,0.35879218472468916,0.8145161290322581,T_BLCA_vs_rest,6,svm
438,scanpy_t-test,0.41940174639375866,0.23404255319148937,0.37037037037037035,0.8870967741935484,T_BLCA_vs_rest,7,svm
439,scanpy_t-test,0.4216061753942674,0.23605150214592274,0.3728813559322034,0.8870967741935484,T_BLCA_vs_rest,7,svm
440,scanpy_t-test,0.40461674973327627,0.23933649289099526,0.36996336996337,0.8145161290322581,T_BLCA_vs_rest,7,svm
441,scanpy_t-test,0.42487893129600135,0.2411504424778761,0.3784722222222222,0.8790322580645161,T_BLCA_vs_rest,8,svm
442,scanpy_t-test,0.42609489197182576,0.24017467248908297,0.37800687285223367,0.8870967741935484,T_BLCA_vs_rest,8,svm
443,scanpy_t-test,0.4124234722339724,0.2446043165467626,0.37707948243992606,0.8225806451612904,T_BLCA_vs_rest,8,svm
444,scanpy_t-test,0.458199808569957,0.270935960591133,0.41509433962264153,0.8870967741935484,T_BLCA_vs_rest,9,svm
445,scanpy_t-test,0.4391897971149986,0.2546728971962617,0.39492753623188404,0.8790322580645161,T_BLCA_vs_rest,9,svm
446,scanpy_t-test,0.42800980959847246,0.2623376623376623,0.3968565815324165,0.8145161290322581,T_BLCA_vs_rest,9,svm
447,scanpy_t-test,0.5243985081893079,0.3384146341463415,0.4911504424778761,0.8951612903225806,T_BLCA_vs_rest,10,svm
448,scanpy_t-test,0.5151319213000284,0.343042071197411,0.4896073903002309,0.8548387096774194,T_BLCA_vs_rest,10,svm
449,scanpy_t-test,0.5005495544651106,0.3355048859934853,0.4779582366589327,0.8306451612903226,T_BLCA_vs_rest,10,svm
450,scanpy_t-test,0.5260793478958371,0.3373493975903614,0.49122807017543857,0.9032258064516129,T_BLCA_vs_rest,11,svm
451,scanpy_t-test,0.5170576116535656,0.34527687296416937,0.4918793503480278,0.8548387096774194,T_BLCA_vs_rest,11,svm
452,scanpy_t-test,0.4968108710800502,0.3311897106109325,0.4735632183908046,0.8306451612903226,T_BLCA_vs_rest,11,svm
453,scanpy_t-test,0.5334686323796671,0.345679012345679,0.5,0.9032258064516129,T_BLCA_vs_rest,12,svm
454,scanpy_t-test,0.5193941353457886,0.34177215189873417,0.4909090909090909,0.8709677419354839,T_BLCA_vs_rest,12,svm
455,scanpy_t-test,0.5014950652756525,0.3366013071895425,0.4790697674418605,0.8306451612903226,T_BLCA_vs_rest,12,svm
456,scanpy_t-test,0.5455761983855136,0.35646687697160884,0.5124716553287982,0.9112903225806451,T_BLCA_vs_rest,13,svm
457,scanpy_t-test,0.5284951666265624,0.3554817275747508,0.5035294117647059,0.8629032258064516,T_BLCA_vs_rest,13,svm
458,scanpy_t-test,0.5327416807548581,0.36713286713286714,0.5121951219512195,0.8467741935483871,T_BLCA_vs_rest,13,svm
459,scanpy_t-test,0.5470963655322196,0.35514018691588783,0.5123595505617977,0.9193548387096774,T_BLCA_vs_rest,14,svm
460,scanpy_t-test,0.5380713676616314,0.35714285714285715,0.5092592592592593,0.8870967741935484,T_BLCA_vs_rest,14,svm
461,scanpy_t-test,0.5233981067224002,0.3559322033898305,0.5011933174224343,0.8467741935483871,T_BLCA_vs_rest,14,svm
462,scanpy_t-test,0.5446010539298904,0.3553459119496855,0.5113122171945701,0.9112903225806451,T_BLCA_vs_rest,15,svm
463,scanpy_t-test,0.5331550208900174,0.3514376996805112,0.5034324942791762,0.8870967741935484,T_BLCA_vs_rest,15,svm
464,scanpy_t-test,0.5306293085769483,0.3645833333333333,0.5097087378640777,0.8467741935483871,T_BLCA_vs_rest,15,svm
465,scanpy_t-test,0.5485282688697378,0.35987261146496813,0.5159817351598174,0.9112903225806451,T_BLCA_vs_rest,16,svm
466,scanpy_t-test,0.531219814799882,0.3492063492063492,0.5011389521640092,0.8870967741935484,T_BLCA_vs_rest,16,svm
467,scanpy_t-test,0.5394950618594518,0.3719298245614035,0.5183374083129584,0.8548387096774194,T_BLCA_vs_rest,16,svm
468,scanpy_t-test,0.5529797561889717,0.3619047619047619,0.5193621867881549,0.9193548387096774,T_BLCA_vs_rest,17,svm
469,scanpy_t-test,0.5431032742927042,0.36303630363036304,0.5152224824355972,0.8870967741935484,T_BLCA_vs_rest,17,svm
470,scanpy_t-test,0.5299005003481236,0.37050359712230213,0.5124378109452736,0.8306451612903226,T_BLCA_vs_rest,17,svm
471,scanpy_t-test,0.5549767113910575,0.36421725239616615,0.5217391304347826,0.9193548387096774,T_BLCA_vs_rest,18,svm
472,scanpy_t-test,0.5507008901431997,0.3687707641196013,0.5223529411764706,0.8951612903225806,T_BLCA_vs_rest,18,svm
473,scanpy_t-test,0.5313140723704074,0.36879432624113473,0.5123152709359606,0.8387096774193549,T_BLCA_vs_rest,18,svm
474,scanpy_t-test,0.5480659385598241,0.35625,0.5135135135135135,0.9193548387096774,T_BLCA_vs_rest,19,svm
475,scanpy_t-test,0.5476142902845991,0.3651315789473684,0.5186915887850467,0.8951612903225806,T_BLCA_vs_rest,19,svm
476,scanpy_t-test,0.5323907448696639,0.3701067615658363,0.5135802469135803,0.8387096774193549,T_BLCA_vs_rest,19,svm
477,scanpy_t-test,0.563485588483391,0.3709677419354839,0.5299539170506913,0.9274193548387096,T_BLCA_vs_rest,20,svm
478,scanpy_t-test,0.5646042785272299,0.3854166666666667,0.5388349514563107,0.8951612903225806,T_BLCA_vs_rest,20,svm
479,scanpy_t-test,0.5427469830792051,0.375886524822695,0.5221674876847291,0.8548387096774194,T_BLCA_vs_rest,20,svm
480,yomix,0.8217197950469474,0.7517564402810304,0.8370273794002607,0.9441176470588235,T_BRCA_vs_rest,1,svm
481,yomix,0.831237268667608,0.7737226277372263,0.8468708388814914,0.9352941176470588,T_BRCA_vs_rest,1,svm
482,yomix,0.8476861796746227,0.7831325301204819,0.8609271523178808,0.9558823529411765,T_BRCA_vs_rest,1,svm
483,yomix,0.8575030559590165,0.8085642317380353,0.8710990502035278,0.9441176470588235,T_BRCA_vs_rest,2,svm
484,yomix,0.8702937724131363,0.8294573643410853,0.8830811554332875,0.9441176470588235,T_BRCA_vs_rest,2,svm
485,yomix,0.8775262755516542,0.8312020460358056,0.8891928864569083,0.9558823529411765,T_BRCA_vs_rest,2,svm
486,yomix,0.8790696216748666,0.8261964735516373,0.8900949796472184,0.9647058823529412,T_BRCA_vs_rest,3,svm
487,yomix,0.8898494786204952,0.8489583333333334,0.9005524861878453,0.9588235294117647,T_BRCA_vs_rest,3,svm
488,yomix,0.8996959551780556,0.8473282442748091,0.9085948158253752,0.9794117647058823,T_BRCA_vs_rest,3,svm
489,yomix,0.8920978199869212,0.8475452196382429,0.9023383768913342,0.9647058823529412,T_BRCA_vs_rest,4,svm
490,yomix,0.9006866885236471,0.8670212765957447,0.9106145251396648,0.9588235294117647,T_BRCA_vs_rest,4,svm
491,yomix,0.9130883013746423,0.8694516971279374,0.921161825726141,0.9794117647058823,T_BRCA_vs_rest,4,svm
492,yomix,0.8925620586593884,0.8457583547557841,0.9026063100137174,0.9676470588235294,T_BRCA_vs_rest,5,svm
493,yomix,0.9090327334062845,0.8810810810810811,0.9183098591549296,0.9588235294117647,T_BRCA_vs_rest,5,svm
494,yomix,0.9231198169315179,0.8835978835978836,0.9303621169916435,0.9823529411764705,T_BRCA_vs_rest,5,svm
495,yomix,0.8912440150768844,0.8435897435897436,0.9013698630136986,0.9676470588235294,T_BRCA_vs_rest,6,svm
496,yomix,0.9093978832286701,0.8790322580645161,0.9185393258426966,0.961764705882353,T_BRCA_vs_rest,6,svm
497,yomix,0.9217288782734573,0.8812664907651715,0.9290681502086231,0.9823529411764705,T_BRCA_vs_rest,6,svm
498,yomix,0.8956700247034429,0.8483290488431876,0.9053497942386831,0.9705882352941176,T_BRCA_vs_rest,7,svm
499,yomix,0.9093978832286701,0.8790322580645161,0.9185393258426966,0.961764705882353,T_BRCA_vs_rest,7,svm
500,yomix,0.9203431748022696,0.8789473684210526,0.9277777777777778,0.9823529411764705,T_BRCA_vs_rest,7,svm
501,yomix,0.9054760756552698,0.8619791666666666,0.914364640883978,0.9735294117647059,T_BRCA_vs_rest,8,svm
502,yomix,0.9129308997333099,0.8796791443850267,0.9215686274509803,0.9676470588235294,T_BRCA_vs_rest,8,svm
503,yomix,0.9255754744617082,0.8903743315508021,0.9327731092436975,0.9794117647058823,T_BRCA_vs_rest,8,svm
504,yomix,0.9370413775766568,0.9098360655737705,0.943342776203966,0.9794117647058823,T_BRCA_vs_rest,9,svm
505,yomix,0.9482590969721273,0.9375,0.953757225433526,0.9705882352941176,T_BRCA_vs_rest,9,svm
506,yomix,0.959873553183659,0.9436619718309859,0.9640287769784173,0.9852941176470589,T_BRCA_vs_rest,9,svm
507,yomix,0.9341415016690412,0.904891304347826,0.940677966101695,0.9794117647058823,T_BRCA_vs_rest,10,svm
508,yomix,0.9467350239796849,0.9348441926345609,0.9523809523809523,0.9705882352941176,T_BRCA_vs_rest,10,svm
509,yomix,0.9614052593503347,0.9463276836158192,0.9654178674351584,0.9852941176470589,T_BRCA_vs_rest,10,svm
510,yomix,0.9315773421005908,0.8978494623655914,0.9382022471910112,0.9823529411764705,T_BRCA_vs_rest,11,svm
511,yomix,0.9545796996214891,0.9457142857142857,0.9594202898550724,0.9735294117647059,T_BRCA_vs_rest,11,svm
512,yomix,0.9614052593503347,0.9463276836158192,0.9654178674351584,0.9852941176470589,T_BRCA_vs_rest,11,svm
513,yomix,0.955118355094292,0.9382022471910112,0.9597701149425287,0.9823529411764705,T_BRCA_vs_rest,12,svm
514,yomix,0.968927239286537,0.9652173913043478,0.9722627737226277,0.9794117647058823,T_BRCA_vs_rest,12,svm
515,yomix,0.9644873789067608,0.9517045454545454,0.9682080924855492,0.9852941176470589,T_BRCA_vs_rest,12,svm
516,yomix,0.955118355094292,0.9382022471910112,0.9597701149425287,0.9823529411764705,T_BRCA_vs_rest,13,svm
517,yomix,0.9673462348515547,0.9624277456647399,0.9708454810495627,0.9794117647058823,T_BRCA_vs_rest,13,svm
518,yomix,0.9660378805478681,0.9544159544159544,0.9696092619392185,0.9852941176470589,T_BRCA_vs_rest,13,svm
519,yomix,0.9581676324954405,0.943502824858757,0.962536023054755,0.9823529411764705,T_BRCA_vs_rest,14,svm
520,yomix,0.9673462348515547,0.9624277456647399,0.9708454810495627,0.9794117647058823,T_BRCA_vs_rest,14,svm
521,yomix,0.9741022546856106,0.9628571428571429,0.9768115942028985,0.9911764705882353,T_BRCA_vs_rest,14,svm
522,yomix,0.9566399139456957,0.9408450704225352,0.9611510791366906,0.9823529411764705,T_BRCA_vs_rest,15,svm
523,yomix,0.968927239286537,0.9652173913043478,0.9722627737226277,0.9794117647058823,T_BRCA_vs_rest,15,svm
524,yomix,0.975909716736139,0.9603399433427762,0.9783549783549783,0.9970588235294118,T_BRCA_vs_rest,15,svm
525,yomix,0.9566399139456957,0.9408450704225352,0.9611510791366906,0.9823529411764705,T_BRCA_vs_rest,16,svm
526,yomix,0.968927239286537,0.9652173913043478,0.9722627737226277,0.9794117647058823,T_BRCA_vs_rest,16,svm
527,yomix,0.9743557667699115,0.9576271186440678,0.9769452449567724,0.9970588235294118,T_BRCA_vs_rest,16,svm
528,yomix,0.9566399139456957,0.9408450704225352,0.9611510791366906,0.9823529411764705,T_BRCA_vs_rest,17,svm
529,yomix,0.968927239286537,0.9652173913043478,0.9722627737226277,0.9794117647058823,T_BRCA_vs_rest,17,svm
530,yomix,0.975909716736139,0.9603399433427762,0.9783549783549783,0.9970588235294118,T_BRCA_vs_rest,17,svm
531,yomix,0.9566399139456957,0.9408450704225352,0.9611510791366906,0.9823529411764705,T_BRCA_vs_rest,18,svm
532,yomix,0.9705148376607123,0.9680232558139535,0.9736842105263158,0.9794117647058823,T_BRCA_vs_rest,18,svm
533,yomix,0.972808110135512,0.9549295774647887,0.9755395683453237,0.9970588235294118,T_BRCA_vs_rest,18,svm
534,yomix,0.9581676324954405,0.943502824858757,0.962536023054755,0.9823529411764705,T_BRCA_vs_rest,19,svm
535,yomix,0.9721090777349477,0.9708454810495627,0.9751098096632503,0.9794117647058823,T_BRCA_vs_rest,19,svm
536,yomix,0.9697315013538964,0.9495798319327731,0.9727403156384505,0.9970588235294118,T_BRCA_vs_rest,19,svm
537,yomix,0.9597015540936645,0.9461756373937678,0.963924963924964,0.9823529411764705,T_BRCA_vs_rest,20,svm
538,yomix,0.9721090777349477,0.9708454810495627,0.9751098096632503,0.9794117647058823,T_BRCA_vs_rest,20,svm
539,yomix,0.9712667028483232,0.952247191011236,0.9741379310344828,0.9970588235294118,T_BRCA_vs_rest,20,svm
540,cosg,0.7627141303669243,0.9156626506024096,0.7741935483870968,0.6705882352941176,T_BRCA_vs_rest,1,svm
541,cosg,0.7577881922083877,0.8984375,0.7718120805369127,0.6764705882352942,T_BRCA_vs_rest,1,svm
542,cosg,0.8127762460059488,0.9298892988929889,0.8248772504091653,0.7411764705882353,T_BRCA_vs_rest,1,svm
543,cosg,0.7564178654269744,0.8713235294117647,0.7745098039215687,0.6970588235294117,T_BRCA_vs_rest,2,svm
544,cosg,0.7640190628899879,0.8759124087591241,0.7817589576547231,0.7058823529411765,T_BRCA_vs_rest,2,svm
545,cosg,0.8036456843115162,0.8954703832752613,0.8197767145135566,0.7558823529411764,T_BRCA_vs_rest,2,svm
546,cosg,0.764168955149673,0.8596491228070176,0.784,0.7205882352941176,T_BRCA_vs_rest,3,svm
547,cosg,0.7618142091764164,0.8617021276595744,0.7813504823151125,0.7147058823529412,T_BRCA_vs_rest,3,svm
548,cosg,0.8064050929927937,0.8877551020408163,0.8233438485804416,0.7676470588235295,T_BRCA_vs_rest,3,svm
549,cosg,0.764168955149673,0.8596491228070176,0.784,0.7205882352941176,T_BRCA_vs_rest,4,svm
550,cosg,0.7618142091764164,0.8617021276595744,0.7813504823151125,0.7147058823529412,T_BRCA_vs_rest,4,svm
551,cosg,0.8064050929927937,0.8877551020408163,0.8233438485804416,0.7676470588235295,T_BRCA_vs_rest,4,svm
552,cosg,0.7521505959321396,0.8338983050847457,0.7748031496062993,0.7235294117647059,T_BRCA_vs_rest,5,svm
553,cosg,0.7526223761720542,0.8316498316498316,0.7755102040816326,0.7264705882352941,T_BRCA_vs_rest,5,svm
554,cosg,0.7899855996940025,0.8511326860841424,0.810477657935285,0.7735294117647059,T_BRCA_vs_rest,5,svm
555,cosg,0.8056445416834976,0.864516129032258,0.8246153846153846,0.788235294117647,T_BRCA_vs_rest,6,svm
556,cosg,0.8083569719946134,0.8725490196078431,0.826625386996904,0.7852941176470588,T_BRCA_vs_rest,6,svm
557,cosg,0.8411649218652907,0.8867924528301887,0.8571428571428571,0.8294117647058824,T_BRCA_vs_rest,6,svm
558,cosg,0.8056445416834976,0.864516129032258,0.8246153846153846,0.788235294117647,T_BRCA_vs_rest,7,svm
559,cosg,0.8068100060095612,0.8697068403908795,0.8253477588871716,0.7852941176470588,T_BRCA_vs_rest,7,svm
560,cosg,0.8411649218652907,0.8867924528301887,0.8571428571428571,0.8294117647058824,T_BRCA_vs_rest,7,svm
561,cosg,0.8056445416834976,0.864516129032258,0.8246153846153846,0.788235294117647,T_BRCA_vs_rest,8,svm
562,cosg,0.8068100060095612,0.8697068403908795,0.8253477588871716,0.7852941176470588,T_BRCA_vs_rest,8,svm
563,cosg,0.8396287315564344,0.8840125391849529,0.8558421851289834,0.8294117647058824,T_BRCA_vs_rest,8,svm
564,cosg,0.8056445416834976,0.864516129032258,0.8246153846153846,0.788235294117647,T_BRCA_vs_rest,9,svm
565,cosg,0.8218616616197069,0.8881578947368421,0.8385093167701864,0.7941176470588235,T_BRCA_vs_rest,9,svm
566,cosg,0.8553139774305285,0.8944099378881988,0.8700906344410876,0.8470588235294118,T_BRCA_vs_rest,9,svm
567,cosg,0.8090775318669651,0.867741935483871,0.8276923076923077,0.7911764705882353,T_BRCA_vs_rest,10,svm
568,cosg,0.83094538067879,0.8925081433224755,0.8469860896445132,0.8058823529411765,T_BRCA_vs_rest,10,svm
569,cosg,0.8586894978663968,0.8975155279503105,0.8731117824773413,0.85,T_BRCA_vs_rest,10,svm
570,cosg,0.7987684649617386,0.8011204481792717,0.8206599713055954,0.8411764705882353,T_BRCA_vs_rest,11,svm
571,cosg,0.777337979970119,0.7552083333333334,0.8011049723756906,0.8529411764705882,T_BRCA_vs_rest,11,svm
572,cosg,0.8048375771181865,0.7903225806451613,0.8258426966292135,0.8647058823529412,T_BRCA_vs_rest,11,svm
573,cosg,0.8019941826295152,0.803921568627451,0.8235294117647058,0.8441176470588235,T_BRCA_vs_rest,12,svm
574,cosg,0.7761319355823174,0.7532467532467533,0.8,0.8529411764705882,T_BRCA_vs_rest,12,svm
575,cosg,0.8029459890802894,0.7897574123989218,0.8241912798874824,0.861764705882353,T_BRCA_vs_rest,12,svm
576,cosg,0.8025683359430718,0.8022284122562674,0.8240343347639485,0.8470588235294118,T_BRCA_vs_rest,13,svm
577,cosg,0.7809827423847094,0.7611548556430446,0.8044382801664355,0.8529411764705882,T_BRCA_vs_rest,13,svm
578,cosg,0.807403665428965,0.7945945945945946,0.828169014084507,0.8647058823529412,T_BRCA_vs_rest,13,svm
579,cosg,0.8025683359430718,0.8022284122562674,0.8240343347639485,0.8470588235294118,T_BRCA_vs_rest,14,svm
580,cosg,0.7809827423847094,0.7611548556430446,0.8044382801664355,0.8529411764705882,T_BRCA_vs_rest,14,svm
581,cosg,0.8092903755199341,0.7951482479784366,0.829817158931083,0.8676470588235294,T_BRCA_vs_rest,14,svm
582,cosg,0.8025683359430718,0.8022284122562674,0.8240343347639485,0.8470588235294118,T_BRCA_vs_rest,15,svm
583,cosg,0.7785484433789305,0.7571801566579635,0.8022130013831259,0.8529411764705882,T_BRCA_vs_rest,15,svm
584,cosg,0.8092903755199341,0.7951482479784366,0.829817158931083,0.8676470588235294,T_BRCA_vs_rest,15,svm
585,cosg,0.8025683359430718,0.8022284122562674,0.8240343347639485,0.8470588235294118,T_BRCA_vs_rest,16,svm
586,cosg,0.7785484433789305,0.7571801566579635,0.8022130013831259,0.8529411764705882,T_BRCA_vs_rest,16,svm
587,cosg,0.8092903755199341,0.7951482479784366,0.829817158931083,0.8676470588235294,T_BRCA_vs_rest,16,svm
588,cosg,0.8025683359430718,0.8022284122562674,0.8240343347639485,0.8470588235294118,T_BRCA_vs_rest,17,svm
589,cosg,0.7809827423847094,0.7611548556430446,0.8044382801664355,0.8529411764705882,T_BRCA_vs_rest,17,svm
590,cosg,0.8105795738032563,0.7972972972972973,0.8309859154929577,0.8676470588235294,T_BRCA_vs_rest,17,svm
591,cosg,0.798036386941616,0.7972222222222223,0.82,0.8441176470588235,T_BRCA_vs_rest,18,svm
592,cosg,0.7809827423847094,0.7611548556430446,0.8044382801664355,0.8529411764705882,T_BRCA_vs_rest,18,svm
593,cosg,0.8061181823001118,0.7924528301886793,0.8270042194092827,0.8647058823529412,T_BRCA_vs_rest,18,svm
594,cosg,0.798036386941616,0.7972222222222223,0.82,0.8441176470588235,T_BRCA_vs_rest,19,svm
595,cosg,0.7809827423847094,0.7611548556430446,0.8044382801664355,0.8529411764705882,T_BRCA_vs_rest,19,svm
596,cosg,0.807403665428965,0.7945945945945946,0.828169014084507,0.8647058823529412,T_BRCA_vs_rest,19,svm
597,cosg,0.8033238862063994,0.8061797752808989,0.8247126436781609,0.8441176470588235,T_BRCA_vs_rest,20,svm
598,cosg,0.7797633545244368,0.7591623036649214,0.8033240997229917,0.8529411764705882,T_BRCA_vs_rest,20,svm
599,cosg,0.8086940593211402,0.7967479674796748,0.8293370944992948,0.8647058823529412,T_BRCA_vs_rest,20,svm
600,scanpy_wilcoxon,0.8217197950469474,0.7517564402810304,0.8370273794002607,0.9441176470588235,T_BRCA_vs_rest,1,svm
601,scanpy_wilcoxon,0.831237268667608,0.7737226277372263,0.8468708388814914,0.9352941176470588,T_BRCA_vs_rest,1,svm
602,scanpy_wilcoxon,0.8476861796746227,0.7831325301204819,0.8609271523178808,0.9558823529411765,T_BRCA_vs_rest,1,svm
603,scanpy_wilcoxon,0.8765199242397114,0.8220551378446115,0.8876860622462788,0.9647058823529412,T_BRCA_vs_rest,2,svm
604,scanpy_wilcoxon,0.8868296512059131,0.8388746803069054,0.8974008207934336,0.9647058823529412,T_BRCA_vs_rest,2,svm
605,scanpy_wilcoxon,0.8970757129767705,0.8430379746835444,0.9061224489795918,0.9794117647058823,T_BRCA_vs_rest,2,svm
606,scanpy_wilcoxon,0.9245913397793891,0.8967391304347826,0.9322033898305084,0.9705882352941176,T_BRCA_vs_rest,3,svm
607,scanpy_wilcoxon,0.9432899906304402,0.9344729344729344,0.9493487698986975,0.9647058823529412,T_BRCA_vs_rest,3,svm
608,scanpy_wilcoxon,0.9493222017960281,0.925414364640884,0.9544159544159544,0.9852941176470589,T_BRCA_vs_rest,3,svm
609,scanpy_wilcoxon,0.9160920434154094,0.8823529411764706,0.9243697478991597,0.9705882352941176,T_BRCA_vs_rest,4,svm
610,scanpy_wilcoxon,0.9478941377653176,0.9425287356321839,0.9534883720930233,0.9647058823529412,T_BRCA_vs_rest,4,svm
611,scanpy_wilcoxon,0.9448892936587764,0.9178082191780822,0.950354609929078,0.9852941176470589,T_BRCA_vs_rest,4,svm
612,scanpy_wilcoxon,0.9471514776794605,0.9299719887955182,0.9526542324246772,0.9764705882352941,T_BRCA_vs_rest,5,svm
613,scanpy_wilcoxon,0.9655436552858481,0.9650145772594753,0.9692532942898975,0.9735294117647059,T_BRCA_vs_rest,5,svm
614,scanpy_wilcoxon,0.9583480246450982,0.9410112359550562,0.9626436781609196,0.9852941176470589,T_BRCA_vs_rest,5,svm
615,scanpy_wilcoxon,0.9568286306827901,0.938375350140056,0.9612625538020086,0.9852941176470589,T_BRCA_vs_rest,6,svm
616,scanpy_wilcoxon,0.9673462348515547,0.9624277456647399,0.9708454810495627,0.9794117647058823,T_BRCA_vs_rest,6,svm
617,scanpy_wilcoxon,0.975909716736139,0.9603399433427762,0.9783549783549783,0.9970588235294118,T_BRCA_vs_rest,6,svm
618,scanpy_wilcoxon,0.959873553183659,0.9436619718309859,0.9640287769784173,0.9852941176470589,T_BRCA_vs_rest,7,svm
619,scanpy_wilcoxon,0.9642038191523021,0.9568965517241379,0.9680232558139535,0.9794117647058823,T_BRCA_vs_rest,7,svm
620,scanpy_wilcoxon,0.9741022546856106,0.9628571428571429,0.9768115942028985,0.9911764705882353,T_BRCA_vs_rest,7,svm
621,scanpy_wilcoxon,0.9583480246450982,0.9410112359550562,0.9626436781609196,0.9852941176470589,T_BRCA_vs_rest,8,svm
622,scanpy_wilcoxon,0.9657717770754601,0.9596541786743515,0.9694323144104804,0.9794117647058823,T_BRCA_vs_rest,8,svm
623,scanpy_wilcoxon,0.9741022546856106,0.9628571428571429,0.9768115942028985,0.9911764705882353,T_BRCA_vs_rest,8,svm
624,scanpy_wilcoxon,0.9614052593503347,0.9463276836158192,0.9654178674351584,0.9852941176470589,T_BRCA_vs_rest,9,svm
625,scanpy_wilcoxon,0.9657717770754601,0.9596541786743515,0.9694323144104804,0.9794117647058823,T_BRCA_vs_rest,9,svm
626,scanpy_wilcoxon,0.9756736682329562,0.9656160458452722,0.9782293178519593,0.9911764705882353,T_BRCA_vs_rest,9,svm
627,scanpy_wilcoxon,0.959873553183659,0.9436619718309859,0.9640287769784173,0.9852941176470589,T_BRCA_vs_rest,10,svm
628,scanpy_wilcoxon,0.9657717770754601,0.9596541786743515,0.9694323144104804,0.9794117647058823,T_BRCA_vs_rest,10,svm
629,scanpy_wilcoxon,0.9756736682329562,0.9656160458452722,0.9782293178519593,0.9911764705882353,T_BRCA_vs_rest,10,svm
630,scanpy_wilcoxon,0.9568286306827901,0.938375350140056,0.9612625538020086,0.9852941176470589,T_BRCA_vs_rest,11,svm
631,scanpy_wilcoxon,0.9657717770754601,0.9596541786743515,0.9694323144104804,0.9794117647058823,T_BRCA_vs_rest,11,svm
632,scanpy_wilcoxon,0.9709786916806142,0.9573863636363636,0.9739884393063584,0.9911764705882353,T_BRCA_vs_rest,11,svm
633,scanpy_wilcoxon,0.9614052593503347,0.9463276836158192,0.9654178674351584,0.9852941176470589,T_BRCA_vs_rest,12,svm
634,scanpy_wilcoxon,0.9721090777349477,0.9708454810495627,0.9751098096632503,0.9794117647058823,T_BRCA_vs_rest,12,svm
635,scanpy_wilcoxon,0.978931506605102,0.9684813753581661,0.9811320754716981,0.9941176470588236,T_BRCA_vs_rest,12,svm
636,scanpy_wilcoxon,0.9802838562979826,0.97953216374269,0.9824046920821115,0.9852941176470589,T_BRCA_vs_rest,13,svm
637,scanpy_wilcoxon,0.9785534274255936,0.9823008849557522,0.9808541973490427,0.9794117647058823,T_BRCA_vs_rest,13,svm
638,scanpy_wilcoxon,0.9852989573371734,0.9797101449275363,0.9868613138686131,0.9941176470588236,T_BRCA_vs_rest,13,svm
639,scanpy_wilcoxon,0.9802838562979826,0.97953216374269,0.9824046920821115,0.9852941176470589,T_BRCA_vs_rest,14,svm
640,scanpy_wilcoxon,0.9785534274255936,0.9823008849557522,0.9808541973490427,0.9794117647058823,T_BRCA_vs_rest,14,svm
641,scanpy_wilcoxon,0.9852989573371734,0.9797101449275363,0.9868613138686131,0.9941176470588236,T_BRCA_vs_rest,14,svm
642,scanpy_wilcoxon,0.9802838562979826,0.97953216374269,0.9824046920821115,0.9852941176470589,T_BRCA_vs_rest,15,svm
643,scanpy_wilcoxon,0.9851250183130453,0.9910979228486647,0.9867060561299852,0.9823529411764705,T_BRCA_vs_rest,15,svm
644,scanpy_wilcoxon,0.9820246137270461,0.9768115942028985,0.983941605839416,0.9911764705882353,T_BRCA_vs_rest,15,svm
645,scanpy_wilcoxon,0.9786745001840474,0.9766763848396501,0.9809663250366032,0.9852941176470589,T_BRCA_vs_rest,16,svm
646,scanpy_wilcoxon,0.9785534274255936,0.9823008849557522,0.9808541973490427,0.9794117647058823,T_BRCA_vs_rest,16,svm
647,scanpy_wilcoxon,0.9772515642618897,0.9683908045977011,0.9796511627906976,0.9911764705882353,T_BRCA_vs_rest,16,svm
648,scanpy_wilcoxon,0.9770718730973975,0.9738372093023255,0.97953216374269,0.9852941176470589,T_BRCA_vs_rest,17,svm
649,scanpy_wilcoxon,0.975253745339253,0.9793510324483776,0.9779086892488954,0.9764705882352941,T_BRCA_vs_rest,17,svm
650,scanpy_wilcoxon,0.9820246137270461,0.9768115942028985,0.983941605839416,0.9911764705882353,T_BRCA_vs_rest,17,svm
651,scanpy_wilcoxon,0.9738866123707378,0.9682080924855492,0.9766763848396501,0.9852941176470589,T_BRCA_vs_rest,18,svm
652,scanpy_wilcoxon,0.9785084429911316,0.9851632047477745,0.9807976366322009,0.9764705882352941,T_BRCA_vs_rest,18,svm
653,scanpy_wilcoxon,0.9804269898899208,0.9739884393063584,0.9825072886297376,0.9911764705882353,T_BRCA_vs_rest,18,svm
654,scanpy_wilcoxon,0.9738866123707378,0.9682080924855492,0.9766763848396501,0.9852941176470589,T_BRCA_vs_rest,19,svm
655,scanpy_wilcoxon,0.9785084429911316,0.9851632047477745,0.9807976366322009,0.9764705882352941,T_BRCA_vs_rest,19,svm
656,scanpy_wilcoxon,0.9804269898899208,0.9739884393063584,0.9825072886297376,0.9911764705882353,T_BRCA_vs_rest,19,svm
657,scanpy_wilcoxon,0.9754759265067916,0.9710144927536232,0.9781021897810219,0.9852941176470589,T_BRCA_vs_rest,20,svm
658,scanpy_wilcoxon,0.9785084429911316,0.9851632047477745,0.9807976366322009,0.9764705882352941,T_BRCA_vs_rest,20,svm
659,scanpy_wilcoxon,0.9804269898899208,0.9739884393063584,0.9825072886297376,0.9911764705882353,T_BRCA_vs_rest,20,svm
660,scanpy_t-test,0.8217197950469474,0.7517564402810304,0.8370273794002607,0.9441176470588235,T_BRCA_vs_rest,1,svm
661,scanpy_t-test,0.831237268667608,0.7737226277372263,0.8468708388814914,0.9352941176470588,T_BRCA_vs_rest,1,svm
662,scanpy_t-test,0.8476861796746227,0.7831325301204819,0.8609271523178808,0.9558823529411765,T_BRCA_vs_rest,1,svm
663,scanpy_t-test,0.8765199242397114,0.8220551378446115,0.8876860622462788,0.9647058823529412,T_BRCA_vs_rest,2,svm
664,scanpy_t-test,0.8868296512059131,0.8388746803069054,0.8974008207934336,0.9647058823529412,T_BRCA_vs_rest,2,svm
665,scanpy_t-test,0.8970757129767705,0.8430379746835444,0.9061224489795918,0.9794117647058823,T_BRCA_vs_rest,2,svm
666,scanpy_t-test,0.9245913397793891,0.8967391304347826,0.9322033898305084,0.9705882352941176,T_BRCA_vs_rest,3,svm
667,scanpy_t-test,0.9432899906304402,0.9344729344729344,0.9493487698986975,0.9647058823529412,T_BRCA_vs_rest,3,svm
668,scanpy_t-test,0.9493222017960281,0.925414364640884,0.9544159544159544,0.9852941176470589,T_BRCA_vs_rest,3,svm
669,scanpy_t-test,0.924166898452877,0.888,0.9314685314685315,0.9794117647058823,T_BRCA_vs_rest,4,svm
670,scanpy_t-test,0.9513259404441357,0.9428571428571428,0.9565217391304348,0.9705882352941176,T_BRCA_vs_rest,4,svm
671,scanpy_t-test,0.9434232411230302,0.9153005464480874,0.9490084985835694,0.9852941176470589,T_BRCA_vs_rest,4,svm
672,scanpy_t-test,0.951692378785652,0.9378531073446328,0.9567723342939481,0.9764705882352941,T_BRCA_vs_rest,5,svm
673,scanpy_t-test,0.9623785520662824,0.9594202898550724,0.9664233576642336,0.9735294117647059,T_BRCA_vs_rest,5,svm
674,scanpy_t-test,0.9663408316595855,0.9492957746478873,0.9697841726618706,0.9911764705882353,T_BRCA_vs_rest,5,svm
675,scanpy_t-test,0.951692378785652,0.9378531073446328,0.9567723342939481,0.9764705882352941,T_BRCA_vs_rest,6,svm
676,scanpy_t-test,0.9622609440612981,0.9620991253644315,0.9663250366032211,0.9705882352941176,T_BRCA_vs_rest,6,svm
677,scanpy_t-test,0.9649806790580903,0.9441340782122905,0.9684813753581661,0.9941176470588236,T_BRCA_vs_rest,6,svm
678,scanpy_t-test,0.9585371121291673,0.9385474860335196,0.9627507163323782,0.9882352941176471,T_BRCA_vs_rest,7,svm
679,scanpy_t-test,0.9688263665103979,0.967930029154519,0.972181551976574,0.9764705882352941,T_BRCA_vs_rest,7,svm
680,scanpy_t-test,0.9806097730403177,0.9685714285714285,0.9826086956521739,0.9970588235294118,T_BRCA_vs_rest,7,svm
681,scanpy_t-test,0.9597015540936645,0.9461756373937678,0.963924963924964,0.9823529411764705,T_BRCA_vs_rest,8,svm
682,scanpy_t-test,0.9688263665103979,0.967930029154519,0.972181551976574,0.9764705882352941,T_BRCA_vs_rest,8,svm
683,scanpy_t-test,0.9805135005392867,0.9712643678160919,0.9825581395348837,0.9941176470588236,T_BRCA_vs_rest,8,svm
684,scanpy_t-test,0.9612417225198342,0.9488636363636364,0.9653179190751445,0.9823529411764705,T_BRCA_vs_rest,9,svm
685,scanpy_t-test,0.967136159215978,0.9678362573099415,0.9706744868035191,0.9735294117647059,T_BRCA_vs_rest,9,svm
686,scanpy_t-test,0.9805135005392867,0.9712643678160919,0.9825581395348837,0.9941176470588236,T_BRCA_vs_rest,9,svm
687,scanpy_t-test,0.9643409771535499,0.9542857142857143,0.9681159420289855,0.9823529411764705,T_BRCA_vs_rest,10,svm
688,scanpy_t-test,0.9687353624690105,0.9706744868035191,0.9720998531571219,0.9735294117647059,T_BRCA_vs_rest,10,svm
689,scanpy_t-test,0.9821020422146813,0.9740634005763689,0.9839883551673945,0.9941176470588236,T_BRCA_vs_rest,10,svm
690,scanpy_t-test,0.9660378805478681,0.9544159544159544,0.9696092619392185,0.9852941176470589,T_BRCA_vs_rest,11,svm
691,scanpy_t-test,0.9703413139963744,0.9735294117647059,0.9735294117647059,0.9735294117647059,T_BRCA_vs_rest,11,svm
692,scanpy_t-test,0.9805135005392867,0.9712643678160919,0.9825581395348837,0.9941176470588236,T_BRCA_vs_rest,11,svm
693,scanpy_t-test,0.9629431866221594,0.9490084985835694,0.9668109668109668,0.9852941176470589,T_BRCA_vs_rest,12,svm
694,scanpy_t-test,0.975253745339253,0.9793510324483776,0.9779086892488954,0.9764705882352941,T_BRCA_vs_rest,12,svm
695,scanpy_t-test,0.9821020422146813,0.9740634005763689,0.9839883551673945,0.9941176470588236,T_BRCA_vs_rest,12,svm
696,scanpy_t-test,0.9660378805478681,0.9544159544159544,0.9696092619392185,0.9852941176470589,T_BRCA_vs_rest,13,svm
697,scanpy_t-test,0.9719540632529123,0.976401179941003,0.9749631811487481,0.9735294117647059,T_BRCA_vs_rest,13,svm
698,scanpy_t-test,0.9821020422146813,0.9740634005763689,0.9839883551673945,0.9941176470588236,T_BRCA_vs_rest,13,svm
699,scanpy_t-test,0.9644873789067608,0.9517045454545454,0.9682080924855492,0.9852941176470589,T_BRCA_vs_rest,14,svm
700,scanpy_t-test,0.9704230834864791,0.9707602339181286,0.9736070381231672,0.9764705882352941,T_BRCA_vs_rest,14,svm
701,scanpy_t-test,0.986967367409104,0.9797687861271677,0.9883381924198251,0.9970588235294118,T_BRCA_vs_rest,14,svm
702,scanpy_t-test,0.9660378805478681,0.9544159544159544,0.9696092619392185,0.9852941176470589,T_BRCA_vs_rest,15,svm
703,scanpy_t-test,0.9703413139963744,0.9735294117647059,0.9735294117647059,0.9735294117647059,T_BRCA_vs_rest,15,svm
704,scanpy_t-test,0.990185943970768,0.9854651162790697,0.9912280701754386,0.9970588235294118,T_BRCA_vs_rest,15,svm
705,scanpy_t-test,0.9660378805478681,0.9544159544159544,0.9696092619392185,0.9852941176470589,T_BRCA_vs_rest,16,svm
706,scanpy_t-test,0.9703413139963744,0.9735294117647059,0.9735294117647059,0.9735294117647059,T_BRCA_vs_rest,16,svm
707,scanpy_t-test,0.990185943970768,0.9854651162790697,0.9912280701754386,0.9970588235294118,T_BRCA_vs_rest,16,svm
708,scanpy_t-test,0.9660378805478681,0.9544159544159544,0.9696092619392185,0.9852941176470589,T_BRCA_vs_rest,17,svm
709,scanpy_t-test,0.9702696854653078,0.9763313609467456,0.9734513274336283,0.9705882352941176,T_BRCA_vs_rest,17,svm
710,scanpy_t-test,0.9868577048389849,0.9853801169590644,0.9882697947214076,0.9911764705882353,T_BRCA_vs_rest,17,svm
711,scanpy_t-test,0.9660378805478681,0.9544159544159544,0.9696092619392185,0.9852941176470589,T_BRCA_vs_rest,18,svm
712,scanpy_t-test,0.9718918676692179,0.9792284866468842,0.9748892171344166,0.9705882352941176,T_BRCA_vs_rest,18,svm
713,scanpy_t-test,0.9868577048389849,0.9853801169590644,0.9882697947214076,0.9911764705882353,T_BRCA_vs_rest,18,svm
714,scanpy_t-test,0.9723038831311487,0.9654178674351584,0.975254730713246,0.9852941176470589,T_BRCA_vs_rest,19,svm
715,scanpy_t-test,0.9867714626540786,0.9940476190476191,0.9881656804733728,0.9823529411764705,T_BRCA_vs_rest,19,svm
716,scanpy_t-test,0.9836971786495124,0.976878612716763,0.9854227405247813,0.9941176470588236,T_BRCA_vs_rest,19,svm
717,scanpy_t-test,0.9691579914886648,0.9598853868194842,0.9724238026124818,0.9852941176470589,T_BRCA_vs_rest,20,svm
718,scanpy_t-test,0.9867714626540786,0.9940476190476191,0.9881656804733728,0.9823529411764705,T_BRCA_vs_rest,20,svm
719,scanpy_t-test,0.9852989573371734,0.9797101449275363,0.9868613138686131,0.9941176470588236,T_BRCA_vs_rest,20,svm
720,yomix,0.38184969593150814,0.19559902200489,0.3193612774451098,0.8695652173913043,T_CESC_vs_rest,1,svm
721,yomix,0.344572559979944,0.1778846153846154,0.29133858267716534,0.8043478260869565,T_CESC_vs_rest,1,svm
722,yomix,0.3306601263152042,0.16447368421052633,0.2737226277372263,0.8152173913043478,T_CESC_vs_rest,1,svm
723,yomix,0.3982947304661437,0.205,0.3333333333333333,0.8913043478260869,T_CESC_vs_rest,2,svm
724,yomix,0.4029502523004255,0.20190023752969122,0.3313840155945419,0.9239130434782609,T_CESC_vs_rest,2,svm
725,yomix,0.3751371280384451,0.1922141119221411,0.31411530815109345,0.8586956521739131,T_CESC_vs_rest,2,svm
726,yomix,0.44651346145058846,0.24079320113314448,0.38202247191011235,0.9239130434782609,T_CESC_vs_rest,3,svm
727,yomix,0.41711134133712763,0.2141057934508816,0.3476482617586912,0.9239130434782609,T_CESC_vs_rest,3,svm
728,yomix,0.41246075916966635,0.22010869565217392,0.3521739130434783,0.8804347826086957,T_CESC_vs_rest,3,svm
729,yomix,0.43910563699668653,0.23661971830985915,0.37583892617449666,0.9130434782608695,T_CESC_vs_rest,4,svm
730,yomix,0.4152758448205071,0.2125,0.34552845528455284,0.9239130434782609,T_CESC_vs_rest,4,svm
731,yomix,0.41444406206416856,0.2219178082191781,0.3544857768052516,0.8804347826086957,T_CESC_vs_rest,4,svm
732,yomix,0.43839343704903794,0.23595505617977527,0.375,0.9130434782608695,T_CESC_vs_rest,5,svm
733,yomix,0.42032266622987935,0.2144638403990025,0.3488843813387424,0.9347826086956522,T_CESC_vs_rest,5,svm
734,yomix,0.4137804063512473,0.22131147540983606,0.3537117903930131,0.8804347826086957,T_CESC_vs_rest,5,svm
735,yomix,0.5451122693795672,0.3516949152542373,0.5060975609756098,0.9021739130434783,T_CESC_vs_rest,6,svm
736,yomix,0.505435331815595,0.30324909747292417,0.45528455284552843,0.9130434782608695,T_CESC_vs_rest,6,svm
737,yomix,0.49185318154955227,0.29225352112676056,0.44148936170212766,0.9021739130434783,T_CESC_vs_rest,6,svm
738,yomix,0.5551019409996942,0.3510204081632653,0.5103857566765578,0.9347826086956522,T_CESC_vs_rest,7,svm
739,yomix,0.5141599994981054,0.3090909090909091,0.46321525885558584,0.9239130434782609,T_CESC_vs_rest,7,svm
740,yomix,0.5177088582717991,0.30935251798561153,0.4648648648648649,0.9347826086956522,T_CESC_vs_rest,7,svm
741,yomix,0.5588627573118289,0.35537190082644626,0.5149700598802395,0.9347826086956522,T_CESC_vs_rest,8,svm
742,yomix,0.5292793041286848,0.32567049808429116,0.48158640226628896,0.9239130434782609,T_CESC_vs_rest,8,svm
743,yomix,0.5229504500704156,0.315018315018315,0.4712328767123288,0.9347826086956522,T_CESC_vs_rest,8,svm
744,yomix,0.5492970399092941,0.3483606557377049,0.5059523809523809,0.9239130434782609,T_CESC_vs_rest,9,svm
745,yomix,0.5456199705971467,0.3441295546558704,0.5014749262536873,0.9239130434782609,T_CESC_vs_rest,9,svm
746,yomix,0.527244676638237,0.31970260223048325,0.47645429362880887,0.9347826086956522,T_CESC_vs_rest,9,svm
747,yomix,0.5505373364152938,0.3497942386831276,0.5074626865671642,0.9239130434782609,T_CESC_vs_rest,10,svm
748,yomix,0.53381621288904,0.33073929961089493,0.4871060171919771,0.9239130434782609,T_CESC_vs_rest,10,svm
749,yomix,0.5283326872164541,0.3208955223880597,0.4777777777777778,0.9347826086956522,T_CESC_vs_rest,10,svm
750,yomix,0.5639838359248209,0.36134453781512604,0.5212121212121212,0.9347826086956522,T_CESC_vs_rest,11,svm
751,yomix,0.5447073651949673,0.34710743801652894,0.5029940119760479,0.9130434782608695,T_CESC_vs_rest,11,svm
752,yomix,0.5213351730144626,0.32061068702290074,0.4745762711864407,0.9130434782608695,T_CESC_vs_rest,11,svm
753,yomix,0.5484552536722334,0.3514644351464435,0.5075528700906344,0.9130434782608695,T_CESC_vs_rest,12,svm
754,yomix,0.5350340134903803,0.336,0.49122807017543857,0.9130434782608695,T_CESC_vs_rest,12,svm
755,yomix,0.5145095726028331,0.31679389312977096,0.4689265536723164,0.9021739130434783,T_CESC_vs_rest,12,svm
756,yomix,0.5719045708045825,0.3706896551724138,0.5308641975308642,0.9347826086956522,T_CESC_vs_rest,13,svm
757,yomix,0.5350340134903803,0.336,0.49122807017543857,0.9130434782608695,T_CESC_vs_rest,13,svm
758,yomix,0.5259421329018256,0.32196969696969696,0.47752808988764045,0.9239130434782609,T_CESC_vs_rest,13,svm
759,yomix,0.5902754438133198,0.38839285714285715,0.5506329113924051,0.9456521739130435,T_CESC_vs_rest,14,svm
760,yomix,0.542245996159591,0.3442622950819672,0.5,0.9130434782608695,T_CESC_vs_rest,14,svm
761,yomix,0.5523269198539856,0.3438735177865613,0.5043478260869565,0.9456521739130435,T_CESC_vs_rest,14,svm
762,yomix,0.5975727608920867,0.40186915887850466,0.5620915032679739,0.9347826086956522,T_CESC_vs_rest,15,svm
763,yomix,0.5509919787261869,0.35443037974683544,0.5106382978723404,0.9130434782608695,T_CESC_vs_rest,15,svm
764,yomix,0.5660230374078328,0.36796536796536794,0.5263157894736842,0.9239130434782609,T_CESC_vs_rest,15,svm
765,yomix,0.603707556575856,0.4095238095238095,0.5695364238410596,0.9347826086956522,T_CESC_vs_rest,16,svm
766,yomix,0.5548558824631156,0.358974358974359,0.5153374233128835,0.9130434782608695,T_CESC_vs_rest,16,svm
767,yomix,0.5682734102655963,0.375,0.5316455696202531,0.9130434782608695,T_CESC_vs_rest,16,svm
768,yomix,0.6006190522864692,0.4056603773584906,0.5657894736842105,0.9347826086956522,T_CESC_vs_rest,17,svm
769,yomix,0.556159868974294,0.3605150214592275,0.5169230769230769,0.9130434782608695,T_CESC_vs_rest,17,svm
770,yomix,0.5655210439957369,0.37168141592920356,0.5283018867924528,0.9130434782608695,T_CESC_vs_rest,17,svm
771,yomix,0.5945677071211328,0.39814814814814814,0.5584415584415584,0.9347826086956522,T_CESC_vs_rest,18,svm
772,yomix,0.556851792869711,0.35714285714285715,0.5151515151515151,0.9239130434782609,T_CESC_vs_rest,18,svm
773,yomix,0.5628038596219078,0.3684210526315789,0.525,0.9130434782608695,T_CESC_vs_rest,18,svm
774,yomix,0.5930803481723449,0.39631336405529954,0.5566343042071198,0.9347826086956522,T_CESC_vs_rest,19,svm
775,yomix,0.5587923864572346,0.36363636363636365,0.5201238390092879,0.9130434782608695,T_CESC_vs_rest,19,svm
776,yomix,0.5548558824631156,0.358974358974359,0.5153374233128835,0.9130434782608695,T_CESC_vs_rest,19,svm
777,yomix,0.5990906916814824,0.40375586854460094,0.5639344262295082,0.9347826086956522,T_CESC_vs_rest,20,svm
778,yomix,0.5535599617939692,0.3574468085106383,0.5137614678899083,0.9130434782608695,T_CESC_vs_rest,20,svm
779,yomix,0.5548558824631156,0.358974358974359,0.5153374233128835,0.9130434782608695,T_CESC_vs_rest,20,svm
780,cosg,0.36437060580376174,0.3953488372093023,0.38202247191011235,0.3695652173913043,T_CESC_vs_rest,1,svm
781,cosg,0.41043864747844083,0.42105263157894735,0.42780748663101603,0.43478260869565216,T_CESC_vs_rest,1,svm
782,cosg,0.3367791909412081,0.36363636363636365,0.35555555555555557,0.34782608695652173,T_CESC_vs_rest,1,svm
783,cosg,0.3798350651295675,0.24603174603174602,0.36046511627906974,0.6739130434782609,T_CESC_vs_rest,2,svm
784,cosg,0.42245963143147847,0.2600732600732601,0.38904109589041097,0.7717391304347826,T_CESC_vs_rest,2,svm
785,cosg,0.3852696537868463,0.25203252032520324,0.3668639053254438,0.6739130434782609,T_CESC_vs_rest,2,svm
786,cosg,0.3539595903088403,0.22868217054263565,0.33714285714285713,0.6413043478260869,T_CESC_vs_rest,3,svm
787,cosg,0.4175382984483114,0.25830258302583026,0.3856749311294766,0.7608695652173914,T_CESC_vs_rest,3,svm
788,cosg,0.37211797678668607,0.24489795918367346,0.3560830860534125,0.6521739130434783,T_CESC_vs_rest,3,svm
789,cosg,0.35589108693400545,0.22727272727272727,0.33707865168539325,0.6521739130434783,T_CESC_vs_rest,4,svm
790,cosg,0.41576024352221597,0.2564102564102564,0.3835616438356164,0.7608695652173914,T_CESC_vs_rest,4,svm
791,cosg,0.38192035585106,0.25206611570247933,0.3652694610778443,0.6630434782608695,T_CESC_vs_rest,4,svm
792,cosg,0.4005484903021367,0.24054982817869416,0.36553524804177545,0.7608695652173914,T_CESC_vs_rest,5,svm
793,cosg,0.42548332287168417,0.24074074074074073,0.375,0.8478260869565217,T_CESC_vs_rest,5,svm
794,cosg,0.38440188555554594,0.22435897435897437,0.3465346534653465,0.7608695652173914,T_CESC_vs_rest,5,svm
795,cosg,0.4371150209767787,0.24615384615384617,0.38369304556354916,0.8695652173913043,T_CESC_vs_rest,6,svm
796,cosg,0.44651346145058846,0.24079320113314448,0.38202247191011235,0.9239130434782609,T_CESC_vs_rest,6,svm
797,cosg,0.40659329353597823,0.21739130434782608,0.34782608695652173,0.8695652173913043,T_CESC_vs_rest,6,svm
798,cosg,0.4378924194411026,0.24691358024691357,0.38461538461538464,0.8695652173913043,T_CESC_vs_rest,7,svm
799,cosg,0.44053864101997403,0.23796033994334279,0.3775280898876405,0.9130434782608695,T_CESC_vs_rest,7,svm
800,cosg,0.4159509488109785,0.22598870056497175,0.35874439461883406,0.8695652173913043,T_CESC_vs_rest,7,svm
801,cosg,0.4371150209767787,0.24615384615384617,0.38369304556354916,0.8695652173913043,T_CESC_vs_rest,8,svm
802,cosg,0.4443462078972654,0.23876404494382023,0.3794642857142857,0.9239130434782609,T_CESC_vs_rest,8,svm
803,cosg,0.412034815657922,0.22507122507122507,0.35665914221218964,0.8586956521739131,T_CESC_vs_rest,8,svm
804,cosg,0.4409740623169528,0.24695121951219512,0.38571428571428573,0.8804347826086957,T_CESC_vs_rest,9,svm
805,cosg,0.45470430567936126,0.24571428571428572,0.3891402714932127,0.9347826086956522,T_CESC_vs_rest,9,svm
806,cosg,0.418480756989589,0.22562674094707522,0.35920177383592017,0.8804347826086957,T_CESC_vs_rest,9,svm
807,cosg,0.44175115808562765,0.24477611940298508,0.3840749414519906,0.8913043478260869,T_CESC_vs_rest,10,svm
808,cosg,0.44079134128453984,0.23545706371191136,0.37527593818984545,0.9239130434782609,T_CESC_vs_rest,10,svm
809,cosg,0.41700489731653667,0.22162162162162163,0.354978354978355,0.8913043478260869,T_CESC_vs_rest,10,svm
810,cosg,0.4409937167217044,0.24404761904761904,0.38317757009345793,0.8913043478260869,T_CESC_vs_rest,11,svm
811,cosg,0.44149668462732977,0.2361111111111111,0.37610619469026546,0.9239130434782609,T_CESC_vs_rest,11,svm
812,cosg,0.41700489731653667,0.22162162162162163,0.354978354978355,0.8913043478260869,T_CESC_vs_rest,11,svm
813,cosg,0.4698526422519353,0.2694805194805195,0.415,0.9021739130434783,T_CESC_vs_rest,12,svm
814,cosg,0.45868975544349955,0.2553191489361702,0.3990498812351544,0.9130434782608695,T_CESC_vs_rest,12,svm
815,cosg,0.4355703939105278,0.24464831804281345,0.3818615751789976,0.8695652173913043,T_CESC_vs_rest,12,svm
816,cosg,0.472466017945947,0.2721311475409836,0.4181360201511335,0.9021739130434783,T_CESC_vs_rest,13,svm
817,cosg,0.46166530826100743,0.2552552552552553,0.4,0.9239130434782609,T_CESC_vs_rest,13,svm
818,cosg,0.4309189341642415,0.24307692307692308,0.37889688249400477,0.8586956521739131,T_CESC_vs_rest,13,svm
819,cosg,0.48978934437681304,0.28668941979522183,0.43636363636363634,0.9130434782608695,T_CESC_vs_rest,14,svm
820,cosg,0.4705654976108811,0.2639751552795031,0.4106280193236715,0.9239130434782609,T_CESC_vs_rest,14,svm
821,cosg,0.44504634671803,0.25396825396825395,0.3931203931203931,0.8695652173913043,T_CESC_vs_rest,14,svm
822,cosg,0.4888524077500799,0.2857142857142857,0.43523316062176165,0.9130434782608695,T_CESC_vs_rest,15,svm
823,cosg,0.4689151608646487,0.2623456790123457,0.40865384615384615,0.9239130434782609,T_CESC_vs_rest,15,svm
824,cosg,0.4466757866966762,0.25559105431309903,0.3950617283950617,0.8695652173913043,T_CESC_vs_rest,15,svm
825,cosg,0.49843408270158307,0.29577464788732394,0.44680851063829785,0.9130434782608695,T_CESC_vs_rest,16,svm
826,cosg,0.4555354556042942,0.25225225225225223,0.3952941176470588,0.9130434782608695,T_CESC_vs_rest,16,svm
827,cosg,0.44727533846930895,0.253125,0.3932038834951456,0.8804347826086957,T_CESC_vs_rest,16,svm
828,cosg,0.5281607734260921,0.3244274809160305,0.480225988700565,0.9239130434782609,T_CESC_vs_rest,17,svm
829,cosg,0.492627976744997,0.2896551724137931,0.4397905759162304,0.9130434782608695,T_CESC_vs_rest,17,svm
830,cosg,0.46172887047175615,0.2775800711743772,0.41823056300268097,0.8478260869565217,T_CESC_vs_rest,17,svm
831,cosg,0.5292793041286848,0.32567049808429116,0.48158640226628896,0.9239130434782609,T_CESC_vs_rest,18,svm
832,cosg,0.49358359447893874,0.2906574394463668,0.4409448818897638,0.9130434782608695,T_CESC_vs_rest,18,svm
833,cosg,0.46834136341894567,0.28113879003558717,0.42359249329758714,0.8586956521739131,T_CESC_vs_rest,18,svm
834,cosg,0.5304040533588048,0.3269230769230769,0.48295454545454547,0.9239130434782609,T_CESC_vs_rest,19,svm
835,cosg,0.4964792397798791,0.2937062937062937,0.4444444444444444,0.9130434782608695,T_CESC_vs_rest,19,svm
836,cosg,0.45894867578939824,0.2746478873239437,0.4148936170212766,0.8478260869565217,T_CESC_vs_rest,19,svm
837,cosg,0.5131226840570436,0.3079710144927536,0.46195652173913043,0.9239130434782609,T_CESC_vs_rest,20,svm
838,cosg,0.4964792397798791,0.2937062937062937,0.4444444444444444,0.9130434782608695,T_CESC_vs_rest,20,svm
839,cosg,0.4645519087676172,0.2805755395683453,0.42162162162162165,0.8478260869565217,T_CESC_vs_rest,20,svm
840,scanpy_wilcoxon,0.38184969593150814,0.19559902200489,0.3193612774451098,0.8695652173913043,T_CESC_vs_rest,1,svm
841,scanpy_wilcoxon,0.344572559979944,0.1778846153846154,0.29133858267716534,0.8043478260869565,T_CESC_vs_rest,1,svm
842,scanpy_wilcoxon,0.3306601263152042,0.16447368421052633,0.2737226277372263,0.8152173913043478,T_CESC_vs_rest,1,svm
843,scanpy_wilcoxon,0.37012991180884314,0.18141592920353983,0.3014705882352941,0.8913043478260869,T_CESC_vs_rest,2,svm
844,scanpy_wilcoxon,0.3297483165056422,0.16375545851528384,0.2727272727272727,0.8152173913043478,T_CESC_vs_rest,2,svm
845,scanpy_wilcoxon,0.3132949992949605,0.1475095785440613,0.250814332247557,0.8369565217391305,T_CESC_vs_rest,2,svm
846,scanpy_wilcoxon,0.3691379095808845,0.18061674008810572,0.30036630036630035,0.8913043478260869,T_CESC_vs_rest,3,svm
847,scanpy_wilcoxon,0.32749249489685206,0.16198704103671707,0.2702702702702703,0.8152173913043478,T_CESC_vs_rest,3,svm
848,scanpy_wilcoxon,0.31252063110903594,0.14694656488549618,0.25,0.8369565217391305,T_CESC_vs_rest,3,svm
849,scanpy_wilcoxon,0.4160876299940899,0.2107843137254902,0.344,0.9347826086956522,T_CESC_vs_rest,4,svm
850,scanpy_wilcoxon,0.4191628348338153,0.22625698324022347,0.36,0.8804347826086957,T_CESC_vs_rest,4,svm
851,scanpy_wilcoxon,0.421463293712393,0.2204724409448819,0.35517970401691334,0.9130434782608695,T_CESC_vs_rest,4,svm
852,scanpy_wilcoxon,0.4328848121714403,0.22055137844611528,0.35845213849287166,0.9565217391304348,T_CESC_vs_rest,5,svm
853,scanpy_wilcoxon,0.4479289683013403,0.25076452599388377,0.3914081145584726,0.8913043478260869,T_CESC_vs_rest,5,svm
854,scanpy_wilcoxon,0.44797293975450975,0.24216524216524216,0.3837471783295711,0.9239130434782609,T_CESC_vs_rest,5,svm
855,scanpy_wilcoxon,0.43478186144104286,0.2222222222222222,0.36065573770491804,0.9565217391304348,T_CESC_vs_rest,6,svm
856,scanpy_wilcoxon,0.4463371559510918,0.24629080118694363,0.38694638694638694,0.9021739130434783,T_CESC_vs_rest,6,svm
857,scanpy_wilcoxon,0.4278423811800857,0.2185929648241206,0.3551020408163265,0.9456521739130435,T_CESC_vs_rest,6,svm
858,scanpy_wilcoxon,0.4462733015444599,0.23513513513513515,0.37662337662337664,0.9456521739130435,T_CESC_vs_rest,7,svm
859,scanpy_wilcoxon,0.4487163541907419,0.25153374233128833,0.3923444976076555,0.8913043478260869,T_CESC_vs_rest,7,svm
860,scanpy_wilcoxon,0.4421600883073646,0.23138297872340424,0.3717948717948718,0.9456521739130435,T_CESC_vs_rest,7,svm
861,scanpy_wilcoxon,0.4622045204419479,0.24719101123595505,0.39285714285714285,0.9565217391304348,T_CESC_vs_rest,8,svm
862,scanpy_wilcoxon,0.44950719460185307,0.2523076923076923,0.3932853717026379,0.8913043478260869,T_CESC_vs_rest,8,svm
863,scanpy_wilcoxon,0.4388031532078704,0.2283464566929134,0.3678646934460888,0.9456521739130435,T_CESC_vs_rest,8,svm
864,scanpy_wilcoxon,0.48169048552242766,0.26586102719033233,0.4160756501182033,0.9565217391304348,T_CESC_vs_rest,9,svm
865,scanpy_wilcoxon,0.47214953235498475,0.27835051546391754,0.42297650130548303,0.8804347826086957,T_CESC_vs_rest,9,svm
866,scanpy_wilcoxon,0.46822126854041596,0.25287356321839083,0.4,0.9565217391304348,T_CESC_vs_rest,9,svm
867,scanpy_wilcoxon,0.5384565318307375,0.3359683794466403,0.4927536231884058,0.9239130434782609,T_CESC_vs_rest,10,svm
868,scanpy_wilcoxon,0.5189253040478564,0.32170542635658916,0.4742857142857143,0.9021739130434783,T_CESC_vs_rest,10,svm
869,scanpy_wilcoxon,0.5001129913494925,0.29411764705882354,0.4461942257217848,0.9239130434782609,T_CESC_vs_rest,10,svm
870,scanpy_wilcoxon,0.5349664409928049,0.33203125,0.4885057471264368,0.9239130434782609,T_CESC_vs_rest,11,svm
871,scanpy_wilcoxon,0.5123380492244,0.3143939393939394,0.46629213483146065,0.9021739130434783,T_CESC_vs_rest,11,svm
872,scanpy_wilcoxon,0.5001129913494925,0.29411764705882354,0.4461942257217848,0.9239130434782609,T_CESC_vs_rest,11,svm
873,scanpy_wilcoxon,0.5407019589663694,0.3346303501945525,0.49283667621776506,0.9347826086956522,T_CESC_vs_rest,12,svm
874,scanpy_wilcoxon,0.5123380492244,0.3143939393939394,0.46629213483146065,0.9021739130434783,T_CESC_vs_rest,12,svm
875,scanpy_wilcoxon,0.5095994990782646,0.3006993006993007,0.455026455026455,0.9347826086956522,T_CESC_vs_rest,12,svm
876,scanpy_wilcoxon,0.5407019589663694,0.3346303501945525,0.49283667621776506,0.9347826086956522,T_CESC_vs_rest,13,svm
877,scanpy_wilcoxon,0.5112611738143421,0.3132075471698113,0.4649859943977591,0.9021739130434783,T_CESC_vs_rest,13,svm
878,scanpy_wilcoxon,0.5046954605608248,0.29553264604810997,0.4490861618798956,0.9347826086956522,T_CESC_vs_rest,13,svm
879,scanpy_wilcoxon,0.53725349513223,0.33076923076923076,0.48863636363636365,0.9347826086956522,T_CESC_vs_rest,14,svm
880,scanpy_wilcoxon,0.5070116328536282,0.30855018587360594,0.4598337950138504,0.9021739130434783,T_CESC_vs_rest,14,svm
881,scanpy_wilcoxon,0.49896855910047155,0.2895622895622896,0.442159383033419,0.9347826086956522,T_CESC_vs_rest,14,svm
882,scanpy_wilcoxon,0.5395460182652334,0.3333333333333333,0.49142857142857144,0.9347826086956522,T_CESC_vs_rest,15,svm
883,scanpy_wilcoxon,0.5091249192179441,0.31086142322097376,0.4623955431754875,0.9021739130434783,T_CESC_vs_rest,15,svm
884,scanpy_wilcoxon,0.5018109582748238,0.2925170068027211,0.44559585492227977,0.9347826086956522,T_CESC_vs_rest,15,svm
885,scanpy_wilcoxon,0.5679074507247299,0.3659574468085106,0.5259938837920489,0.9347826086956522,T_CESC_vs_rest,16,svm
886,scanpy_wilcoxon,0.5548558824631156,0.358974358974359,0.5153374233128835,0.9130434782608695,T_CESC_vs_rest,16,svm
887,scanpy_wilcoxon,0.53381621288904,0.33073929961089493,0.4871060171919771,0.9239130434782609,T_CESC_vs_rest,16,svm
888,scanpy_wilcoxon,0.5679074507247299,0.3659574468085106,0.5259938837920489,0.9347826086956522,T_CESC_vs_rest,17,svm
889,scanpy_wilcoxon,0.5601210941831767,0.3652173913043478,0.5217391304347826,0.9130434782608695,T_CESC_vs_rest,17,svm
890,scanpy_wilcoxon,0.5259421329018256,0.32196969696969696,0.47752808988764045,0.9239130434782609,T_CESC_vs_rest,17,svm
891,scanpy_wilcoxon,0.5660230374078328,0.36796536796536794,0.5263157894736842,0.9239130434782609,T_CESC_vs_rest,18,svm
892,scanpy_wilcoxon,0.5646882892697808,0.36637931034482757,0.5246913580246914,0.9239130434782609,T_CESC_vs_rest,18,svm
893,scanpy_wilcoxon,0.5259421329018256,0.32196969696969696,0.47752808988764045,0.9239130434782609,T_CESC_vs_rest,18,svm
894,scanpy_wilcoxon,0.5728250172997733,0.37610619469026546,0.5345911949685535,0.9239130434782609,T_CESC_vs_rest,19,svm
895,scanpy_wilcoxon,0.5687179029204008,0.37117903930131,0.5295950155763239,0.9239130434782609,T_CESC_vs_rest,19,svm
896,scanpy_wilcoxon,0.5248419076639468,0.32075471698113206,0.47619047619047616,0.9239130434782609,T_CESC_vs_rest,19,svm
897,scanpy_wilcoxon,0.5728250172997733,0.37610619469026546,0.5345911949685535,0.9239130434782609,T_CESC_vs_rest,20,svm
898,scanpy_wilcoxon,0.5484552536722334,0.3514644351464435,0.5075528700906344,0.9130434782608695,T_CESC_vs_rest,20,svm
899,scanpy_wilcoxon,0.5194294907159064,0.3148148148148148,0.4696132596685083,0.9239130434782609,T_CESC_vs_rest,20,svm
900,scanpy_t-test,0.3188171485641122,0.14625228519195613,0.25039123630672927,0.8695652173913043,T_CESC_vs_rest,1,svm
901,scanpy_t-test,0.3057267902786,0.14206642066420663,0.24290220820189273,0.8369565217391305,T_CESC_vs_rest,1,svm
902,scanpy_t-test,0.29099325083286814,0.13184931506849315,0.22781065088757396,0.8369565217391305,T_CESC_vs_rest,1,svm
903,scanpy_t-test,0.4093803813877018,0.20045558086560364,0.3314500941619586,0.9565217391304348,T_CESC_vs_rest,2,svm
904,scanpy_t-test,0.39574602609443976,0.195852534562212,0.3231939163498099,0.9239130434782609,T_CESC_vs_rest,2,svm
905,scanpy_t-test,0.39018269942730055,0.18487394957983194,0.30985915492957744,0.9565217391304348,T_CESC_vs_rest,2,svm
906,scanpy_t-test,0.41116462236458773,0.20422535211267606,0.3359073359073359,0.9456521739130435,T_CESC_vs_rest,3,svm
907,scanpy_t-test,0.40523024886438874,0.2038369304556355,0.33398821218074654,0.9239130434782609,T_CESC_vs_rest,3,svm
908,scanpy_t-test,0.4023139599561973,0.19683257918552036,0.3258426966292135,0.9456521739130435,T_CESC_vs_rest,3,svm
909,scanpy_t-test,0.441107524460082,0.23306233062330622,0.37310195227765725,0.9347826086956522,T_CESC_vs_rest,4,svm
910,scanpy_t-test,0.4247209822885999,0.22340425531914893,0.358974358974359,0.9130434782608695,T_CESC_vs_rest,4,svm
911,scanpy_t-test,0.41971127880637765,0.21393034825870647,0.3481781376518219,0.9347826086956522,T_CESC_vs_rest,4,svm
912,scanpy_t-test,0.4555205392875035,0.24369747899159663,0.38752783964365256,0.9456521739130435,T_CESC_vs_rest,5,svm
913,scanpy_t-test,0.42219385847214513,0.22371967654986524,0.35853131749460043,0.9021739130434783,T_CESC_vs_rest,5,svm
914,scanpy_t-test,0.4335603880170727,0.2236503856041131,0.36174636174636177,0.9456521739130435,T_CESC_vs_rest,5,svm
915,scanpy_t-test,0.44957505235910883,0.24089635854341737,0.3830734966592428,0.9347826086956522,T_CESC_vs_rest,6,svm
916,scanpy_t-test,0.42219385847214513,0.22371967654986524,0.35853131749460043,0.9021739130434783,T_CESC_vs_rest,6,svm
917,scanpy_t-test,0.4303608190453792,0.22081218274111675,0.35802469135802467,0.9456521739130435,T_CESC_vs_rest,6,svm
918,scanpy_t-test,0.46603272710468124,0.2536443148688047,0.4,0.9456521739130435,T_CESC_vs_rest,7,svm
919,scanpy_t-test,0.43743494595544835,0.23782234957020057,0.3764172335600907,0.9021739130434783,T_CESC_vs_rest,7,svm
920,scanpy_t-test,0.4414836355481666,0.23076923076923078,0.37100213219616207,0.9456521739130435,T_CESC_vs_rest,7,svm
921,scanpy_t-test,0.46914959927268707,0.25663716814159293,0.4037122969837587,0.9456521739130435,T_CESC_vs_rest,8,svm
922,scanpy_t-test,0.44053864101997403,0.23796033994334279,0.3775280898876405,0.9130434782608695,T_CESC_vs_rest,8,svm
923,scanpy_t-test,0.44458729248864776,0.23626373626373626,0.37719298245614036,0.9347826086956522,T_CESC_vs_rest,8,svm
924,scanpy_t-test,0.4751197091493579,0.2654320987654321,0.41346153846153844,0.9347826086956522,T_CESC_vs_rest,9,svm
925,scanpy_t-test,0.4524348319008739,0.24925816023738873,0.3916083916083916,0.9130434782608695,T_CESC_vs_rest,9,svm
926,scanpy_t-test,0.4521269823900445,0.23783783783783785,0.38095238095238093,0.9565217391304348,T_CESC_vs_rest,9,svm
927,scanpy_t-test,0.47799975285238056,0.2652439024390244,0.4142857142857143,0.9456521739130435,T_CESC_vs_rest,10,svm
928,scanpy_t-test,0.458532507850656,0.2522255192878338,0.3962703962703963,0.9239130434782609,T_CESC_vs_rest,10,svm
929,scanpy_t-test,0.4569858997479892,0.24507042253521127,0.38926174496644295,0.9456521739130435,T_CESC_vs_rest,10,svm
930,scanpy_t-test,0.4898997278454865,0.2770700636942675,0.42857142857142855,0.9456521739130435,T_CESC_vs_rest,11,svm
931,scanpy_t-test,0.47139618487357726,0.26479750778816197,0.4116222760290557,0.9239130434782609,T_CESC_vs_rest,11,svm
932,scanpy_t-test,0.46145370698950483,0.2492836676217765,0.3945578231292517,0.9456521739130435,T_CESC_vs_rest,11,svm
933,scanpy_t-test,0.4979714524201971,0.28205128205128205,0.43564356435643564,0.9565217391304348,T_CESC_vs_rest,12,svm
934,scanpy_t-test,0.4705654976108811,0.2639751552795031,0.4106280193236715,0.9239130434782609,T_CESC_vs_rest,12,svm
935,scanpy_t-test,0.4719316891522349,0.2535612535612536,0.4018058690744921,0.967391304347826,T_CESC_vs_rest,12,svm
936,scanpy_t-test,0.48711313872405837,0.27741935483870966,0.42786069651741293,0.9347826086956522,T_CESC_vs_rest,13,svm
937,scanpy_t-test,0.473068740339745,0.2664576802507837,0.41362530413625304,0.9239130434782609,T_CESC_vs_rest,13,svm
938,scanpy_t-test,0.46294598733175674,0.24788732394366197,0.39373601789709173,0.9565217391304348,T_CESC_vs_rest,13,svm
939,scanpy_t-test,0.484319380174154,0.2777777777777778,0.4271356783919598,0.9239130434782609,T_CESC_vs_rest,14,svm
940,scanpy_t-test,0.4698526422519353,0.2694805194805195,0.415,0.9021739130434783,T_CESC_vs_rest,14,svm
941,scanpy_t-test,0.4751197091493579,0.2654320987654321,0.41346153846153844,0.9347826086956522,T_CESC_vs_rest,14,svm
942,scanpy_t-test,0.4897463405578211,0.2833333333333333,0.4336734693877551,0.9239130434782609,T_CESC_vs_rest,15,svm
943,scanpy_t-test,0.4698526422519353,0.2694805194805195,0.415,0.9021739130434783,T_CESC_vs_rest,15,svm
944,scanpy_t-test,0.48102135811459057,0.27129337539432175,0.42053789731051344,0.9347826086956522,T_CESC_vs_rest,15,svm
945,scanpy_t-test,0.48611124953794954,0.27960526315789475,0.4292929292929293,0.9239130434782609,T_CESC_vs_rest,16,svm
946,scanpy_t-test,0.46727549741084073,0.26688102893890675,0.4119106699751861,0.9021739130434783,T_CESC_vs_rest,16,svm
947,scanpy_t-test,0.473467020409325,0.26380368098159507,0.41148325358851673,0.9347826086956522,T_CESC_vs_rest,16,svm
948,scanpy_t-test,0.49550918444819086,0.2926829268292683,0.44327176781002636,0.9130434782608695,T_CESC_vs_rest,17,svm
949,scanpy_t-test,0.49167708927848874,0.28865979381443296,0.4386422976501306,0.9130434782608695,T_CESC_vs_rest,17,svm
950,scanpy_t-test,0.49077885564501417,0.2779552715654952,0.42962962962962964,0.9456521739130435,T_CESC_vs_rest,17,svm
951,scanpy_t-test,0.5056665044377021,0.296551724137931,0.450261780104712,0.9347826086956522,T_CESC_vs_rest,18,svm
952,scanpy_t-test,0.4833254677254057,0.28,0.42857142857142855,0.9130434782608695,T_CESC_vs_rest,18,svm
953,scanpy_t-test,0.46849143844502406,0.26498422712933756,0.41075794621026895,0.9130434782608695,T_CESC_vs_rest,18,svm
954,scanpy_t-test,0.5050149838536139,0.2992957746478873,0.4521276595744681,0.9239130434782609,T_CESC_vs_rest,19,svm
955,scanpy_t-test,0.49358359447893874,0.2906574394463668,0.4409448818897638,0.9130434782608695,T_CESC_vs_rest,19,svm
956,scanpy_t-test,0.47972829868427735,0.27631578947368424,0.42424242424242425,0.9130434782608695,T_CESC_vs_rest,19,svm
957,scanpy_t-test,0.5050149838536139,0.2992957746478873,0.4521276595744681,0.9239130434782609,T_CESC_vs_rest,20,svm
958,scanpy_t-test,0.49358359447893874,0.2906574394463668,0.4409448818897638,0.9130434782608695,T_CESC_vs_rest,20,svm
959,scanpy_t-test,0.49167708927848874,0.28865979381443296,0.4386422976501306,0.9130434782608695,T_CESC_vs_rest,20,svm
960,yomix,0.2098918334250874,0.052083333333333336,0.09852216748768473,0.9090909090909091,T_CHOL_vs_rest,1,svm
961,yomix,0.19295932415297568,0.04945054945054945,0.09326424870466321,0.8181818181818182,T_CHOL_vs_rest,1,svm
962,yomix,0.21107985584563943,0.05263157894736842,0.09950248756218906,0.9090909090909091,T_CHOL_vs_rest,1,svm
963,yomix,0.2081432977741072,0.05128205128205128,0.0970873786407767,0.9090909090909091,T_CHOL_vs_rest,2,svm
964,yomix,0.19412454254350667,0.05,0.09424083769633508,0.8181818181818182,T_CHOL_vs_rest,2,svm
965,yomix,0.32205573105264773,0.13043478260869565,0.225,0.8181818181818182,T_CHOL_vs_rest,2,svm
966,yomix,0.2330295288477689,0.05759162303664921,0.10891089108910891,1.0,T_CHOL_vs_rest,3,svm
967,yomix,0.2090391552098246,0.05732484076433121,0.10714285714285714,0.8181818181818182,T_CHOL_vs_rest,3,svm
968,yomix,0.26663431358708345,0.07432432432432433,0.13836477987421383,1.0,T_CHOL_vs_rest,3,svm
969,yomix,0.2426395024125392,0.062146892655367235,0.11702127659574468,1.0,T_CHOL_vs_rest,4,svm
970,yomix,0.21815588095440183,0.06206896551724138,0.11538461538461539,0.8181818181818182,T_CHOL_vs_rest,4,svm
971,yomix,0.24634696789622898,0.06395348837209303,0.12021857923497267,1.0,T_CHOL_vs_rest,4,svm
972,yomix,0.23566706782191235,0.058823529411764705,0.1111111111111111,1.0,T_CHOL_vs_rest,5,svm
973,yomix,0.22400152484605054,0.06521739130434782,0.12080536912751678,0.8181818181818182,T_CHOL_vs_rest,5,svm
974,yomix,0.2675840602954836,0.07482993197278912,0.13924050632911392,1.0,T_CHOL_vs_rest,5,svm
975,yomix,0.23566706782191235,0.058823529411764705,0.1111111111111111,1.0,T_CHOL_vs_rest,6,svm
976,yomix,0.22936945945445522,0.06818181818181818,0.1258741258741259,0.8181818181818182,T_CHOL_vs_rest,6,svm
977,yomix,0.26476292750953245,0.07333333333333333,0.13664596273291926,1.0,T_CHOL_vs_rest,6,svm
978,yomix,0.25936278029563387,0.07051282051282051,0.1317365269461078,1.0,T_CHOL_vs_rest,7,svm
979,yomix,0.24020613402532554,0.0743801652892562,0.13636363636363635,0.8181818181818182,T_CHOL_vs_rest,7,svm
980,yomix,0.26476292750953245,0.07333333333333333,0.13664596273291926,1.0,T_CHOL_vs_rest,7,svm
981,yomix,0.25936278029563387,0.07051282051282051,0.1317365269461078,1.0,T_CHOL_vs_rest,8,svm
982,yomix,0.25139668767738504,0.08108108108108109,0.14754098360655737,0.8181818181818182,T_CHOL_vs_rest,8,svm
983,yomix,0.2776370469481373,0.08029197080291971,0.14864864864864866,1.0,T_CHOL_vs_rest,8,svm
984,yomix,0.2602413511182117,0.07096774193548387,0.13253012048192772,1.0,T_CHOL_vs_rest,9,svm
985,yomix,0.2538142919546489,0.08256880733944955,0.15,0.8181818181818182,T_CHOL_vs_rest,9,svm
986,yomix,0.24383417253890513,0.06896551724137931,0.1282051282051282,0.9090909090909091,T_CHOL_vs_rest,9,svm
987,yomix,0.2584924721827996,0.07006369426751592,0.13095238095238096,1.0,T_CHOL_vs_rest,10,svm
988,yomix,0.2525973921082047,0.08181818181818182,0.1487603305785124,0.8181818181818182,T_CHOL_vs_rest,10,svm
989,yomix,0.24472842395368993,0.06944444444444445,0.12903225806451613,0.9090909090909091,T_CHOL_vs_rest,10,svm
990,yomix,0.23633942979093495,0.05913978494623656,0.1116751269035533,1.0,T_CHOL_vs_rest,11,svm
991,yomix,0.26696252073067667,0.09090909090909091,0.16363636363636364,0.8181818181818182,T_CHOL_vs_rest,11,svm
992,yomix,0.2275410049570073,0.06716417910447761,0.12413793103448276,0.8181818181818182,T_CHOL_vs_rest,11,svm
993,yomix,0.25343702582000827,0.06748466257668712,0.12643678160919541,1.0,T_CHOL_vs_rest,12,svm
994,yomix,0.27429727016917194,0.09574468085106383,0.17142857142857143,0.8181818181818182,T_CHOL_vs_rest,12,svm
995,yomix,0.25756595407341115,0.08490566037735849,0.15384615384615385,0.8181818181818182,T_CHOL_vs_rest,12,svm
996,yomix,0.2562247472669461,0.07575757575757576,0.13986013986013987,0.9090909090909091,T_CHOL_vs_rest,13,svm
997,yomix,0.3002737951159171,0.11392405063291139,0.2,0.8181818181818182,T_CHOL_vs_rest,13,svm
998,yomix,0.21472580231583577,0.07692307692307693,0.13725490196078433,0.6363636363636364,T_CHOL_vs_rest,13,svm
999,yomix,0.27927074817876035,0.08928571428571429,0.16260162601626016,0.9090909090909091,T_CHOL_vs_rest,14,svm
1000,yomix,0.30846844069835094,0.12,0.20930232558139536,0.8181818181818182,T_CHOL_vs_rest,14,svm
1001,yomix,0.25586123413848505,0.09411764705882353,0.16666666666666666,0.7272727272727273,T_CHOL_vs_rest,14,svm
1002,yomix,0.27927074817876035,0.08928571428571429,0.16260162601626016,0.9090909090909091,T_CHOL_vs_rest,15,svm
1003,yomix,0.30846844069835094,0.12,0.20930232558139536,0.8181818181818182,T_CHOL_vs_rest,15,svm
1004,yomix,0.2527570144629999,0.09195402298850575,0.16326530612244897,0.7272727272727273,T_CHOL_vs_rest,15,svm
1005,yomix,0.2779772392929948,0.08849557522123894,0.16129032258064516,0.9090909090909091,T_CHOL_vs_rest,16,svm
1006,yomix,0.34316820397910186,0.14754098360655737,0.25,0.8181818181818182,T_CHOL_vs_rest,16,svm
1007,yomix,0.2574540729564224,0.09523809523809523,0.16842105263157894,0.7272727272727273,T_CHOL_vs_rest,16,svm
1008,yomix,0.27544027098091967,0.08695652173913043,0.15873015873015872,0.9090909090909091,T_CHOL_vs_rest,17,svm
1009,yomix,0.3724648048137104,0.17307692307692307,0.2857142857142857,0.8181818181818182,T_CHOL_vs_rest,17,svm
1010,yomix,0.2386807937604048,0.08247422680412371,0.14814814814814814,0.7272727272727273,T_CHOL_vs_rest,17,svm
1011,yomix,0.24674876506579868,0.0782608695652174,0.14285714285714285,0.8181818181818182,T_CHOL_vs_rest,18,svm
1012,yomix,0.3880357743163131,0.1875,0.3050847457627119,0.8181818181818182,T_CHOL_vs_rest,18,svm
1013,yomix,0.2265923864702047,0.07476635514018691,0.13559322033898305,0.7272727272727273,T_CHOL_vs_rest,18,svm
1014,yomix,0.24233298520741467,0.07563025210084033,0.13846153846153847,0.8181818181818182,T_CHOL_vs_rest,19,svm
1015,yomix,0.3880357743163131,0.1875,0.3050847457627119,0.8181818181818182,T_CHOL_vs_rest,19,svm
1016,yomix,0.2243726532040051,0.07339449541284404,0.13333333333333333,0.7272727272727273,T_CHOL_vs_rest,19,svm
1017,yomix,0.24233298520741467,0.07563025210084033,0.13846153846153847,0.8181818181818182,T_CHOL_vs_rest,20,svm
1018,yomix,0.3839662432907789,0.1836734693877551,0.3,0.8181818181818182,T_CHOL_vs_rest,20,svm
1019,yomix,0.2243726532040051,0.07339449541284404,0.13333333333333333,0.7272727272727273,T_CHOL_vs_rest,20,svm
1020,cosg,0.25321009813377754,0.07407407407407407,0.136986301369863,0.9090909090909091,T_CHOL_vs_rest,1,svm
1021,cosg,0.2525973921082047,0.08181818181818182,0.1487603305785124,0.8181818181818182,T_CHOL_vs_rest,1,svm
1022,cosg,0.2779772392929948,0.08849557522123894,0.16129032258064516,0.9090909090909091,T_CHOL_vs_rest,1,svm
1023,cosg,0.25321009813377754,0.07407407407407407,0.136986301369863,0.9090909090909091,T_CHOL_vs_rest,2,svm
1024,cosg,0.2525973921082047,0.08181818181818182,0.1487603305785124,0.8181818181818182,T_CHOL_vs_rest,2,svm
1025,cosg,0.27544027098091967,0.08695652173913043,0.15873015873015872,0.9090909090909091,T_CHOL_vs_rest,2,svm
1026,cosg,0.25222705684826957,0.07352941176470588,0.1360544217687075,0.9090909090909091,T_CHOL_vs_rest,3,svm
1027,cosg,0.18686819537995009,0.046632124352331605,0.08823529411764706,0.8181818181818182,T_CHOL_vs_rest,3,svm
1028,cosg,0.2058720895004907,0.05025125628140704,0.09523809523809523,0.9090909090909091,T_CHOL_vs_rest,3,svm
1029,cosg,0.23174096352349566,0.05699481865284974,0.10784313725490197,1.0,T_CHOL_vs_rest,4,svm
1030,cosg,0.19773637437400654,0.05172413793103448,0.0972972972972973,0.8181818181818182,T_CHOL_vs_rest,4,svm
1031,cosg,0.234338053493961,0.0582010582010582,0.11,1.0,T_CHOL_vs_rest,4,svm
1032,cosg,0.23238278366302872,0.057291666666666664,0.10837438423645321,1.0,T_CHOL_vs_rest,5,svm
1033,cosg,0.19773637437400654,0.05172413793103448,0.0972972972972973,0.8181818181818182,T_CHOL_vs_rest,5,svm
1034,cosg,0.2330295288477689,0.05759162303664921,0.10891089108910891,1.0,T_CHOL_vs_rest,5,svm
1035,cosg,0.2330295288477689,0.05759162303664921,0.10891089108910891,1.0,T_CHOL_vs_rest,6,svm
1036,cosg,0.19898090246017705,0.05232558139534884,0.09836065573770492,0.8181818181818182,T_CHOL_vs_rest,6,svm
1037,cosg,0.2330295288477689,0.05759162303664921,0.10891089108910891,1.0,T_CHOL_vs_rest,6,svm
1038,cosg,0.21861260756367035,0.056179775280898875,0.10582010582010581,0.9090909090909091,T_CHOL_vs_rest,7,svm
1039,cosg,0.20832552375310057,0.056962025316455694,0.10650887573964497,0.8181818181818182,T_CHOL_vs_rest,7,svm
1040,cosg,0.18303963254475858,0.050314465408805034,0.09411764705882353,0.7272727272727273,T_CHOL_vs_rest,7,svm
1041,cosg,0.2179567969623224,0.055865921787709494,0.10526315789473684,0.9090909090909091,T_CHOL_vs_rest,8,svm
1042,cosg,0.20832552375310057,0.056962025316455694,0.10650887573964497,0.8181818181818182,T_CHOL_vs_rest,8,svm
1043,cosg,0.18241189063472013,0.05,0.0935672514619883,0.7272727272727273,T_CHOL_vs_rest,8,svm
1044,cosg,0.2262015880328533,0.059880239520958084,0.11235955056179775,0.9090909090909091,T_CHOL_vs_rest,9,svm
1045,cosg,0.20975946233601905,0.057692307692307696,0.10778443113772455,0.8181818181818182,T_CHOL_vs_rest,9,svm
1046,cosg,0.18241189063472013,0.05,0.0935672514619883,0.7272727272727273,T_CHOL_vs_rest,9,svm
1047,cosg,0.21048655218283308,0.05806451612903226,0.10843373493975904,0.8181818181818182,T_CHOL_vs_rest,10,svm
1048,cosg,0.2119615204350237,0.058823529411764705,0.10975609756097561,0.8181818181818182,T_CHOL_vs_rest,10,svm
1049,cosg,0.1805623610319459,0.049079754601226995,0.09195402298850575,0.7272727272727273,T_CHOL_vs_rest,10,svm
1050,cosg,0.2127096253506873,0.05921052631578947,0.11042944785276074,0.8181818181818182,T_CHOL_vs_rest,11,svm
1051,cosg,0.21656112909735153,0.061224489795918366,0.11392405063291139,0.8181818181818182,T_CHOL_vs_rest,11,svm
1052,cosg,0.2127096253506873,0.05921052631578947,0.11042944785276074,0.8181818181818182,T_CHOL_vs_rest,11,svm
1053,cosg,0.22575217197367353,0.0661764705882353,0.12244897959183673,0.8181818181818182,T_CHOL_vs_rest,12,svm
1054,cosg,0.21815588095440183,0.06206896551724138,0.11538461538461539,0.8181818181818182,T_CHOL_vs_rest,12,svm
1055,cosg,0.21896539376779095,0.0625,0.11612903225806452,0.8181818181818182,T_CHOL_vs_rest,12,svm
1056,cosg,0.2275410049570073,0.06716417910447761,0.12413793103448276,0.8181818181818182,T_CHOL_vs_rest,13,svm
1057,cosg,0.2284501868456678,0.06766917293233082,0.125,0.8181818181818182,T_CHOL_vs_rest,13,svm
1058,cosg,0.2275410049570073,0.06716417910447761,0.12413793103448276,0.8181818181818182,T_CHOL_vs_rest,13,svm
1059,cosg,0.2275410049570073,0.06716417910447761,0.12413793103448276,0.8181818181818182,T_CHOL_vs_rest,14,svm
1060,cosg,0.2284501868456678,0.06766917293233082,0.125,0.8181818181818182,T_CHOL_vs_rest,14,svm
1061,cosg,0.22664172724649478,0.06666666666666667,0.1232876712328767,0.8181818181818182,T_CHOL_vs_rest,14,svm
1062,cosg,0.2275410049570073,0.06716417910447761,0.12413793103448276,0.8181818181818182,T_CHOL_vs_rest,15,svm
1063,cosg,0.2275410049570073,0.06716417910447761,0.12413793103448276,0.8181818181818182,T_CHOL_vs_rest,15,svm
1064,cosg,0.2275410049570073,0.06716417910447761,0.12413793103448276,0.8181818181818182,T_CHOL_vs_rest,15,svm
1065,cosg,0.22575217197367353,0.0661764705882353,0.12244897959183673,0.8181818181818182,T_CHOL_vs_rest,16,svm
1066,cosg,0.2284501868456678,0.06766917293233082,0.125,0.8181818181818182,T_CHOL_vs_rest,16,svm
1067,cosg,0.2284501868456678,0.06766917293233082,0.125,0.8181818181818182,T_CHOL_vs_rest,16,svm
1068,cosg,0.20087808498964485,0.05970149253731343,0.1103448275862069,0.7272727272727273,T_CHOL_vs_rest,17,svm
1069,cosg,0.23711101274690555,0.07258064516129033,0.13333333333333333,0.8181818181818182,T_CHOL_vs_rest,17,svm
1070,cosg,0.2284501868456678,0.06766917293233082,0.125,0.8181818181818182,T_CHOL_vs_rest,17,svm
1071,cosg,0.20007335635921203,0.05925925925925926,0.1095890410958904,0.7272727272727273,T_CHOL_vs_rest,18,svm
1072,cosg,0.24788819023720943,0.07894736842105263,0.144,0.8181818181818182,T_CHOL_vs_rest,18,svm
1073,cosg,0.23218976254694057,0.06976744186046512,0.12857142857142856,0.8181818181818182,T_CHOL_vs_rest,18,svm
1074,cosg,0.22664172724649478,0.06666666666666667,0.1232876712328767,0.8181818181818182,T_CHOL_vs_rest,19,svm
1075,cosg,0.24904243138554283,0.07964601769911504,0.14516129032258066,0.8181818181818182,T_CHOL_vs_rest,19,svm
1076,cosg,0.24020613402532554,0.0743801652892562,0.13636363636363635,0.8181818181818182,T_CHOL_vs_rest,19,svm
1077,cosg,0.22487216204175273,0.06569343065693431,0.12162162162162163,0.8181818181818182,T_CHOL_vs_rest,20,svm
1078,cosg,0.24904243138554283,0.07964601769911504,0.14516129032258066,0.8181818181818182,T_CHOL_vs_rest,20,svm
1079,cosg,0.23916199884038428,0.07377049180327869,0.13533834586466165,0.8181818181818182,T_CHOL_vs_rest,20,svm
1080,scanpy_wilcoxon,0.2173063271195293,0.05555555555555555,0.10471204188481675,0.9090909090909091,T_CHOL_vs_rest,1,svm
1081,scanpy_wilcoxon,0.22197445093695495,0.057803468208092484,0.10869565217391304,0.9090909090909091,T_CHOL_vs_rest,1,svm
1082,scanpy_wilcoxon,0.19898090246017705,0.05232558139534884,0.09836065573770492,0.8181818181818182,T_CHOL_vs_rest,1,svm
1083,scanpy_wilcoxon,0.2166611244532894,0.055248618784530384,0.10416666666666667,0.9090909090909091,T_CHOL_vs_rest,2,svm
1084,scanpy_wilcoxon,0.22766044495567622,0.06060606060606061,0.11363636363636363,0.9090909090909091,T_CHOL_vs_rest,2,svm
1085,scanpy_wilcoxon,0.1965125211345774,0.05113636363636364,0.0962566844919786,0.8181818181818182,T_CHOL_vs_rest,2,svm
1086,scanpy_wilcoxon,0.21994055265802803,0.056818181818181816,0.10695187165775401,0.9090909090909091,T_CHOL_vs_rest,3,svm
1087,scanpy_wilcoxon,0.21048655218283308,0.05806451612903226,0.10843373493975904,0.8181818181818182,T_CHOL_vs_rest,3,svm
1088,scanpy_wilcoxon,0.1983560169101918,0.05202312138728324,0.09782608695652174,0.8181818181818182,T_CHOL_vs_rest,3,svm
1089,scanpy_wilcoxon,0.22766044495567622,0.06060606060606061,0.11363636363636363,0.9090909090909091,T_CHOL_vs_rest,4,svm
1090,scanpy_wilcoxon,0.21577561713745613,0.060810810810810814,0.11320754716981132,0.8181818181818182,T_CHOL_vs_rest,4,svm
1091,scanpy_wilcoxon,0.1983560169101918,0.05202312138728324,0.09782608695652174,0.8181818181818182,T_CHOL_vs_rest,4,svm
1092,scanpy_wilcoxon,0.22989804813189318,0.06172839506172839,0.11560693641618497,0.9090909090909091,T_CHOL_vs_rest,5,svm
1093,scanpy_wilcoxon,0.21499783788918916,0.06040268456375839,0.1125,0.8181818181818182,T_CHOL_vs_rest,5,svm
1094,scanpy_wilcoxon,0.20417821784317006,0.054878048780487805,0.10285714285714286,0.8181818181818182,T_CHOL_vs_rest,5,svm
1095,scanpy_wilcoxon,0.23456112131582646,0.0641025641025641,0.11976047904191617,0.9090909090909091,T_CHOL_vs_rest,6,svm
1096,scanpy_wilcoxon,0.2284501868456678,0.06766917293233082,0.125,0.8181818181818182,T_CHOL_vs_rest,6,svm
1097,scanpy_wilcoxon,0.20284469779188138,0.05421686746987952,0.1016949152542373,0.8181818181818182,T_CHOL_vs_rest,6,svm
1098,scanpy_wilcoxon,0.20975946233601905,0.057692307692307696,0.10778443113772455,0.8181818181818182,T_CHOL_vs_rest,7,svm
1099,scanpy_wilcoxon,0.22487216204175273,0.06569343065693431,0.12162162162162163,0.8181818181818182,T_CHOL_vs_rest,7,svm
1100,scanpy_wilcoxon,0.2048539159613,0.05521472392638037,0.10344827586206896,0.8181818181818182,T_CHOL_vs_rest,7,svm
1101,scanpy_wilcoxon,0.18693037164709134,0.05228758169934641,0.0975609756097561,0.7272727272727273,T_CHOL_vs_rest,8,svm
1102,scanpy_wilcoxon,0.22575217197367353,0.0661764705882353,0.12244897959183673,0.8181818181818182,T_CHOL_vs_rest,8,svm
1103,scanpy_wilcoxon,0.20350850843396556,0.05454545454545454,0.10227272727272728,0.8181818181818182,T_CHOL_vs_rest,8,svm
1104,scanpy_wilcoxon,0.23699266922295603,0.06535947712418301,0.12195121951219512,0.9090909090909091,T_CHOL_vs_rest,9,svm
1105,scanpy_wilcoxon,0.29832061937077814,0.1125,0.1978021978021978,0.8181818181818182,T_CHOL_vs_rest,9,svm
1106,scanpy_wilcoxon,0.19320236358189194,0.05555555555555555,0.1032258064516129,0.7272727272727273,T_CHOL_vs_rest,9,svm
1107,scanpy_wilcoxon,0.23916199884038428,0.07377049180327869,0.13533834586466165,0.8181818181818182,T_CHOL_vs_rest,10,svm
1108,scanpy_wilcoxon,0.30226394359517617,0.11538461538461539,0.20224719101123595,0.8181818181818182,T_CHOL_vs_rest,10,svm
1109,scanpy_wilcoxon,0.2275410049570073,0.06716417910447761,0.12413793103448276,0.8181818181818182,T_CHOL_vs_rest,10,svm
1110,scanpy_wilcoxon,0.24020613402532554,0.0743801652892562,0.13636363636363635,0.8181818181818182,T_CHOL_vs_rest,11,svm
1111,scanpy_wilcoxon,0.3106189824265582,0.12162162162162163,0.21176470588235294,0.8181818181818182,T_CHOL_vs_rest,11,svm
1112,scanpy_wilcoxon,0.23610366503433583,0.072,0.1323529411764706,0.8181818181818182,T_CHOL_vs_rest,11,svm
1113,scanpy_wilcoxon,0.24126304053125666,0.075,0.13740458015267176,0.8181818181818182,T_CHOL_vs_rest,12,svm
1114,scanpy_wilcoxon,0.3063599888072273,0.11842105263157894,0.20689655172413793,0.8181818181818182,T_CHOL_vs_rest,12,svm
1115,scanpy_wilcoxon,0.21507785801454618,0.06779661016949153,0.12403100775193798,0.7272727272727273,T_CHOL_vs_rest,12,svm
1116,scanpy_wilcoxon,0.23813037572447926,0.07317073170731707,0.13432835820895522,0.8181818181818182,T_CHOL_vs_rest,13,svm
1117,scanpy_wilcoxon,0.3196717834753372,0.12857142857142856,0.2222222222222222,0.8181818181818182,T_CHOL_vs_rest,13,svm
1118,scanpy_wilcoxon,0.21315256802231036,0.06666666666666667,0.12213740458015267,0.7272727272727273,T_CHOL_vs_rest,13,svm
1119,scanpy_wilcoxon,0.21605853684502666,0.06837606837606838,0.125,0.7272727272727273,T_CHOL_vs_rest,14,svm
1120,scanpy_wilcoxon,0.32698102073712976,0.13432835820895522,0.23076923076923078,0.8181818181818182,T_CHOL_vs_rest,14,svm
1121,scanpy_wilcoxon,0.24126304053125666,0.075,0.13740458015267176,0.8181818181818182,T_CHOL_vs_rest,14,svm
1122,scanpy_wilcoxon,0.24674876506579868,0.0782608695652174,0.14285714285714285,0.8181818181818182,T_CHOL_vs_rest,15,svm
1123,scanpy_wilcoxon,0.31733783215044176,0.1267605633802817,0.21951219512195122,0.8181818181818182,T_CHOL_vs_rest,15,svm
1124,scanpy_wilcoxon,0.22010762347809087,0.07079646017699115,0.12903225806451613,0.7272727272727273,T_CHOL_vs_rest,15,svm
1125,scanpy_wilcoxon,0.2601552095639632,0.08653846153846154,0.1565217391304348,0.8181818181818182,T_CHOL_vs_rest,16,svm
1126,scanpy_wilcoxon,0.3196717834753372,0.12857142857142856,0.2222222222222222,0.8181818181818182,T_CHOL_vs_rest,16,svm
1127,scanpy_wilcoxon,0.27429727016917194,0.09574468085106383,0.17142857142857143,0.8181818181818182,T_CHOL_vs_rest,16,svm
1128,scanpy_wilcoxon,0.2683851311569904,0.09183673469387756,0.1651376146788991,0.8181818181818182,T_CHOL_vs_rest,17,svm
1129,scanpy_wilcoxon,0.34030962015442084,0.14516129032258066,0.2465753424657534,0.8181818181818182,T_CHOL_vs_rest,17,svm
1130,scanpy_wilcoxon,0.29452066640729213,0.10975609756097561,0.1935483870967742,0.8181818181818182,T_CHOL_vs_rest,17,svm
1131,scanpy_wilcoxon,0.26696252073067667,0.09090909090909091,0.16363636363636364,0.8181818181818182,T_CHOL_vs_rest,18,svm
1132,scanpy_wilcoxon,0.34316820397910186,0.14754098360655737,0.25,0.8181818181818182,T_CHOL_vs_rest,18,svm
1133,scanpy_wilcoxon,0.28907101228202925,0.10588235294117647,0.1875,0.8181818181818182,T_CHOL_vs_rest,18,svm
1134,scanpy_wilcoxon,0.2683851311569904,0.09183673469387756,0.1651376146788991,0.8181818181818182,T_CHOL_vs_rest,19,svm
1135,scanpy_wilcoxon,0.3585805311349049,0.16071428571428573,0.26865671641791045,0.8181818181818182,T_CHOL_vs_rest,19,svm
1136,scanpy_wilcoxon,0.29452066640729213,0.10975609756097561,0.1935483870967742,0.8181818181818182,T_CHOL_vs_rest,19,svm
1137,scanpy_wilcoxon,0.23241867402878422,0.0784313725490196,0.1415929203539823,0.7272727272727273,T_CHOL_vs_rest,20,svm
1138,scanpy_wilcoxon,0.3585805311349049,0.16071428571428573,0.26865671641791045,0.8181818181818182,T_CHOL_vs_rest,20,svm
1139,scanpy_wilcoxon,0.2908555181065932,0.10714285714285714,0.18947368421052632,0.8181818181818182,T_CHOL_vs_rest,20,svm
1140,scanpy_t-test,0.10043657549614085,0.013530135301353014,0.02669902912621359,1.0,T_CHOL_vs_rest,1,svm
1141,scanpy_t-test,0.08737132857646174,0.012150668286755772,0.023980815347721823,0.9090909090909091,T_CHOL_vs_rest,1,svm
1142,scanpy_t-test,0.0979224766688282,0.013033175355450236,0.025730994152046785,1.0,T_CHOL_vs_rest,1,svm
1143,scanpy_t-test,0.17634357381195,0.03787878787878788,0.07272727272727272,0.9090909090909091,T_CHOL_vs_rest,2,svm
1144,scanpy_t-test,0.1517471695419468,0.03214285714285714,0.061855670103092786,0.8181818181818182,T_CHOL_vs_rest,2,svm
1145,scanpy_t-test,0.19535723137325328,0.04150943396226415,0.07971014492753623,1.0,T_CHOL_vs_rest,2,svm
1146,scanpy_t-test,0.18760744236804594,0.0423728813559322,0.08097165991902834,0.9090909090909091,T_CHOL_vs_rest,3,svm
1147,scanpy_t-test,0.16796751991777809,0.038461538461538464,0.07346938775510205,0.8181818181818182,T_CHOL_vs_rest,3,svm
1148,scanpy_t-test,0.19949423459515683,0.043137254901960784,0.08270676691729323,1.0,T_CHOL_vs_rest,3,svm
1149,scanpy_t-test,0.21095768533311016,0.04782608695652174,0.0912863070539419,1.0,T_CHOL_vs_rest,4,svm
1150,scanpy_t-test,0.19181259236345766,0.04891304347826087,0.09230769230769231,0.8181818181818182,T_CHOL_vs_rest,4,svm
1151,scanpy_t-test,0.20616361699202695,0.04583333333333333,0.08764940239043825,1.0,T_CHOL_vs_rest,4,svm
1152,scanpy_t-test,0.21046468380198716,0.047619047619047616,0.09090909090909091,1.0,T_CHOL_vs_rest,5,svm
1153,scanpy_t-test,0.19530876293830335,0.05056179775280899,0.09523809523809523,0.8181818181818182,T_CHOL_vs_rest,5,svm
1154,scanpy_t-test,0.2052396822752213,0.045454545454545456,0.08695652173913043,1.0,T_CHOL_vs_rest,5,svm
1155,scanpy_t-test,0.24559288496371812,0.06358381502890173,0.11956521739130435,1.0,T_CHOL_vs_rest,6,svm
1156,scanpy_t-test,0.19295932415297568,0.04945054945054945,0.09326424870466321,0.8181818181818182,T_CHOL_vs_rest,6,svm
1157,scanpy_t-test,0.25343702582000827,0.06748466257668712,0.12643678160919541,1.0,T_CHOL_vs_rest,6,svm
1158,scanpy_t-test,0.23499996553094726,0.05851063829787234,0.11055276381909548,1.0,T_CHOL_vs_rest,7,svm
1159,scanpy_t-test,0.21978318532642324,0.06293706293706294,0.11688311688311688,0.8181818181818182,T_CHOL_vs_rest,7,svm
1160,scanpy_t-test,0.2426395024125392,0.062146892655367235,0.11702127659574468,1.0,T_CHOL_vs_rest,7,svm
1161,scanpy_t-test,0.24119934943161966,0.061452513966480445,0.11578947368421053,1.0,T_CHOL_vs_rest,8,svm
1162,scanpy_t-test,0.20350850843396556,0.05454545454545454,0.10227272727272728,0.8181818181818182,T_CHOL_vs_rest,8,svm
1163,scanpy_t-test,0.2426395024125392,0.062146892655367235,0.11702127659574468,1.0,T_CHOL_vs_rest,8,svm
1164,scanpy_t-test,0.23908290943889005,0.06043956043956044,0.11398963730569948,1.0,T_CHOL_vs_rest,9,svm
1165,scanpy_t-test,0.21815588095440183,0.06206896551724138,0.11538461538461539,0.8181818181818182,T_CHOL_vs_rest,9,svm
1166,scanpy_t-test,0.24191645218903735,0.06179775280898876,0.1164021164021164,1.0,T_CHOL_vs_rest,9,svm
1167,scanpy_t-test,0.2377002170388437,0.059782608695652176,0.11282051282051282,1.0,T_CHOL_vs_rest,10,svm
1168,scanpy_t-test,0.23123904800167963,0.06923076923076923,0.1276595744680851,0.8181818181818182,T_CHOL_vs_rest,10,svm
1169,scanpy_t-test,0.23838878784208034,0.060109289617486336,0.1134020618556701,1.0,T_CHOL_vs_rest,10,svm
1170,scanpy_t-test,0.2377002170388437,0.059782608695652176,0.11282051282051282,1.0,T_CHOL_vs_rest,11,svm
1171,scanpy_t-test,0.2525973921082047,0.08181818181818182,0.1487603305785124,0.8181818181818182,T_CHOL_vs_rest,11,svm
1172,scanpy_t-test,0.2426395024125392,0.062146892655367235,0.11702127659574468,1.0,T_CHOL_vs_rest,11,svm
1173,scanpy_t-test,0.26148034721389984,0.07874015748031496,0.14492753623188406,0.9090909090909091,T_CHOL_vs_rest,12,svm
1174,scanpy_t-test,0.2562981815713469,0.08411214953271028,0.15254237288135594,0.8181818181818182,T_CHOL_vs_rest,12,svm
1175,scanpy_t-test,0.21507785801454618,0.06779661016949153,0.12403100775193798,0.7272727272727273,T_CHOL_vs_rest,12,svm
1176,scanpy_t-test,0.26040506171136046,0.078125,0.14388489208633093,0.9090909090909091,T_CHOL_vs_rest,13,svm
1177,scanpy_t-test,0.2550477600980435,0.08333333333333333,0.15126050420168066,0.8181818181818182,T_CHOL_vs_rest,13,svm
1178,scanpy_t-test,0.24341624278918625,0.07627118644067797,0.13953488372093023,0.8181818181818182,T_CHOL_vs_rest,13,svm
1179,scanpy_t-test,0.26148034721389984,0.07874015748031496,0.14492753623188406,0.9090909090909091,T_CHOL_vs_rest,14,svm
1180,scanpy_t-test,0.2550477600980435,0.08333333333333333,0.15126050420168066,0.8181818181818182,T_CHOL_vs_rest,14,svm
1181,scanpy_t-test,0.2601552095639632,0.08653846153846154,0.1565217391304348,0.8181818181818182,T_CHOL_vs_rest,14,svm
1182,scanpy_t-test,0.2582912027832498,0.07692307692307693,0.14184397163120568,0.9090909090909091,T_CHOL_vs_rest,15,svm
1183,scanpy_t-test,0.27739471285670025,0.09782608695652174,0.17475728155339806,0.8181818181818182,T_CHOL_vs_rest,15,svm
1184,scanpy_t-test,0.2601552095639632,0.08653846153846154,0.1565217391304348,0.8181818181818182,T_CHOL_vs_rest,15,svm
1185,scanpy_t-test,0.23218976254694057,0.06976744186046512,0.12857142857142856,0.8181818181818182,T_CHOL_vs_rest,16,svm
1186,scanpy_t-test,0.27583368514642137,0.0967741935483871,0.17307692307692307,0.8181818181818182,T_CHOL_vs_rest,16,svm
1187,scanpy_t-test,0.25756595407341115,0.08490566037735849,0.15384615384615385,0.8181818181818182,T_CHOL_vs_rest,16,svm
1188,scanpy_t-test,0.23711101274690555,0.07258064516129033,0.13333333333333333,0.8181818181818182,T_CHOL_vs_rest,17,svm
1189,scanpy_t-test,0.27583368514642137,0.0967741935483871,0.17307692307692307,0.8181818181818182,T_CHOL_vs_rest,17,svm
1190,scanpy_t-test,0.25756595407341115,0.08490566037735849,0.15384615384615385,0.8181818181818182,T_CHOL_vs_rest,17,svm
1191,scanpy_t-test,0.2351080945184841,0.07142857142857142,0.13138686131386862,0.8181818181818182,T_CHOL_vs_rest,18,svm
1192,scanpy_t-test,0.27739471285670025,0.09782608695652174,0.17475728155339806,0.8181818181818182,T_CHOL_vs_rest,18,svm
1193,scanpy_t-test,0.26147755629418845,0.08737864077669903,0.15789473684210525,0.8181818181818182,T_CHOL_vs_rest,18,svm
1194,scanpy_t-test,0.2351080945184841,0.07142857142857142,0.13138686131386862,0.8181818181818182,T_CHOL_vs_rest,19,svm
1195,scanpy_t-test,0.27278482019287414,0.09473684210526316,0.16981132075471697,0.8181818181818182,T_CHOL_vs_rest,19,svm
1196,scanpy_t-test,0.2641799587316243,0.0891089108910891,0.16071428571428573,0.8181818181818182,T_CHOL_vs_rest,19,svm
1197,scanpy_t-test,0.23711101274690555,0.07258064516129033,0.13333333333333333,0.8181818181818182,T_CHOL_vs_rest,20,svm
1198,scanpy_t-test,0.3063599888072273,0.11842105263157894,0.20689655172413793,0.8181818181818182,T_CHOL_vs_rest,20,svm
1199,scanpy_t-test,0.25756595407341115,0.08490566037735849,0.15384615384615385,0.8181818181818182,T_CHOL_vs_rest,20,svm
1200,yomix,0.722333938560637,0.5632183908045977,0.711864406779661,0.9671052631578947,T_COAD_vs_rest,1,svm
1201,yomix,0.735686896197719,0.5863453815261044,0.7281795511221946,0.9605263157894737,T_COAD_vs_rest,1,svm
1202,yomix,0.7119137901992169,0.5485074626865671,0.7,0.9671052631578947,T_COAD_vs_rest,1,svm
1203,yomix,0.7142989816554218,0.5481481481481482,0.7014218009478673,0.9736842105263158,T_COAD_vs_rest,2,svm
1204,yomix,0.7476350182270504,0.5801526717557252,0.7342995169082126,1.0,T_COAD_vs_rest,2,svm
1205,yomix,0.7308285481017288,0.5639097744360902,0.7177033492822966,0.9868421052631579,T_COAD_vs_rest,2,svm
1206,yomix,0.7361680232563217,0.5752895752895753,0.7250608272506083,0.9802631578947368,T_COAD_vs_rest,3,svm
1207,yomix,0.7517076224489693,0.58984375,0.7401960784313726,0.993421052631579,T_COAD_vs_rest,3,svm
1208,yomix,0.7415590791199437,0.5791505791505791,0.7299270072992701,0.9868421052631579,T_COAD_vs_rest,3,svm
1209,yomix,0.7315463993117115,0.5687022900763359,0.7198067632850241,0.9802631578947368,T_COAD_vs_rest,4,svm
1210,yomix,0.7491949936039992,0.5823754789272031,0.7360774818401937,1.0,T_COAD_vs_rest,4,svm
1211,yomix,0.7293290909148609,0.5617977528089888,0.7159904534606205,0.9868421052631579,T_COAD_vs_rest,4,svm
1212,yomix,0.7377258899604618,0.5775193798449613,0.7268292682926829,0.9802631578947368,T_COAD_vs_rest,5,svm
1213,yomix,0.7523411908471876,0.5868725868725869,0.7396593673965937,1.0,T_COAD_vs_rest,5,svm
1214,yomix,0.7415590791199437,0.5791505791505791,0.7299270072992701,0.9868421052631579,T_COAD_vs_rest,5,svm
1215,yomix,0.7361680232563217,0.5752895752895753,0.7250608272506083,0.9802631578947368,T_COAD_vs_rest,6,svm
1216,yomix,0.7476350182270504,0.5801526717557252,0.7342995169082126,1.0,T_COAD_vs_rest,6,svm
1217,yomix,0.7369092722834911,0.5725190839694656,0.7246376811594203,0.9868421052631579,T_COAD_vs_rest,6,svm
1218,yomix,0.7346188745291578,0.573076923076923,0.7233009708737864,0.9802631578947368,T_COAD_vs_rest,7,svm
1219,yomix,0.7587409554035114,0.596078431372549,0.7469287469287469,1.0,T_COAD_vs_rest,7,svm
1220,yomix,0.7415590791199437,0.5791505791505791,0.7299270072992701,0.9868421052631579,T_COAD_vs_rest,7,svm
1221,yomix,0.7456489853421908,0.5889328063241107,0.7358024691358025,0.9802631578947368,T_COAD_vs_rest,8,svm
1222,yomix,0.7539275812793303,0.5891472868217055,0.7414634146341463,1.0,T_COAD_vs_rest,8,svm
1223,yomix,0.7510979659850684,0.5928853754940712,0.7407407407407407,0.9868421052631579,T_COAD_vs_rest,8,svm
1224,yomix,0.7815923955648041,0.6422413793103449,0.7760416666666666,0.9802631578947368,T_COAD_vs_rest,9,svm
1225,yomix,0.7750318026403786,0.6239669421487604,0.766497461928934,0.993421052631579,T_COAD_vs_rest,9,svm
1226,yomix,0.7712014082210394,0.6224066390041494,0.7633587786259542,0.9868421052631579,T_COAD_vs_rest,9,svm
1227,yomix,0.7815923955648041,0.6422413793103449,0.7760416666666666,0.9802631578947368,T_COAD_vs_rest,10,svm
1228,yomix,0.7767729243629138,0.6265560165975104,0.7684478371501272,0.993421052631579,T_COAD_vs_rest,10,svm
1229,yomix,0.7729424564400245,0.625,0.7653061224489796,0.9868421052631579,T_COAD_vs_rest,10,svm
1230,yomix,0.7761726397163742,0.6340425531914894,0.7700258397932817,0.9802631578947368,T_COAD_vs_rest,11,svm
1231,yomix,0.7698707615006879,0.6163265306122448,0.760705289672544,0.993421052631579,T_COAD_vs_rest,11,svm
1232,yomix,0.7750318026403786,0.6239669421487604,0.766497461928934,0.993421052631579,T_COAD_vs_rest,11,svm
1233,yomix,0.7761726397163742,0.6340425531914894,0.7700258397932817,0.9802631578947368,T_COAD_vs_rest,12,svm
1234,yomix,0.7733011392044725,0.6213991769547325,0.7645569620253164,0.993421052631579,T_COAD_vs_rest,12,svm
1235,yomix,0.7750318026403786,0.6239669421487604,0.766497461928934,0.993421052631579,T_COAD_vs_rest,12,svm
1236,yomix,0.7779679612106786,0.6367521367521367,0.772020725388601,0.9802631578947368,T_COAD_vs_rest,13,svm
1237,yomix,0.7715808272512161,0.6188524590163934,0.7626262626262627,0.993421052631579,T_COAD_vs_rest,13,svm
1238,yomix,0.7733011392044725,0.6213991769547325,0.7645569620253164,0.993421052631579,T_COAD_vs_rest,13,svm
1239,yomix,0.7687630072258808,0.6271186440677966,0.7628865979381443,0.9736842105263158,T_COAD_vs_rest,14,svm
1240,yomix,0.7729424564400245,0.625,0.7653061224489796,0.9868421052631579,T_COAD_vs_rest,14,svm
1241,yomix,0.7712014082210394,0.6224066390041494,0.7633587786259542,0.9868421052631579,T_COAD_vs_rest,14,svm
1242,yomix,0.7726151954953925,0.6286919831223629,0.7660668380462725,0.9802631578947368,T_COAD_vs_rest,15,svm
1243,yomix,0.7729424564400245,0.625,0.7653061224489796,0.9868421052631579,T_COAD_vs_rest,15,svm
1244,yomix,0.7712014082210394,0.6224066390041494,0.7633587786259542,0.9868421052631579,T_COAD_vs_rest,15,svm
1245,yomix,0.7708528409549794,0.6260504201680672,0.764102564102564,0.9802631578947368,T_COAD_vs_rest,16,svm
1246,yomix,0.7712014082210394,0.6224066390041494,0.7633587786259542,0.9868421052631579,T_COAD_vs_rest,16,svm
1247,yomix,0.7694708581658737,0.6198347107438017,0.7614213197969543,0.9868421052631579,T_COAD_vs_rest,16,svm
1248,yomix,0.7757074964236602,0.6419213973799127,0.7716535433070866,0.9671052631578947,T_COAD_vs_rest,17,svm
1249,yomix,0.7733011392044725,0.6213991769547325,0.7645569620253164,0.993421052631579,T_COAD_vs_rest,17,svm
1250,yomix,0.7712014082210394,0.6224066390041494,0.7633587786259542,0.9868421052631579,T_COAD_vs_rest,17,svm
1251,yomix,0.7812674633157387,0.6504424778761062,0.7777777777777778,0.9671052631578947,T_COAD_vs_rest,18,svm
1252,yomix,0.7761726397163742,0.6340425531914894,0.7700258397932817,0.9802631578947368,T_COAD_vs_rest,18,svm
1253,yomix,0.7729424564400245,0.625,0.7653061224489796,0.9868421052631579,T_COAD_vs_rest,18,svm
1254,yomix,0.7755287328515178,0.6460176991150443,0.7724867724867724,0.9605263157894737,T_COAD_vs_rest,19,svm
1255,yomix,0.7836154373623024,0.6410256410256411,0.7772020725388601,0.9868421052631579,T_COAD_vs_rest,19,svm
1256,yomix,0.7729424564400245,0.625,0.7653061224489796,0.9868421052631579,T_COAD_vs_rest,19,svm
1257,yomix,0.7773942762460425,0.6488888888888888,0.7745358090185677,0.9605263157894737,T_COAD_vs_rest,20,svm
1258,yomix,0.7797745063951692,0.6394849785407726,0.7740259740259741,0.9802631578947368,T_COAD_vs_rest,20,svm
1259,yomix,0.7729424564400245,0.625,0.7653061224489796,0.9868421052631579,T_COAD_vs_rest,20,svm
1260,cosg,0.572095294400413,0.5228426395939086,0.5902578796561605,0.6776315789473685,T_COAD_vs_rest,1,svm
1261,cosg,0.6318585684179575,0.581151832460733,0.6472303206997084,0.7302631578947368,T_COAD_vs_rest,1,svm
1262,cosg,0.5728700450288048,0.5147058823529411,0.5898876404494382,0.6907894736842105,T_COAD_vs_rest,1,svm
1263,cosg,0.681161570945202,0.5670995670995671,0.6840731070496083,0.8618421052631579,T_COAD_vs_rest,2,svm
1264,cosg,0.7089635413110215,0.5921052631578947,0.7105263157894737,0.8881578947368421,T_COAD_vs_rest,2,svm
1265,cosg,0.68692626154406,0.5551020408163265,0.6851385390428212,0.8947368421052632,T_COAD_vs_rest,2,svm
1266,cosg,0.7597331474259812,0.6438356164383562,0.7601078167115903,0.9276315789473685,T_COAD_vs_rest,3,svm
1267,cosg,0.7851292894956479,0.6519823788546255,0.7810026385224275,0.9736842105263158,T_COAD_vs_rest,3,svm
1268,cosg,0.7293850940109315,0.597457627118644,0.7268041237113402,0.9276315789473685,T_COAD_vs_rest,3,svm
1269,cosg,0.7773942762460425,0.6488888888888888,0.7745358090185677,0.9605263157894737,T_COAD_vs_rest,4,svm
1270,cosg,0.7889798623321905,0.6535087719298246,0.7842105263157895,0.9802631578947368,T_COAD_vs_rest,4,svm
1271,cosg,0.7445427213435357,0.6075949367088608,0.7403598971722365,0.9473684210526315,T_COAD_vs_rest,4,svm
1272,cosg,0.7677472880081061,0.6428571428571429,0.7659574468085106,0.9473684210526315,T_COAD_vs_rest,5,svm
1273,cosg,0.7888952565862978,0.6577777777777778,0.7851458885941645,0.9736842105263158,T_COAD_vs_rest,5,svm
1274,cosg,0.7445427213435357,0.6075949367088608,0.7403598971722365,0.9473684210526315,T_COAD_vs_rest,5,svm
1275,cosg,0.7677472880081061,0.6428571428571429,0.7659574468085106,0.9473684210526315,T_COAD_vs_rest,6,svm
1276,cosg,0.7908563406987167,0.6563876651982379,0.7862796833773087,0.9802631578947368,T_COAD_vs_rest,6,svm
1277,cosg,0.7568002596380731,0.6260869565217392,0.7539267015706806,0.9473684210526315,T_COAD_vs_rest,6,svm
1278,cosg,0.7696133816617445,0.6457399103139013,0.768,0.9473684210526315,T_COAD_vs_rest,7,svm
1279,cosg,0.7889798623321905,0.6535087719298246,0.7842105263157895,0.9802631578947368,T_COAD_vs_rest,7,svm
1280,cosg,0.7484382613562968,0.6092436974789915,0.7435897435897436,0.9539473684210527,T_COAD_vs_rest,7,svm
1281,cosg,0.7677472880081061,0.6428571428571429,0.7659574468085106,0.9473684210526315,T_COAD_vs_rest,8,svm
1282,cosg,0.7927103997671026,0.6636771300448431,0.7893333333333333,0.9736842105263158,T_COAD_vs_rest,8,svm
1283,cosg,0.7536270009565702,0.6170212765957447,0.7493540051679587,0.9539473684210527,T_COAD_vs_rest,8,svm
1284,cosg,0.7619849567883141,0.6383928571428571,0.7606382978723404,0.9407894736842105,T_COAD_vs_rest,9,svm
1285,cosg,0.7814114269116216,0.6462882096069869,0.7769028871391076,0.9736842105263158,T_COAD_vs_rest,9,svm
1286,cosg,0.7589130713349219,0.625,0.7552083333333334,0.9539473684210527,T_COAD_vs_rest,9,svm
1287,cosg,0.7514814246837463,0.6180257510729614,0.7480519480519481,0.9473684210526315,T_COAD_vs_rest,10,svm
1288,cosg,0.7800138395730091,0.635593220338983,0.7731958762886598,0.9868421052631579,T_COAD_vs_rest,10,svm
1289,cosg,0.7377723113697934,0.5975103734439834,0.732824427480916,0.9473684210526315,T_COAD_vs_rest,10,svm
1290,cosg,0.7544868597954164,0.6099585062240664,0.7480916030534351,0.9671052631578947,T_COAD_vs_rest,11,svm
1291,cosg,0.7424526470033089,0.5843137254901961,0.7321867321867321,0.9802631578947368,T_COAD_vs_rest,11,svm
1292,cosg,0.734076775930926,0.584,0.7263681592039801,0.9605263157894737,T_COAD_vs_rest,11,svm
1293,cosg,0.7489153436535421,0.6058091286307054,0.7430025445292621,0.9605263157894737,T_COAD_vs_rest,12,svm
1294,cosg,0.7543510590381617,0.5976095617529881,0.7444168734491315,0.9868421052631579,T_COAD_vs_rest,12,svm
1295,cosg,0.7379447560085509,0.5856573705179283,0.7295285359801489,0.9671052631578947,T_COAD_vs_rest,12,svm
1296,cosg,0.7422225948484786,0.5959183673469388,0.7355163727959698,0.9605263157894737,T_COAD_vs_rest,13,svm
1297,cosg,0.7510979659850684,0.5928853754940712,0.7407407407407407,0.9868421052631579,T_COAD_vs_rest,13,svm
1298,cosg,0.739555529587785,0.588,0.7313432835820896,0.9671052631578947,T_COAD_vs_rest,13,svm
1299,cosg,0.743880808448701,0.5983606557377049,0.7373737373737373,0.9605263157894737,T_COAD_vs_rest,14,svm
1300,cosg,0.7510979659850684,0.5928853754940712,0.7407407407407407,0.9868421052631579,T_COAD_vs_rest,14,svm
1301,cosg,0.744444599184125,0.5951417004048583,0.7368421052631579,0.9671052631578947,T_COAD_vs_rest,14,svm
1302,cosg,0.7455489363063891,0.6008230452674898,0.739240506329114,0.9605263157894737,T_COAD_vs_rest,15,svm
1303,cosg,0.7494854188825999,0.5905511811023622,0.7389162561576355,0.9868421052631579,T_COAD_vs_rest,15,svm
1304,cosg,0.744444599184125,0.5951417004048583,0.7368421052631579,0.9671052631578947,T_COAD_vs_rest,15,svm
1305,cosg,0.743880808448701,0.5983606557377049,0.7373737373737373,0.9605263157894737,T_COAD_vs_rest,16,svm
1306,cosg,0.7456489853421908,0.5889328063241107,0.7358024691358025,0.9802631578947368,T_COAD_vs_rest,16,svm
1307,cosg,0.7428053563328716,0.592741935483871,0.735,0.9671052631578947,T_COAD_vs_rest,16,svm
1308,cosg,0.7472270802678541,0.6033057851239669,0.7411167512690355,0.9605263157894737,T_COAD_vs_rest,17,svm
1309,cosg,0.7456489853421908,0.5889328063241107,0.7358024691358025,0.9802631578947368,T_COAD_vs_rest,17,svm
1310,cosg,0.7483042699861802,0.5967741935483871,0.74,0.9736842105263158,T_COAD_vs_rest,17,svm
1311,cosg,0.744444599184125,0.5951417004048583,0.7368421052631579,0.9671052631578947,T_COAD_vs_rest,18,svm
1312,cosg,0.7626515095566382,0.6097560975609756,0.7537688442211056,0.9868421052631579,T_COAD_vs_rest,18,svm
1313,cosg,0.7516128523316125,0.6016260162601627,0.7437185929648241,0.9736842105263158,T_COAD_vs_rest,18,svm
1314,cosg,0.7460935237190995,0.5975609756097561,0.7386934673366834,0.9671052631578947,T_COAD_vs_rest,19,svm
1315,cosg,0.7609718660023801,0.6072874493927125,0.7518796992481203,0.9868421052631579,T_COAD_vs_rest,19,svm
1316,cosg,0.7477522281789205,0.6,0.7405541561712846,0.9671052631578947,T_COAD_vs_rest,19,svm
1317,cosg,0.7460935237190995,0.5975609756097561,0.7386934673366834,0.9671052631578947,T_COAD_vs_rest,20,svm
1318,cosg,0.7609718660023801,0.6072874493927125,0.7518796992481203,0.9868421052631579,T_COAD_vs_rest,20,svm
1319,cosg,0.7477522281789205,0.6,0.7405541561712846,0.9671052631578947,T_COAD_vs_rest,20,svm
1320,scanpy_wilcoxon,0.6653204947478811,0.4820846905537459,0.644880174291939,0.9736842105263158,T_COAD_vs_rest,1,svm
1321,scanpy_wilcoxon,0.6708661369521851,0.47648902821316613,0.6454352441613588,1.0,T_COAD_vs_rest,1,svm
1322,scanpy_wilcoxon,0.6865395292150417,0.5033557046979866,0.6666666666666666,0.9868421052631579,T_COAD_vs_rest,1,svm
1323,scanpy_wilcoxon,0.7047094647978802,0.5384615384615384,0.691764705882353,0.9671052631578947,T_COAD_vs_rest,2,svm
1324,scanpy_wilcoxon,0.7167528728431888,0.5371024734982333,0.6988505747126437,1.0,T_COAD_vs_rest,2,svm
1325,scanpy_wilcoxon,0.713801527543748,0.5437956204379562,0.6995305164319249,0.9802631578947368,T_COAD_vs_rest,2,svm
1326,scanpy_wilcoxon,0.7123737530018274,0.5418181818181819,0.6978922716627635,0.9802631578947368,T_COAD_vs_rest,3,svm
1327,scanpy_wilcoxon,0.7115740320701556,0.5335689045936396,0.6942528735632184,0.993421052631579,T_COAD_vs_rest,3,svm
1328,scanpy_wilcoxon,0.7081352201523612,0.5359712230215827,0.6930232558139535,0.9802631578947368,T_COAD_vs_rest,3,svm
1329,scanpy_wilcoxon,0.7315463993117115,0.5687022900763359,0.7198067632850241,0.9802631578947368,T_COAD_vs_rest,4,svm
1330,scanpy_wilcoxon,0.7491949936039992,0.5823754789272031,0.7360774818401937,1.0,T_COAD_vs_rest,4,svm
1331,scanpy_wilcoxon,0.7293290909148609,0.5617977528089888,0.7159904534606205,0.9868421052631579,T_COAD_vs_rest,4,svm
1332,scanpy_wilcoxon,0.721055474463375,0.5539033457249071,0.7078384798099763,0.9802631578947368,T_COAD_vs_rest,5,svm
1333,scanpy_wilcoxon,0.7414806901679369,0.5714285714285714,0.7272727272727273,1.0,T_COAD_vs_rest,5,svm
1334,scanpy_wilcoxon,0.7219523437891925,0.5514705882352942,0.7075471698113207,0.9868421052631579,T_COAD_vs_rest,5,svm
1335,scanpy_wilcoxon,0.727001026964188,0.5622641509433962,0.7146282973621103,0.9802631578947368,T_COAD_vs_rest,6,svm
1336,scanpy_wilcoxon,0.7414806901679369,0.5714285714285714,0.7272727272727273,1.0,T_COAD_vs_rest,6,svm
1337,scanpy_wilcoxon,0.7278377691141803,0.5597014925373134,0.7142857142857143,0.9868421052631579,T_COAD_vs_rest,6,svm
1338,scanpy_wilcoxon,0.7361680232563217,0.5752895752895753,0.7250608272506083,0.9802631578947368,T_COAD_vs_rest,7,svm
1339,scanpy_wilcoxon,0.7399631019439054,0.5692883895131086,0.7255369928400954,1.0,T_COAD_vs_rest,7,svm
1340,scanpy_wilcoxon,0.7293290909148609,0.5617977528089888,0.7159904534606205,0.9868421052631579,T_COAD_vs_rest,7,svm
1341,scanpy_wilcoxon,0.7346188745291578,0.573076923076923,0.7233009708737864,0.9802631578947368,T_COAD_vs_rest,8,svm
1342,scanpy_wilcoxon,0.7384537550574892,0.5671641791044776,0.7238095238095238,1.0,T_COAD_vs_rest,8,svm
1343,scanpy_wilcoxon,0.7323362169919317,0.5660377358490566,0.7194244604316546,0.9868421052631579,T_COAD_vs_rest,8,svm
1344,scanpy_wilcoxon,0.7609718660023801,0.6072874493927125,0.7518796992481203,0.9868421052631579,T_COAD_vs_rest,9,svm
1345,scanpy_wilcoxon,0.756546946627946,0.5968379446640316,0.745679012345679,0.993421052631579,T_COAD_vs_rest,9,svm
1346,scanpy_wilcoxon,0.756546946627946,0.5968379446640316,0.745679012345679,0.993421052631579,T_COAD_vs_rest,9,svm
1347,scanpy_wilcoxon,0.7576421046201592,0.6024096385542169,0.7481296758104738,0.9868421052631579,T_COAD_vs_rest,10,svm
1348,scanpy_wilcoxon,0.7533115192701105,0.592156862745098,0.742014742014742,0.993421052631579,T_COAD_vs_rest,10,svm
1349,scanpy_wilcoxon,0.7517076224489693,0.58984375,0.7401960784313726,0.993421052631579,T_COAD_vs_rest,10,svm
1350,scanpy_wilcoxon,0.7566498174656224,0.6090534979423868,0.7493670886075949,0.9736842105263158,T_COAD_vs_rest,11,svm
1351,scanpy_wilcoxon,0.7533115192701105,0.592156862745098,0.742014742014742,0.993421052631579,T_COAD_vs_rest,11,svm
1352,scanpy_wilcoxon,0.7517076224489693,0.58984375,0.7401960784313726,0.993421052631579,T_COAD_vs_rest,11,svm
1353,scanpy_wilcoxon,0.7583489692168639,0.6115702479338843,0.751269035532995,0.9736842105263158,T_COAD_vs_rest,12,svm
1354,scanpy_wilcoxon,0.7533115192701105,0.592156862745098,0.742014742014742,0.993421052631579,T_COAD_vs_rest,12,svm
1355,scanpy_wilcoxon,0.7549245972544081,0.594488188976378,0.7438423645320197,0.993421052631579,T_COAD_vs_rest,12,svm
1356,scanpy_wilcoxon,0.7712014082210394,0.6224066390041494,0.7633587786259542,0.9868421052631579,T_COAD_vs_rest,13,svm
1357,scanpy_wilcoxon,0.7619959272708235,0.6007905138339921,0.7506172839506173,1.0,T_COAD_vs_rest,13,svm
1358,scanpy_wilcoxon,0.7614705442152209,0.604,0.7512437810945274,0.993421052631579,T_COAD_vs_rest,13,svm
1359,scanpy_wilcoxon,0.7712014082210394,0.6224066390041494,0.7633587786259542,0.9868421052631579,T_COAD_vs_rest,14,svm
1360,scanpy_wilcoxon,0.756546946627946,0.5968379446640316,0.745679012345679,0.993421052631579,T_COAD_vs_rest,14,svm
1361,scanpy_wilcoxon,0.7598198267146986,0.601593625498008,0.749379652605459,0.993421052631579,T_COAD_vs_rest,14,svm
1362,scanpy_wilcoxon,0.7656298920791651,0.6182572614107884,0.7582697201017812,0.9802631578947368,T_COAD_vs_rest,15,svm
1363,scanpy_wilcoxon,0.7581786588658636,0.5992063492063492,0.7475247524752475,0.993421052631579,T_COAD_vs_rest,15,svm
1364,scanpy_wilcoxon,0.7543510590381617,0.5976095617529881,0.7444168734491315,0.9868421052631579,T_COAD_vs_rest,15,svm
1365,scanpy_wilcoxon,0.7656298920791651,0.6182572614107884,0.7582697201017812,0.9802631578947368,T_COAD_vs_rest,16,svm
1366,scanpy_wilcoxon,0.756546946627946,0.5968379446640316,0.745679012345679,0.993421052631579,T_COAD_vs_rest,16,svm
1367,scanpy_wilcoxon,0.7598198267146986,0.601593625498008,0.749379652605459,0.993421052631579,T_COAD_vs_rest,16,svm
1368,scanpy_wilcoxon,0.7673603001514206,0.6208333333333333,0.7602040816326531,0.9802631578947368,T_COAD_vs_rest,17,svm
1369,scanpy_wilcoxon,0.7549245972544081,0.594488188976378,0.7438423645320197,0.993421052631579,T_COAD_vs_rest,17,svm
1370,scanpy_wilcoxon,0.7581786588658636,0.5992063492063492,0.7475247524752475,0.993421052631579,T_COAD_vs_rest,17,svm
1371,scanpy_wilcoxon,0.7815923955648041,0.6422413793103449,0.7760416666666666,0.9802631578947368,T_COAD_vs_rest,18,svm
1372,scanpy_wilcoxon,0.7702999245994143,0.6129032258064516,0.76,1.0,T_COAD_vs_rest,18,svm
1373,scanpy_wilcoxon,0.7750318026403786,0.6239669421487604,0.766497461928934,0.993421052631579,T_COAD_vs_rest,18,svm
1374,scanpy_wilcoxon,0.7946953138337026,0.6578947368421053,0.7894736842105263,0.9868421052631579,T_COAD_vs_rest,19,svm
1375,scanpy_wilcoxon,0.7754003948311298,0.6204081632653061,0.7657430730478589,1.0,T_COAD_vs_rest,19,svm
1376,scanpy_wilcoxon,0.7698707615006879,0.6163265306122448,0.760705289672544,0.993421052631579,T_COAD_vs_rest,19,svm
1377,scanpy_wilcoxon,0.7984836547084012,0.6637168141592921,0.7936507936507936,0.9868421052631579,T_COAD_vs_rest,20,svm
1378,scanpy_wilcoxon,0.7754003948311298,0.6204081632653061,0.7657430730478589,1.0,T_COAD_vs_rest,20,svm
1379,scanpy_wilcoxon,0.7715808272512161,0.6188524590163934,0.7626262626262627,0.993421052631579,T_COAD_vs_rest,20,svm
1380,scanpy_t-test,0.5439495550812101,0.3297180043383948,0.49592169657422513,1.0,T_COAD_vs_rest,1,svm
1381,scanpy_t-test,0.5331632797576962,0.31865828092243187,0.48330683624801274,1.0,T_COAD_vs_rest,1,svm
1382,scanpy_t-test,0.5495433547963177,0.3355408388520971,0.5024793388429752,1.0,T_COAD_vs_rest,1,svm
1383,scanpy_t-test,0.6341480327758683,0.43952802359882004,0.6069246435845214,0.9802631578947368,T_COAD_vs_rest,2,svm
1384,scanpy_t-test,0.6349295023565789,0.4318181818181818,0.6031746031746031,1.0,T_COAD_vs_rest,2,svm
1385,scanpy_t-test,0.6475441601037711,0.45317220543806647,0.6211180124223602,0.9868421052631579,T_COAD_vs_rest,2,svm
1386,scanpy_t-test,0.6304182489597838,0.4378698224852071,0.6040816326530613,0.9736842105263158,T_COAD_vs_rest,3,svm
1387,scanpy_t-test,0.6390222702962647,0.4367816091954023,0.608,1.0,T_COAD_vs_rest,3,svm
1388,scanpy_t-test,0.6475441601037711,0.45317220543806647,0.6211180124223602,0.9868421052631579,T_COAD_vs_rest,3,svm
1389,scanpy_t-test,0.6320515631271495,0.436950146627566,0.6044624746450304,0.9802631578947368,T_COAD_vs_rest,4,svm
1390,scanpy_t-test,0.6259604307554442,0.42105263157894735,0.5925925925925926,1.0,T_COAD_vs_rest,4,svm
1391,scanpy_t-test,0.6486424496530211,0.45454545454545453,0.6224066390041494,0.9868421052631579,T_COAD_vs_rest,4,svm
1392,scanpy_t-test,0.6325290755132622,0.44047619047619047,0.6065573770491803,0.9736842105263158,T_COAD_vs_rest,5,svm
1393,scanpy_t-test,0.6240108188461696,0.418732782369146,0.5902912621359223,1.0,T_COAD_vs_rest,5,svm
1394,scanpy_t-test,0.6486424496530211,0.45454545454545453,0.6224066390041494,0.9868421052631579,T_COAD_vs_rest,5,svm
1395,scanpy_t-test,0.7114074182356087,0.5441176470588235,0.6981132075471698,0.9736842105263158,T_COAD_vs_rest,6,svm
1396,scanpy_t-test,0.7101950306196836,0.5316901408450704,0.6926605504587156,0.993421052631579,T_COAD_vs_rest,6,svm
1397,scanpy_t-test,0.7053461926031367,0.5321428571428571,0.6898148148148148,0.9802631578947368,T_COAD_vs_rest,6,svm
1398,scanpy_t-test,0.715756441552686,0.550185873605948,0.7030878859857482,0.9736842105263158,T_COAD_vs_rest,7,svm
1399,scanpy_t-test,0.7157537946772011,0.5392857142857143,0.6990740740740741,0.993421052631579,T_COAD_vs_rest,7,svm
1400,scanpy_t-test,0.7067370838910761,0.5340501792114696,0.691415313225058,0.9802631578947368,T_COAD_vs_rest,7,svm
1401,scanpy_t-test,0.7142989816554218,0.5481481481481482,0.7014218009478673,0.9736842105263158,T_COAD_vs_rest,8,svm
1402,scanpy_t-test,0.7157537946772011,0.5392857142857143,0.6990740740740741,0.993421052631579,T_COAD_vs_rest,8,svm
1403,scanpy_t-test,0.7067370838910761,0.5340501792114696,0.691415313225058,0.9802631578947368,T_COAD_vs_rest,8,svm
1404,scanpy_t-test,0.7225297761425258,0.5559701492537313,0.7095238095238096,0.9802631578947368,T_COAD_vs_rest,9,svm
1405,scanpy_t-test,0.7074580342737077,0.527972027972028,0.6894977168949772,0.993421052631579,T_COAD_vs_rest,9,svm
1406,scanpy_t-test,0.7133558958176206,0.539568345323741,0.6976744186046512,0.9868421052631579,T_COAD_vs_rest,9,svm
1407,scanpy_t-test,0.7225297761425258,0.5559701492537313,0.7095238095238096,0.9802631578947368,T_COAD_vs_rest,10,svm
1408,scanpy_t-test,0.70474864275115,0.5243055555555556,0.6863636363636364,0.993421052631579,T_COAD_vs_rest,10,svm
1409,scanpy_t-test,0.7133558958176206,0.539568345323741,0.6976744186046512,0.9868421052631579,T_COAD_vs_rest,10,svm
1410,scanpy_t-test,0.721055474463375,0.5539033457249071,0.7078384798099763,0.9802631578947368,T_COAD_vs_rest,11,svm
1411,scanpy_t-test,0.7129601179873126,0.5354609929078015,0.695852534562212,0.993421052631579,T_COAD_vs_rest,11,svm
1412,scanpy_t-test,0.7176201008091994,0.5454545454545454,0.702576112412178,0.9868421052631579,T_COAD_vs_rest,11,svm
1413,scanpy_t-test,0.721055474463375,0.5539033457249071,0.7078384798099763,0.9802631578947368,T_COAD_vs_rest,12,svm
1414,scanpy_t-test,0.7129601179873126,0.5354609929078015,0.695852534562212,0.993421052631579,T_COAD_vs_rest,12,svm
1415,scanpy_t-test,0.7161912302775687,0.5434782608695652,0.7009345794392523,0.9868421052631579,T_COAD_vs_rest,12,svm
1416,scanpy_t-test,0.7195891064996588,0.5518518518518518,0.7061611374407583,0.9802631578947368,T_COAD_vs_rest,13,svm
1417,scanpy_t-test,0.7115740320701556,0.5335689045936396,0.6942528735632184,0.993421052631579,T_COAD_vs_rest,13,svm
1418,scanpy_t-test,0.7176201008091994,0.5454545454545454,0.702576112412178,0.9868421052631579,T_COAD_vs_rest,13,svm
1419,scanpy_t-test,0.721055474463375,0.5539033457249071,0.7078384798099763,0.9802631578947368,T_COAD_vs_rest,14,svm
1420,scanpy_t-test,0.7115740320701556,0.5335689045936396,0.6942528735632184,0.993421052631579,T_COAD_vs_rest,14,svm
1421,scanpy_t-test,0.7176201008091994,0.5454545454545454,0.702576112412178,0.9868421052631579,T_COAD_vs_rest,14,svm
1422,scanpy_t-test,0.7225297761425258,0.5559701492537313,0.7095238095238096,0.9802631578947368,T_COAD_vs_rest,15,svm
1423,scanpy_t-test,0.71857657148288,0.5431654676258992,0.7023255813953488,0.993421052631579,T_COAD_vs_rest,15,svm
1424,scanpy_t-test,0.7176201008091994,0.5454545454545454,0.702576112412178,0.9868421052631579,T_COAD_vs_rest,15,svm
1425,scanpy_t-test,0.7186950798858164,0.5543071161048689,0.7064439140811456,0.9736842105263158,T_COAD_vs_rest,16,svm
1426,scanpy_t-test,0.71857657148288,0.5431654676258992,0.7023255813953488,0.993421052631579,T_COAD_vs_rest,16,svm
1427,scanpy_t-test,0.7176201008091994,0.5454545454545454,0.702576112412178,0.9868421052631579,T_COAD_vs_rest,16,svm
1428,scanpy_t-test,0.7172217831708713,0.5522388059701493,0.7047619047619048,0.9736842105263158,T_COAD_vs_rest,17,svm
1429,scanpy_t-test,0.7223737277674199,0.5448028673835126,0.7053364269141531,1.0,T_COAD_vs_rest,17,svm
1430,scanpy_t-test,0.7190565305384038,0.5474452554744526,0.704225352112676,0.9868421052631579,T_COAD_vs_rest,17,svm
1431,scanpy_t-test,0.7201764060355206,0.556390977443609,0.7081339712918661,0.9736842105263158,T_COAD_vs_rest,18,svm
1432,scanpy_t-test,0.7223737277674199,0.5448028673835126,0.7053364269141531,1.0,T_COAD_vs_rest,18,svm
1433,scanpy_t-test,0.7161912302775687,0.5434782608695652,0.7009345794392523,0.9868421052631579,T_COAD_vs_rest,18,svm
1434,scanpy_t-test,0.7201764060355206,0.556390977443609,0.7081339712918661,0.9736842105263158,T_COAD_vs_rest,19,svm
1435,scanpy_t-test,0.7237972471481394,0.5467625899280576,0.7069767441860465,1.0,T_COAD_vs_rest,19,svm
1436,scanpy_t-test,0.7176201008091994,0.5454545454545454,0.702576112412178,0.9868421052631579,T_COAD_vs_rest,19,svm
1437,scanpy_t-test,0.7186950798858164,0.5543071161048689,0.7064439140811456,0.9736842105263158,T_COAD_vs_rest,20,svm
1438,scanpy_t-test,0.7237972471481394,0.5467625899280576,0.7069767441860465,1.0,T_COAD_vs_rest,20,svm
1439,scanpy_t-test,0.7205005882944315,0.5494505494505495,0.7058823529411765,0.9868421052631579,T_COAD_vs_rest,20,svm
1440,yomix,0.5208496703519384,0.27450980392156865,0.4307692307692308,1.0,T_DLBC_vs_rest,1,svm
1441,yomix,0.6119528752416401,0.40625,0.5652173913043478,0.9285714285714286,T_DLBC_vs_rest,1,svm
1442,yomix,0.5934623459088066,0.38235294117647056,0.5416666666666666,0.9285714285714286,T_DLBC_vs_rest,1,svm
1443,yomix,0.7323998941854165,0.5384615384615384,0.7,1.0,T_DLBC_vs_rest,2,svm
1444,yomix,0.7790737894826801,0.6086956521739131,0.7567567567567568,1.0,T_DLBC_vs_rest,2,svm
1445,yomix,0.8155885695154458,0.6666666666666666,0.8,1.0,T_DLBC_vs_rest,2,svm
1446,yomix,0.7790737894826801,0.6086956521739131,0.7567567567567568,1.0,T_DLBC_vs_rest,3,svm
1447,yomix,0.7790737894826801,0.6086956521739131,0.7567567567567568,1.0,T_DLBC_vs_rest,3,svm
1448,yomix,0.8358625743815942,0.7,0.8235294117647058,1.0,T_DLBC_vs_rest,3,svm
1449,yomix,0.6813923565456262,0.4666666666666667,0.6363636363636364,1.0,T_DLBC_vs_rest,4,svm
1450,yomix,0.7323998941854165,0.5384615384615384,0.7,1.0,T_DLBC_vs_rest,4,svm
1451,yomix,0.7625489449243988,0.5833333333333334,0.7368421052631579,1.0,T_DLBC_vs_rest,4,svm
1452,yomix,0.6813923565456262,0.4666666666666667,0.6363636363636364,1.0,T_DLBC_vs_rest,5,svm
1453,yomix,0.7323998941854165,0.5384615384615384,0.7,1.0,T_DLBC_vs_rest,5,svm
1454,yomix,0.7625489449243988,0.5833333333333334,0.7368421052631579,1.0,T_DLBC_vs_rest,5,svm
1455,yomix,0.6931515275099343,0.4827586206896552,0.6511627906976745,1.0,T_DLBC_vs_rest,6,svm
1456,yomix,0.7625489449243988,0.5833333333333334,0.7368421052631579,1.0,T_DLBC_vs_rest,6,svm
1457,yomix,0.7790737894826801,0.6086956521739131,0.7567567567567568,1.0,T_DLBC_vs_rest,6,svm
1458,yomix,0.705533182838608,0.5,0.6666666666666666,1.0,T_DLBC_vs_rest,7,svm
1459,yomix,0.8358625743815942,0.7,0.8235294117647058,1.0,T_DLBC_vs_rest,7,svm
1460,yomix,0.8358625743815942,0.7,0.8235294117647058,1.0,T_DLBC_vs_rest,7,svm
1461,yomix,0.6931515275099343,0.4827586206896552,0.6511627906976745,1.0,T_DLBC_vs_rest,8,svm
1462,yomix,0.8155885695154458,0.6666666666666666,0.8,1.0,T_DLBC_vs_rest,8,svm
1463,yomix,0.7967100862405125,0.6363636363636364,0.7777777777777778,1.0,T_DLBC_vs_rest,8,svm
1464,yomix,0.8155885695154458,0.6666666666666666,0.8,1.0,T_DLBC_vs_rest,9,svm
1465,yomix,0.8358625743815942,0.7,0.8235294117647058,1.0,T_DLBC_vs_rest,9,svm
1466,yomix,0.8813568005162083,0.7777777777777778,0.875,1.0,T_DLBC_vs_rest,9,svm
1467,yomix,0.8155885695154458,0.6666666666666666,0.8,1.0,T_DLBC_vs_rest,10,svm
1468,yomix,0.8358625743815942,0.7,0.8235294117647058,1.0,T_DLBC_vs_rest,10,svm
1469,yomix,0.8813568005162083,0.7777777777777778,0.875,1.0,T_DLBC_vs_rest,10,svm
1470,yomix,0.8155885695154458,0.6666666666666666,0.8,1.0,T_DLBC_vs_rest,11,svm
1471,yomix,0.8358625743815942,0.7,0.8235294117647058,1.0,T_DLBC_vs_rest,11,svm
1472,yomix,0.8813568005162083,0.7777777777777778,0.875,1.0,T_DLBC_vs_rest,11,svm
1473,yomix,0.8577133222722825,0.7368421052631579,0.8484848484848485,1.0,T_DLBC_vs_rest,12,svm
1474,yomix,0.8577133222722825,0.7368421052631579,0.8484848484848485,1.0,T_DLBC_vs_rest,12,svm
1475,yomix,0.8813568005162083,0.7777777777777778,0.875,1.0,T_DLBC_vs_rest,12,svm
1476,yomix,0.8358625743815942,0.7,0.8235294117647058,1.0,T_DLBC_vs_rest,13,svm
1477,yomix,0.8577133222722825,0.7368421052631579,0.8484848484848485,1.0,T_DLBC_vs_rest,13,svm
1478,yomix,0.8813568005162083,0.7777777777777778,0.875,1.0,T_DLBC_vs_rest,13,svm
1479,yomix,0.8358625743815942,0.7,0.8235294117647058,1.0,T_DLBC_vs_rest,14,svm
1480,yomix,0.8577133222722825,0.7368421052631579,0.8484848484848485,1.0,T_DLBC_vs_rest,14,svm
1481,yomix,0.8813568005162083,0.7777777777777778,0.875,1.0,T_DLBC_vs_rest,14,svm
1482,yomix,0.8577133222722825,0.7368421052631579,0.8484848484848485,1.0,T_DLBC_vs_rest,15,svm
1483,yomix,0.8577133222722825,0.7368421052631579,0.8484848484848485,1.0,T_DLBC_vs_rest,15,svm
1484,yomix,0.8813568005162083,0.7777777777777778,0.875,1.0,T_DLBC_vs_rest,15,svm
1485,yomix,0.8813568005162083,0.7777777777777778,0.875,1.0,T_DLBC_vs_rest,16,svm
1486,yomix,0.8577133222722825,0.7368421052631579,0.8484848484848485,1.0,T_DLBC_vs_rest,16,svm
1487,yomix,0.8813568005162083,0.7777777777777778,0.875,1.0,T_DLBC_vs_rest,16,svm
1488,yomix,0.8358625743815942,0.7,0.8235294117647058,1.0,T_DLBC_vs_rest,17,svm
1489,yomix,0.8577133222722825,0.7368421052631579,0.8484848484848485,1.0,T_DLBC_vs_rest,17,svm
1490,yomix,0.8813568005162083,0.7777777777777778,0.875,1.0,T_DLBC_vs_rest,17,svm
1491,yomix,0.9351172482750995,0.875,0.9333333333333333,1.0,T_DLBC_vs_rest,18,svm
1492,yomix,0.9070528369238819,0.8235294117647058,0.9032258064516129,1.0,T_DLBC_vs_rest,18,svm
1493,yomix,0.8813568005162083,0.7777777777777778,0.875,1.0,T_DLBC_vs_rest,18,svm
1494,yomix,0.9351172482750995,0.875,0.9333333333333333,1.0,T_DLBC_vs_rest,19,svm
1495,yomix,0.9351172482750995,0.875,0.9333333333333333,1.0,T_DLBC_vs_rest,19,svm
1496,yomix,0.8813568005162083,0.7777777777777778,0.875,1.0,T_DLBC_vs_rest,19,svm
1497,yomix,0.9351172482750995,0.875,0.9333333333333333,1.0,T_DLBC_vs_rest,20,svm
1498,yomix,0.9351172482750995,0.875,0.9333333333333333,1.0,T_DLBC_vs_rest,20,svm
1499,yomix,0.8813568005162083,0.7777777777777778,0.875,1.0,T_DLBC_vs_rest,20,svm
1500,cosg,0.5813548845137649,0.5294117647058824,0.5806451612903226,0.6428571428571429,T_DLBC_vs_rest,1,svm
1501,cosg,0.734442364513866,0.631578947368421,0.7272727272727273,0.8571428571428571,T_DLBC_vs_rest,1,svm
1502,cosg,0.7130154697636438,0.7142857142857143,0.7142857142857143,0.7142857142857143,T_DLBC_vs_rest,1,svm
1503,cosg,0.5831184965413484,0.4,0.5454545454545454,0.8571428571428571,T_DLBC_vs_rest,2,svm
1504,cosg,0.7323998941854165,0.5384615384615384,0.7,1.0,T_DLBC_vs_rest,2,svm
1505,cosg,0.6556094047914176,0.55,0.6470588235294118,0.7857142857142857,T_DLBC_vs_rest,2,svm
1506,cosg,0.6046595270795414,0.3684210526315789,0.5384615384615384,1.0,T_DLBC_vs_rest,3,svm
1507,cosg,0.7323998941854165,0.5384615384615384,0.7,1.0,T_DLBC_vs_rest,3,svm
1508,cosg,0.6394554889213572,0.48,0.6153846153846154,0.8571428571428571,T_DLBC_vs_rest,3,svm
1509,cosg,0.6214273706511971,0.3888888888888889,0.56,1.0,T_DLBC_vs_rest,4,svm
1510,cosg,0.6322554265434873,0.43333333333333335,0.5909090909090909,0.9285714285714286,T_DLBC_vs_rest,4,svm
1511,cosg,0.5856715791341356,0.44,0.5641025641025641,0.7857142857142857,T_DLBC_vs_rest,4,svm
1512,cosg,0.6214273706511971,0.3888888888888889,0.56,1.0,T_DLBC_vs_rest,5,svm
1513,cosg,0.6322554265434873,0.43333333333333335,0.5909090909090909,0.9285714285714286,T_DLBC_vs_rest,5,svm
1514,cosg,0.5856715791341356,0.44,0.5641025641025641,0.7857142857142857,T_DLBC_vs_rest,5,svm
1515,cosg,0.5765286824203566,0.3611111111111111,0.52,0.9285714285714286,T_DLBC_vs_rest,6,svm
1516,cosg,0.6431825631213409,0.4482758620689655,0.6046511627906976,0.9285714285714286,T_DLBC_vs_rest,6,svm
1517,cosg,0.5856715791341356,0.44,0.5641025641025641,0.7857142857142857,T_DLBC_vs_rest,6,svm
1518,cosg,0.6214273706511971,0.3888888888888889,0.56,1.0,T_DLBC_vs_rest,7,svm
1519,cosg,0.6431825631213409,0.4482758620689655,0.6046511627906976,0.9285714285714286,T_DLBC_vs_rest,7,svm
1520,cosg,0.5848148482222509,0.37142857142857144,0.5306122448979592,0.9285714285714286,T_DLBC_vs_rest,7,svm
1521,cosg,0.7470233084958001,0.56,0.717948717948718,1.0,T_DLBC_vs_rest,8,svm
1522,cosg,0.8358625743815942,0.7,0.8235294117647058,1.0,T_DLBC_vs_rest,8,svm
1523,cosg,0.8577133222722825,0.7368421052631579,0.8484848484848485,1.0,T_DLBC_vs_rest,8,svm
1524,cosg,0.7790737894826801,0.6086956521739131,0.7567567567567568,1.0,T_DLBC_vs_rest,9,svm
1525,cosg,0.8358625743815942,0.7,0.8235294117647058,1.0,T_DLBC_vs_rest,9,svm
1526,cosg,0.8577133222722825,0.7368421052631579,0.8484848484848485,1.0,T_DLBC_vs_rest,9,svm
1527,cosg,0.8155885695154458,0.6666666666666666,0.8,1.0,T_DLBC_vs_rest,10,svm
1528,cosg,0.896614016932034,0.8666666666666667,0.896551724137931,0.9285714285714286,T_DLBC_vs_rest,10,svm
1529,cosg,0.8577133222722825,0.7368421052631579,0.8484848484848485,1.0,T_DLBC_vs_rest,10,svm
1530,cosg,0.8155885695154458,0.6666666666666666,0.8,1.0,T_DLBC_vs_rest,11,svm
1531,cosg,0.896614016932034,0.8666666666666667,0.896551724137931,0.9285714285714286,T_DLBC_vs_rest,11,svm
1532,cosg,0.8577133222722825,0.7368421052631579,0.8484848484848485,1.0,T_DLBC_vs_rest,11,svm
1533,cosg,0.8358625743815942,0.7,0.8235294117647058,1.0,T_DLBC_vs_rest,12,svm
1534,cosg,0.896614016932034,0.8666666666666667,0.896551724137931,0.9285714285714286,T_DLBC_vs_rest,12,svm
1535,cosg,0.8577133222722825,0.7368421052631579,0.8484848484848485,1.0,T_DLBC_vs_rest,12,svm
1536,cosg,0.8813568005162083,0.7777777777777778,0.875,1.0,T_DLBC_vs_rest,13,svm
1537,cosg,0.9659383742997533,0.9333333333333333,0.9655172413793104,1.0,T_DLBC_vs_rest,13,svm
1538,cosg,0.8577133222722825,0.7368421052631579,0.8484848484848485,1.0,T_DLBC_vs_rest,13,svm
1539,cosg,0.8813568005162083,0.7777777777777778,0.875,1.0,T_DLBC_vs_rest,14,svm
1540,cosg,0.9659383742997533,0.9333333333333333,0.9655172413793104,1.0,T_DLBC_vs_rest,14,svm
1541,cosg,0.8577133222722825,0.7368421052631579,0.8484848484848485,1.0,T_DLBC_vs_rest,14,svm
1542,cosg,0.9070528369238819,0.8235294117647058,0.9032258064516129,1.0,T_DLBC_vs_rest,15,svm
1543,cosg,1.0,1.0,1.0,1.0,T_DLBC_vs_rest,15,svm
1544,cosg,0.9070528369238819,0.8235294117647058,0.9032258064516129,1.0,T_DLBC_vs_rest,15,svm
1545,cosg,0.9070528369238819,0.8235294117647058,0.9032258064516129,1.0,T_DLBC_vs_rest,16,svm
1546,cosg,1.0,1.0,1.0,1.0,T_DLBC_vs_rest,16,svm
1547,cosg,0.9070528369238819,0.8235294117647058,0.9032258064516129,1.0,T_DLBC_vs_rest,16,svm
1548,cosg,0.9070528369238819,0.8235294117647058,0.9032258064516129,1.0,T_DLBC_vs_rest,17,svm
1549,cosg,1.0,1.0,1.0,1.0,T_DLBC_vs_rest,17,svm
1550,cosg,0.9070528369238819,0.8235294117647058,0.9032258064516129,1.0,T_DLBC_vs_rest,17,svm
1551,cosg,0.9070528369238819,0.8235294117647058,0.9032258064516129,1.0,T_DLBC_vs_rest,18,svm
1552,cosg,1.0,1.0,1.0,1.0,T_DLBC_vs_rest,18,svm
1553,cosg,0.9070528369238819,0.8235294117647058,0.9032258064516129,1.0,T_DLBC_vs_rest,18,svm
1554,cosg,0.9070528369238819,0.8235294117647058,0.9032258064516129,1.0,T_DLBC_vs_rest,19,svm
1555,cosg,1.0,1.0,1.0,1.0,T_DLBC_vs_rest,19,svm
1556,cosg,0.9070528369238819,0.8235294117647058,0.9032258064516129,1.0,T_DLBC_vs_rest,19,svm
1557,cosg,0.9070528369238819,0.8235294117647058,0.9032258064516129,1.0,T_DLBC_vs_rest,20,svm
1558,cosg,1.0,1.0,1.0,1.0,T_DLBC_vs_rest,20,svm
1559,cosg,0.9070528369238819,0.8235294117647058,0.9032258064516129,1.0,T_DLBC_vs_rest,20,svm
1560,scanpy_wilcoxon,0.433805942761552,0.1917808219178082,0.3218390804597701,1.0,T_DLBC_vs_rest,1,svm
1561,scanpy_wilcoxon,0.44001578425348603,0.19718309859154928,0.32941176470588235,1.0,T_DLBC_vs_rest,1,svm
1562,scanpy_wilcoxon,0.47950479024278525,0.23333333333333334,0.3783783783783784,1.0,T_DLBC_vs_rest,1,svm
1563,scanpy_wilcoxon,0.6046595270795414,0.3684210526315789,0.5384615384615384,1.0,T_DLBC_vs_rest,2,svm
1564,scanpy_wilcoxon,0.596761636998216,0.358974358974359,0.5283018867924528,1.0,T_DLBC_vs_rest,2,svm
1565,scanpy_wilcoxon,0.6813923565456262,0.4666666666666667,0.6363636363636364,1.0,T_DLBC_vs_rest,2,svm
1566,scanpy_wilcoxon,0.6595446960571919,0.4375,0.6086956521739131,1.0,T_DLBC_vs_rest,3,svm
1567,scanpy_wilcoxon,0.7185944066497892,0.5185185185185185,0.6829268292682927,1.0,T_DLBC_vs_rest,3,svm
1568,scanpy_wilcoxon,0.7185944066497892,0.5185185185185185,0.6829268292682927,1.0,T_DLBC_vs_rest,3,svm
1569,scanpy_wilcoxon,0.705533182838608,0.5,0.6666666666666666,1.0,T_DLBC_vs_rest,4,svm
1570,scanpy_wilcoxon,0.7185944066497892,0.5185185185185185,0.6829268292682927,1.0,T_DLBC_vs_rest,4,svm
1571,scanpy_wilcoxon,0.705533182838608,0.5,0.6666666666666666,1.0,T_DLBC_vs_rest,4,svm
1572,scanpy_wilcoxon,0.7625489449243988,0.5833333333333334,0.7368421052631579,1.0,T_DLBC_vs_rest,5,svm
1573,scanpy_wilcoxon,0.7790737894826801,0.6086956521739131,0.7567567567567568,1.0,T_DLBC_vs_rest,5,svm
1574,scanpy_wilcoxon,0.7967100862405125,0.6363636363636364,0.7777777777777778,1.0,T_DLBC_vs_rest,5,svm
1575,scanpy_wilcoxon,0.7790737894826801,0.6086956521739131,0.7567567567567568,1.0,T_DLBC_vs_rest,6,svm
1576,scanpy_wilcoxon,0.8155885695154458,0.6666666666666666,0.8,1.0,T_DLBC_vs_rest,6,svm
1577,scanpy_wilcoxon,0.8155885695154458,0.6666666666666666,0.8,1.0,T_DLBC_vs_rest,6,svm
1578,scanpy_wilcoxon,0.8358625743815942,0.7,0.8235294117647058,1.0,T_DLBC_vs_rest,7,svm
1579,scanpy_wilcoxon,0.8577133222722825,0.7368421052631579,0.8484848484848485,1.0,T_DLBC_vs_rest,7,svm
1580,scanpy_wilcoxon,0.8155885695154458,0.6666666666666666,0.8,1.0,T_DLBC_vs_rest,7,svm
1581,scanpy_wilcoxon,0.8358625743815942,0.7,0.8235294117647058,1.0,T_DLBC_vs_rest,8,svm
1582,scanpy_wilcoxon,0.8577133222722825,0.7368421052631579,0.8484848484848485,1.0,T_DLBC_vs_rest,8,svm
1583,scanpy_wilcoxon,0.8155885695154458,0.6666666666666666,0.8,1.0,T_DLBC_vs_rest,8,svm
1584,scanpy_wilcoxon,0.8358625743815942,0.7,0.8235294117647058,1.0,T_DLBC_vs_rest,9,svm
1585,scanpy_wilcoxon,0.8813568005162083,0.7777777777777778,0.875,1.0,T_DLBC_vs_rest,9,svm
1586,scanpy_wilcoxon,0.8155885695154458,0.6666666666666666,0.8,1.0,T_DLBC_vs_rest,9,svm
1587,scanpy_wilcoxon,0.8155885695154458,0.6666666666666666,0.8,1.0,T_DLBC_vs_rest,10,svm
1588,scanpy_wilcoxon,0.8358625743815942,0.7,0.8235294117647058,1.0,T_DLBC_vs_rest,10,svm
1589,scanpy_wilcoxon,0.8358625743815942,0.7,0.8235294117647058,1.0,T_DLBC_vs_rest,10,svm
1590,scanpy_wilcoxon,0.8358625743815942,0.7,0.8235294117647058,1.0,T_DLBC_vs_rest,11,svm
1591,scanpy_wilcoxon,0.8577133222722825,0.7368421052631579,0.8484848484848485,1.0,T_DLBC_vs_rest,11,svm
1592,scanpy_wilcoxon,0.8358625743815942,0.7,0.8235294117647058,1.0,T_DLBC_vs_rest,11,svm
1593,scanpy_wilcoxon,0.8358625743815942,0.7,0.8235294117647058,1.0,T_DLBC_vs_rest,12,svm
1594,scanpy_wilcoxon,0.8577133222722825,0.7368421052631579,0.8484848484848485,1.0,T_DLBC_vs_rest,12,svm
1595,scanpy_wilcoxon,0.8358625743815942,0.7,0.8235294117647058,1.0,T_DLBC_vs_rest,12,svm
1596,scanpy_wilcoxon,0.8358625743815942,0.7,0.8235294117647058,1.0,T_DLBC_vs_rest,13,svm
1597,scanpy_wilcoxon,0.8577133222722825,0.7368421052631579,0.8484848484848485,1.0,T_DLBC_vs_rest,13,svm
1598,scanpy_wilcoxon,0.8358625743815942,0.7,0.8235294117647058,1.0,T_DLBC_vs_rest,13,svm
1599,scanpy_wilcoxon,0.8358625743815942,0.7,0.8235294117647058,1.0,T_DLBC_vs_rest,14,svm
1600,scanpy_wilcoxon,0.8577133222722825,0.7368421052631579,0.8484848484848485,1.0,T_DLBC_vs_rest,14,svm
1601,scanpy_wilcoxon,0.8577133222722825,0.7368421052631579,0.8484848484848485,1.0,T_DLBC_vs_rest,14,svm
1602,scanpy_wilcoxon,0.8358625743815942,0.7,0.8235294117647058,1.0,T_DLBC_vs_rest,15,svm
1603,scanpy_wilcoxon,0.8577133222722825,0.7368421052631579,0.8484848484848485,1.0,T_DLBC_vs_rest,15,svm
1604,scanpy_wilcoxon,0.8577133222722825,0.7368421052631579,0.8484848484848485,1.0,T_DLBC_vs_rest,15,svm
1605,scanpy_wilcoxon,0.8358625743815942,0.7,0.8235294117647058,1.0,T_DLBC_vs_rest,16,svm
1606,scanpy_wilcoxon,0.8577133222722825,0.7368421052631579,0.8484848484848485,1.0,T_DLBC_vs_rest,16,svm
1607,scanpy_wilcoxon,0.8577133222722825,0.7368421052631579,0.8484848484848485,1.0,T_DLBC_vs_rest,16,svm
1608,scanpy_wilcoxon,0.8358625743815942,0.7,0.8235294117647058,1.0,T_DLBC_vs_rest,17,svm
1609,scanpy_wilcoxon,0.8577133222722825,0.7368421052631579,0.8484848484848485,1.0,T_DLBC_vs_rest,17,svm
1610,scanpy_wilcoxon,0.8577133222722825,0.7368421052631579,0.8484848484848485,1.0,T_DLBC_vs_rest,17,svm
1611,scanpy_wilcoxon,0.8358625743815942,0.7,0.8235294117647058,1.0,T_DLBC_vs_rest,18,svm
1612,scanpy_wilcoxon,0.8577133222722825,0.7368421052631579,0.8484848484848485,1.0,T_DLBC_vs_rest,18,svm
1613,scanpy_wilcoxon,0.8813568005162083,0.7777777777777778,0.875,1.0,T_DLBC_vs_rest,18,svm
1614,scanpy_wilcoxon,0.8358625743815942,0.7,0.8235294117647058,1.0,T_DLBC_vs_rest,19,svm
1615,scanpy_wilcoxon,0.8577133222722825,0.7368421052631579,0.8484848484848485,1.0,T_DLBC_vs_rest,19,svm
1616,scanpy_wilcoxon,0.8813568005162083,0.7777777777777778,0.875,1.0,T_DLBC_vs_rest,19,svm
1617,scanpy_wilcoxon,0.8358625743815942,0.7,0.8235294117647058,1.0,T_DLBC_vs_rest,20,svm
1618,scanpy_wilcoxon,0.8577133222722825,0.7368421052631579,0.8484848484848485,1.0,T_DLBC_vs_rest,20,svm
1619,scanpy_wilcoxon,0.8813568005162083,0.7777777777777778,0.875,1.0,T_DLBC_vs_rest,20,svm
1620,scanpy_t-test,0.3464083767445352,0.12389380530973451,0.2204724409448819,1.0,T_DLBC_vs_rest,1,svm
1621,scanpy_t-test,0.3852331767829593,0.15217391304347827,0.2641509433962264,1.0,T_DLBC_vs_rest,1,svm
1622,scanpy_t-test,0.43079512673793247,0.1891891891891892,0.3181818181818182,1.0,T_DLBC_vs_rest,1,svm
1623,scanpy_t-test,0.4836292263773326,0.23728813559322035,0.3835616438356164,1.0,T_DLBC_vs_rest,2,svm
1624,scanpy_t-test,0.4677224971674827,0.2222222222222222,0.36363636363636365,1.0,T_DLBC_vs_rest,2,svm
1625,scanpy_t-test,0.4836292263773326,0.23728813559322035,0.3835616438356164,1.0,T_DLBC_vs_rest,2,svm
1626,scanpy_t-test,0.5012297588038822,0.2545454545454545,0.4057971014492754,1.0,T_DLBC_vs_rest,3,svm
1627,scanpy_t-test,0.4715554036530486,0.22580645161290322,0.3684210526315789,1.0,T_DLBC_vs_rest,3,svm
1628,scanpy_t-test,0.4754815466954097,0.22950819672131148,0.37333333333333335,1.0,T_DLBC_vs_rest,3,svm
1629,scanpy_t-test,0.5012297588038822,0.2545454545454545,0.4057971014492754,1.0,T_DLBC_vs_rest,4,svm
1630,scanpy_t-test,0.48793351953558856,0.26,0.40625,0.9285714285714286,T_DLBC_vs_rest,4,svm
1631,scanpy_t-test,0.4715554036530486,0.22580645161290322,0.3684210526315789,1.0,T_DLBC_vs_rest,4,svm
1632,scanpy_t-test,0.5157343061963022,0.2692307692307692,0.42424242424242425,1.0,T_DLBC_vs_rest,5,svm
1633,scanpy_t-test,0.5429095523922394,0.2978723404255319,0.45901639344262296,1.0,T_DLBC_vs_rest,5,svm
1634,scanpy_t-test,0.5429095523922394,0.2978723404255319,0.45901639344262296,1.0,T_DLBC_vs_rest,5,svm
1635,scanpy_t-test,0.5012297588038822,0.2545454545454545,0.4057971014492754,1.0,T_DLBC_vs_rest,6,svm
1636,scanpy_t-test,0.5371382678501259,0.2916666666666667,0.45161290322580644,1.0,T_DLBC_vs_rest,6,svm
1637,scanpy_t-test,0.5550210900768716,0.3111111111111111,0.4745762711864407,1.0,T_DLBC_vs_rest,6,svm
1638,scanpy_t-test,0.7470233084958001,0.56,0.717948717948718,1.0,T_DLBC_vs_rest,7,svm
1639,scanpy_t-test,0.7790737894826801,0.6086956521739131,0.7567567567567568,1.0,T_DLBC_vs_rest,7,svm
1640,scanpy_t-test,0.7967100862405125,0.6363636363636364,0.7777777777777778,1.0,T_DLBC_vs_rest,7,svm
1641,scanpy_t-test,0.7967100862405125,0.6363636363636364,0.7777777777777778,1.0,T_DLBC_vs_rest,8,svm
1642,scanpy_t-test,0.8577133222722825,0.7368421052631579,0.8484848484848485,1.0,T_DLBC_vs_rest,8,svm
1643,scanpy_t-test,0.8358625743815942,0.7,0.8235294117647058,1.0,T_DLBC_vs_rest,8,svm
1644,scanpy_t-test,0.7967100862405125,0.6363636363636364,0.7777777777777778,1.0,T_DLBC_vs_rest,9,svm
1645,scanpy_t-test,0.8577133222722825,0.7368421052631579,0.8484848484848485,1.0,T_DLBC_vs_rest,9,svm
1646,scanpy_t-test,0.8358625743815942,0.7,0.8235294117647058,1.0,T_DLBC_vs_rest,9,svm
1647,scanpy_t-test,0.7967100862405125,0.6363636363636364,0.7777777777777778,1.0,T_DLBC_vs_rest,10,svm
1648,scanpy_t-test,0.8358625743815942,0.7,0.8235294117647058,1.0,T_DLBC_vs_rest,10,svm
1649,scanpy_t-test,0.8358625743815942,0.7,0.8235294117647058,1.0,T_DLBC_vs_rest,10,svm
1650,scanpy_t-test,0.7967100862405125,0.6363636363636364,0.7777777777777778,1.0,T_DLBC_vs_rest,11,svm
1651,scanpy_t-test,0.8358625743815942,0.7,0.8235294117647058,1.0,T_DLBC_vs_rest,11,svm
1652,scanpy_t-test,0.8155885695154458,0.6666666666666666,0.8,1.0,T_DLBC_vs_rest,11,svm
1653,scanpy_t-test,0.7967100862405125,0.6363636363636364,0.7777777777777778,1.0,T_DLBC_vs_rest,12,svm
1654,scanpy_t-test,0.8358625743815942,0.7,0.8235294117647058,1.0,T_DLBC_vs_rest,12,svm
1655,scanpy_t-test,0.8155885695154458,0.6666666666666666,0.8,1.0,T_DLBC_vs_rest,12,svm
1656,scanpy_t-test,0.8155885695154458,0.6666666666666666,0.8,1.0,T_DLBC_vs_rest,13,svm
1657,scanpy_t-test,0.8577133222722825,0.7368421052631579,0.8484848484848485,1.0,T_DLBC_vs_rest,13,svm
1658,scanpy_t-test,0.8577133222722825,0.7368421052631579,0.8484848484848485,1.0,T_DLBC_vs_rest,13,svm
1659,scanpy_t-test,0.8358625743815942,0.7,0.8235294117647058,1.0,T_DLBC_vs_rest,14,svm
1660,scanpy_t-test,0.8577133222722825,0.7368421052631579,0.8484848484848485,1.0,T_DLBC_vs_rest,14,svm
1661,scanpy_t-test,0.8577133222722825,0.7368421052631579,0.8484848484848485,1.0,T_DLBC_vs_rest,14,svm
1662,scanpy_t-test,0.8358625743815942,0.7,0.8235294117647058,1.0,T_DLBC_vs_rest,15,svm
1663,scanpy_t-test,0.8813568005162083,0.7777777777777778,0.875,1.0,T_DLBC_vs_rest,15,svm
1664,scanpy_t-test,0.8577133222722825,0.7368421052631579,0.8484848484848485,1.0,T_DLBC_vs_rest,15,svm
1665,scanpy_t-test,0.8358625743815942,0.7,0.8235294117647058,1.0,T_DLBC_vs_rest,16,svm
1666,scanpy_t-test,0.8813568005162083,0.7777777777777778,0.875,1.0,T_DLBC_vs_rest,16,svm
1667,scanpy_t-test,0.8577133222722825,0.7368421052631579,0.8484848484848485,1.0,T_DLBC_vs_rest,16,svm
1668,scanpy_t-test,0.8358625743815942,0.7,0.8235294117647058,1.0,T_DLBC_vs_rest,17,svm
1669,scanpy_t-test,0.9070528369238819,0.8235294117647058,0.9032258064516129,1.0,T_DLBC_vs_rest,17,svm
1670,scanpy_t-test,0.8577133222722825,0.7368421052631579,0.8484848484848485,1.0,T_DLBC_vs_rest,17,svm
1671,scanpy_t-test,0.8577133222722825,0.7368421052631579,0.8484848484848485,1.0,T_DLBC_vs_rest,18,svm
1672,scanpy_t-test,0.9070528369238819,0.8235294117647058,0.9032258064516129,1.0,T_DLBC_vs_rest,18,svm
1673,scanpy_t-test,0.8577133222722825,0.7368421052631579,0.8484848484848485,1.0,T_DLBC_vs_rest,18,svm
1674,scanpy_t-test,0.8577133222722825,0.7368421052631579,0.8484848484848485,1.0,T_DLBC_vs_rest,19,svm
1675,scanpy_t-test,0.9070528369238819,0.8235294117647058,0.9032258064516129,1.0,T_DLBC_vs_rest,19,svm
1676,scanpy_t-test,0.8577133222722825,0.7368421052631579,0.8484848484848485,1.0,T_DLBC_vs_rest,19,svm
1677,scanpy_t-test,0.8577133222722825,0.7368421052631579,0.8484848484848485,1.0,T_DLBC_vs_rest,20,svm
1678,scanpy_t-test,0.8813568005162083,0.7777777777777778,0.875,1.0,T_DLBC_vs_rest,20,svm
1679,scanpy_t-test,0.8577133222722825,0.7368421052631579,0.8484848484848485,1.0,T_DLBC_vs_rest,20,svm
1680,yomix,0.38359068566169996,0.16822429906542055,0.2864721485411141,0.9642857142857143,T_ESCA_vs_rest,1,svm
1681,yomix,0.3713671660862073,0.1588235294117647,0.2727272727272727,0.9642857142857143,T_ESCA_vs_rest,1,svm
1682,yomix,0.3938708583105968,0.17966101694915254,0.301994301994302,0.9464285714285714,T_ESCA_vs_rest,1,svm
1683,yomix,0.3523068070893595,0.1447721179624665,0.2517482517482518,0.9642857142857143,T_ESCA_vs_rest,2,svm
1684,yomix,0.36223649240798356,0.14659685863874344,0.2557077625570776,1.0,T_ESCA_vs_rest,2,svm
1685,yomix,0.3647713410769368,0.1510989010989011,0.2619047619047619,0.9821428571428571,T_ESCA_vs_rest,2,svm
1686,yomix,0.3635545393883287,0.1529745042492918,0.26405867970660146,0.9642857142857143,T_ESCA_vs_rest,3,svm
1687,yomix,0.3729626215757242,0.15714285714285714,0.270935960591133,0.9821428571428571,T_ESCA_vs_rest,3,svm
1688,yomix,0.3766185627384045,0.15988372093023256,0.275,0.9821428571428571,T_ESCA_vs_rest,3,svm
1689,yomix,0.3829199837062364,0.16467065868263472,0.28205128205128205,0.9821428571428571,T_ESCA_vs_rest,4,svm
1690,yomix,0.37477924590723105,0.1585014409221902,0.2729528535980149,0.9821428571428571,T_ESCA_vs_rest,4,svm
1691,yomix,0.3994688391008786,0.17445482866043613,0.29708222811671087,1.0,T_ESCA_vs_rest,4,svm
1692,yomix,0.4088263372513652,0.18518518518518517,0.311614730878187,0.9821428571428571,T_ESCA_vs_rest,5,svm
1693,yomix,0.3949761916147585,0.17405063291139242,0.2956989247311828,0.9821428571428571,T_ESCA_vs_rest,5,svm
1694,yomix,0.4258045533420474,0.1958041958041958,0.32748538011695905,1.0,T_ESCA_vs_rest,5,svm
1695,yomix,0.41268565532493934,0.18835616438356165,0.3160919540229885,0.9821428571428571,T_ESCA_vs_rest,6,svm
1696,yomix,0.39428064086889564,0.17350157728706625,0.2949061662198391,0.9821428571428571,T_ESCA_vs_rest,6,svm
1697,yomix,0.42498820737811743,0.1951219512195122,0.32653061224489793,1.0,T_ESCA_vs_rest,6,svm
1698,yomix,0.42655766499942954,0.2,0.3323262839879154,0.9821428571428571,T_ESCA_vs_rest,7,svm
1699,yomix,0.41171213970325027,0.18421052631578946,0.3111111111111111,1.0,T_ESCA_vs_rest,7,svm
1700,yomix,0.43506649036690154,0.20363636363636364,0.338368580060423,1.0,T_ESCA_vs_rest,7,svm
1701,yomix,0.4308765016280972,0.2037037037037037,0.3374233128834356,0.9821428571428571,T_ESCA_vs_rest,8,svm
1702,yomix,0.41397579972115495,0.18604651162790697,0.3137254901960784,1.0,T_ESCA_vs_rest,8,svm
1703,yomix,0.4430541574472787,0.21052631578947367,0.34782608695652173,1.0,T_ESCA_vs_rest,8,svm
1704,yomix,0.48638715831798923,0.25462962962962965,0.40441176470588236,0.9821428571428571,T_ESCA_vs_rest,9,svm
1705,yomix,0.48512987903766547,0.24888888888888888,0.398576512455516,1.0,T_ESCA_vs_rest,9,svm
1706,yomix,0.529579427518739,0.2931937172774869,0.4534412955465587,1.0,T_ESCA_vs_rest,9,svm
1707,yomix,0.5426175220562942,0.3125,0.47413793103448276,0.9821428571428571,T_ESCA_vs_rest,10,svm
1708,yomix,0.536181328092265,0.3055555555555556,0.4661016949152542,0.9821428571428571,T_ESCA_vs_rest,10,svm
1709,yomix,0.5816223163088328,0.35,0.5185185185185185,1.0,T_ESCA_vs_rest,10,svm
1710,yomix,0.5377705495242698,0.30726256983240224,0.46808510638297873,0.9821428571428571,T_ESCA_vs_rest,11,svm
1711,yomix,0.5299518312850657,0.29891304347826086,0.4583333333333333,0.9821428571428571,T_ESCA_vs_rest,11,svm
1712,yomix,0.5816223163088328,0.35,0.5185185185185185,1.0,T_ESCA_vs_rest,11,svm
1713,yomix,0.539372865684968,0.3089887640449438,0.4700854700854701,0.9821428571428571,T_ESCA_vs_rest,12,svm
1714,yomix,0.5314904444792932,0.3005464480874317,0.4602510460251046,0.9821428571428571,T_ESCA_vs_rest,12,svm
1715,yomix,0.5816223163088328,0.35,0.5185185185185185,1.0,T_ESCA_vs_rest,12,svm
1716,yomix,0.5614836180497389,0.3333333333333333,0.497737556561086,0.9821428571428571,T_ESCA_vs_rest,13,svm
1717,yomix,0.5433362498573071,0.3076923076923077,0.47058823529411764,1.0,T_ESCA_vs_rest,13,svm
1718,yomix,0.6192336911367637,0.39436619718309857,0.5656565656565656,1.0,T_ESCA_vs_rest,13,svm
1719,yomix,0.5614836180497389,0.3333333333333333,0.497737556561086,0.9821428571428571,T_ESCA_vs_rest,14,svm
1720,yomix,0.544926488283777,0.30939226519337015,0.47257383966244726,1.0,T_ESCA_vs_rest,14,svm
1721,yomix,0.6192336911367637,0.39436619718309857,0.5656565656565656,1.0,T_ESCA_vs_rest,14,svm
1722,yomix,0.5452022814893489,0.3271604938271605,0.48623853211009177,0.9464285714285714,T_ESCA_vs_rest,15,svm
1723,yomix,0.5401939637561778,0.30434782608695654,0.4666666666666667,1.0,T_ESCA_vs_rest,15,svm
1724,yomix,0.6192336911367637,0.39436619718309857,0.5656565656565656,1.0,T_ESCA_vs_rest,15,svm
1725,yomix,0.6010271956883274,0.3793103448275862,0.5472636815920398,0.9821428571428571,T_ESCA_vs_rest,16,svm
1726,yomix,0.5816223163088328,0.35,0.5185185185185185,1.0,T_ESCA_vs_rest,16,svm
1727,yomix,0.6261910847571587,0.4028776978417266,0.5743589743589743,1.0,T_ESCA_vs_rest,16,svm
1728,yomix,0.60321420641447,0.3819444444444444,0.55,0.9821428571428571,T_ESCA_vs_rest,17,svm
1729,yomix,0.5797166752593008,0.34782608695652173,0.5161290322580645,1.0,T_ESCA_vs_rest,17,svm
1730,yomix,0.6261910847571587,0.4028776978417266,0.5743589743589743,1.0,T_ESCA_vs_rest,17,svm
1731,yomix,0.60321420641447,0.3819444444444444,0.55,0.9821428571428571,T_ESCA_vs_rest,18,svm
1732,yomix,0.5816223163088328,0.35,0.5185185185185185,1.0,T_ESCA_vs_rest,18,svm
1733,yomix,0.6238475051547467,0.4,0.5714285714285714,1.0,T_ESCA_vs_rest,18,svm
1734,yomix,0.60321420641447,0.3819444444444444,0.55,0.9821428571428571,T_ESCA_vs_rest,19,svm
1735,yomix,0.5797166752593008,0.34782608695652173,0.5161290322580645,1.0,T_ESCA_vs_rest,19,svm
1736,yomix,0.6238475051547467,0.4,0.5714285714285714,1.0,T_ESCA_vs_rest,19,svm
1737,yomix,0.60321420641447,0.3819444444444444,0.55,0.9821428571428571,T_ESCA_vs_rest,20,svm
1738,yomix,0.5797166752593008,0.34782608695652173,0.5161290322580645,1.0,T_ESCA_vs_rest,20,svm
1739,yomix,0.6261910847571587,0.4028776978417266,0.5743589743589743,1.0,T_ESCA_vs_rest,20,svm
1740,cosg,0.3064014844439952,0.21774193548387097,0.3,0.48214285714285715,T_ESCA_vs_rest,1,svm
1741,cosg,0.3645285578350966,0.23943661971830985,0.3434343434343434,0.6071428571428571,T_ESCA_vs_rest,1,svm
1742,cosg,0.3617433796443407,0.25,0.34782608695652173,0.5714285714285714,T_ESCA_vs_rest,1,svm
1743,cosg,0.3869646719943558,0.22857142857142856,0.3463203463203463,0.7142857142857143,T_ESCA_vs_rest,2,svm
1744,cosg,0.38981059047033934,0.22105263157894736,0.34146341463414637,0.75,T_ESCA_vs_rest,2,svm
1745,cosg,0.36495324827137,0.2215568862275449,0.33183856502242154,0.6607142857142857,T_ESCA_vs_rest,2,svm
1746,cosg,0.31881809066067274,0.1791044776119403,0.2801556420233463,0.6428571428571429,T_ESCA_vs_rest,3,svm
1747,cosg,0.377989770730568,0.19166666666666668,0.3108108108108108,0.8214285714285714,T_ESCA_vs_rest,3,svm
1748,cosg,0.3639048498870275,0.2,0.31417624521072796,0.7321428571428571,T_ESCA_vs_rest,3,svm
1749,cosg,0.31881809066067274,0.1791044776119403,0.2801556420233463,0.6428571428571429,T_ESCA_vs_rest,4,svm
1750,cosg,0.39880631943129197,0.21100917431192662,0.3357664233576642,0.8214285714285714,T_ESCA_vs_rest,4,svm
1751,cosg,0.3473225272037934,0.19306930693069307,0.3023255813953488,0.6964285714285714,T_ESCA_vs_rest,4,svm
1752,cosg,0.3231463468638638,0.178743961352657,0.2813688212927757,0.6607142857142857,T_ESCA_vs_rest,5,svm
1753,cosg,0.3870952876713271,0.2,0.32167832167832167,0.8214285714285714,T_ESCA_vs_rest,5,svm
1754,cosg,0.3542570331727824,0.19069767441860466,0.3025830258302583,0.7321428571428571,T_ESCA_vs_rest,5,svm
1755,cosg,0.33101424251794287,0.18181818181818182,0.28679245283018867,0.6785714285714286,T_ESCA_vs_rest,6,svm
1756,cosg,0.3889851106531412,0.20175438596491227,0.323943661971831,0.8214285714285714,T_ESCA_vs_rest,6,svm
1757,cosg,0.3589983960905036,0.19523809523809524,0.3082706766917293,0.7321428571428571,T_ESCA_vs_rest,6,svm
1758,cosg,0.41067774408606716,0.19014084507042253,0.3176470588235294,0.9642857142857143,T_ESCA_vs_rest,7,svm
1759,cosg,0.3880258864494685,0.17491749174917492,0.29526462395543174,0.9464285714285714,T_ESCA_vs_rest,7,svm
1760,cosg,0.4240278743339979,0.20149253731343283,0.3333333333333333,0.9642857142857143,T_ESCA_vs_rest,7,svm
1761,cosg,0.4090855032126853,0.1888111888111888,0.3157894736842105,0.9642857142857143,T_ESCA_vs_rest,8,svm
1762,cosg,0.3880258864494685,0.17491749174917492,0.29526462395543174,0.9464285714285714,T_ESCA_vs_rest,8,svm
1763,cosg,0.42490051457113437,0.20224719101123595,0.33436532507739936,0.9642857142857143,T_ESCA_vs_rest,8,svm
1764,cosg,0.3991759394854475,0.1840277777777778,0.3081395348837209,0.9464285714285714,T_ESCA_vs_rest,9,svm
1765,cosg,0.3954446448513867,0.17763157894736842,0.3,0.9642857142857143,T_ESCA_vs_rest,9,svm
1766,cosg,0.42063809233111116,0.20229007633587787,0.3333333333333333,0.9464285714285714,T_ESCA_vs_rest,9,svm
1767,cosg,0.3998635322930015,0.19172932330827067,0.3167701863354037,0.9107142857142857,T_ESCA_vs_rest,10,svm
1768,cosg,0.4051743992156213,0.18556701030927836,0.3112391930835735,0.9642857142857143,T_ESCA_vs_rest,10,svm
1769,cosg,0.4373947963518065,0.21721311475409835,0.35333333333333333,0.9464285714285714,T_ESCA_vs_rest,10,svm
1770,cosg,0.4043071091602629,0.1918819188191882,0.3180428134556575,0.9285714285714286,T_ESCA_vs_rest,11,svm
1771,cosg,0.4214380319502684,0.1992619926199262,0.3302752293577982,0.9642857142857143,T_ESCA_vs_rest,11,svm
1772,cosg,0.4485468340634205,0.22746781115879827,0.36678200692041524,0.9464285714285714,T_ESCA_vs_rest,11,svm
1773,cosg,0.39312780640684364,0.17905405405405406,0.30113636363636365,0.9464285714285714,T_ESCA_vs_rest,12,svm
1774,cosg,0.41888941251743184,0.19708029197080293,0.32727272727272727,0.9642857142857143,T_ESCA_vs_rest,12,svm
1775,cosg,0.4278725893667301,0.20866141732283464,0.3419354838709677,0.9464285714285714,T_ESCA_vs_rest,12,svm
1776,cosg,0.4111974607890205,0.19413919413919414,0.3221884498480243,0.9464285714285714,T_ESCA_vs_rest,13,svm
1777,cosg,0.4142562638679505,0.1896551724137931,0.3179190751445087,0.9821428571428571,T_ESCA_vs_rest,13,svm
1778,cosg,0.424214676517762,0.2054263565891473,0.3375796178343949,0.9464285714285714,T_ESCA_vs_rest,13,svm
1779,cosg,0.42366222663833203,0.20883534136546184,0.34098360655737703,0.9285714285714286,T_ESCA_vs_rest,14,svm
1780,cosg,0.4300034933452712,0.2029520295202952,0.3363914373088685,0.9821428571428571,T_ESCA_vs_rest,14,svm
1781,cosg,0.4354454809003768,0.21544715447154472,0.3509933774834437,0.9464285714285714,T_ESCA_vs_rest,14,svm
1782,cosg,0.4044038211628284,0.18493150684931506,0.3103448275862069,0.9642857142857143,T_ESCA_vs_rest,15,svm
1783,cosg,0.38815984655817587,0.1687116564417178,0.2879581151832461,0.9821428571428571,T_ESCA_vs_rest,15,svm
1784,cosg,0.42058396769577233,0.19852941176470587,0.32926829268292684,0.9642857142857143,T_ESCA_vs_rest,15,svm
1785,cosg,0.39612198700071755,0.1815068493150685,0.3045977011494253,0.9464285714285714,T_ESCA_vs_rest,16,svm
1786,cosg,0.38815984655817587,0.1687116564417178,0.2879581151832461,0.9821428571428571,T_ESCA_vs_rest,16,svm
1787,cosg,0.42058396769577233,0.19852941176470587,0.32926829268292684,0.9642857142857143,T_ESCA_vs_rest,16,svm
1788,cosg,0.39687979172646876,0.18213058419243985,0.30547550432276654,0.9464285714285714,T_ESCA_vs_rest,17,svm
1789,cosg,0.38815984655817587,0.1687116564417178,0.2879581151832461,0.9821428571428571,T_ESCA_vs_rest,17,svm
1790,cosg,0.4197344416324391,0.1978021978021978,0.3282674772036474,0.9642857142857143,T_ESCA_vs_rest,17,svm
1791,cosg,0.4098796033575677,0.18947368421052632,0.31671554252199413,0.9642857142857143,T_ESCA_vs_rest,18,svm
1792,cosg,0.4013824131351181,0.1791530944625407,0.30303030303030304,0.9821428571428571,T_ESCA_vs_rest,18,svm
1793,cosg,0.43205654916330033,0.2084942084942085,0.34285714285714286,0.9642857142857143,T_ESCA_vs_rest,18,svm
1794,cosg,0.4090855032126853,0.1888111888111888,0.3157894736842105,0.9642857142857143,T_ESCA_vs_rest,19,svm
1795,cosg,0.3985021809285878,0.17684887459807075,0.2997275204359673,0.9821428571428571,T_ESCA_vs_rest,19,svm
1796,cosg,0.4302377411184607,0.20689655172413793,0.34069400630914826,0.9642857142857143,T_ESCA_vs_rest,19,svm
1797,cosg,0.41228628966280484,0.19148936170212766,0.31952662721893493,0.9642857142857143,T_ESCA_vs_rest,20,svm
1798,cosg,0.40065729517281873,0.17857142857142858,0.3021978021978022,0.9821428571428571,T_ESCA_vs_rest,20,svm
1799,cosg,0.41888941251743184,0.19708029197080293,0.32727272727272727,0.9642857142857143,T_ESCA_vs_rest,20,svm
1800,scanpy_wilcoxon,0.4070315913180109,0.20588235294117646,0.3333333333333333,0.875,T_ESCA_vs_rest,1,svm
1801,scanpy_wilcoxon,0.40556008724460385,0.20869565217391303,0.3356643356643357,0.8571428571428571,T_ESCA_vs_rest,1,svm
1802,scanpy_wilcoxon,0.41879209325826783,0.22119815668202766,0.3516483516483517,0.8571428571428571,T_ESCA_vs_rest,1,svm
1803,scanpy_wilcoxon,0.3970171942754127,0.200836820083682,0.3254237288135593,0.8571428571428571,T_ESCA_vs_rest,2,svm
1804,scanpy_wilcoxon,0.4036203348017741,0.20689655172413793,0.3333333333333333,0.8571428571428571,T_ESCA_vs_rest,2,svm
1805,scanpy_wilcoxon,0.4177338366998219,0.22018348623853212,0.35036496350364965,0.8571428571428571,T_ESCA_vs_rest,2,svm
1806,scanpy_wilcoxon,0.3962318329463203,0.19230769230769232,0.31645569620253167,0.8928571428571429,T_ESCA_vs_rest,3,svm
1807,scanpy_wilcoxon,0.40154375366420125,0.19318181818181818,0.31875,0.9107142857142857,T_ESCA_vs_rest,3,svm
1808,scanpy_wilcoxon,0.41848070078367333,0.20816326530612245,0.3388704318936877,0.9107142857142857,T_ESCA_vs_rest,3,svm
1809,scanpy_wilcoxon,0.40708627002054243,0.1906474820143885,0.31736526946107785,0.9464285714285714,T_ESCA_vs_rest,4,svm
1810,scanpy_wilcoxon,0.4034816074743707,0.19117647058823528,0.3170731707317073,0.9285714285714286,T_ESCA_vs_rest,4,svm
1811,scanpy_wilcoxon,0.4269503132753863,0.20784313725490197,0.3408360128617363,0.9464285714285714,T_ESCA_vs_rest,4,svm
1812,scanpy_wilcoxon,0.4046705155685196,0.18861209964412812,0.314540059347181,0.9464285714285714,T_ESCA_vs_rest,5,svm
1813,scanpy_wilcoxon,0.3908425940742729,0.18055555555555555,0.3023255813953488,0.9285714285714286,T_ESCA_vs_rest,5,svm
1814,scanpy_wilcoxon,0.41887933764880314,0.20075757575757575,0.33125,0.9464285714285714,T_ESCA_vs_rest,5,svm
1815,scanpy_wilcoxon,0.39328425482503676,0.1758957654723127,0.2975206611570248,0.9642857142857143,T_ESCA_vs_rest,6,svm
1816,scanpy_wilcoxon,0.38292161841493666,0.16770186335403728,0.2857142857142857,0.9642857142857143,T_ESCA_vs_rest,6,svm
1817,scanpy_wilcoxon,0.3832562104349118,0.17770034843205576,0.29737609329446063,0.9107142857142857,T_ESCA_vs_rest,6,svm
1818,scanpy_wilcoxon,0.39993556858741636,0.1779935275080906,0.3013698630136986,0.9821428571428571,T_ESCA_vs_rest,7,svm
1819,scanpy_wilcoxon,0.3776745636095629,0.16363636363636364,0.27979274611398963,0.9642857142857143,T_ESCA_vs_rest,7,svm
1820,scanpy_wilcoxon,0.3908425940742729,0.18055555555555555,0.3023255813953488,0.9285714285714286,T_ESCA_vs_rest,7,svm
1821,scanpy_wilcoxon,0.40284293367121304,0.18032786885245902,0.3047091412742382,0.9821428571428571,T_ESCA_vs_rest,8,svm
1822,scanpy_wilcoxon,0.3776745636095629,0.16363636363636364,0.27979274611398963,0.9642857142857143,T_ESCA_vs_rest,8,svm
1823,scanpy_wilcoxon,0.39390575600947186,0.18309859154929578,0.3058823529411765,0.9285714285714286,T_ESCA_vs_rest,8,svm
1824,scanpy_wilcoxon,0.39993556858741636,0.1779935275080906,0.3013698630136986,0.9821428571428571,T_ESCA_vs_rest,9,svm
1825,scanpy_wilcoxon,0.3657795884023853,0.16049382716049382,0.2736842105263158,0.9285714285714286,T_ESCA_vs_rest,9,svm
1826,scanpy_wilcoxon,0.3863610588161474,0.17687074829931973,0.29714285714285715,0.9285714285714286,T_ESCA_vs_rest,9,svm
1827,scanpy_wilcoxon,0.38421289328288005,0.16566265060240964,0.28350515463917525,0.9821428571428571,T_ESCA_vs_rest,10,svm
1828,scanpy_wilcoxon,0.3582622061383257,0.1518624641833811,0.2617283950617284,0.9464285714285714,T_ESCA_vs_rest,10,svm
1829,scanpy_wilcoxon,0.40627684764654803,0.18996415770609318,0.3164179104477612,0.9464285714285714,T_ESCA_vs_rest,10,svm
1830,scanpy_wilcoxon,0.39921720614777034,0.1774193548387097,0.3005464480874317,0.9821428571428571,T_ESCA_vs_rest,11,svm
1831,scanpy_wilcoxon,0.3648470824273797,0.15680473372781065,0.26903553299492383,0.9464285714285714,T_ESCA_vs_rest,11,svm
1832,scanpy_wilcoxon,0.41228628966280484,0.19148936170212766,0.31952662721893493,0.9642857142857143,T_ESCA_vs_rest,11,svm
1833,scanpy_wilcoxon,0.41473762230424155,0.18666666666666668,0.3146067415730337,1.0,T_ESCA_vs_rest,12,svm
1834,scanpy_wilcoxon,0.36546091388329033,0.1572700296735905,0.2697201017811705,0.9464285714285714,T_ESCA_vs_rest,12,svm
1835,scanpy_wilcoxon,0.4222966761715221,0.2,0.3312883435582822,0.9642857142857143,T_ESCA_vs_rest,12,svm
1836,scanpy_wilcoxon,0.40655555117912107,0.18333333333333332,0.3089887640449438,0.9821428571428571,T_ESCA_vs_rest,13,svm
1837,scanpy_wilcoxon,0.36919951356778735,0.16012084592145015,0.2739018087855297,0.9464285714285714,T_ESCA_vs_rest,13,svm
1838,scanpy_wilcoxon,0.42913514780647316,0.20220588235294118,0.3353658536585366,0.9821428571428571,T_ESCA_vs_rest,13,svm
1839,scanpy_wilcoxon,0.4109647566574899,0.18360655737704917,0.31024930747922436,1.0,T_ESCA_vs_rest,14,svm
1840,scanpy_wilcoxon,0.38292161841493666,0.16770186335403728,0.2857142857142857,0.9642857142857143,T_ESCA_vs_rest,14,svm
1841,scanpy_wilcoxon,0.40627684764654803,0.18996415770609318,0.3164179104477612,0.9464285714285714,T_ESCA_vs_rest,14,svm
1842,scanpy_wilcoxon,0.4094805714451994,0.18241042345276873,0.3085399449035813,1.0,T_ESCA_vs_rest,15,svm
1843,scanpy_wilcoxon,0.38292161841493666,0.16770186335403728,0.2857142857142857,0.9642857142857143,T_ESCA_vs_rest,15,svm
1844,scanpy_wilcoxon,0.4171397823547124,0.19924812030075187,0.32919254658385094,0.9464285714285714,T_ESCA_vs_rest,15,svm
1845,scanpy_wilcoxon,0.41473762230424155,0.18666666666666668,0.3146067415730337,1.0,T_ESCA_vs_rest,16,svm
1846,scanpy_wilcoxon,0.3890534335144987,0.17252396166134185,0.2926829268292683,0.9642857142857143,T_ESCA_vs_rest,16,svm
1847,scanpy_wilcoxon,0.42490051457113437,0.20224719101123595,0.33436532507739936,0.9642857142857143,T_ESCA_vs_rest,16,svm
1848,scanpy_wilcoxon,0.41550312984972254,0.18729096989966554,0.3154929577464789,1.0,T_ESCA_vs_rest,17,svm
1849,scanpy_wilcoxon,0.38975041822127116,0.17307692307692307,0.29347826086956524,0.9642857142857143,T_ESCA_vs_rest,17,svm
1850,scanpy_wilcoxon,0.41627709251410194,0.19850187265917604,0.3281733746130031,0.9464285714285714,T_ESCA_vs_rest,17,svm
1851,scanpy_wilcoxon,0.4217636141939265,0.19243986254295534,0.3227665706051873,1.0,T_ESCA_vs_rest,18,svm
1852,scanpy_wilcoxon,0.40211095001579006,0.17973856209150327,0.30386740331491713,0.9821428571428571,T_ESCA_vs_rest,18,svm
1853,scanpy_wilcoxon,0.43297361811240975,0.20930232558139536,0.34394904458598724,0.9642857142857143,T_ESCA_vs_rest,18,svm
1854,scanpy_wilcoxon,0.41346900670477393,0.18900343642611683,0.3170028818443804,0.9821428571428571,T_ESCA_vs_rest,19,svm
1855,scanpy_wilcoxon,0.4058059044523743,0.18272425249169436,0.3081232492997199,0.9821428571428571,T_ESCA_vs_rest,19,svm
1856,scanpy_wilcoxon,0.44841044600869767,0.21912350597609562,0.3583061889250814,0.9821428571428571,T_ESCA_vs_rest,19,svm
1857,scanpy_wilcoxon,0.4190637381243648,0.1936619718309859,0.3235294117647059,0.9821428571428571,T_ESCA_vs_rest,20,svm
1858,scanpy_wilcoxon,0.4058059044523743,0.18272425249169436,0.3081232492997199,0.9821428571428571,T_ESCA_vs_rest,20,svm
1859,scanpy_wilcoxon,0.44243750374190277,0.21774193548387097,0.35526315789473684,0.9642857142857143,T_ESCA_vs_rest,20,svm
1860,scanpy_t-test,0.24697045409049825,0.08665511265164645,0.1579778830963665,0.8928571428571429,T_ESCA_vs_rest,1,svm
1861,scanpy_t-test,0.2442407873876385,0.08517887563884156,0.15552099533437014,0.8928571428571429,T_ESCA_vs_rest,1,svm
1862,scanpy_t-test,0.25456530546909556,0.08589951377633712,0.1575037147102526,0.9464285714285714,T_ESCA_vs_rest,1,svm
1863,scanpy_t-test,0.289905245621325,0.11421911421911422,0.2020618556701031,0.875,T_ESCA_vs_rest,2,svm
1864,scanpy_t-test,0.29630361698860175,0.11182795698924732,0.19961612284069097,0.9285714285714286,T_ESCA_vs_rest,2,svm
1865,scanpy_t-test,0.296986557483816,0.1101871101871102,0.1973929236499069,0.9464285714285714,T_ESCA_vs_rest,2,svm
1866,scanpy_t-test,0.30461751177494484,0.12165450121654502,0.21413276231263384,0.8928571428571429,T_ESCA_vs_rest,3,svm
1867,scanpy_t-test,0.30299594934326773,0.11607142857142858,0.20634920634920634,0.9285714285714286,T_ESCA_vs_rest,3,svm
1868,scanpy_t-test,0.311108890630409,0.11910112359550562,0.21157684630738524,0.9464285714285714,T_ESCA_vs_rest,3,svm
1869,scanpy_t-test,0.3438134256908126,0.14133333333333334,0.2459396751740139,0.9464285714285714,T_ESCA_vs_rest,4,svm
1870,scanpy_t-test,0.34026750325540683,0.13381995133819952,0.23554603854389722,0.9821428571428571,T_ESCA_vs_rest,4,svm
1871,scanpy_t-test,0.35183866459462476,0.13930348258706468,0.2445414847161572,1.0,T_ESCA_vs_rest,4,svm
1872,scanpy_t-test,0.3432863688328973,0.14095744680851063,0.24537037037037038,0.9464285714285714,T_ESCA_vs_rest,5,svm
1873,scanpy_t-test,0.34171008781839723,0.13480392156862744,0.23706896551724138,0.9821428571428571,T_ESCA_vs_rest,5,svm
1874,scanpy_t-test,0.3523408824315359,0.1396508728179551,0.24507658643326038,1.0,T_ESCA_vs_rest,5,svm
1875,scanpy_t-test,0.3636379889233332,0.15027322404371585,0.26066350710900477,0.9821428571428571,T_ESCA_vs_rest,6,svm
1876,scanpy_t-test,0.36223649240798356,0.14659685863874344,0.2557077625570776,1.0,T_ESCA_vs_rest,6,svm
1877,scanpy_t-test,0.374027772969888,0.15512465373961218,0.2685851318944844,1.0,T_ESCA_vs_rest,6,svm
1878,scanpy_t-test,0.43297361811240975,0.20930232558139536,0.34394904458598724,0.9642857142857143,T_ESCA_vs_rest,7,svm
1879,scanpy_t-test,0.41171213970325027,0.18421052631578946,0.3111111111111111,1.0,T_ESCA_vs_rest,7,svm
1880,scanpy_t-test,0.45049150130170523,0.21705426356589147,0.35668789808917195,1.0,T_ESCA_vs_rest,7,svm
1881,scanpy_t-test,0.4417325597070575,0.2131782945736434,0.3503184713375796,0.9821428571428571,T_ESCA_vs_rest,8,svm
1882,scanpy_t-test,0.410220910130947,0.1830065359477124,0.30939226519337015,1.0,T_ESCA_vs_rest,8,svm
1883,scanpy_t-test,0.442670318589304,0.2140077821011673,0.3514376996805112,0.9821428571428571,T_ESCA_vs_rest,8,svm
1884,scanpy_t-test,0.44396592682414393,0.21132075471698114,0.34890965732087226,1.0,T_ESCA_vs_rest,9,svm
1885,scanpy_t-test,0.4241759757189712,0.19444444444444445,0.32558139534883723,1.0,T_ESCA_vs_rest,9,svm
1886,scanpy_t-test,0.48629429064071084,0.25,0.4,1.0,T_ESCA_vs_rest,9,svm
1887,scanpy_t-test,0.465384244031448,0.23045267489711935,0.3745819397993311,1.0,T_ESCA_vs_rest,10,svm
1888,scanpy_t-test,0.4524034624344276,0.21875,0.358974358974359,1.0,T_ESCA_vs_rest,10,svm
1889,scanpy_t-test,0.5096243580882363,0.2777777777777778,0.4330708661417323,0.9821428571428571,T_ESCA_vs_rest,10,svm
1890,scanpy_t-test,0.46690176593063915,0.23605150214592274,0.3806228373702422,0.9821428571428571,T_ESCA_vs_rest,11,svm
1891,scanpy_t-test,0.45927043280996444,0.2248995983935743,0.36721311475409835,1.0,T_ESCA_vs_rest,11,svm
1892,scanpy_t-test,0.5209257757500378,0.28426395939086296,0.4426877470355731,1.0,T_ESCA_vs_rest,11,svm
1893,scanpy_t-test,0.47694861401785216,0.24553571428571427,0.39285714285714285,0.9821428571428571,T_ESCA_vs_rest,12,svm
1894,scanpy_t-test,0.465384244031448,0.23045267489711935,0.3745819397993311,1.0,T_ESCA_vs_rest,12,svm
1895,scanpy_t-test,0.5281096440694966,0.2916666666666667,0.45161290322580644,1.0,T_ESCA_vs_rest,12,svm
1896,scanpy_t-test,0.531060550105771,0.29473684210526313,0.45528455284552843,1.0,T_ESCA_vs_rest,13,svm
1897,scanpy_t-test,0.5195210399072352,0.2828282828282828,0.4409448818897638,1.0,T_ESCA_vs_rest,13,svm
1898,scanpy_t-test,0.5459168139885483,0.3160919540229885,0.4782608695652174,0.9821428571428571,T_ESCA_vs_rest,13,svm
1899,scanpy_t-test,0.531060550105771,0.29473684210526313,0.45528455284552843,1.0,T_ESCA_vs_rest,14,svm
1900,scanpy_t-test,0.5223410098591881,0.2857142857142857,0.4444444444444444,1.0,T_ESCA_vs_rest,14,svm
1901,scanpy_t-test,0.565113434776307,0.3374233128834356,0.502283105022831,0.9821428571428571,T_ESCA_vs_rest,14,svm
1902,scanpy_t-test,0.5401939637561778,0.30434782608695654,0.4666666666666667,1.0,T_ESCA_vs_rest,15,svm
1903,scanpy_t-test,0.5386415725612247,0.3027027027027027,0.46473029045643155,1.0,T_ESCA_vs_rest,15,svm
1904,scanpy_t-test,0.5725735809790323,0.34591194968553457,0.5116279069767442,0.9821428571428571,T_ESCA_vs_rest,15,svm
1905,scanpy_t-test,0.5481460397807967,0.3128491620111732,0.4765957446808511,1.0,T_ESCA_vs_rest,16,svm
1906,scanpy_t-test,0.5237668761665525,0.28717948717948716,0.44621513944223107,1.0,T_ESCA_vs_rest,16,svm
1907,scanpy_t-test,0.5725735809790323,0.34591194968553457,0.5116279069767442,0.9821428571428571,T_ESCA_vs_rest,16,svm
1908,scanpy_t-test,0.5426175220562942,0.3125,0.47413793103448276,0.9821428571428571,T_ESCA_vs_rest,17,svm
1909,scanpy_t-test,0.525203511013001,0.28865979381443296,0.448,1.0,T_ESCA_vs_rest,17,svm
1910,scanpy_t-test,0.5803153214668005,0.3548387096774194,0.5213270142180095,0.9821428571428571,T_ESCA_vs_rest,17,svm
1911,scanpy_t-test,0.5481460397807967,0.3128491620111732,0.4765957446808511,1.0,T_ESCA_vs_rest,18,svm
1912,scanpy_t-test,0.5281096440694966,0.2916666666666667,0.45161290322580644,1.0,T_ESCA_vs_rest,18,svm
1913,scanpy_t-test,0.5759572004005143,0.34355828220858897,0.5114155251141552,1.0,T_ESCA_vs_rest,18,svm
1914,scanpy_t-test,0.5433362498573071,0.3076923076923077,0.47058823529411764,1.0,T_ESCA_vs_rest,19,svm
1915,scanpy_t-test,0.525203511013001,0.28865979381443296,0.448,1.0,T_ESCA_vs_rest,19,svm
1916,scanpy_t-test,0.568809400086528,0.3416149068322981,0.5069124423963134,0.9821428571428571,T_ESCA_vs_rest,19,svm
1917,scanpy_t-test,0.5433362498573071,0.3076923076923077,0.47058823529411764,1.0,T_ESCA_vs_rest,20,svm
1918,scanpy_t-test,0.5281096440694966,0.2916666666666667,0.45161290322580644,1.0,T_ESCA_vs_rest,20,svm
1919,scanpy_t-test,0.568809400086528,0.3416149068322981,0.5069124423963134,0.9821428571428571,T_ESCA_vs_rest,20,svm
1920,yomix,0.4464329596398875,0.21645021645021645,0.3546099290780142,0.9803921568627451,T_GBM_vs_rest,1,svm
1921,yomix,0.43434859735657977,0.21428571428571427,0.3490909090909091,0.9411764705882353,T_GBM_vs_rest,1,svm
1922,yomix,0.4617547366003745,0.2304147465437788,0.373134328358209,0.9803921568627451,T_GBM_vs_rest,1,svm
1923,yomix,0.4593057931953756,0.2236842105263158,0.3655913978494624,1.0,T_GBM_vs_rest,2,svm
1924,yomix,0.4655670262013493,0.2436548223350254,0.3870967741935484,0.9411764705882353,T_GBM_vs_rest,2,svm
1925,yomix,0.479861252672687,0.24752475247524752,0.3952569169960474,0.9803921568627451,T_GBM_vs_rest,2,svm
1926,yomix,0.458223762982771,0.22270742358078602,0.36428571428571427,1.0,T_GBM_vs_rest,3,svm
1927,yomix,0.46055870686639555,0.23880597014925373,0.38095238095238093,0.9411764705882353,T_GBM_vs_rest,3,svm
1928,yomix,0.4785935728793683,0.24630541871921183,0.3937007874015748,0.9803921568627451,T_GBM_vs_rest,3,svm
1929,yomix,0.46370425148988875,0.22767857142857142,0.3709090909090909,1.0,T_GBM_vs_rest,4,svm
1930,yomix,0.47336500700522993,0.2513089005235602,0.39669421487603307,0.9411764705882353,T_GBM_vs_rest,4,svm
1931,yomix,0.4916996380265869,0.25906735751295334,0.4098360655737705,0.9803921568627451,T_GBM_vs_rest,4,svm
1932,yomix,0.46707916080253625,0.23076923076923078,0.375,1.0,T_GBM_vs_rest,5,svm
1933,yomix,0.4930405809217359,0.2711864406779661,0.42105263157894735,0.9411764705882353,T_GBM_vs_rest,5,svm
1934,yomix,0.5014816455150448,0.26881720430107525,0.4219409282700422,0.9803921568627451,T_GBM_vs_rest,5,svm
1935,yomix,0.4659467843989836,0.22972972972972974,0.37362637362637363,1.0,T_GBM_vs_rest,6,svm
1936,yomix,0.4900923784072204,0.2681564245810056,0.41739130434782606,0.9411764705882353,T_GBM_vs_rest,6,svm
1937,yomix,0.5029232140155507,0.2702702702702703,0.423728813559322,0.9803921568627451,T_GBM_vs_rest,6,svm
1938,yomix,0.46370425148988875,0.22767857142857142,0.3709090909090909,1.0,T_GBM_vs_rest,7,svm
1939,yomix,0.4787657495481296,0.25668449197860965,0.40336134453781514,0.9411764705882353,T_GBM_vs_rest,7,svm
1940,yomix,0.5000514055226141,0.26737967914438504,0.42016806722689076,0.9803921568627451,T_GBM_vs_rest,7,svm
1941,yomix,0.46039478000239104,0.22466960352422907,0.3669064748201439,1.0,T_GBM_vs_rest,8,svm
1942,yomix,0.49417886997467075,0.2781065088757396,0.42727272727272725,0.9215686274509803,T_GBM_vs_rest,8,svm
1943,yomix,0.5014816455150448,0.26881720430107525,0.4219409282700422,0.9803921568627451,T_GBM_vs_rest,8,svm
1944,yomix,0.47168470968949416,0.2350230414746544,0.3805970149253731,1.0,T_GBM_vs_rest,9,svm
1945,yomix,0.4973252237583692,0.281437125748503,0.43119266055045874,0.9215686274509803,T_GBM_vs_rest,9,svm
1946,yomix,0.4916996380265869,0.25906735751295334,0.4098360655737705,0.9803921568627451,T_GBM_vs_rest,9,svm
1947,yomix,0.4693665537634084,0.2328767123287671,0.37777777777777777,1.0,T_GBM_vs_rest,10,svm
1948,yomix,0.5151407179293238,0.294478527607362,0.4485981308411215,0.9411764705882353,T_GBM_vs_rest,10,svm
1949,yomix,0.4944407657822482,0.2617801047120419,0.4132231404958678,0.9803921568627451,T_GBM_vs_rest,10,svm
1950,yomix,0.47052174245698913,0.23394495412844038,0.379182156133829,1.0,T_GBM_vs_rest,11,svm
1951,yomix,0.5632307103572832,0.3560606060606061,0.5136612021857924,0.9215686274509803,T_GBM_vs_rest,11,svm
1952,yomix,0.5103064484834687,0.2777777777777778,0.4329004329004329,0.9803921568627451,T_GBM_vs_rest,11,svm
1953,yomix,0.47052174245698913,0.23394495412844038,0.379182156133829,1.0,T_GBM_vs_rest,12,svm
1954,yomix,0.5469315051264989,0.3515625,0.5027932960893855,0.8823529411764706,T_GBM_vs_rest,12,svm
1955,yomix,0.5103064484834687,0.2777777777777778,0.4329004329004329,0.9803921568627451,T_GBM_vs_rest,12,svm
1956,yomix,0.47052174245698913,0.23394495412844038,0.379182156133829,1.0,T_GBM_vs_rest,13,svm
1957,yomix,0.5469315051264989,0.3515625,0.5027932960893855,0.8823529411764706,T_GBM_vs_rest,13,svm
1958,yomix,0.5148825994158983,0.2824858757062147,0.43859649122807015,0.9803921568627451,T_GBM_vs_rest,13,svm
1959,yomix,0.48501742989841473,0.24757281553398058,0.3968871595330739,1.0,T_GBM_vs_rest,14,svm
1960,yomix,0.5514874912343151,0.35714285714285715,0.5084745762711864,0.8823529411764706,T_GBM_vs_rest,14,svm
1961,yomix,0.524386084128978,0.29239766081871343,0.45045045045045046,0.9803921568627451,T_GBM_vs_rest,14,svm
1962,yomix,0.4927380742023469,0.255,0.4063745019920319,1.0,T_GBM_vs_rest,15,svm
1963,yomix,0.5561513027674448,0.3629032258064516,0.5142857142857142,0.8823529411764706,T_GBM_vs_rest,15,svm
1964,yomix,0.5449498551230783,0.31446540880503143,0.47619047619047616,0.9803921568627451,T_GBM_vs_rest,15,svm
1965,yomix,0.4927380742023469,0.255,0.4063745019920319,1.0,T_GBM_vs_rest,16,svm
1966,yomix,0.5469315051264989,0.3515625,0.5027932960893855,0.8823529411764706,T_GBM_vs_rest,16,svm
1967,yomix,0.5486001129648843,0.3184713375796178,0.4807692307692308,0.9803921568627451,T_GBM_vs_rest,16,svm
1968,yomix,0.4875539651101215,0.25,0.4,1.0,T_GBM_vs_rest,17,svm
1969,yomix,0.5469315051264989,0.3515625,0.5027932960893855,0.8823529411764706,T_GBM_vs_rest,17,svm
1970,yomix,0.5599747774310162,0.33112582781456956,0.49504950495049505,0.9803921568627451,T_GBM_vs_rest,17,svm
1971,yomix,0.48883594228481936,0.2512315270935961,0.4015748031496063,1.0,T_GBM_vs_rest,18,svm
1972,yomix,0.5609273273382714,0.36885245901639346,0.5202312138728323,0.8823529411764706,T_GBM_vs_rest,18,svm
1973,yomix,0.5580122813770659,0.3356164383561644,0.49746192893401014,0.9607843137254902,T_GBM_vs_rest,18,svm
1974,yomix,0.5151000997623976,0.27717391304347827,0.4340425531914894,1.0,T_GBM_vs_rest,19,svm
1975,yomix,0.5609273273382714,0.36885245901639346,0.5202312138728323,0.8823529411764706,T_GBM_vs_rest,19,svm
1976,yomix,0.5798588569673335,0.3469387755102041,0.5151515151515151,1.0,T_GBM_vs_rest,19,svm
1977,yomix,0.5456813815159984,0.3090909090909091,0.4722222222222222,1.0,T_GBM_vs_rest,20,svm
1978,yomix,0.6081841586791092,0.41228070175438597,0.5696969696969697,0.9215686274509803,T_GBM_vs_rest,20,svm
1979,yomix,0.5961807296895866,0.373134328358209,0.5405405405405406,0.9803921568627451,T_GBM_vs_rest,20,svm
1980,cosg,0.4593057931953756,0.2236842105263158,0.3655913978494624,1.0,T_GBM_vs_rest,1,svm
1981,cosg,0.4349347318272111,0.23404255319148937,0.3682008368200837,0.8627450980392157,T_GBM_vs_rest,1,svm
1982,cosg,0.4930649683561529,0.2604166666666667,0.411522633744856,0.9803921568627451,T_GBM_vs_rest,1,svm
1983,cosg,0.4776194104176894,0.24056603773584906,0.38783269961977185,1.0,T_GBM_vs_rest,2,svm
1984,cosg,0.48863632300111376,0.26666666666666666,0.4155844155844156,0.9411764705882353,T_GBM_vs_rest,2,svm
1985,cosg,0.5118193091742695,0.27932960893854747,0.43478260869565216,0.9803921568627451,T_GBM_vs_rest,2,svm
1986,cosg,0.4875539651101215,0.25,0.4,1.0,T_GBM_vs_rest,3,svm
1987,cosg,0.5021498593757102,0.2865853658536585,0.4372093023255814,0.9215686274509803,T_GBM_vs_rest,3,svm
1988,cosg,0.524386084128978,0.29239766081871343,0.45045045045045046,0.9803921568627451,T_GBM_vs_rest,3,svm
1989,cosg,0.5092486123787165,0.2712765957446808,0.42677824267782427,1.0,T_GBM_vs_rest,4,svm
1990,cosg,0.5219737833593031,0.3018867924528302,0.45714285714285713,0.9411764705882353,T_GBM_vs_rest,4,svm
1991,cosg,0.5395994241490032,0.30864197530864196,0.4694835680751174,0.9803921568627451,T_GBM_vs_rest,4,svm
1992,cosg,0.5509862795249059,0.3148148148148148,0.4788732394366197,1.0,T_GBM_vs_rest,5,svm
1993,cosg,0.622576976457767,0.43119266055045874,0.5875,0.9215686274509803,T_GBM_vs_rest,5,svm
1994,cosg,0.6032795859248132,0.3816793893129771,0.5494505494505495,0.9803921568627451,T_GBM_vs_rest,5,svm
1995,cosg,0.558288894043977,0.3227848101265823,0.4880382775119617,1.0,T_GBM_vs_rest,6,svm
1996,cosg,0.6255731302559754,0.4351851851851852,0.5911949685534591,0.9215686274509803,T_GBM_vs_rest,6,svm
1997,cosg,0.6156611270779362,0.3968253968253968,0.5649717514124294,0.9803921568627451,T_GBM_vs_rest,6,svm
1998,cosg,0.5527868456426754,0.3167701863354037,0.4811320754716981,1.0,T_GBM_vs_rest,7,svm
1999,cosg,0.619621203806577,0.42727272727272725,0.5838509316770186,0.9215686274509803,T_GBM_vs_rest,7,svm
2000,cosg,0.6081470302812138,0.3875968992248062,0.5555555555555556,0.9803921568627451,T_GBM_vs_rest,7,svm
2001,cosg,0.5486001129648843,0.3184713375796178,0.4807692307692308,0.9803921568627451,T_GBM_vs_rest,8,svm
2002,cosg,0.6255731302559754,0.4351851851851852,0.5911949685534591,0.9215686274509803,T_GBM_vs_rest,8,svm
2003,cosg,0.6008868356775509,0.3787878787878788,0.546448087431694,0.9803921568627451,T_GBM_vs_rest,8,svm
2004,cosg,0.5699750093374001,0.3424657534246575,0.5076142131979695,0.9803921568627451,T_GBM_vs_rest,9,svm
2005,cosg,0.6511155903096235,0.47,0.6225165562913907,0.9215686274509803,T_GBM_vs_rest,9,svm
2006,cosg,0.6056994762706703,0.38461538461538464,0.5524861878453039,0.9803921568627451,T_GBM_vs_rest,9,svm
2007,cosg,0.593866393920003,0.37037037037037035,0.5376344086021505,0.9803921568627451,T_GBM_vs_rest,10,svm
2008,cosg,0.6316903679412368,0.44339622641509435,0.5987261146496815,0.9215686274509803,T_GBM_vs_rest,10,svm
2009,cosg,0.6056994762706703,0.38461538461538464,0.5524861878453039,0.9803921568627451,T_GBM_vs_rest,10,svm
2010,cosg,0.6131272954210798,0.3937007874015748,0.5617977528089888,0.9803921568627451,T_GBM_vs_rest,11,svm
2011,cosg,0.6728708137313588,0.4803921568627451,0.6405228758169934,0.9607843137254902,T_GBM_vs_rest,11,svm
2012,cosg,0.6802096475361421,0.4807692307692308,0.6451612903225806,0.9803921568627451,T_GBM_vs_rest,11,svm
2013,cosg,0.6261015993171035,0.4098360655737705,0.5780346820809249,0.9803921568627451,T_GBM_vs_rest,12,svm
2014,cosg,0.6724651897260574,0.4897959183673469,0.6442953020134228,0.9411764705882353,T_GBM_vs_rest,12,svm
2015,cosg,0.6735326066162874,0.4716981132075472,0.6369426751592356,0.9803921568627451,T_GBM_vs_rest,12,svm
2016,cosg,0.6287911352632539,0.4132231404958678,0.5813953488372093,0.9803921568627451,T_GBM_vs_rest,13,svm
2017,cosg,0.6760471227424751,0.4948453608247423,0.6486486486486487,0.9411764705882353,T_GBM_vs_rest,13,svm
2018,cosg,0.6702636726477954,0.4672897196261682,0.6329113924050633,0.9803921568627451,T_GBM_vs_rest,13,svm
2019,cosg,0.6287911352632539,0.4132231404958678,0.5813953488372093,0.9803921568627451,T_GBM_vs_rest,14,svm
2020,cosg,0.6689370168005896,0.48484848484848486,0.64,0.9411764705882353,T_GBM_vs_rest,14,svm
2021,cosg,0.6702636726477954,0.4672897196261682,0.6329113924050633,0.9803921568627451,T_GBM_vs_rest,14,svm
2022,cosg,0.6315137546085808,0.4166666666666667,0.5847953216374269,0.9803921568627451,T_GBM_vs_rest,15,svm
2023,cosg,0.6689370168005896,0.48484848484848486,0.64,0.9411764705882353,T_GBM_vs_rest,15,svm
2024,cosg,0.6702636726477954,0.4672897196261682,0.6329113924050633,0.9803921568627451,T_GBM_vs_rest,15,svm
2025,cosg,0.6370610314191103,0.423728813559322,0.591715976331361,0.9803921568627451,T_GBM_vs_rest,16,svm
2026,cosg,0.6724651897260574,0.4897959183673469,0.6442953020134228,0.9411764705882353,T_GBM_vs_rest,16,svm
2027,cosg,0.6638596484652004,0.45871559633027525,0.625,0.9803921568627451,T_GBM_vs_rest,16,svm
2028,cosg,0.659058332262547,0.4434782608695652,0.6144578313253012,1.0,T_GBM_vs_rest,17,svm
2029,cosg,0.6998095459582228,0.5402298850574713,0.6811594202898551,0.9215686274509803,T_GBM_vs_rest,17,svm
2030,cosg,0.7014383606236303,0.5102040816326531,0.6711409395973155,0.9803921568627451,T_GBM_vs_rest,17,svm
2031,cosg,0.6620512050686596,0.4473684210526316,0.6181818181818182,1.0,T_GBM_vs_rest,18,svm
2032,cosg,0.6998095459582228,0.5402298850574713,0.6811594202898551,0.9215686274509803,T_GBM_vs_rest,18,svm
2033,cosg,0.7051645073463879,0.5154639175257731,0.6756756756756757,0.9803921568627451,T_GBM_vs_rest,18,svm
2034,cosg,0.6681552517991564,0.45535714285714285,0.6257668711656442,1.0,T_GBM_vs_rest,19,svm
2035,cosg,0.6998095459582228,0.5402298850574713,0.6811594202898551,0.9215686274509803,T_GBM_vs_rest,19,svm
2036,cosg,0.6870797824787787,0.49019607843137253,0.6535947712418301,0.9803921568627451,T_GBM_vs_rest,19,svm
2037,cosg,0.6681552517991564,0.45535714285714285,0.6257668711656442,1.0,T_GBM_vs_rest,20,svm
2038,cosg,0.7237873329641252,0.5647058823529412,0.7058823529411765,0.9411764705882353,T_GBM_vs_rest,20,svm
2039,cosg,0.6870797824787787,0.49019607843137253,0.6535947712418301,0.9803921568627451,T_GBM_vs_rest,20,svm
2040,scanpy_wilcoxon,0.4593057931953756,0.2236842105263158,0.3655913978494624,1.0,T_GBM_vs_rest,1,svm
2041,scanpy_wilcoxon,0.4349347318272111,0.23404255319148937,0.3682008368200837,0.8627450980392157,T_GBM_vs_rest,1,svm
2042,scanpy_wilcoxon,0.4930649683561529,0.2604166666666667,0.411522633744856,0.9803921568627451,T_GBM_vs_rest,1,svm
2043,scanpy_wilcoxon,0.4593057931953756,0.2236842105263158,0.3655913978494624,1.0,T_GBM_vs_rest,2,svm
2044,scanpy_wilcoxon,0.4655670262013493,0.2436548223350254,0.3870967741935484,0.9411764705882353,T_GBM_vs_rest,2,svm
2045,scanpy_wilcoxon,0.479861252672687,0.24752475247524752,0.3952569169960474,0.9803921568627451,T_GBM_vs_rest,2,svm
2046,scanpy_wilcoxon,0.46707916080253625,0.23076923076923078,0.375,1.0,T_GBM_vs_rest,3,svm
2047,scanpy_wilcoxon,0.4900923784072204,0.2681564245810056,0.41739130434782606,0.9411764705882353,T_GBM_vs_rest,3,svm
2048,scanpy_wilcoxon,0.4972243126054433,0.26455026455026454,0.4166666666666667,0.9803921568627451,T_GBM_vs_rest,3,svm
2049,scanpy_wilcoxon,0.47168470968949416,0.2350230414746544,0.3805970149253731,1.0,T_GBM_vs_rest,4,svm
2050,scanpy_wilcoxon,0.49453306789622314,0.2727272727272727,0.42290748898678415,0.9411764705882353,T_GBM_vs_rest,4,svm
2051,scanpy_wilcoxon,0.4944407657822482,0.2617801047120419,0.4132231404958678,0.9803921568627451,T_GBM_vs_rest,4,svm
2052,scanpy_wilcoxon,0.4693665537634084,0.2328767123287671,0.37777777777777777,1.0,T_GBM_vs_rest,5,svm
2053,scanpy_wilcoxon,0.47469957296977994,0.25263157894736843,0.3983402489626556,0.9411764705882353,T_GBM_vs_rest,5,svm
2054,scanpy_wilcoxon,0.4930649683561529,0.2604166666666667,0.411522633744856,0.9803921568627451,T_GBM_vs_rest,5,svm
2055,scanpy_wilcoxon,0.46370425148988875,0.22767857142857142,0.3709090909090909,1.0,T_GBM_vs_rest,6,svm
2056,scanpy_wilcoxon,0.4829285930280322,0.2608695652173913,0.4085106382978723,0.9411764705882353,T_GBM_vs_rest,6,svm
2057,scanpy_wilcoxon,0.4930649683561529,0.2604166666666667,0.411522633744856,0.9803921568627451,T_GBM_vs_rest,6,svm
2058,scanpy_wilcoxon,0.4648218422059764,0.22869955156950672,0.3722627737226277,1.0,T_GBM_vs_rest,7,svm
2059,scanpy_wilcoxon,0.4900923784072204,0.2681564245810056,0.41739130434782606,0.9411764705882353,T_GBM_vs_rest,7,svm
2060,scanpy_wilcoxon,0.4944407657822482,0.2617801047120419,0.4132231404958678,0.9803921568627451,T_GBM_vs_rest,7,svm
2061,scanpy_wilcoxon,0.4648218422059764,0.22869955156950672,0.3722627737226277,1.0,T_GBM_vs_rest,8,svm
2062,scanpy_wilcoxon,0.5484934040136606,0.3458646616541353,0.5,0.9019607843137255,T_GBM_vs_rest,8,svm
2063,scanpy_wilcoxon,0.4930649683561529,0.2604166666666667,0.411522633744856,0.9803921568627451,T_GBM_vs_rest,8,svm
2064,scanpy_wilcoxon,0.46370425148988875,0.22767857142857142,0.3709090909090909,1.0,T_GBM_vs_rest,9,svm
2065,scanpy_wilcoxon,0.5484934040136606,0.3458646616541353,0.5,0.9019607843137255,T_GBM_vs_rest,9,svm
2066,scanpy_wilcoxon,0.4944407657822482,0.2617801047120419,0.4132231404958678,0.9803921568627451,T_GBM_vs_rest,9,svm
2067,scanpy_wilcoxon,0.4659467843989836,0.22972972972972974,0.37362637362637363,1.0,T_GBM_vs_rest,10,svm
2068,scanpy_wilcoxon,0.5666894931842757,0.368,0.5227272727272727,0.9019607843137255,T_GBM_vs_rest,10,svm
2069,scanpy_wilcoxon,0.4972243126054433,0.26455026455026454,0.4166666666666667,0.9803921568627451,T_GBM_vs_rest,10,svm
2070,scanpy_wilcoxon,0.4776194104176894,0.24056603773584906,0.38783269961977185,1.0,T_GBM_vs_rest,11,svm
2071,scanpy_wilcoxon,0.603064080569715,0.4144144144144144,0.5679012345679012,0.9019607843137255,T_GBM_vs_rest,11,svm
2072,scanpy_wilcoxon,0.5179971668896741,0.2857142857142857,0.4424778761061947,0.9803921568627451,T_GBM_vs_rest,11,svm
2073,scanpy_wilcoxon,0.47052174245698913,0.23394495412844038,0.379182156133829,1.0,T_GBM_vs_rest,12,svm
2074,scanpy_wilcoxon,0.6334830098263688,0.45544554455445546,0.6052631578947368,0.9019607843137255,T_GBM_vs_rest,12,svm
2075,scanpy_wilcoxon,0.5179971668896741,0.2857142857142857,0.4424778761061947,0.9803921568627451,T_GBM_vs_rest,12,svm
2076,scanpy_wilcoxon,0.47168470968949416,0.2350230414746544,0.3805970149253731,1.0,T_GBM_vs_rest,13,svm
2077,scanpy_wilcoxon,0.609828246807408,0.4326923076923077,0.5806451612903226,0.8823529411764706,T_GBM_vs_rest,13,svm
2078,scanpy_wilcoxon,0.5361128095144595,0.3048780487804878,0.46511627906976744,0.9803921568627451,T_GBM_vs_rest,13,svm
2079,scanpy_wilcoxon,0.5422230340891068,0.30538922155688625,0.46788990825688076,1.0,T_GBM_vs_rest,14,svm
2080,scanpy_wilcoxon,0.6434920188284845,0.46938775510204084,0.6174496644295302,0.9019607843137255,T_GBM_vs_rest,14,svm
2081,scanpy_wilcoxon,0.5883347939041284,0.3712121212121212,0.5355191256830601,0.9607843137254902,T_GBM_vs_rest,14,svm
2082,scanpy_wilcoxon,0.543944539480964,0.3072289156626506,0.4700460829493088,1.0,T_GBM_vs_rest,15,svm
2083,scanpy_wilcoxon,0.6469297381385624,0.4742268041237113,0.6216216216216216,0.9019607843137255,T_GBM_vs_rest,15,svm
2084,scanpy_wilcoxon,0.6053410216937645,0.392,0.5568181818181818,0.9607843137254902,T_GBM_vs_rest,15,svm
2085,scanpy_wilcoxon,0.558288894043977,0.3227848101265823,0.4880382775119617,1.0,T_GBM_vs_rest,16,svm
2086,scanpy_wilcoxon,0.6239045269531548,0.4423076923076923,0.5935483870967742,0.9019607843137255,T_GBM_vs_rest,16,svm
2087,scanpy_wilcoxon,0.6078855469286797,0.3951612903225806,0.56,0.9607843137254902,T_GBM_vs_rest,16,svm
2088,scanpy_wilcoxon,0.5527868456426754,0.3167701863354037,0.4811320754716981,1.0,T_GBM_vs_rest,17,svm
2089,scanpy_wilcoxon,0.6302439074890991,0.45098039215686275,0.6013071895424836,0.9019607843137255,T_GBM_vs_rest,17,svm
2090,scanpy_wilcoxon,0.6130667449213371,0.4016393442622951,0.5664739884393064,0.9607843137254902,T_GBM_vs_rest,17,svm
2091,scanpy_wilcoxon,0.5509862795249059,0.3148148148148148,0.4788732394366197,1.0,T_GBM_vs_rest,18,svm
2092,scanpy_wilcoxon,0.6177429550495531,0.4339622641509434,0.5859872611464968,0.9019607843137255,T_GBM_vs_rest,18,svm
2093,scanpy_wilcoxon,0.5978845296602893,0.3828125,0.547486033519553,0.9607843137254902,T_GBM_vs_rest,18,svm
2094,scanpy_wilcoxon,0.5639470909754625,0.32903225806451614,0.49514563106796117,1.0,T_GBM_vs_rest,19,svm
2095,scanpy_wilcoxon,0.6192062047640532,0.44554455445544555,0.5921052631578947,0.8823529411764706,T_GBM_vs_rest,19,svm
2096,scanpy_wilcoxon,0.6028263999092119,0.3888888888888889,0.5536723163841808,0.9607843137254902,T_GBM_vs_rest,19,svm
2097,scanpy_wilcoxon,0.5601572428830819,0.3248407643312102,0.49038461538461536,1.0,T_GBM_vs_rest,20,svm
2098,scanpy_wilcoxon,0.6224242519635638,0.45,0.5960264900662252,0.8823529411764706,T_GBM_vs_rest,20,svm
2099,scanpy_wilcoxon,0.6003410932927058,0.3858267716535433,0.550561797752809,0.9607843137254902,T_GBM_vs_rest,20,svm
2100,scanpy_t-test,0.47052174245698913,0.23394495412844038,0.379182156133829,1.0,T_GBM_vs_rest,1,svm
2101,scanpy_t-test,0.4825167222853023,0.24519230769230768,0.3938223938223938,1.0,T_GBM_vs_rest,1,svm
2102,scanpy_t-test,0.49807647685952544,0.2602040816326531,0.41295546558704455,1.0,T_GBM_vs_rest,1,svm
2103,scanpy_t-test,0.47052174245698913,0.23394495412844038,0.379182156133829,1.0,T_GBM_vs_rest,2,svm
2104,scanpy_t-test,0.46346307785251994,0.23671497584541062,0.3798449612403101,0.9607843137254902,T_GBM_vs_rest,2,svm
2105,scanpy_t-test,0.49034464022690905,0.25773195876288657,0.40816326530612246,0.9803921568627451,T_GBM_vs_rest,2,svm
2106,scanpy_t-test,0.47168470968949416,0.2350230414746544,0.3805970149253731,1.0,T_GBM_vs_rest,3,svm
2107,scanpy_t-test,0.4646720861044438,0.23786407766990292,0.38132295719844356,0.9607843137254902,T_GBM_vs_rest,3,svm
2108,scanpy_t-test,0.49034464022690905,0.25773195876288657,0.40816326530612246,0.9803921568627451,T_GBM_vs_rest,3,svm
2109,scanpy_t-test,0.47168470968949416,0.2350230414746544,0.3805970149253731,1.0,T_GBM_vs_rest,4,svm
2110,scanpy_t-test,0.4646720861044438,0.23786407766990292,0.38132295719844356,0.9607843137254902,T_GBM_vs_rest,4,svm
2111,scanpy_t-test,0.49034464022690905,0.25773195876288657,0.40816326530612246,0.9803921568627451,T_GBM_vs_rest,4,svm
2112,scanpy_t-test,0.47168470968949416,0.2350230414746544,0.3805970149253731,1.0,T_GBM_vs_rest,5,svm
2113,scanpy_t-test,0.45569397691433666,0.23414634146341465,0.375,0.9411764705882353,T_GBM_vs_rest,5,svm
2114,scanpy_t-test,0.49034464022690905,0.25773195876288657,0.40816326530612246,0.9803921568627451,T_GBM_vs_rest,5,svm
2115,scanpy_t-test,0.47168470968949416,0.2350230414746544,0.3805970149253731,1.0,T_GBM_vs_rest,6,svm
2116,scanpy_t-test,0.4568970819889694,0.23529411764705882,0.3764705882352941,0.9411764705882353,T_GBM_vs_rest,6,svm
2117,scanpy_t-test,0.49034464022690905,0.25773195876288657,0.40816326530612246,0.9803921568627451,T_GBM_vs_rest,6,svm
2118,scanpy_t-test,0.47168470968949416,0.2350230414746544,0.3805970149253731,1.0,T_GBM_vs_rest,7,svm
2119,scanpy_t-test,0.4568970819889694,0.23529411764705882,0.3764705882352941,0.9411764705882353,T_GBM_vs_rest,7,svm
2120,scanpy_t-test,0.49034464022690905,0.25773195876288657,0.40816326530612246,0.9803921568627451,T_GBM_vs_rest,7,svm
2121,scanpy_t-test,0.47168470968949416,0.2350230414746544,0.3805970149253731,1.0,T_GBM_vs_rest,8,svm
2122,scanpy_t-test,0.4568970819889694,0.23529411764705882,0.3764705882352941,0.9411764705882353,T_GBM_vs_rest,8,svm
2123,scanpy_t-test,0.49034464022690905,0.25773195876288657,0.40816326530612246,0.9803921568627451,T_GBM_vs_rest,8,svm
2124,scanpy_t-test,0.47168470968949416,0.2350230414746544,0.3805970149253731,1.0,T_GBM_vs_rest,9,svm
2125,scanpy_t-test,0.4568970819889694,0.23529411764705882,0.3764705882352941,0.9411764705882353,T_GBM_vs_rest,9,svm
2126,scanpy_t-test,0.49034464022690905,0.25773195876288657,0.40816326530612246,0.9803921568627451,T_GBM_vs_rest,9,svm
2127,scanpy_t-test,0.47168470968949416,0.2350230414746544,0.3805970149253731,1.0,T_GBM_vs_rest,10,svm
2128,scanpy_t-test,0.4568970819889694,0.23529411764705882,0.3764705882352941,0.9411764705882353,T_GBM_vs_rest,10,svm
2129,scanpy_t-test,0.49034464022690905,0.25773195876288657,0.40816326530612246,0.9803921568627451,T_GBM_vs_rest,10,svm
2130,scanpy_t-test,0.47168470968949416,0.2350230414746544,0.3805970149253731,1.0,T_GBM_vs_rest,11,svm
2131,scanpy_t-test,0.4568970819889694,0.23529411764705882,0.3764705882352941,0.9411764705882353,T_GBM_vs_rest,11,svm
2132,scanpy_t-test,0.49034464022690905,0.25773195876288657,0.40816326530612246,0.9803921568627451,T_GBM_vs_rest,11,svm
2133,scanpy_t-test,0.47168470968949416,0.2350230414746544,0.3805970149253731,1.0,T_GBM_vs_rest,12,svm
2134,scanpy_t-test,0.4568970819889694,0.23529411764705882,0.3764705882352941,0.9411764705882353,T_GBM_vs_rest,12,svm
2135,scanpy_t-test,0.49034464022690905,0.25773195876288657,0.40816326530612246,0.9803921568627451,T_GBM_vs_rest,12,svm
2136,scanpy_t-test,0.4728555450311689,0.2361111111111111,0.38202247191011235,1.0,T_GBM_vs_rest,13,svm
2137,scanpy_t-test,0.45569397691433666,0.23414634146341465,0.375,0.9411764705882353,T_GBM_vs_rest,13,svm
2138,scanpy_t-test,0.49034464022690905,0.25773195876288657,0.40816326530612246,0.9803921568627451,T_GBM_vs_rest,13,svm
2139,scanpy_t-test,0.47168470968949416,0.2350230414746544,0.3805970149253731,1.0,T_GBM_vs_rest,14,svm
2140,scanpy_t-test,0.45569397691433666,0.23414634146341465,0.375,0.9411764705882353,T_GBM_vs_rest,14,svm
2141,scanpy_t-test,0.49034464022690905,0.25773195876288657,0.40816326530612246,0.9803921568627451,T_GBM_vs_rest,14,svm
2142,scanpy_t-test,0.47403433950589335,0.2372093023255814,0.38345864661654133,1.0,T_GBM_vs_rest,15,svm
2143,scanpy_t-test,0.4544994142074584,0.23300970873786409,0.3735408560311284,0.9411764705882353,T_GBM_vs_rest,15,svm
2144,scanpy_t-test,0.49034464022690905,0.25773195876288657,0.40816326530612246,0.9803921568627451,T_GBM_vs_rest,15,svm
2145,scanpy_t-test,0.47522118562168114,0.2383177570093458,0.3849056603773585,1.0,T_GBM_vs_rest,16,svm
2146,scanpy_t-test,0.4533132909990441,0.2318840579710145,0.37209302325581395,0.9411764705882353,T_GBM_vs_rest,16,svm
2147,scanpy_t-test,0.4916996380265869,0.25906735751295334,0.4098360655737705,0.9803921568627451,T_GBM_vs_rest,16,svm
2148,scanpy_t-test,0.47522118562168114,0.2383177570093458,0.3849056603773585,1.0,T_GBM_vs_rest,17,svm
2149,scanpy_t-test,0.4581088340684663,0.23645320197044334,0.3779527559055118,0.9411764705882353,T_GBM_vs_rest,17,svm
2150,scanpy_t-test,0.4944407657822482,0.2617801047120419,0.4132231404958678,0.9803921568627451,T_GBM_vs_rest,17,svm
2151,scanpy_t-test,0.47522118562168114,0.2383177570093458,0.3849056603773585,1.0,T_GBM_vs_rest,18,svm
2152,scanpy_t-test,0.4593293395970457,0.2376237623762376,0.3794466403162055,0.9411764705882353,T_GBM_vs_rest,18,svm
2153,scanpy_t-test,0.4958271673427437,0.2631578947368421,0.4149377593360996,0.9803921568627451,T_GBM_vs_rest,18,svm
2154,scanpy_t-test,0.47403433950589335,0.2372093023255814,0.38345864661654133,1.0,T_GBM_vs_rest,19,svm
2155,scanpy_t-test,0.4593293395970457,0.2376237623762376,0.3794466403162055,0.9411764705882353,T_GBM_vs_rest,19,svm
2156,scanpy_t-test,0.4958271673427437,0.2631578947368421,0.4149377593360996,0.9803921568627451,T_GBM_vs_rest,19,svm
2157,scanpy_t-test,0.47403433950589335,0.2372093023255814,0.38345864661654133,1.0,T_GBM_vs_rest,20,svm
2158,scanpy_t-test,0.46055870686639555,0.23880597014925373,0.38095238095238093,0.9411764705882353,T_GBM_vs_rest,20,svm
2159,scanpy_t-test,0.4944407657822482,0.2617801047120419,0.4132231404958678,0.9803921568627451,T_GBM_vs_rest,20,svm
2160,yomix,0.6232474851245555,0.47330960854092524,0.6157407407407407,0.8807947019867549,T_HNSC_vs_rest,1,svm
2161,yomix,0.6335434579602238,0.48375451263537905,0.6261682242990654,0.8874172185430463,T_HNSC_vs_rest,1,svm
2162,yomix,0.6245003494675262,0.475,0.617169373549884,0.8807947019867549,T_HNSC_vs_rest,1,svm
2163,yomix,0.57488102340234,0.37994722955145116,0.5433962264150943,0.9536423841059603,T_HNSC_vs_rest,2,svm
2164,yomix,0.5939387898691152,0.39944903581267216,0.5642023346303502,0.9602649006622517,T_HNSC_vs_rest,2,svm
2165,yomix,0.57488102340234,0.37994722955145116,0.5433962264150943,0.9536423841059603,T_HNSC_vs_rest,2,svm
2166,yomix,0.5694487797625949,0.3763157894736842,0.5386064030131826,0.9470198675496688,T_HNSC_vs_rest,3,svm
2167,yomix,0.5725240609494655,0.37467700258397935,0.5390334572490706,0.9602649006622517,T_HNSC_vs_rest,3,svm
2168,yomix,0.5705558715662927,0.375,0.5383177570093458,0.9536423841059603,T_HNSC_vs_rest,3,svm
2169,yomix,0.5694487797625949,0.3763157894736842,0.5386064030131826,0.9470198675496688,T_HNSC_vs_rest,4,svm
2170,yomix,0.5833057502810033,0.38181818181818183,0.5485074626865671,0.9735099337748344,T_HNSC_vs_rest,4,svm
2171,yomix,0.5757558138156589,0.38095238095238093,0.5444234404536862,0.9536423841059603,T_HNSC_vs_rest,4,svm
2172,yomix,0.5414751548626188,0.3403755868544601,0.5025996533795494,0.9602649006622517,T_HNSC_vs_rest,5,svm
2173,yomix,0.5596116659800894,0.35058823529411764,0.5173611111111112,0.9867549668874173,T_HNSC_vs_rest,5,svm
2174,yomix,0.5463292237891991,0.33867276887871856,0.5034013605442177,0.9801324503311258,T_HNSC_vs_rest,5,svm
2175,yomix,0.5399921300742548,0.338785046728972,0.5008635578583766,0.9602649006622517,T_HNSC_vs_rest,6,svm
2176,yomix,0.5611442616442878,0.35224586288416077,0.519163763066202,0.9867549668874173,T_HNSC_vs_rest,6,svm
2177,yomix,0.5470604356808446,0.3394495412844037,0.504258943781942,0.9801324503311258,T_HNSC_vs_rest,6,svm
2178,yomix,0.5392542881229224,0.337995337995338,0.5,0.9602649006622517,T_HNSC_vs_rest,7,svm
2179,yomix,0.5611442616442878,0.35224586288416077,0.519163763066202,0.9867549668874173,T_HNSC_vs_rest,7,svm
2180,yomix,0.5470604356808446,0.3394495412844037,0.504258943781942,0.9801324503311258,T_HNSC_vs_rest,7,svm
2181,yomix,0.5437182595964359,0.34278959810874704,0.5052264808362369,0.9602649006622517,T_HNSC_vs_rest,8,svm
2182,yomix,0.5596116659800894,0.35058823529411764,0.5173611111111112,0.9867549668874173,T_HNSC_vs_rest,8,svm
2183,yomix,0.5477940267228864,0.34022988505747126,0.5051194539249146,0.9801324503311258,T_HNSC_vs_rest,8,svm
2184,yomix,0.540732414241284,0.3395784543325527,0.5017301038062284,0.9602649006622517,T_HNSC_vs_rest,9,svm
2185,yomix,0.5596116659800894,0.35058823529411764,0.5173611111111112,0.9867549668874173,T_HNSC_vs_rest,9,svm
2186,yomix,0.5456003775404422,0.3378995433789954,0.5025466893039049,0.9801324503311258,T_HNSC_vs_rest,9,svm
2187,yomix,0.5542035028662846,0.35180722891566263,0.5159010600706714,0.9668874172185431,T_HNSC_vs_rest,10,svm
2188,yomix,0.564240557972193,0.3556085918854415,0.5228070175438596,0.9867549668874173,T_HNSC_vs_rest,10,svm
2189,yomix,0.5552638410584584,0.34823529411764703,0.5138888888888888,0.9801324503311258,T_HNSC_vs_rest,10,svm
2190,yomix,0.5576666602041326,0.35802469135802467,0.5215827338129496,0.9602649006622517,T_HNSC_vs_rest,11,svm
2191,yomix,0.5665904839593746,0.3581730769230769,0.5255731922398589,0.9867549668874173,T_HNSC_vs_rest,11,svm
2192,yomix,0.5614215713194779,0.354916067146283,0.5211267605633803,0.9801324503311258,T_HNSC_vs_rest,11,svm
2193,yomix,0.5661595125944697,0.365,0.52994555353902,0.9668874172185431,T_HNSC_vs_rest,12,svm
2194,yomix,0.57056106941206,0.36253041362530414,0.5302491103202847,0.9867549668874173,T_HNSC_vs_rest,12,svm
2195,yomix,0.5601628240891642,0.3559322033898305,0.5212765957446809,0.9735099337748344,T_HNSC_vs_rest,12,svm
2196,yomix,0.5564296287039203,0.35910224438902744,0.5217391304347826,0.9536423841059603,T_HNSC_vs_rest,13,svm
2197,yomix,0.57056106941206,0.36253041362530414,0.5302491103202847,0.9867549668874173,T_HNSC_vs_rest,13,svm
2198,yomix,0.5593777612173655,0.35507246376811596,0.5203539823008849,0.9735099337748344,T_HNSC_vs_rest,13,svm
2199,yomix,0.558047010348497,0.3609022556390977,0.5236363636363637,0.9536423841059603,T_HNSC_vs_rest,14,svm
2200,yomix,0.5713634399998312,0.36341463414634145,0.5311942959001783,0.9867549668874173,T_HNSC_vs_rest,14,svm
2201,yomix,0.5593777612173655,0.35507246376811596,0.5203539823008849,0.9735099337748344,T_HNSC_vs_rest,14,svm
2202,yomix,0.5633309156967944,0.36432160804020103,0.5282331511839709,0.9602649006622517,T_HNSC_vs_rest,15,svm
2203,yomix,0.5721686007223182,0.3643031784841076,0.5321428571428571,0.9867549668874173,T_HNSC_vs_rest,15,svm
2204,yomix,0.5731030726802184,0.3702770780856423,0.5364963503649635,0.9735099337748344,T_HNSC_vs_rest,15,svm
2205,yomix,0.5616981985412449,0.3625,0.5263157894736842,0.9602649006622517,T_HNSC_vs_rest,16,svm
2206,yomix,0.572976568565713,0.36519607843137253,0.5330948121645797,0.9867549668874173,T_HNSC_vs_rest,16,svm
2207,yomix,0.572272698699873,0.3693467336683417,0.5355191256830601,0.9735099337748344,T_HNSC_vs_rest,16,svm
2208,yomix,0.5646335226310358,0.36828644501278773,0.5313653136531366,0.9536423841059603,T_HNSC_vs_rest,17,svm
2209,yomix,0.57056106941206,0.36253041362530414,0.5302491103202847,0.9867549668874173,T_HNSC_vs_rest,17,svm
2210,yomix,0.5706208266476944,0.3675,0.5335753176043557,0.9735099337748344,T_HNSC_vs_rest,17,svm
2211,yomix,0.5674642310479272,0.36895674300254455,0.5330882352941176,0.9602649006622517,T_HNSC_vs_rest,18,svm
2212,yomix,0.5713634399998312,0.36341463414634145,0.5311942959001783,0.9867549668874173,T_HNSC_vs_rest,18,svm
2213,yomix,0.5697992918688862,0.36658354114713215,0.532608695652174,0.9735099337748344,T_HNSC_vs_rest,18,svm
2214,yomix,0.5666316054834578,0.3680203045685279,0.5321100917431193,0.9602649006622517,T_HNSC_vs_rest,19,svm
2215,yomix,0.57056106941206,0.36253041362530414,0.5302491103202847,0.9867549668874173,T_HNSC_vs_rest,19,svm
2216,yomix,0.5731030726802184,0.3702770780856423,0.5364963503649635,0.9735099337748344,T_HNSC_vs_rest,19,svm
2217,yomix,0.5682998756252822,0.36989795918367346,0.5340699815837937,0.9602649006622517,T_HNSC_vs_rest,20,svm
2218,yomix,0.5669488721058863,0.36097560975609755,0.5276292335115864,0.9801324503311258,T_HNSC_vs_rest,20,svm
2219,yomix,0.5681649342305822,0.36476426799007444,0.5306859205776173,0.9735099337748344,T_HNSC_vs_rest,20,svm
2220,cosg,0.33321867043331693,0.5818181818181818,0.3106796116504854,0.2119205298013245,T_HNSC_vs_rest,1,svm
2221,cosg,0.3995915339560954,0.72,0.3582089552238806,0.23841059602649006,T_HNSC_vs_rest,1,svm
2222,cosg,0.3561297376660681,0.6530612244897959,0.32,0.2119205298013245,T_HNSC_vs_rest,1,svm
2223,cosg,0.5623198146700361,0.532967032967033,0.5825825825825826,0.6423841059602649,T_HNSC_vs_rest,2,svm
2224,cosg,0.5777205638718075,0.5536723163841808,0.5975609756097561,0.6490066225165563,T_HNSC_vs_rest,2,svm
2225,cosg,0.5241150258983441,0.5,0.5465465465465466,0.6026490066225165,T_HNSC_vs_rest,2,svm
2226,cosg,0.5654886168101331,0.4549019607843137,0.5714285714285714,0.7682119205298014,T_HNSC_vs_rest,3,svm
2227,cosg,0.650683395024178,0.5265306122448979,0.6515151515151515,0.8543046357615894,T_HNSC_vs_rest,3,svm
2228,cosg,0.5939208342545785,0.48,0.5985037406483791,0.7947019867549668,T_HNSC_vs_rest,3,svm
2229,cosg,0.6303654022019386,0.4691780821917808,0.618510158013544,0.9072847682119205,T_HNSC_vs_rest,4,svm
2230,cosg,0.6494737475618301,0.4844290657439446,0.6363636363636364,0.9271523178807947,T_HNSC_vs_rest,4,svm
2231,cosg,0.6340349957409414,0.4740484429065744,0.6227272727272727,0.9072847682119205,T_HNSC_vs_rest,4,svm
2232,cosg,0.6270782404429511,0.46153846153846156,0.6133333333333333,0.9139072847682119,T_HNSC_vs_rest,5,svm
2233,cosg,0.6512035417247057,0.4766666666666667,0.6341463414634146,0.9470198675496688,T_HNSC_vs_rest,5,svm
2234,cosg,0.639383354638529,0.47440273037542663,0.6261261261261262,0.9205298013245033,T_HNSC_vs_rest,5,svm
2235,cosg,0.6243683236045132,0.4612794612794613,0.6116071428571429,0.9072847682119205,T_HNSC_vs_rest,6,svm
2236,cosg,0.65364167822021,0.4798657718120805,0.6369710467706013,0.9470198675496688,T_HNSC_vs_rest,6,svm
2237,cosg,0.6379439976676206,0.47586206896551725,0.6258503401360545,0.9139072847682119,T_HNSC_vs_rest,6,svm
2238,cosg,0.6243683236045132,0.4612794612794613,0.6116071428571429,0.9072847682119205,T_HNSC_vs_rest,7,svm
2239,cosg,0.6534827179243335,0.48299319727891155,0.6382022471910113,0.9403973509933775,T_HNSC_vs_rest,7,svm
2240,cosg,0.6379439976676206,0.47586206896551725,0.6258503401360545,0.9139072847682119,T_HNSC_vs_rest,7,svm
2241,cosg,0.6231862970268145,0.4597315436241611,0.6102449888641426,0.9072847682119205,T_HNSC_vs_rest,8,svm
2242,cosg,0.6534827179243335,0.48299319727891155,0.6382022471910113,0.9403973509933775,T_HNSC_vs_rest,8,svm
2243,cosg,0.6379439976676206,0.47586206896551725,0.6258503401360545,0.9139072847682119,T_HNSC_vs_rest,8,svm
2244,cosg,0.6291542299706029,0.46757679180887374,0.6171171171171171,0.9072847682119205,T_HNSC_vs_rest,9,svm
2245,cosg,0.6522444809172732,0.48135593220338985,0.6367713004484304,0.9403973509933775,T_HNSC_vs_rest,9,svm
2246,cosg,0.6264522322012847,0.46735395189003437,0.6153846153846154,0.9006622516556292,T_HNSC_vs_rest,9,svm
2247,cosg,0.6267496193976362,0.46440677966101696,0.6143497757847534,0.9072847682119205,T_HNSC_vs_rest,10,svm
2248,cosg,0.6473513853613332,0.47491638795986624,0.6311111111111111,0.9403973509933775,T_HNSC_vs_rest,10,svm
2249,cosg,0.6354878225328014,0.4726027397260274,0.6230248306997742,0.9139072847682119,T_HNSC_vs_rest,10,svm
2250,cosg,0.6231862970268145,0.4597315436241611,0.6102449888641426,0.9072847682119205,T_HNSC_vs_rest,11,svm
2251,cosg,0.6496124793064552,0.4812286689419795,0.6351351351351351,0.9337748344370861,T_HNSC_vs_rest,11,svm
2252,cosg,0.640274389038831,0.4823943661971831,0.6298850574712643,0.9072847682119205,T_HNSC_vs_rest,11,svm
2253,cosg,0.6386973322097003,0.46688741721854304,0.6225165562913907,0.9337748344370861,T_HNSC_vs_rest,12,svm
2254,cosg,0.6313043460462988,0.4605263157894737,0.6153846153846154,0.9271523178807947,T_HNSC_vs_rest,12,svm
2255,cosg,0.6291542299706029,0.46757679180887374,0.6171171171171171,0.9072847682119205,T_HNSC_vs_rest,12,svm
2256,cosg,0.637513448371073,0.46534653465346537,0.6211453744493393,0.9337748344370861,T_HNSC_vs_rest,13,svm
2257,cosg,0.6339952641741194,0.46078431372549017,0.6170678336980306,0.9337748344370861,T_HNSC_vs_rest,13,svm
2258,cosg,0.6318485917015635,0.46779661016949153,0.6188340807174888,0.9139072847682119,T_HNSC_vs_rest,13,svm
2259,cosg,0.6434898844890782,0.47315436241610737,0.6280623608017817,0.9337748344370861,T_HNSC_vs_rest,14,svm
2260,cosg,0.6355206637458738,0.459546925566343,0.6173913043478261,0.9403973509933775,T_HNSC_vs_rest,14,svm
2261,cosg,0.6321465266725467,0.46488294314381273,0.6177777777777778,0.9205298013245033,T_HNSC_vs_rest,14,svm
2262,cosg,0.6384139876235122,0.4697986577181208,0.623608017817372,0.9271523178807947,T_HNSC_vs_rest,15,svm
2263,cosg,0.637842355555586,0.46254071661237783,0.6200873362445415,0.9403973509933775,T_HNSC_vs_rest,15,svm
2264,cosg,0.6309606792575343,0.4633333333333333,0.6164079822616408,0.9205298013245033,T_HNSC_vs_rest,15,svm
2265,cosg,0.6282621938923804,0.46308724832214765,0.6146993318485523,0.9139072847682119,T_HNSC_vs_rest,16,svm
2266,cosg,0.6286833085701088,0.4507936507936508,0.6094420600858369,0.9403973509933775,T_HNSC_vs_rest,16,svm
2267,cosg,0.6482205258650552,0.4827586206896552,0.6349206349206349,0.9271523178807947,T_HNSC_vs_rest,16,svm
2268,cosg,0.6430822617663379,0.4793103448275862,0.6303854875283447,0.9205298013245033,T_HNSC_vs_rest,17,svm
2269,cosg,0.6336350500743315,0.45396825396825397,0.6137339055793991,0.9470198675496688,T_HNSC_vs_rest,17,svm
2270,cosg,0.6558875147571697,0.4895833333333333,0.642369020501139,0.9337748344370861,T_HNSC_vs_rest,17,svm
2271,cosg,0.639383354638529,0.47440273037542663,0.6261261261261262,0.9205298013245033,T_HNSC_vs_rest,18,svm
2272,cosg,0.6347685594363914,0.4554140127388535,0.6150537634408603,0.9470198675496688,T_HNSC_vs_rest,18,svm
2273,cosg,0.6521038361861519,0.4845360824742268,0.6380090497737556,0.9337748344370861,T_HNSC_vs_rest,18,svm
2274,cosg,0.6404246726658871,0.4791666666666667,0.6287015945330297,0.9139072847682119,T_HNSC_vs_rest,19,svm
2275,cosg,0.6347685594363914,0.4554140127388535,0.6150537634408603,0.9470198675496688,T_HNSC_vs_rest,19,svm
2276,cosg,0.6649071005584314,0.4982456140350877,0.6513761467889908,0.9403973509933775,T_HNSC_vs_rest,19,svm
2277,cosg,0.6480180015805714,0.48936170212765956,0.6374133949191686,0.9139072847682119,T_HNSC_vs_rest,20,svm
2278,cosg,0.6420241019969868,0.46153846153846156,0.6220302375809935,0.9536423841059603,T_HNSC_vs_rest,20,svm
2279,cosg,0.6649124993827189,0.49480968858131485,0.65,0.9470198675496688,T_HNSC_vs_rest,20,svm
2280,scanpy_wilcoxon,0.523915844101465,0.3174946004319654,0.4788273615635179,0.9735099337748344,T_HNSC_vs_rest,1,svm
2281,scanpy_wilcoxon,0.5391757069677338,0.32891832229580575,0.49337748344370863,0.9867549668874173,T_HNSC_vs_rest,1,svm
2282,scanpy_wilcoxon,0.5301382301126273,0.3217391304347826,0.4844517184942717,0.9801324503311258,T_HNSC_vs_rest,1,svm
2283,scanpy_wilcoxon,0.540732414241284,0.3395784543325527,0.5017301038062284,0.9602649006622517,T_HNSC_vs_rest,2,svm
2284,scanpy_wilcoxon,0.5550746503217348,0.345707656612529,0.5120274914089347,0.9867549668874173,T_HNSC_vs_rest,2,svm
2285,scanpy_wilcoxon,0.5477940267228864,0.34022988505747126,0.5051194539249146,0.9801324503311258,T_HNSC_vs_rest,2,svm
2286,scanpy_wilcoxon,0.5399921300742548,0.338785046728972,0.5008635578583766,0.9602649006622517,T_HNSC_vs_rest,3,svm
2287,scanpy_wilcoxon,0.5558245747180247,0.34651162790697676,0.5129087779690189,0.9867549668874173,T_HNSC_vs_rest,3,svm
2288,scanpy_wilcoxon,0.5477940267228864,0.34022988505747126,0.5051194539249146,0.9801324503311258,T_HNSC_vs_rest,3,svm
2289,scanpy_wilcoxon,0.5399921300742548,0.338785046728972,0.5008635578583766,0.9602649006622517,T_HNSC_vs_rest,4,svm
2290,scanpy_wilcoxon,0.5558245747180247,0.34651162790697676,0.5129087779690189,0.9867549668874173,T_HNSC_vs_rest,4,svm
2291,scanpy_wilcoxon,0.544149728477024,0.33636363636363636,0.5008460236886633,0.9801324503311258,T_HNSC_vs_rest,4,svm
2292,scanpy_wilcoxon,0.5429680630073636,0.3419811320754717,0.5043478260869565,0.9602649006622517,T_HNSC_vs_rest,5,svm
2293,scanpy_wilcoxon,0.5550746503217348,0.345707656612529,0.5120274914089347,0.9867549668874173,T_HNSC_vs_rest,5,svm
2294,scanpy_wilcoxon,0.5456003775404422,0.3378995433789954,0.5025466893039049,0.9801324503311258,T_HNSC_vs_rest,5,svm
2295,scanpy_wilcoxon,0.5437182595964359,0.34278959810874704,0.5052264808362369,0.9602649006622517,T_HNSC_vs_rest,6,svm
2296,scanpy_wilcoxon,0.5596116659800894,0.35058823529411764,0.5173611111111112,0.9867549668874173,T_HNSC_vs_rest,6,svm
2297,scanpy_wilcoxon,0.5485300105312519,0.34101382488479265,0.505982905982906,0.9801324503311258,T_HNSC_vs_rest,6,svm
2298,scanpy_wilcoxon,0.5444709707736575,0.34360189573459715,0.506108202443281,0.9602649006622517,T_HNSC_vs_rest,7,svm
2299,scanpy_wilcoxon,0.5596116659800894,0.35058823529411764,0.5173611111111112,0.9867549668874173,T_HNSC_vs_rest,7,svm
2300,scanpy_wilcoxon,0.5456003775404422,0.3378995433789954,0.5025466893039049,0.9801324503311258,T_HNSC_vs_rest,7,svm
2301,scanpy_wilcoxon,0.5482727690274022,0.34772182254196643,0.5105633802816901,0.9602649006622517,T_HNSC_vs_rest,8,svm
2302,scanpy_wilcoxon,0.5611442616442878,0.35224586288416077,0.519163763066202,0.9867549668874173,T_HNSC_vs_rest,8,svm
2303,scanpy_wilcoxon,0.55375006167895,0.34660421545667447,0.5121107266435986,0.9801324503311258,T_HNSC_vs_rest,8,svm
2304,scanpy_wilcoxon,0.5542035028662846,0.35180722891566263,0.5159010600706714,0.9668874172185431,T_HNSC_vs_rest,9,svm
2305,scanpy_wilcoxon,0.5650212020471451,0.35645933014354064,0.523725834797891,0.9867549668874173,T_HNSC_vs_rest,9,svm
2306,scanpy_wilcoxon,0.55375006167895,0.34660421545667447,0.5121107266435986,0.9801324503311258,T_HNSC_vs_rest,9,svm
2307,scanpy_wilcoxon,0.5573310840551886,0.35523114355231145,0.5195729537366548,0.9668874172185431,T_HNSC_vs_rest,10,svm
2308,scanpy_wilcoxon,0.5665904839593746,0.3581730769230769,0.5255731922398589,0.9867549668874173,T_HNSC_vs_rest,10,svm
2309,scanpy_wilcoxon,0.5614215713194779,0.354916067146283,0.5211267605633803,0.9801324503311258,T_HNSC_vs_rest,10,svm
2310,scanpy_wilcoxon,0.5576666602041326,0.35802469135802467,0.5215827338129496,0.9602649006622517,T_HNSC_vs_rest,11,svm
2311,scanpy_wilcoxon,0.5665904839593746,0.3581730769230769,0.5255731922398589,0.9867549668874173,T_HNSC_vs_rest,11,svm
2312,scanpy_wilcoxon,0.5614215713194779,0.354916067146283,0.5211267605633803,0.9801324503311258,T_HNSC_vs_rest,11,svm
2313,scanpy_wilcoxon,0.5661595125944697,0.365,0.52994555353902,0.9668874172185431,T_HNSC_vs_rest,12,svm
2314,scanpy_wilcoxon,0.57056106941206,0.36253041362530414,0.5302491103202847,0.9867549668874173,T_HNSC_vs_rest,12,svm
2315,scanpy_wilcoxon,0.5601628240891642,0.3559322033898305,0.5212765957446809,0.9735099337748344,T_HNSC_vs_rest,12,svm
2316,scanpy_wilcoxon,0.5661595125944697,0.365,0.52994555353902,0.9668874172185431,T_HNSC_vs_rest,13,svm
2317,scanpy_wilcoxon,0.57056106941206,0.36253041362530414,0.5302491103202847,0.9867549668874173,T_HNSC_vs_rest,13,svm
2318,scanpy_wilcoxon,0.5609505912938022,0.3567961165048544,0.522202486678508,0.9735099337748344,T_HNSC_vs_rest,13,svm
2319,scanpy_wilcoxon,0.5669791964496718,0.3659147869674185,0.5309090909090909,0.9668874172185431,T_HNSC_vs_rest,14,svm
2320,scanpy_wilcoxon,0.5693589649322569,0.36363636363636365,0.5304659498207885,0.9801324503311258,T_HNSC_vs_rest,14,svm
2321,scanpy_wilcoxon,0.5609505912938022,0.3567961165048544,0.522202486678508,0.9735099337748344,T_HNSC_vs_rest,14,svm
2322,scanpy_wilcoxon,0.5661595125944697,0.365,0.52994555353902,0.9668874172185431,T_HNSC_vs_rest,15,svm
2323,scanpy_wilcoxon,0.5677494418758299,0.36185819070904646,0.5285714285714286,0.9801324503311258,T_HNSC_vs_rest,15,svm
2324,scanpy_wilcoxon,0.5593777612173655,0.35507246376811596,0.5203539823008849,0.9735099337748344,T_HNSC_vs_rest,15,svm
2325,scanpy_wilcoxon,0.5678018071983337,0.36683417085427134,0.5318761384335154,0.9668874172185431,T_HNSC_vs_rest,16,svm
2326,scanpy_wilcoxon,0.5742558462572082,0.3690773067331671,0.5362318840579711,0.9801324503311258,T_HNSC_vs_rest,16,svm
2327,scanpy_wilcoxon,0.5609505912938022,0.3567961165048544,0.522202486678508,0.9735099337748344,T_HNSC_vs_rest,16,svm
2328,scanpy_wilcoxon,0.5686273631519366,0.3677581863979849,0.5328467153284672,0.9668874172185431,T_HNSC_vs_rest,17,svm
2329,scanpy_wilcoxon,0.5754174868744121,0.36790123456790125,0.5359712230215827,0.9867549668874173,T_HNSC_vs_rest,17,svm
2330,scanpy_wilcoxon,0.5565451508823741,0.35436893203883496,0.5186500888099467,0.9668874172185431,T_HNSC_vs_rest,17,svm
2331,scanpy_wilcoxon,0.5645288531133286,0.36318407960199006,0.5280289330922242,0.9668874172185431,T_HNSC_vs_rest,18,svm
2332,scanpy_wilcoxon,0.57056106941206,0.36253041362530414,0.5302491103202847,0.9867549668874173,T_HNSC_vs_rest,18,svm
2333,scanpy_wilcoxon,0.5581197363179966,0.35609756097560974,0.5204991087344029,0.9668874172185431,T_HNSC_vs_rest,18,svm
2334,scanpy_wilcoxon,0.5645288531133286,0.36318407960199006,0.5280289330922242,0.9668874172185431,T_HNSC_vs_rest,19,svm
2335,scanpy_wilcoxon,0.5673791536861822,0.35903614457831323,0.5265017667844523,0.9867549668874173,T_HNSC_vs_rest,19,svm
2336,scanpy_wilcoxon,0.555761920426965,0.35351089588377727,0.5177304964539007,0.9668874172185431,T_HNSC_vs_rest,19,svm
2337,scanpy_wilcoxon,0.5661595125944697,0.365,0.52994555353902,0.9668874172185431,T_HNSC_vs_rest,20,svm
2338,scanpy_wilcoxon,0.5713634399998312,0.36341463414634145,0.5311942959001783,0.9867549668874173,T_HNSC_vs_rest,20,svm
2339,scanpy_wilcoxon,0.5613018686346308,0.35960591133004927,0.5242369838420108,0.9668874172185431,T_HNSC_vs_rest,20,svm
2340,scanpy_t-test,0.523915844101465,0.3174946004319654,0.4788273615635179,0.9735099337748344,T_HNSC_vs_rest,1,svm
2341,scanpy_t-test,0.5391757069677338,0.32891832229580575,0.49337748344370863,0.9867549668874173,T_HNSC_vs_rest,1,svm
2342,scanpy_t-test,0.5301382301126273,0.3217391304347826,0.4844517184942717,0.9801324503311258,T_HNSC_vs_rest,1,svm
2343,scanpy_t-test,0.5494108458663947,0.3442622950819672,0.5086505190311419,0.9735099337748344,T_HNSC_vs_rest,2,svm
2344,scanpy_t-test,0.5558245747180247,0.34651162790697676,0.5129087779690189,0.9867549668874173,T_HNSC_vs_rest,2,svm
2345,scanpy_t-test,0.5514981496045577,0.34418604651162793,0.5094664371772806,0.9801324503311258,T_HNSC_vs_rest,2,svm
2346,scanpy_t-test,0.554723276899892,0.35,0.5148861646234676,0.9735099337748344,T_HNSC_vs_rest,3,svm
2347,scanpy_t-test,0.557895960239717,0.3464203233256351,0.5136986301369864,0.9933774834437086,T_HNSC_vs_rest,3,svm
2348,scanpy_t-test,0.5514981496045577,0.34418604651162793,0.5094664371772806,0.9801324503311258,T_HNSC_vs_rest,3,svm
2349,scanpy_t-test,0.554723276899892,0.35,0.5148861646234676,0.9735099337748344,T_HNSC_vs_rest,4,svm
2350,scanpy_t-test,0.5601509998314916,0.3488372093023256,0.5163511187607573,0.9933774834437086,T_HNSC_vs_rest,4,svm
2351,scanpy_t-test,0.5507524563635765,0.3433874709976798,0.5085910652920962,0.9801324503311258,T_HNSC_vs_rest,4,svm
2352,scanpy_t-test,0.5501621790737348,0.34507042253521125,0.5095320623916811,0.9735099337748344,T_HNSC_vs_rest,5,svm
2353,scanpy_t-test,0.5639594909017204,0.35294117647058826,0.5208333333333334,0.9933774834437086,T_HNSC_vs_rest,5,svm
2354,scanpy_t-test,0.5514981496045577,0.34418604651162793,0.5094664371772806,0.9801324503311258,T_HNSC_vs_rest,5,svm
2355,scanpy_t-test,0.5509160161368275,0.3458823529411765,0.5104166666666666,0.9735099337748344,T_HNSC_vs_rest,6,svm
2356,scanpy_t-test,0.5580892774915054,0.34894613583138173,0.5155709342560554,0.9867549668874173,T_HNSC_vs_rest,6,svm
2357,scanpy_t-test,0.5514981496045577,0.34418604651162793,0.5094664371772806,0.9801324503311258,T_HNSC_vs_rest,6,svm
2358,scanpy_t-test,0.5531926977391262,0.34834123222748814,0.5130890052356021,0.9735099337748344,T_HNSC_vs_rest,7,svm
2359,scanpy_t-test,0.5658045054168365,0.35731414868105515,0.5246478873239436,0.9867549668874173,T_HNSC_vs_rest,7,svm
2360,scanpy_t-test,0.5529969379133912,0.34579439252336447,0.5112262521588946,0.9801324503311258,T_HNSC_vs_rest,7,svm
2361,scanpy_t-test,0.5593777612173655,0.35507246376811596,0.5203539823008849,0.9735099337748344,T_HNSC_vs_rest,8,svm
2362,scanpy_t-test,0.5634625574457608,0.3547619047619048,0.521891418563923,0.9867549668874173,T_HNSC_vs_rest,8,svm
2363,scanpy_t-test,0.5575535612218605,0.35071090047393366,0.5165794066317626,0.9801324503311258,T_HNSC_vs_rest,8,svm
2364,scanpy_t-test,0.555492449384503,0.35083532219570407,0.5157894736842106,0.9735099337748344,T_HNSC_vs_rest,9,svm
2365,scanpy_t-test,0.5634625574457608,0.3547619047619048,0.521891418563923,0.9867549668874173,T_HNSC_vs_rest,9,svm
2366,scanpy_t-test,0.5567877611323249,0.34988179669030733,0.5156794425087108,0.9801324503311258,T_HNSC_vs_rest,9,svm
2367,scanpy_t-test,0.5622030838727993,0.3557692307692308,0.5220458553791887,0.9801324503311258,T_HNSC_vs_rest,10,svm
2368,scanpy_t-test,0.5733655350757614,0.36319612590799033,0.5319148936170213,0.9933774834437086,T_HNSC_vs_rest,10,svm
2369,scanpy_t-test,0.5585953864729172,0.3542168674698795,0.519434628975265,0.9735099337748344,T_HNSC_vs_rest,10,svm
2370,scanpy_t-test,0.559866503678348,0.3532219570405728,0.519298245614035,0.9801324503311258,T_HNSC_vs_rest,11,svm
2371,scanpy_t-test,0.572988666559883,0.360381861575179,0.5298245614035088,1.0,T_HNSC_vs_rest,11,svm
2372,scanpy_t-test,0.5570386372221193,0.35251798561151076,0.5176056338028169,0.9735099337748344,T_HNSC_vs_rest,11,svm
2373,scanpy_t-test,0.5606427165127829,0.35406698564593303,0.5202108963093146,0.9801324503311258,T_HNSC_vs_rest,12,svm
2374,scanpy_t-test,0.5714176715913467,0.3586698337292161,0.527972027972028,1.0,T_HNSC_vs_rest,12,svm
2375,scanpy_t-test,0.5629872700795496,0.3566265060240964,0.5229681978798587,0.9801324503311258,T_HNSC_vs_rest,12,svm
2376,scanpy_t-test,0.5622030838727993,0.3557692307692308,0.5220458553791887,0.9801324503311258,T_HNSC_vs_rest,13,svm
2377,scanpy_t-test,0.5714176715913467,0.3586698337292161,0.527972027972028,1.0,T_HNSC_vs_rest,13,svm
2378,scanpy_t-test,0.5622030838727993,0.3557692307692308,0.5220458553791887,0.9801324503311258,T_HNSC_vs_rest,13,svm
2379,scanpy_t-test,0.5614215713194779,0.354916067146283,0.5211267605633803,0.9801324503311258,T_HNSC_vs_rest,14,svm
2380,scanpy_t-test,0.5737781731158698,0.361244019138756,0.5307557117750439,1.0,T_HNSC_vs_rest,14,svm
2381,scanpy_t-test,0.5609505912938022,0.3567961165048544,0.522202486678508,0.9735099337748344,T_HNSC_vs_rest,14,svm
2382,scanpy_t-test,0.5614215713194779,0.354916067146283,0.5211267605633803,0.9801324503311258,T_HNSC_vs_rest,15,svm
2383,scanpy_t-test,0.5737781731158698,0.361244019138756,0.5307557117750439,1.0,T_HNSC_vs_rest,15,svm
2384,scanpy_t-test,0.5601628240891642,0.3559322033898305,0.5212765957446809,0.9735099337748344,T_HNSC_vs_rest,15,svm
2385,scanpy_t-test,0.5622030838727993,0.3557692307692308,0.5220458553791887,0.9801324503311258,T_HNSC_vs_rest,16,svm
2386,scanpy_t-test,0.572988666559883,0.360381861575179,0.5298245614035088,1.0,T_HNSC_vs_rest,16,svm
2387,scanpy_t-test,0.5617410791741457,0.35766423357664234,0.5231316725978647,0.9735099337748344,T_HNSC_vs_rest,16,svm
2388,scanpy_t-test,0.588020276032603,0.382051282051282,0.5508317929759704,0.9867549668874173,T_HNSC_vs_rest,17,svm
2389,scanpy_t-test,0.5893096617026087,0.37844611528822053,0.5490909090909091,1.0,T_HNSC_vs_rest,17,svm
2390,scanpy_t-test,0.5885788059900184,0.38786279683377306,0.5547169811320755,0.9735099337748344,T_HNSC_vs_rest,17,svm
2391,scanpy_t-test,0.59126024223124,0.39095744680851063,0.5578747628083491,0.9735099337748344,T_HNSC_vs_rest,18,svm
2392,scanpy_t-test,0.5953004615402102,0.3852040816326531,0.5561694290976059,1.0,T_HNSC_vs_rest,18,svm
2393,scanpy_t-test,0.5948834069845352,0.3951612903225806,0.5621414913957935,0.9735099337748344,T_HNSC_vs_rest,18,svm
2394,scanpy_t-test,0.5930649036220612,0.393048128342246,0.56,0.9735099337748344,T_HNSC_vs_rest,19,svm
2395,scanpy_t-test,0.5935732992930767,0.383248730964467,0.5541284403669725,1.0,T_HNSC_vs_rest,19,svm
2396,scanpy_t-test,0.5948834069845352,0.3951612903225806,0.5621414913957935,0.9735099337748344,T_HNSC_vs_rest,19,svm
2397,scanpy_t-test,0.6031872247576248,0.40217391304347827,0.5703275529865125,0.9801324503311258,T_HNSC_vs_rest,20,svm
2398,scanpy_t-test,0.6144677277273493,0.41274238227146814,0.58203125,0.9867549668874173,T_HNSC_vs_rest,20,svm
2399,scanpy_t-test,0.5829870130923772,0.38666666666666666,0.5513307984790875,0.9602649006622517,T_HNSC_vs_rest,20,svm
2400,yomix,0.6165542558985826,0.40425531914893614,0.5671641791044776,0.95,T_KICH_vs_rest,1,svm
2401,yomix,0.637566056914803,0.4318181818181818,0.59375,0.95,T_KICH_vs_rest,1,svm
2402,yomix,0.5835884004392589,0.3829787234042553,0.5373134328358209,0.9,T_KICH_vs_rest,1,svm
2403,yomix,0.7874180189546861,0.6551724137931034,0.7755102040816326,0.95,T_KICH_vs_rest,2,svm
2404,yomix,0.7652549198548886,0.5882352941176471,0.7407407407407407,1.0,T_KICH_vs_rest,2,svm
2405,yomix,0.7740465064162059,0.6333333333333333,0.76,0.95,T_KICH_vs_rest,2,svm
2406,yomix,0.8163487196791481,0.7037037037037037,0.8085106382978723,0.95,T_KICH_vs_rest,3,svm
2407,yomix,0.7890587714674874,0.625,0.7692307692307693,1.0,T_KICH_vs_rest,3,svm
2408,yomix,0.7874180189546861,0.6551724137931034,0.7755102040816326,0.95,T_KICH_vs_rest,3,svm
2409,yomix,0.8163487196791481,0.7037037037037037,0.8085106382978723,0.95,T_KICH_vs_rest,4,svm
2410,yomix,0.7890587714674874,0.625,0.7692307692307693,1.0,T_KICH_vs_rest,4,svm
2411,yomix,0.8163487196791481,0.7037037037037037,0.8085106382978723,0.95,T_KICH_vs_rest,4,svm
2412,yomix,0.8163487196791481,0.7037037037037037,0.8085106382978723,0.95,T_KICH_vs_rest,5,svm
2413,yomix,0.8018125269918664,0.6451612903225806,0.7843137254901961,1.0,T_KICH_vs_rest,5,svm
2414,yomix,0.8014971283436921,0.6785714285714286,0.7916666666666666,0.95,T_KICH_vs_rest,5,svm
2415,yomix,0.8320463290560824,0.7307692307692307,0.8260869565217391,0.95,T_KICH_vs_rest,6,svm
2416,yomix,0.829264939900864,0.6896551724137931,0.8163265306122449,1.0,T_KICH_vs_rest,6,svm
2417,yomix,0.8163487196791481,0.7037037037037037,0.8085106382978723,0.95,T_KICH_vs_rest,6,svm
2418,yomix,0.8320463290560824,0.7307692307692307,0.8260869565217391,0.95,T_KICH_vs_rest,7,svm
2419,yomix,0.829264939900864,0.6896551724137931,0.8163265306122449,1.0,T_KICH_vs_rest,7,svm
2420,yomix,0.7874180189546861,0.6551724137931034,0.7755102040816326,0.95,T_KICH_vs_rest,7,svm
2421,yomix,0.8320463290560824,0.7307692307692307,0.8260869565217391,0.95,T_KICH_vs_rest,8,svm
2422,yomix,0.829264939900864,0.6896551724137931,0.8163265306122449,1.0,T_KICH_vs_rest,8,svm
2423,yomix,0.7874180189546861,0.6551724137931034,0.7755102040816326,0.95,T_KICH_vs_rest,8,svm
2424,yomix,0.8320463290560824,0.7307692307692307,0.8260869565217391,0.95,T_KICH_vs_rest,9,svm
2425,yomix,0.8151966333099057,0.6666666666666666,0.8,1.0,T_KICH_vs_rest,9,svm
2426,yomix,0.7874180189546861,0.6551724137931034,0.7755102040816326,0.95,T_KICH_vs_rest,9,svm
2427,yomix,0.8320463290560824,0.7307692307692307,0.8260869565217391,0.95,T_KICH_vs_rest,10,svm
2428,yomix,0.8151966333099057,0.6666666666666666,0.8,1.0,T_KICH_vs_rest,10,svm
2429,yomix,0.7874180189546861,0.6551724137931034,0.7755102040816326,0.95,T_KICH_vs_rest,10,svm
2430,yomix,0.8320463290560824,0.7307692307692307,0.8260869565217391,0.95,T_KICH_vs_rest,11,svm
2431,yomix,0.8018125269918664,0.6451612903225806,0.7843137254901961,1.0,T_KICH_vs_rest,11,svm
2432,yomix,0.7874180189546861,0.6551724137931034,0.7755102040816326,0.95,T_KICH_vs_rest,11,svm
2433,yomix,0.8320463290560824,0.7307692307692307,0.8260869565217391,0.95,T_KICH_vs_rest,12,svm
2434,yomix,0.8151966333099057,0.6666666666666666,0.8,1.0,T_KICH_vs_rest,12,svm
2435,yomix,0.7874180189546861,0.6551724137931034,0.7755102040816326,0.95,T_KICH_vs_rest,12,svm
2436,yomix,0.8320463290560824,0.7307692307692307,0.8260869565217391,0.95,T_KICH_vs_rest,13,svm
2437,yomix,0.8151966333099057,0.6666666666666666,0.8,1.0,T_KICH_vs_rest,13,svm
2438,yomix,0.7874180189546861,0.6551724137931034,0.7755102040816326,0.95,T_KICH_vs_rest,13,svm
2439,yomix,0.8320463290560824,0.7307692307692307,0.8260869565217391,0.95,T_KICH_vs_rest,14,svm
2440,yomix,0.8151966333099057,0.6666666666666666,0.8,1.0,T_KICH_vs_rest,14,svm
2441,yomix,0.7874180189546861,0.6551724137931034,0.7755102040816326,0.95,T_KICH_vs_rest,14,svm
2442,yomix,0.8320463290560824,0.7307692307692307,0.8260869565217391,0.95,T_KICH_vs_rest,15,svm
2443,yomix,0.8151966333099057,0.6666666666666666,0.8,1.0,T_KICH_vs_rest,15,svm
2444,yomix,0.8014971283436921,0.6785714285714286,0.7916666666666666,0.95,T_KICH_vs_rest,15,svm
2445,yomix,0.8320463290560824,0.7307692307692307,0.8260869565217391,0.95,T_KICH_vs_rest,16,svm
2446,yomix,0.8151966333099057,0.6666666666666666,0.8,1.0,T_KICH_vs_rest,16,svm
2447,yomix,0.7874180189546861,0.6551724137931034,0.7755102040816326,0.95,T_KICH_vs_rest,16,svm
2448,yomix,0.8320463290560824,0.7307692307692307,0.8260869565217391,0.95,T_KICH_vs_rest,17,svm
2449,yomix,0.8151966333099057,0.6666666666666666,0.8,1.0,T_KICH_vs_rest,17,svm
2450,yomix,0.8014971283436921,0.6785714285714286,0.7916666666666666,0.95,T_KICH_vs_rest,17,svm
2451,yomix,0.7376333669155553,0.5757575757575758,0.7169811320754716,0.95,T_KICH_vs_rest,18,svm
2452,yomix,0.6052799505019404,0.37037037037037035,0.5405405405405406,1.0,T_KICH_vs_rest,18,svm
2453,yomix,0.8014971283436921,0.6785714285714286,0.7916666666666666,0.95,T_KICH_vs_rest,18,svm
2454,yomix,0.7376333669155553,0.5757575757575758,0.7169811320754716,0.95,T_KICH_vs_rest,19,svm
2455,yomix,0.6052799505019404,0.37037037037037035,0.5405405405405406,1.0,T_KICH_vs_rest,19,svm
2456,yomix,0.8163487196791481,0.7037037037037037,0.8085106382978723,0.95,T_KICH_vs_rest,19,svm
2457,yomix,0.7376333669155553,0.5757575757575758,0.7169811320754716,0.95,T_KICH_vs_rest,20,svm
2458,yomix,0.5691423334944654,0.34545454545454546,0.5066666666666667,0.95,T_KICH_vs_rest,20,svm
2459,yomix,0.8163487196791481,0.7037037037037037,0.8085106382978723,0.95,T_KICH_vs_rest,20,svm
2460,cosg,0.7792915430565225,0.7619047619047619,0.7804878048780488,0.8,T_KICH_vs_rest,1,svm
2461,cosg,0.8937154639905717,0.8,0.8888888888888888,1.0,T_KICH_vs_rest,1,svm
2462,cosg,0.7878721924126733,0.6923076923076923,0.782608695652174,0.9,T_KICH_vs_rest,1,svm
2463,cosg,0.7792915430565225,0.7619047619047619,0.7804878048780488,0.8,T_KICH_vs_rest,2,svm
2464,cosg,0.9122898527770121,0.8333333333333334,0.9090909090909091,1.0,T_KICH_vs_rest,2,svm
2465,cosg,0.8036319071836189,0.72,0.8,0.9,T_KICH_vs_rest,2,svm
2466,cosg,0.7792915430565225,0.7619047619047619,0.7804878048780488,0.8,T_KICH_vs_rest,3,svm
2467,cosg,0.9122898527770121,0.8333333333333334,0.9090909090909091,1.0,T_KICH_vs_rest,3,svm
2468,cosg,0.8036319071836189,0.72,0.8,0.9,T_KICH_vs_rest,3,svm
2469,cosg,0.7792915430565225,0.7619047619047619,0.7804878048780488,0.8,T_KICH_vs_rest,4,svm
2470,cosg,0.9122898527770121,0.8333333333333334,0.9090909090909091,1.0,T_KICH_vs_rest,4,svm
2471,cosg,0.8036319071836189,0.72,0.8,0.9,T_KICH_vs_rest,4,svm
2472,cosg,0.7792915430565225,0.7619047619047619,0.7804878048780488,0.8,T_KICH_vs_rest,5,svm
2473,cosg,0.9122898527770121,0.8333333333333334,0.9090909090909091,1.0,T_KICH_vs_rest,5,svm
2474,cosg,0.8036319071836189,0.72,0.8,0.9,T_KICH_vs_rest,5,svm
2475,cosg,0.7611921323982912,0.7272727272727273,0.7619047619047619,0.8,T_KICH_vs_rest,6,svm
2476,cosg,0.7652549198548886,0.5882352941176471,0.7407407407407407,1.0,T_KICH_vs_rest,6,svm
2477,cosg,0.7729934297829958,0.6666666666666666,0.7659574468085106,0.9,T_KICH_vs_rest,6,svm
2478,cosg,0.6590333766300678,0.4864864864864865,0.631578947368421,0.9,T_KICH_vs_rest,7,svm
2479,cosg,0.6495201113579064,0.425531914893617,0.5970149253731343,1.0,T_KICH_vs_rest,7,svm
2480,cosg,0.5914613397158077,0.37254901960784315,0.5352112676056338,0.95,T_KICH_vs_rest,7,svm
2481,cosg,0.6501766259707604,0.47368421052631576,0.6206896551724138,0.9,T_KICH_vs_rest,8,svm
2482,cosg,0.6495201113579064,0.425531914893617,0.5970149253731343,1.0,T_KICH_vs_rest,8,svm
2483,cosg,0.5914613397158077,0.37254901960784315,0.5352112676056338,0.95,T_KICH_vs_rest,8,svm
2484,cosg,0.6501766259707604,0.47368421052631576,0.6206896551724138,0.9,T_KICH_vs_rest,9,svm
2485,cosg,0.6495201113579064,0.425531914893617,0.5970149253731343,1.0,T_KICH_vs_rest,9,svm
2486,cosg,0.5914613397158077,0.37254901960784315,0.5352112676056338,0.95,T_KICH_vs_rest,9,svm
2487,cosg,0.6501766259707604,0.47368421052631576,0.6206896551724138,0.9,T_KICH_vs_rest,10,svm
2488,cosg,0.6495201113579064,0.425531914893617,0.5970149253731343,1.0,T_KICH_vs_rest,10,svm
2489,cosg,0.5914613397158077,0.37254901960784315,0.5352112676056338,0.95,T_KICH_vs_rest,10,svm
2490,cosg,0.8320463290560824,0.7307692307692307,0.8260869565217391,0.95,T_KICH_vs_rest,11,svm
2491,cosg,0.7890587714674874,0.625,0.7692307692307693,1.0,T_KICH_vs_rest,11,svm
2492,cosg,0.8320463290560824,0.7307692307692307,0.8260869565217391,0.95,T_KICH_vs_rest,11,svm
2493,cosg,0.8320463290560824,0.7307692307692307,0.8260869565217391,0.95,T_KICH_vs_rest,12,svm
2494,cosg,0.829264939900864,0.6896551724137931,0.8163265306122449,1.0,T_KICH_vs_rest,12,svm
2495,cosg,0.7874180189546861,0.6551724137931034,0.7755102040816326,0.95,T_KICH_vs_rest,12,svm
2496,cosg,0.8320463290560824,0.7307692307692307,0.8260869565217391,0.95,T_KICH_vs_rest,13,svm
2497,cosg,0.829264939900864,0.6896551724137931,0.8163265306122449,1.0,T_KICH_vs_rest,13,svm
2498,cosg,0.7874180189546861,0.6551724137931034,0.7755102040816326,0.95,T_KICH_vs_rest,13,svm
2499,cosg,0.8320463290560824,0.7307692307692307,0.8260869565217391,0.95,T_KICH_vs_rest,14,svm
2500,cosg,0.829264939900864,0.6896551724137931,0.8163265306122449,1.0,T_KICH_vs_rest,14,svm
2501,cosg,0.7874180189546861,0.6551724137931034,0.7755102040816326,0.95,T_KICH_vs_rest,14,svm
2502,cosg,0.7058556118822691,0.5277777777777778,0.6785714285714286,0.95,T_KICH_vs_rest,15,svm
2503,cosg,0.6716208289907528,0.45454545454545453,0.625,1.0,T_KICH_vs_rest,15,svm
2504,cosg,0.7492026089930118,0.59375,0.7307692307692307,0.95,T_KICH_vs_rest,15,svm
2505,cosg,0.7159948980121179,0.5428571428571428,0.6909090909090909,0.95,T_KICH_vs_rest,16,svm
2506,cosg,0.6716208289907528,0.45454545454545453,0.625,1.0,T_KICH_vs_rest,16,svm
2507,cosg,0.7492026089930118,0.59375,0.7307692307692307,0.95,T_KICH_vs_rest,16,svm
2508,cosg,0.726576407366857,0.5588235294117647,0.7037037037037037,0.95,T_KICH_vs_rest,17,svm
2509,cosg,0.6716208289907528,0.45454545454545453,0.625,1.0,T_KICH_vs_rest,17,svm
2510,cosg,0.7613250904836405,0.6129032258064516,0.7450980392156863,0.95,T_KICH_vs_rest,17,svm
2511,cosg,0.726576407366857,0.5588235294117647,0.7037037037037037,0.95,T_KICH_vs_rest,18,svm
2512,cosg,0.6716208289907528,0.45454545454545453,0.625,1.0,T_KICH_vs_rest,18,svm
2513,cosg,0.7613250904836405,0.6129032258064516,0.7450980392156863,0.95,T_KICH_vs_rest,18,svm
2514,cosg,0.726576407366857,0.5588235294117647,0.7037037037037037,0.95,T_KICH_vs_rest,19,svm
2515,cosg,0.6716208289907528,0.45454545454545453,0.625,1.0,T_KICH_vs_rest,19,svm
2516,cosg,0.7613250904836405,0.6129032258064516,0.7450980392156863,0.95,T_KICH_vs_rest,19,svm
2517,cosg,0.726576407366857,0.5588235294117647,0.7037037037037037,0.95,T_KICH_vs_rest,20,svm
2518,cosg,0.6716208289907528,0.45454545454545453,0.625,1.0,T_KICH_vs_rest,20,svm
2519,cosg,0.7613250904836405,0.6129032258064516,0.7450980392156863,0.95,T_KICH_vs_rest,20,svm
2520,scanpy_wilcoxon,0.7442822927633621,0.6956521739130435,0.7441860465116279,0.8,T_KICH_vs_rest,1,svm
2521,scanpy_wilcoxon,0.8597040095753005,0.7407407407407407,0.851063829787234,1.0,T_KICH_vs_rest,1,svm
2522,scanpy_wilcoxon,0.7729934297829958,0.6666666666666666,0.7659574468085106,0.9,T_KICH_vs_rest,1,svm
2523,scanpy_wilcoxon,0.7611921323982912,0.7272727272727273,0.7619047619047619,0.8,T_KICH_vs_rest,2,svm
2524,scanpy_wilcoxon,0.5422578926757466,0.29850746268656714,0.45977011494252873,1.0,T_KICH_vs_rest,2,svm
2525,scanpy_wilcoxon,0.5185345000841918,0.2878787878787879,0.4418604651162791,0.95,T_KICH_vs_rest,2,svm
2526,scanpy_wilcoxon,0.8320463290560824,0.7307692307692307,0.8260869565217391,0.95,T_KICH_vs_rest,3,svm
2527,scanpy_wilcoxon,0.7434563882836301,0.5555555555555556,0.7142857142857143,1.0,T_KICH_vs_rest,3,svm
2528,scanpy_wilcoxon,0.8163487196791481,0.7037037037037037,0.8085106382978723,0.95,T_KICH_vs_rest,3,svm
2529,scanpy_wilcoxon,0.8163487196791481,0.7037037037037037,0.8085106382978723,0.95,T_KICH_vs_rest,4,svm
2530,scanpy_wilcoxon,0.8018125269918664,0.6451612903225806,0.7843137254901961,1.0,T_KICH_vs_rest,4,svm
2531,scanpy_wilcoxon,0.8320463290560824,0.7307692307692307,0.8260869565217391,0.95,T_KICH_vs_rest,4,svm
2532,scanpy_wilcoxon,0.8163487196791481,0.7037037037037037,0.8085106382978723,0.95,T_KICH_vs_rest,5,svm
2533,scanpy_wilcoxon,0.8151966333099057,0.6666666666666666,0.8,1.0,T_KICH_vs_rest,5,svm
2534,scanpy_wilcoxon,0.8163487196791481,0.7037037037037037,0.8085106382978723,0.95,T_KICH_vs_rest,5,svm
2535,scanpy_wilcoxon,0.8163487196791481,0.7037037037037037,0.8085106382978723,0.95,T_KICH_vs_rest,6,svm
2536,scanpy_wilcoxon,0.8018125269918664,0.6451612903225806,0.7843137254901961,1.0,T_KICH_vs_rest,6,svm
2537,scanpy_wilcoxon,0.8163487196791481,0.7037037037037037,0.8085106382978723,0.95,T_KICH_vs_rest,6,svm
2538,scanpy_wilcoxon,0.8163487196791481,0.7037037037037037,0.8085106382978723,0.95,T_KICH_vs_rest,7,svm
2539,scanpy_wilcoxon,0.8018125269918664,0.6451612903225806,0.7843137254901961,1.0,T_KICH_vs_rest,7,svm
2540,scanpy_wilcoxon,0.8163487196791481,0.7037037037037037,0.8085106382978723,0.95,T_KICH_vs_rest,7,svm
2541,scanpy_wilcoxon,0.8163487196791481,0.7037037037037037,0.8085106382978723,0.95,T_KICH_vs_rest,8,svm
2542,scanpy_wilcoxon,0.8018125269918664,0.6451612903225806,0.7843137254901961,1.0,T_KICH_vs_rest,8,svm
2543,scanpy_wilcoxon,0.8163487196791481,0.7037037037037037,0.8085106382978723,0.95,T_KICH_vs_rest,8,svm
2544,scanpy_wilcoxon,0.8163487196791481,0.7037037037037037,0.8085106382978723,0.95,T_KICH_vs_rest,9,svm
2545,scanpy_wilcoxon,0.8018125269918664,0.6451612903225806,0.7843137254901961,1.0,T_KICH_vs_rest,9,svm
2546,scanpy_wilcoxon,0.8163487196791481,0.7037037037037037,0.8085106382978723,0.95,T_KICH_vs_rest,9,svm
2547,scanpy_wilcoxon,0.8163487196791481,0.7037037037037037,0.8085106382978723,0.95,T_KICH_vs_rest,10,svm
2548,scanpy_wilcoxon,0.8018125269918664,0.6451612903225806,0.7843137254901961,1.0,T_KICH_vs_rest,10,svm
2549,scanpy_wilcoxon,0.8163487196791481,0.7037037037037037,0.8085106382978723,0.95,T_KICH_vs_rest,10,svm
2550,scanpy_wilcoxon,0.8163487196791481,0.7037037037037037,0.8085106382978723,0.95,T_KICH_vs_rest,11,svm
2551,scanpy_wilcoxon,0.7890587714674874,0.625,0.7692307692307693,1.0,T_KICH_vs_rest,11,svm
2552,scanpy_wilcoxon,0.8163487196791481,0.7037037037037037,0.8085106382978723,0.95,T_KICH_vs_rest,11,svm
2553,scanpy_wilcoxon,0.8163487196791481,0.7037037037037037,0.8085106382978723,0.95,T_KICH_vs_rest,12,svm
2554,scanpy_wilcoxon,0.8151966333099057,0.6666666666666666,0.8,1.0,T_KICH_vs_rest,12,svm
2555,scanpy_wilcoxon,0.8163487196791481,0.7037037037037037,0.8085106382978723,0.95,T_KICH_vs_rest,12,svm
2556,scanpy_wilcoxon,0.8163487196791481,0.7037037037037037,0.8085106382978723,0.95,T_KICH_vs_rest,13,svm
2557,scanpy_wilcoxon,0.8151966333099057,0.6666666666666666,0.8,1.0,T_KICH_vs_rest,13,svm
2558,scanpy_wilcoxon,0.8163487196791481,0.7037037037037037,0.8085106382978723,0.95,T_KICH_vs_rest,13,svm
2559,scanpy_wilcoxon,0.8163487196791481,0.7037037037037037,0.8085106382978723,0.95,T_KICH_vs_rest,14,svm
2560,scanpy_wilcoxon,0.829264939900864,0.6896551724137931,0.8163265306122449,1.0,T_KICH_vs_rest,14,svm
2561,scanpy_wilcoxon,0.8163487196791481,0.7037037037037037,0.8085106382978723,0.95,T_KICH_vs_rest,14,svm
2562,scanpy_wilcoxon,0.8163487196791481,0.7037037037037037,0.8085106382978723,0.95,T_KICH_vs_rest,15,svm
2563,scanpy_wilcoxon,0.8151966333099057,0.6666666666666666,0.8,1.0,T_KICH_vs_rest,15,svm
2564,scanpy_wilcoxon,0.8163487196791481,0.7037037037037037,0.8085106382978723,0.95,T_KICH_vs_rest,15,svm
2565,scanpy_wilcoxon,0.8163487196791481,0.7037037037037037,0.8085106382978723,0.95,T_KICH_vs_rest,16,svm
2566,scanpy_wilcoxon,0.8151966333099057,0.6666666666666666,0.8,1.0,T_KICH_vs_rest,16,svm
2567,scanpy_wilcoxon,0.8014971283436921,0.6785714285714286,0.7916666666666666,0.95,T_KICH_vs_rest,16,svm
2568,scanpy_wilcoxon,0.8163487196791481,0.7037037037037037,0.8085106382978723,0.95,T_KICH_vs_rest,17,svm
2569,scanpy_wilcoxon,0.844077967434528,0.7142857142857143,0.8333333333333334,1.0,T_KICH_vs_rest,17,svm
2570,scanpy_wilcoxon,0.8163487196791481,0.7037037037037037,0.8085106382978723,0.95,T_KICH_vs_rest,17,svm
2571,scanpy_wilcoxon,0.8320463290560824,0.7307692307692307,0.8260869565217391,0.95,T_KICH_vs_rest,18,svm
2572,scanpy_wilcoxon,0.844077967434528,0.7142857142857143,0.8333333333333334,1.0,T_KICH_vs_rest,18,svm
2573,scanpy_wilcoxon,0.8163487196791481,0.7037037037037037,0.8085106382978723,0.95,T_KICH_vs_rest,18,svm
2574,scanpy_wilcoxon,0.8320463290560824,0.7307692307692307,0.8260869565217391,0.95,T_KICH_vs_rest,19,svm
2575,scanpy_wilcoxon,0.8597040095753005,0.7407407407407407,0.851063829787234,1.0,T_KICH_vs_rest,19,svm
2576,scanpy_wilcoxon,0.8320463290560824,0.7307692307692307,0.8260869565217391,0.95,T_KICH_vs_rest,19,svm
2577,scanpy_wilcoxon,0.8320463290560824,0.7307692307692307,0.8260869565217391,0.95,T_KICH_vs_rest,20,svm
2578,scanpy_wilcoxon,0.8597040095753005,0.7407407407407407,0.851063829787234,1.0,T_KICH_vs_rest,20,svm
2579,scanpy_wilcoxon,0.8320463290560824,0.7307692307692307,0.8260869565217391,0.95,T_KICH_vs_rest,20,svm
2580,scanpy_t-test,0.13370608456500674,0.025333333333333333,0.04935064935064935,0.95,T_KICH_vs_rest,1,svm
2581,scanpy_t-test,0.1414771033043068,0.02621231979030144,0.05108556832694764,1.0,T_KICH_vs_rest,1,svm
2582,scanpy_t-test,0.13215435168448342,0.02490170380078637,0.04853128991060025,0.95,T_KICH_vs_rest,1,svm
2583,scanpy_t-test,0.7740465064162059,0.6333333333333333,0.76,0.95,T_KICH_vs_rest,2,svm
2584,scanpy_t-test,0.7434563882836301,0.5555555555555556,0.7142857142857143,1.0,T_KICH_vs_rest,2,svm
2585,scanpy_t-test,0.7740465064162059,0.6333333333333333,0.76,0.95,T_KICH_vs_rest,2,svm
2586,scanpy_t-test,0.8014971283436921,0.6785714285714286,0.7916666666666666,0.95,T_KICH_vs_rest,3,svm
2587,scanpy_t-test,0.77688727171482,0.6060606060606061,0.7547169811320755,1.0,T_KICH_vs_rest,3,svm
2588,scanpy_t-test,0.8163487196791481,0.7037037037037037,0.8085106382978723,0.95,T_KICH_vs_rest,3,svm
2589,scanpy_t-test,0.8163487196791481,0.7037037037037037,0.8085106382978723,0.95,T_KICH_vs_rest,4,svm
2590,scanpy_t-test,0.844077967434528,0.7142857142857143,0.8333333333333334,1.0,T_KICH_vs_rest,4,svm
2591,scanpy_t-test,0.8163487196791481,0.7037037037037037,0.8085106382978723,0.95,T_KICH_vs_rest,4,svm
2592,scanpy_t-test,0.8163487196791481,0.7037037037037037,0.8085106382978723,0.95,T_KICH_vs_rest,5,svm
2593,scanpy_t-test,0.8151966333099057,0.6666666666666666,0.8,1.0,T_KICH_vs_rest,5,svm
2594,scanpy_t-test,0.8163487196791481,0.7037037037037037,0.8085106382978723,0.95,T_KICH_vs_rest,5,svm
2595,scanpy_t-test,0.8163487196791481,0.7037037037037037,0.8085106382978723,0.95,T_KICH_vs_rest,6,svm
2596,scanpy_t-test,0.8151966333099057,0.6666666666666666,0.8,1.0,T_KICH_vs_rest,6,svm
2597,scanpy_t-test,0.8163487196791481,0.7037037037037037,0.8085106382978723,0.95,T_KICH_vs_rest,6,svm
2598,scanpy_t-test,0.8163487196791481,0.7037037037037037,0.8085106382978723,0.95,T_KICH_vs_rest,7,svm
2599,scanpy_t-test,0.829264939900864,0.6896551724137931,0.8163265306122449,1.0,T_KICH_vs_rest,7,svm
2600,scanpy_t-test,0.8320463290560824,0.7307692307692307,0.8260869565217391,0.95,T_KICH_vs_rest,7,svm
2601,scanpy_t-test,0.8163487196791481,0.7037037037037037,0.8085106382978723,0.95,T_KICH_vs_rest,8,svm
2602,scanpy_t-test,0.829264939900864,0.6896551724137931,0.8163265306122449,1.0,T_KICH_vs_rest,8,svm
2603,scanpy_t-test,0.8320463290560824,0.7307692307692307,0.8260869565217391,0.95,T_KICH_vs_rest,8,svm
2604,scanpy_t-test,0.8320463290560824,0.7307692307692307,0.8260869565217391,0.95,T_KICH_vs_rest,9,svm
2605,scanpy_t-test,0.829264939900864,0.6896551724137931,0.8163265306122449,1.0,T_KICH_vs_rest,9,svm
2606,scanpy_t-test,0.8163487196791481,0.7037037037037037,0.8085106382978723,0.95,T_KICH_vs_rest,9,svm
2607,scanpy_t-test,0.8320463290560824,0.7307692307692307,0.8260869565217391,0.95,T_KICH_vs_rest,10,svm
2608,scanpy_t-test,0.829264939900864,0.6896551724137931,0.8163265306122449,1.0,T_KICH_vs_rest,10,svm
2609,scanpy_t-test,0.8163487196791481,0.7037037037037037,0.8085106382978723,0.95,T_KICH_vs_rest,10,svm
2610,scanpy_t-test,0.8320463290560824,0.7307692307692307,0.8260869565217391,0.95,T_KICH_vs_rest,11,svm
2611,scanpy_t-test,0.829264939900864,0.6896551724137931,0.8163265306122449,1.0,T_KICH_vs_rest,11,svm
2612,scanpy_t-test,0.8320463290560824,0.7307692307692307,0.8260869565217391,0.95,T_KICH_vs_rest,11,svm
2613,scanpy_t-test,0.8320463290560824,0.7307692307692307,0.8260869565217391,0.95,T_KICH_vs_rest,12,svm
2614,scanpy_t-test,0.8018125269918664,0.6451612903225806,0.7843137254901961,1.0,T_KICH_vs_rest,12,svm
2615,scanpy_t-test,0.8163487196791481,0.7037037037037037,0.8085106382978723,0.95,T_KICH_vs_rest,12,svm
2616,scanpy_t-test,0.8320463290560824,0.7307692307692307,0.8260869565217391,0.95,T_KICH_vs_rest,13,svm
2617,scanpy_t-test,0.8018125269918664,0.6451612903225806,0.7843137254901961,1.0,T_KICH_vs_rest,13,svm
2618,scanpy_t-test,0.8163487196791481,0.7037037037037037,0.8085106382978723,0.95,T_KICH_vs_rest,13,svm
2619,scanpy_t-test,0.8320463290560824,0.7307692307692307,0.8260869565217391,0.95,T_KICH_vs_rest,14,svm
2620,scanpy_t-test,0.8151966333099057,0.6666666666666666,0.8,1.0,T_KICH_vs_rest,14,svm
2621,scanpy_t-test,0.8163487196791481,0.7037037037037037,0.8085106382978723,0.95,T_KICH_vs_rest,14,svm
2622,scanpy_t-test,0.8320463290560824,0.7307692307692307,0.8260869565217391,0.95,T_KICH_vs_rest,15,svm
2623,scanpy_t-test,0.6876461985391962,0.47619047619047616,0.6451612903225806,1.0,T_KICH_vs_rest,15,svm
2624,scanpy_t-test,0.8320463290560824,0.7307692307692307,0.8260869565217391,0.95,T_KICH_vs_rest,15,svm
2625,scanpy_t-test,0.8320463290560824,0.7307692307692307,0.8260869565217391,0.95,T_KICH_vs_rest,16,svm
2626,scanpy_t-test,0.6794943916503933,0.46511627906976744,0.6349206349206349,1.0,T_KICH_vs_rest,16,svm
2627,scanpy_t-test,0.8163487196791481,0.7037037037037037,0.8085106382978723,0.95,T_KICH_vs_rest,16,svm
2628,scanpy_t-test,0.8014971283436921,0.6785714285714286,0.7916666666666666,0.95,T_KICH_vs_rest,17,svm
2629,scanpy_t-test,0.6640099785392346,0.4444444444444444,0.6153846153846154,1.0,T_KICH_vs_rest,17,svm
2630,scanpy_t-test,0.7874180189546861,0.6551724137931034,0.7755102040816326,0.95,T_KICH_vs_rest,17,svm
2631,scanpy_t-test,0.7492026089930118,0.59375,0.7307692307692307,0.95,T_KICH_vs_rest,18,svm
2632,scanpy_t-test,0.6495201113579064,0.425531914893617,0.5970149253731343,1.0,T_KICH_vs_rest,18,svm
2633,scanpy_t-test,0.7492026089930118,0.59375,0.7307692307692307,0.95,T_KICH_vs_rest,18,svm
2634,scanpy_t-test,0.7492026089930118,0.59375,0.7307692307692307,0.95,T_KICH_vs_rest,19,svm
2635,scanpy_t-test,0.6426155259404012,0.4166666666666667,0.5882352941176471,1.0,T_KICH_vs_rest,19,svm
2636,scanpy_t-test,0.7492026089930118,0.59375,0.7307692307692307,0.95,T_KICH_vs_rest,19,svm
2637,scanpy_t-test,0.7492026089930118,0.59375,0.7307692307692307,0.95,T_KICH_vs_rest,20,svm
2638,scanpy_t-test,0.6359223244426567,0.40816326530612246,0.5797101449275363,1.0,T_KICH_vs_rest,20,svm
2639,scanpy_t-test,0.7376333669155553,0.5757575757575758,0.7169811320754716,0.95,T_KICH_vs_rest,20,svm
2640,yomix,0.810010512117745,0.7619047619047619,0.8181818181818182,0.8834355828220859,T_KIRC_vs_rest,1,svm
2641,yomix,0.7829578298353359,0.7305699481865285,0.7921348314606742,0.8650306748466258,T_KIRC_vs_rest,1,svm
2642,yomix,0.8011449306150376,0.7621621621621621,0.8103448275862069,0.8650306748466258,T_KIRC_vs_rest,1,svm
2643,yomix,0.8558746872048008,0.7897435897435897,0.8603351955307262,0.9447852760736196,T_KIRC_vs_rest,2,svm
2644,yomix,0.869014420634623,0.8072916666666666,0.8732394366197183,0.950920245398773,T_KIRC_vs_rest,2,svm
2645,yomix,0.8109057931558104,0.7238095238095238,0.8150134048257373,0.9325153374233128,T_KIRC_vs_rest,2,svm
2646,yomix,0.8793726601087034,0.8360655737704918,0.884393063583815,0.9386503067484663,T_KIRC_vs_rest,3,svm
2647,yomix,0.9030259690767114,0.861878453038674,0.9069767441860465,0.9570552147239264,T_KIRC_vs_rest,3,svm
2648,yomix,0.8414317006795226,0.7853403141361257,0.847457627118644,0.9202453987730062,T_KIRC_vs_rest,3,svm
2649,yomix,0.9349593041697544,0.9440993788819876,0.9382716049382716,0.9325153374233128,T_KIRC_vs_rest,4,svm
2650,yomix,0.9475217725394244,0.9681528662420382,0.95,0.9325153374233128,T_KIRC_vs_rest,4,svm
2651,yomix,0.9223803680981595,0.9263803680981595,0.9263803680981595,0.9263803680981595,T_KIRC_vs_rest,4,svm
2652,yomix,0.935316973415133,0.9386503067484663,0.9386503067484663,0.9386503067484663,T_KIRC_vs_rest,5,svm
2653,yomix,0.9509017704629686,0.9683544303797469,0.9532710280373832,0.9386503067484663,T_KIRC_vs_rest,5,svm
2654,yomix,0.9134735328609905,0.9096385542168675,0.9179331306990881,0.9263803680981595,T_KIRC_vs_rest,5,svm
2655,yomix,0.8924896847426459,0.8595505617977528,0.8973607038123167,0.9386503067484663,T_KIRC_vs_rest,6,svm
2656,yomix,0.9509017704629686,0.9683544303797469,0.9532710280373832,0.9386503067484663,T_KIRC_vs_rest,6,svm
2657,yomix,0.8991418998951142,0.8830409356725146,0.9041916167664671,0.9263803680981595,T_KIRC_vs_rest,6,svm
2658,yomix,0.9117891442112446,0.8947368421052632,0.9161676646706587,0.9386503067484663,T_KIRC_vs_rest,7,svm
2659,yomix,0.9441319809933274,0.967948717948718,0.9467084639498433,0.9263803680981595,T_KIRC_vs_rest,7,svm
2660,yomix,0.9175174723080793,0.9053254437869822,0.9216867469879518,0.9386503067484663,T_KIRC_vs_rest,7,svm
2661,yomix,0.9117891442112446,0.8947368421052632,0.9161676646706587,0.9386503067484663,T_KIRC_vs_rest,8,svm
2662,yomix,0.9441319809933274,0.967948717948718,0.9467084639498433,0.9263803680981595,T_KIRC_vs_rest,8,svm
2663,yomix,0.9175174723080793,0.9053254437869822,0.9216867469879518,0.9386503067484663,T_KIRC_vs_rest,8,svm
2664,yomix,0.9089617132034542,0.8895348837209303,0.9134328358208955,0.9386503067484663,T_KIRC_vs_rest,9,svm
2665,yomix,0.9473565886240253,0.9741935483870968,0.949685534591195,0.9263803680981595,T_KIRC_vs_rest,9,svm
2666,yomix,0.9175174723080793,0.9053254437869822,0.9216867469879518,0.9386503067484663,T_KIRC_vs_rest,9,svm
2667,yomix,0.9006221560609712,0.8742857142857143,0.9053254437869822,0.9386503067484663,T_KIRC_vs_rest,10,svm
2668,yomix,0.9441319809933274,0.967948717948718,0.9467084639498433,0.9263803680981595,T_KIRC_vs_rest,10,svm
2669,yomix,0.8978887572691555,0.8693181818181818,0.9026548672566371,0.9386503067484663,T_KIRC_vs_rest,10,svm
2670,yomix,0.8803658546556499,0.8324324324324325,0.8850574712643678,0.9447852760736196,T_KIRC_vs_rest,11,svm
2671,yomix,0.9070607380092204,0.9036144578313253,0.9118541033434651,0.9202453987730062,T_KIRC_vs_rest,11,svm
2672,yomix,0.8995244150992847,0.8611111111111112,0.9037900874635568,0.950920245398773,T_KIRC_vs_rest,11,svm
2673,yomix,0.8829215755288805,0.8369565217391305,0.8876080691642652,0.9447852760736196,T_KIRC_vs_rest,12,svm
2674,yomix,0.8991418998951142,0.8830409356725146,0.9041916167664671,0.9263803680981595,T_KIRC_vs_rest,12,svm
2675,yomix,0.8933516196879725,0.8555555555555555,0.8979591836734694,0.9447852760736196,T_KIRC_vs_rest,12,svm
2676,yomix,0.8845557132798285,0.8453038674033149,0.8895348837209303,0.9386503067484663,T_KIRC_vs_rest,13,svm
2677,yomix,0.8991418998951142,0.8830409356725146,0.9041916167664671,0.9263803680981595,T_KIRC_vs_rest,13,svm
2678,yomix,0.87034190862625,0.8148148148148148,0.875,0.9447852760736196,T_KIRC_vs_rest,13,svm
2679,yomix,0.8819537546514592,0.8406593406593407,0.8869565217391304,0.9386503067484663,T_KIRC_vs_rest,14,svm
2680,yomix,0.9041622848228119,0.8982035928143712,0.9090909090909091,0.9202453987730062,T_KIRC_vs_rest,14,svm
2681,yomix,0.847595317625175,0.7806122448979592,0.8523676880222841,0.9386503067484663,T_KIRC_vs_rest,14,svm
2682,yomix,0.873247589698618,0.8306010928961749,0.8786127167630058,0.9325153374233128,T_KIRC_vs_rest,15,svm
2683,yomix,0.8960123580979491,0.8603351955307262,0.9005847953216374,0.9447852760736196,T_KIRC_vs_rest,15,svm
2684,yomix,0.8499290896636837,0.7846153846153846,0.8547486033519553,0.9386503067484663,T_KIRC_vs_rest,15,svm
2685,yomix,0.873247589698618,0.8306010928961749,0.8786127167630058,0.9325153374233128,T_KIRC_vs_rest,16,svm
2686,yomix,0.8968692171444171,0.856353591160221,0.9011627906976745,0.950920245398773,T_KIRC_vs_rest,16,svm
2687,yomix,0.845278893563292,0.7766497461928934,0.85,0.9386503067484663,T_KIRC_vs_rest,16,svm
2688,yomix,0.8681780201878634,0.8216216216216217,0.8735632183908046,0.9325153374233128,T_KIRC_vs_rest,17,svm
2689,yomix,0.8793726601087034,0.8360655737704918,0.884393063583815,0.9386503067484663,T_KIRC_vs_rest,17,svm
2690,yomix,0.8571135613587394,0.7868020304568528,0.8611111111111112,0.950920245398773,T_KIRC_vs_rest,17,svm
2691,yomix,0.8681780201878634,0.8216216216216217,0.8735632183908046,0.9325153374233128,T_KIRC_vs_rest,18,svm
2692,yomix,0.8793726601087034,0.8360655737704918,0.884393063583815,0.9386503067484663,T_KIRC_vs_rest,18,svm
2693,yomix,0.8571135613587394,0.7868020304568528,0.8611111111111112,0.950920245398773,T_KIRC_vs_rest,18,svm
2694,yomix,0.8681780201878634,0.8216216216216217,0.8735632183908046,0.9325153374233128,T_KIRC_vs_rest,19,svm
2695,yomix,0.8845557132798285,0.8453038674033149,0.8895348837209303,0.9386503067484663,T_KIRC_vs_rest,19,svm
2696,yomix,0.8479065918318037,0.7711442786069652,0.8516483516483516,0.950920245398773,T_KIRC_vs_rest,19,svm
2697,yomix,0.8793726601087034,0.8360655737704918,0.884393063583815,0.9386503067484663,T_KIRC_vs_rest,20,svm
2698,yomix,0.8871788242766604,0.85,0.892128279883382,0.9386503067484663,T_KIRC_vs_rest,20,svm
2699,yomix,0.8524762383731861,0.7788944723618091,0.856353591160221,0.950920245398773,T_KIRC_vs_rest,20,svm
2700,cosg,0.7967001759196706,0.7928994082840237,0.8072289156626506,0.8220858895705522,T_KIRC_vs_rest,1,svm
2701,cosg,0.7452045298164818,0.7222222222222222,0.7580174927113703,0.7975460122699386,T_KIRC_vs_rest,1,svm
2702,cosg,0.7284326491728943,0.7032967032967034,0.7420289855072464,0.7852760736196319,T_KIRC_vs_rest,1,svm
2703,cosg,0.8537719536183569,0.8176795580110497,0.8604651162790697,0.9079754601226994,T_KIRC_vs_rest,2,svm
2704,cosg,0.8077018099557449,0.7578947368421053,0.8158640226628895,0.8834355828220859,T_KIRC_vs_rest,2,svm
2705,cosg,0.8238696771619939,0.7602040816326531,0.83008356545961,0.9141104294478528,T_KIRC_vs_rest,2,svm
2706,cosg,0.8479818331461141,0.8238636363636364,0.855457227138643,0.8895705521472392,T_KIRC_vs_rest,3,svm
2707,cosg,0.8268083987773542,0.7807486631016043,0.8342857142857143,0.8957055214723927,T_KIRC_vs_rest,3,svm
2708,cosg,0.8165210464003924,0.7577319587628866,0.8235294117647058,0.901840490797546,T_KIRC_vs_rest,3,svm
2709,cosg,0.8516257221516097,0.8248587570621468,0.8588235294117647,0.8957055214723927,T_KIRC_vs_rest,4,svm
2710,cosg,0.8401555747767969,0.7989130434782609,0.8472622478386167,0.901840490797546,T_KIRC_vs_rest,4,svm
2711,cosg,0.8268083987773542,0.7807486631016043,0.8342857142857143,0.8957055214723927,T_KIRC_vs_rest,4,svm
2712,cosg,0.8127339121500013,0.7412935323383084,0.8186813186813187,0.9141104294478528,T_KIRC_vs_rest,5,svm
2713,cosg,0.8088235965471327,0.7203791469194313,0.8128342245989305,0.9325153374233128,T_KIRC_vs_rest,5,svm
2714,cosg,0.7662703905298108,0.6607929515418502,0.7692307692307693,0.9202453987730062,T_KIRC_vs_rest,5,svm
2715,cosg,0.8367266358439687,0.7772020725388601,0.8426966292134831,0.9202453987730062,T_KIRC_vs_rest,6,svm
2716,cosg,0.8222523350400833,0.7475247524752475,0.8273972602739726,0.9263803680981595,T_KIRC_vs_rest,6,svm
2717,cosg,0.7755431094161638,0.6711111111111111,0.7783505154639175,0.9263803680981595,T_KIRC_vs_rest,6,svm
2718,cosg,0.8307523240652317,0.772020725388601,0.8370786516853933,0.9141104294478528,T_KIRC_vs_rest,7,svm
2719,cosg,0.8178881945257598,0.7401960784313726,0.8228882833787466,0.9263803680981595,T_KIRC_vs_rest,7,svm
2720,cosg,0.7755431094161638,0.6711111111111111,0.7783505154639175,0.9263803680981595,T_KIRC_vs_rest,7,svm
2721,cosg,0.834807709960937,0.7638190954773869,0.8397790055248618,0.9325153374233128,T_KIRC_vs_rest,8,svm
2722,cosg,0.804702072593313,0.7136150234741784,0.8085106382978723,0.9325153374233128,T_KIRC_vs_rest,8,svm
2723,cosg,0.7773157642838401,0.6652173913043479,0.7786259541984732,0.9386503067484663,T_KIRC_vs_rest,8,svm
2724,cosg,0.8325557853880075,0.76,0.837465564738292,0.9325153374233128,T_KIRC_vs_rest,9,svm
2725,cosg,0.8215380363247482,0.7414634146341463,0.8260869565217391,0.9325153374233128,T_KIRC_vs_rest,9,svm
2726,cosg,0.7810214430169213,0.6710526315789473,0.782608695652174,0.9386503067484663,T_KIRC_vs_rest,9,svm
2727,cosg,0.8208833581683925,0.7355769230769231,0.8247978436657682,0.9386503067484663,T_KIRC_vs_rest,10,svm
2728,cosg,0.7977960597636804,0.6888888888888889,0.7989690721649485,0.950920245398773,T_KIRC_vs_rest,10,svm
2729,cosg,0.7740656017911569,0.6434426229508197,0.7714987714987716,0.9631901840490797,T_KIRC_vs_rest,10,svm
2730,cosg,0.8208833581683925,0.7355769230769231,0.8247978436657682,0.9386503067484663,T_KIRC_vs_rest,11,svm
2731,cosg,0.7977960597636804,0.6888888888888889,0.7989690721649485,0.950920245398773,T_KIRC_vs_rest,11,svm
2732,cosg,0.7740656017911569,0.6434426229508197,0.7714987714987716,0.9631901840490797,T_KIRC_vs_rest,11,svm
2733,cosg,0.8208833581683925,0.7355769230769231,0.8247978436657682,0.9386503067484663,T_KIRC_vs_rest,12,svm
2734,cosg,0.7958784672606178,0.6858407079646017,0.7969151670951157,0.950920245398773,T_KIRC_vs_rest,12,svm
2735,cosg,0.762203758265643,0.6254980079681275,0.7584541062801933,0.9631901840490797,T_KIRC_vs_rest,12,svm
2736,cosg,0.8145547938281191,0.7251184834123223,0.8181818181818182,0.9386503067484663,T_KIRC_vs_rest,13,svm
2737,cosg,0.7939731998315328,0.6828193832599119,0.7948717948717948,0.950920245398773,T_KIRC_vs_rest,13,svm
2738,cosg,0.7638686885923283,0.628,0.7602905569007264,0.9631901840490797,T_KIRC_vs_rest,13,svm
2739,cosg,0.8245157146247506,0.7368421052631579,0.8279569892473119,0.9447852760736196,T_KIRC_vs_rest,14,svm
2740,cosg,0.8069821888826003,0.6946902654867256,0.8071979434447301,0.9631901840490797,T_KIRC_vs_rest,14,svm
2741,cosg,0.7687059965679385,0.639344262295082,0.7665847665847666,0.9570552147239264,T_KIRC_vs_rest,14,svm
2742,cosg,0.8288049580417635,0.7439613526570048,0.8324324324324325,0.9447852760736196,T_KIRC_vs_rest,15,svm
2743,cosg,0.797609462652728,0.6842105263157895,0.7979539641943734,0.9570552147239264,T_KIRC_vs_rest,15,svm
2744,cosg,0.7652868707127841,0.6341463414634146,0.7628361858190709,0.9570552147239264,T_KIRC_vs_rest,15,svm
2745,cosg,0.839798052381034,0.7623762376237624,0.8438356164383561,0.9447852760736196,T_KIRC_vs_rest,16,svm
2746,cosg,0.8075737622062087,0.7045454545454546,0.8093994778067886,0.950920245398773,T_KIRC_vs_rest,16,svm
2747,cosg,0.7619079186569102,0.6290322580645161,0.7591240875912408,0.9570552147239264,T_KIRC_vs_rest,16,svm
2748,cosg,0.8420444785515033,0.7661691542288557,0.8461538461538461,0.9447852760736196,T_KIRC_vs_rest,17,svm
2749,cosg,0.8131950819757057,0.7090909090909091,0.814621409921671,0.9570552147239264,T_KIRC_vs_rest,17,svm
2750,cosg,0.777435041409243,0.6527196652719666,0.7761194029850746,0.9570552147239264,T_KIRC_vs_rest,17,svm
2751,cosg,0.8463205344428308,0.7835051546391752,0.8515406162464986,0.9325153374233128,T_KIRC_vs_rest,18,svm
2752,cosg,0.8089225349374387,0.6977777777777778,0.8092783505154639,0.9631901840490797,T_KIRC_vs_rest,18,svm
2753,cosg,0.779301912780979,0.6514522821576764,0.7772277227722773,0.9631901840490797,T_KIRC_vs_rest,18,svm
2754,cosg,0.8416639075093798,0.7755102040816326,0.8467966573816156,0.9325153374233128,T_KIRC_vs_rest,19,svm
2755,cosg,0.802961099553055,0.683982683982684,0.8020304568527918,0.9693251533742331,T_KIRC_vs_rest,19,svm
2756,cosg,0.7740656017911569,0.6434426229508197,0.7714987714987716,0.9631901840490797,T_KIRC_vs_rest,19,svm
2757,cosg,0.8222523350400833,0.7475247524752475,0.8273972602739726,0.9263803680981595,T_KIRC_vs_rest,20,svm
2758,cosg,0.8069821888826003,0.6946902654867256,0.8071979434447301,0.9631901840490797,T_KIRC_vs_rest,20,svm
2759,cosg,0.7725476249143022,0.6370967741935484,0.7688564476885644,0.9693251533742331,T_KIRC_vs_rest,20,svm
2760,scanpy_wilcoxon,0.6382785809854958,0.4574780058651026,0.6190476190476191,0.9570552147239264,T_KIRC_vs_rest,1,svm
2761,scanpy_wilcoxon,0.6284499795247759,0.4479768786127168,0.6090373280943026,0.950920245398773,T_KIRC_vs_rest,1,svm
2762,scanpy_wilcoxon,0.6208701135422544,0.43575418994413406,0.5988483685220729,0.9570552147239264,T_KIRC_vs_rest,1,svm
2763,scanpy_wilcoxon,0.7414800756832546,0.6062992125984252,0.7386091127098321,0.9447852760736196,T_KIRC_vs_rest,2,svm
2764,scanpy_wilcoxon,0.7398813074840911,0.6039215686274509,0.7368421052631579,0.9447852760736196,T_KIRC_vs_rest,2,svm
2765,scanpy_wilcoxon,0.7271766654273171,0.5777777777777777,0.7205542725173211,0.9570552147239264,T_KIRC_vs_rest,2,svm
2766,scanpy_wilcoxon,0.8161143927928061,0.7230046948356808,0.8191489361702128,0.9447852760736196,T_KIRC_vs_rest,3,svm
2767,scanpy_wilcoxon,0.8019524424367118,0.7,0.804177545691906,0.9447852760736196,T_KIRC_vs_rest,3,svm
2768,scanpy_wilcoxon,0.7758005835867976,0.6460905349794238,0.7733990147783252,0.9631901840490797,T_KIRC_vs_rest,3,svm
2769,scanpy_wilcoxon,0.7827930202127854,0.6652360515021459,0.7828282828282829,0.950920245398773,T_KIRC_vs_rest,4,svm
2770,scanpy_wilcoxon,0.7999829083331773,0.6968325791855203,0.8020833333333334,0.9447852760736196,T_KIRC_vs_rest,4,svm
2771,scanpy_wilcoxon,0.7492225750875017,0.6061776061776062,0.7440758293838863,0.9631901840490797,T_KIRC_vs_rest,4,svm
2772,scanpy_wilcoxon,0.7827930202127854,0.6652360515021459,0.7828282828282829,0.950920245398773,T_KIRC_vs_rest,5,svm
2773,scanpy_wilcoxon,0.7977960597636804,0.6888888888888889,0.7989690721649485,0.950920245398773,T_KIRC_vs_rest,5,svm
2774,scanpy_wilcoxon,0.753267989392311,0.62,0.7506053268765133,0.950920245398773,T_KIRC_vs_rest,5,svm
2775,scanpy_wilcoxon,0.8131950819757057,0.7090909090909091,0.814621409921671,0.9570552147239264,T_KIRC_vs_rest,6,svm
2776,scanpy_wilcoxon,0.8075737622062087,0.7045454545454546,0.8093994778067886,0.950920245398773,T_KIRC_vs_rest,6,svm
2777,scanpy_wilcoxon,0.7565880655282142,0.625,0.754257907542579,0.950920245398773,T_KIRC_vs_rest,6,svm
2778,scanpy_wilcoxon,0.8254375221473402,0.7289719626168224,0.8275862068965517,0.9570552147239264,T_KIRC_vs_rest,7,svm
2779,scanpy_wilcoxon,0.7977960597636804,0.6888888888888889,0.7989690721649485,0.950920245398773,T_KIRC_vs_rest,7,svm
2780,scanpy_wilcoxon,0.7641741863820816,0.6245059288537549,0.7596153846153846,0.9693251533742331,T_KIRC_vs_rest,7,svm
2781,scanpy_wilcoxon,0.8233625385232071,0.7255813953488373,0.8253968253968254,0.9570552147239264,T_KIRC_vs_rest,8,svm
2782,scanpy_wilcoxon,0.7901991034426316,0.6768558951965066,0.7908163265306123,0.950920245398773,T_KIRC_vs_rest,8,svm
2783,scanpy_wilcoxon,0.7708533981694429,0.6345381526104418,0.7669902912621359,0.9693251533742331,T_KIRC_vs_rest,8,svm
2784,scanpy_wilcoxon,0.847595317625175,0.7806122448979592,0.8523676880222841,0.9386503067484663,T_KIRC_vs_rest,9,svm
2785,scanpy_wilcoxon,0.8095682543910966,0.7077625570776256,0.8115183246073299,0.950920245398773,T_KIRC_vs_rest,9,svm
2786,scanpy_wilcoxon,0.752412770313029,0.6108949416342413,0.7476190476190476,0.9631901840490797,T_KIRC_vs_rest,9,svm
2787,scanpy_wilcoxon,0.847595317625175,0.7806122448979592,0.8523676880222841,0.9386503067484663,T_KIRC_vs_rest,10,svm
2788,scanpy_wilcoxon,0.8156323193241771,0.7175925925925926,0.8179419525065963,0.950920245398773,T_KIRC_vs_rest,10,svm
2789,scanpy_wilcoxon,0.752412770313029,0.6108949416342413,0.7476190476190476,0.9631901840490797,T_KIRC_vs_rest,10,svm
2790,scanpy_wilcoxon,0.8429795990337601,0.7727272727272727,0.8476454293628809,0.9386503067484663,T_KIRC_vs_rest,11,svm
2791,scanpy_wilcoxon,0.8055924488772014,0.7013574660633484,0.8072916666666666,0.950920245398773,T_KIRC_vs_rest,11,svm
2792,scanpy_wilcoxon,0.762203758265643,0.6254980079681275,0.7584541062801933,0.9631901840490797,T_KIRC_vs_rest,11,svm
2793,scanpy_wilcoxon,0.8429795990337601,0.7727272727272727,0.8476454293628809,0.9386503067484663,T_KIRC_vs_rest,12,svm
2794,scanpy_wilcoxon,0.8152014366402629,0.7123287671232876,0.8167539267015707,0.9570552147239264,T_KIRC_vs_rest,12,svm
2795,scanpy_wilcoxon,0.762203758265643,0.6254980079681275,0.7584541062801933,0.9631901840490797,T_KIRC_vs_rest,12,svm
2796,scanpy_wilcoxon,0.8499290896636837,0.7846153846153846,0.8547486033519553,0.9386503067484663,T_KIRC_vs_rest,13,svm
2797,scanpy_wilcoxon,0.8075737622062087,0.7045454545454546,0.8093994778067886,0.950920245398773,T_KIRC_vs_rest,13,svm
2798,scanpy_wilcoxon,0.7608918594748095,0.6196078431372549,0.7559808612440191,0.9693251533742331,T_KIRC_vs_rest,13,svm
2799,scanpy_wilcoxon,0.8093444598076578,0.7259615384615384,0.8140161725067385,0.9263803680981595,T_KIRC_vs_rest,14,svm
2800,scanpy_wilcoxon,0.7993442581313325,0.6826086956521739,0.7989821882951654,0.9631901840490797,T_KIRC_vs_rest,14,svm
2801,scanpy_wilcoxon,0.7739118213106215,0.6473029045643154,0.7722772277227723,0.9570552147239264,T_KIRC_vs_rest,14,svm
2802,scanpy_wilcoxon,0.8056753983108991,0.7246376811594203,0.8108108108108109,0.9202453987730062,T_KIRC_vs_rest,15,svm
2803,scanpy_wilcoxon,0.8128412255458346,0.7040358744394619,0.8134715025906736,0.9631901840490797,T_KIRC_vs_rest,15,svm
2804,scanpy_wilcoxon,0.7721661207089137,0.6446280991735537,0.7703703703703704,0.9570552147239264,T_KIRC_vs_rest,15,svm
2805,scanpy_wilcoxon,0.8269708770258382,0.7268518518518519,0.8284960422163589,0.9631901840490797,T_KIRC_vs_rest,16,svm
2806,scanpy_wilcoxon,0.8417855273678594,0.7511961722488039,0.8440860215053764,0.9631901840490797,T_KIRC_vs_rest,16,svm
2807,scanpy_wilcoxon,0.7900647645116745,0.6680851063829787,0.7889447236180904,0.9631901840490797,T_KIRC_vs_rest,16,svm
2808,scanpy_wilcoxon,0.8264678011385955,0.7214611872146118,0.8272251308900523,0.9693251533742331,T_KIRC_vs_rest,17,svm
2809,scanpy_wilcoxon,0.8596308183924046,0.7810945273631841,0.8626373626373627,0.9631901840490797,T_KIRC_vs_rest,17,svm
2810,scanpy_wilcoxon,0.7954763044708252,0.6680672268907563,0.7930174563591023,0.9754601226993865,T_KIRC_vs_rest,17,svm
2811,scanpy_wilcoxon,0.8290440225864225,0.7302325581395349,0.8306878306878307,0.9631901840490797,T_KIRC_vs_rest,18,svm
2812,scanpy_wilcoxon,0.8606897014663846,0.7878787878787878,0.8642659279778393,0.9570552147239264,T_KIRC_vs_rest,18,svm
2813,scanpy_wilcoxon,0.7972696321359155,0.6666666666666666,0.794044665012407,0.9815950920245399,T_KIRC_vs_rest,18,svm
2814,scanpy_wilcoxon,0.831131299614709,0.7336448598130841,0.8328912466843501,0.9631901840490797,T_KIRC_vs_rest,19,svm
2815,scanpy_wilcoxon,0.8583657478439358,0.7839195979899497,0.861878453038674,0.9570552147239264,T_KIRC_vs_rest,19,svm
2816,scanpy_wilcoxon,0.7918692469927643,0.6625,0.7890818858560794,0.9754601226993865,T_KIRC_vs_rest,19,svm
2817,scanpy_wilcoxon,0.8290440225864225,0.7302325581395349,0.8306878306878307,0.9631901840490797,T_KIRC_vs_rest,20,svm
2818,scanpy_wilcoxon,0.8571135613587394,0.7868020304568528,0.8611111111111112,0.950920245398773,T_KIRC_vs_rest,20,svm
2819,scanpy_wilcoxon,0.7864330983857989,0.6624472573839663,0.785,0.9631901840490797,T_KIRC_vs_rest,20,svm
2820,scanpy_t-test,0.6213554773554741,0.425531914893617,0.5936920222634509,0.9815950920245399,T_KIRC_vs_rest,1,svm
2821,scanpy_t-test,0.6115877563891844,0.41909814323607425,0.5851851851851851,0.9693251533742331,T_KIRC_vs_rest,1,svm
2822,scanpy_t-test,0.6079004220546397,0.4146981627296588,0.5808823529411765,0.9693251533742331,T_KIRC_vs_rest,1,svm
2823,scanpy_t-test,0.6478343630085239,0.4608695652173913,0.6259842519685039,0.9754601226993865,T_KIRC_vs_rest,2,svm
2824,scanpy_t-test,0.6471456550596154,0.45714285714285713,0.6237816764132553,0.9815950920245399,T_KIRC_vs_rest,2,svm
2825,scanpy_t-test,0.6440316412392291,0.45325779036827196,0.6201550387596899,0.9815950920245399,T_KIRC_vs_rest,2,svm
2826,scanpy_t-test,0.7084566077050655,0.5408163265306123,0.6958424507658644,0.9754601226993865,T_KIRC_vs_rest,3,svm
2827,scanpy_t-test,0.7054422917531669,0.5333333333333333,0.6911447084233261,0.9815950920245399,T_KIRC_vs_rest,3,svm
2828,scanpy_t-test,0.6830882080235965,0.5096774193548387,0.6680761099365751,0.9693251533742331,T_KIRC_vs_rest,3,svm
2829,scanpy_t-test,0.7201789200158006,0.5536332179930796,0.7079646017699115,0.9815950920245399,T_KIRC_vs_rest,4,svm
2830,scanpy_t-test,0.7120421874763243,0.5423728813559322,0.6986899563318777,0.9815950920245399,T_KIRC_vs_rest,4,svm
2831,scanpy_t-test,0.6962694065978089,0.5176848874598071,0.679324894514768,0.9877300613496932,T_KIRC_vs_rest,4,svm
2832,scanpy_t-test,0.7299865107818877,0.5673758865248227,0.7191011235955056,0.9815950920245399,T_KIRC_vs_rest,5,svm
2833,scanpy_t-test,0.7271486470734319,0.5633802816901409,0.7158836689038032,0.9815950920245399,T_KIRC_vs_rest,5,svm
2834,scanpy_t-test,0.7041413735014289,0.53156146179402,0.6896551724137931,0.9815950920245399,T_KIRC_vs_rest,5,svm
2835,scanpy_t-test,0.7285639467366039,0.5653710247349824,0.7174887892376681,0.9815950920245399,T_KIRC_vs_rest,6,svm
2836,scanpy_t-test,0.7243395877992924,0.5594405594405595,0.7126948775055679,0.9815950920245399,T_KIRC_vs_rest,6,svm
2837,scanpy_t-test,0.7067494931523235,0.5351170568561873,0.6926406926406926,0.9815950920245399,T_KIRC_vs_rest,6,svm
2838,scanpy_t-test,0.7299865107818877,0.5673758865248227,0.7191011235955056,0.9815950920245399,T_KIRC_vs_rest,7,svm
2839,scanpy_t-test,0.740153361725272,0.5818181818181818,0.730593607305936,0.9815950920245399,T_KIRC_vs_rest,7,svm
2840,scanpy_t-test,0.7169596853507283,0.5457627118644067,0.7030567685589519,0.9877300613496932,T_KIRC_vs_rest,7,svm
2841,scanpy_t-test,0.7386781021226596,0.5797101449275363,0.7289293849658315,0.9815950920245399,T_KIRC_vs_rest,8,svm
2842,scanpy_t-test,0.738035050396857,0.5824175824175825,0.7293577981651376,0.9754601226993865,T_KIRC_vs_rest,8,svm
2843,scanpy_t-test,0.7218771832251322,0.5491525423728814,0.7074235807860262,0.9938650306748467,T_KIRC_vs_rest,8,svm
2844,scanpy_t-test,0.73721057395642,0.5776173285198556,0.7272727272727273,0.9815950920245399,T_KIRC_vs_rest,9,svm
2845,scanpy_t-test,0.7365525379956199,0.5802919708029197,0.7276887871853547,0.9754601226993865,T_KIRC_vs_rest,9,svm
2846,scanpy_t-test,0.7183065983650556,0.5476190476190477,0.7045951859956237,0.9877300613496932,T_KIRC_vs_rest,9,svm
2847,scanpy_t-test,0.7632599497904167,0.6153846153846154,0.7565011820330969,0.9815950920245399,T_KIRC_vs_rest,10,svm
2848,scanpy_t-test,0.7522423787355974,0.599250936329588,0.7441860465116279,0.9815950920245399,T_KIRC_vs_rest,10,svm
2849,scanpy_t-test,0.7278193396074747,0.5678571428571428,0.7178329571106095,0.9754601226993865,T_KIRC_vs_rest,10,svm
2850,scanpy_t-test,0.7600684790115144,0.6106870229007634,0.7529411764705882,0.9815950920245399,T_KIRC_vs_rest,11,svm
2851,scanpy_t-test,0.7522423787355974,0.599250936329588,0.7441860465116279,0.9815950920245399,T_KIRC_vs_rest,11,svm
2852,scanpy_t-test,0.7278193396074747,0.5678571428571428,0.7178329571106095,0.9754601226993865,T_KIRC_vs_rest,11,svm
2853,scanpy_t-test,0.7632599497904167,0.6153846153846154,0.7565011820330969,0.9815950920245399,T_KIRC_vs_rest,12,svm
2854,scanpy_t-test,0.7600684790115144,0.6106870229007634,0.7529411764705882,0.9815950920245399,T_KIRC_vs_rest,12,svm
2855,scanpy_t-test,0.7278193396074747,0.5678571428571428,0.7178329571106095,0.9754601226993865,T_KIRC_vs_rest,12,svm
2856,scanpy_t-test,0.7596535900883677,0.6138996138996139,0.7535545023696683,0.9754601226993865,T_KIRC_vs_rest,13,svm
2857,scanpy_t-test,0.7600684790115144,0.6106870229007634,0.7529411764705882,0.9815950920245399,T_KIRC_vs_rest,13,svm
2858,scanpy_t-test,0.7299865107818877,0.5673758865248227,0.7191011235955056,0.9815950920245399,T_KIRC_vs_rest,13,svm
2859,scanpy_t-test,0.7632599497904167,0.6153846153846154,0.7565011820330969,0.9815950920245399,T_KIRC_vs_rest,14,svm
2860,scanpy_t-test,0.7501856117669936,0.6,0.7429906542056075,0.9754601226993865,T_KIRC_vs_rest,14,svm
2861,scanpy_t-test,0.7299865107818877,0.5673758865248227,0.7191011235955056,0.9815950920245399,T_KIRC_vs_rest,14,svm
2862,scanpy_t-test,0.7648690975888008,0.6177606177606177,0.7582938388625592,0.9815950920245399,T_KIRC_vs_rest,15,svm
2863,scanpy_t-test,0.7548802366864953,0.6068702290076335,0.7482352941176471,0.9754601226993865,T_KIRC_vs_rest,15,svm
2864,scanpy_t-test,0.7328536898397812,0.5714285714285714,0.7223476297968398,0.9815950920245399,T_KIRC_vs_rest,15,svm
2865,scanpy_t-test,0.8260155409878978,0.7162162162162162,0.825974025974026,0.9754601226993865,T_KIRC_vs_rest,16,svm
2866,scanpy_t-test,0.8224210705092737,0.7149321266968326,0.8229166666666666,0.9693251533742331,T_KIRC_vs_rest,16,svm
2867,scanpy_t-test,0.7725476249143022,0.6370967741935484,0.7688564476885644,0.9693251533742331,T_KIRC_vs_rest,16,svm
2868,scanpy_t-test,0.8296302777008582,0.7358490566037735,0.832,0.9570552147239264,T_KIRC_vs_rest,17,svm
2869,scanpy_t-test,0.8368250770820777,0.7383177570093458,0.8381962864721485,0.9693251533742331,T_KIRC_vs_rest,17,svm
2870,scanpy_t-test,0.7691690381923368,0.632,0.7651331719128329,0.9693251533742331,T_KIRC_vs_rest,17,svm
2871,scanpy_t-test,0.8156323193241771,0.7175925925925926,0.8179419525065963,0.950920245398773,T_KIRC_vs_rest,18,svm
2872,scanpy_t-test,0.8368250770820777,0.7383177570093458,0.8381962864721485,0.9693251533742331,T_KIRC_vs_rest,18,svm
2873,scanpy_t-test,0.7708533981694429,0.6345381526104418,0.7669902912621359,0.9693251533742331,T_KIRC_vs_rest,18,svm
2874,scanpy_t-test,0.8439611548898619,0.7548076923076923,0.8463611859838275,0.9631901840490797,T_KIRC_vs_rest,19,svm
2875,scanpy_t-test,0.86349929763806,0.7729468599033816,0.8648648648648649,0.9815950920245399,T_KIRC_vs_rest,19,svm
2876,scanpy_t-test,0.790082095721694,0.6597510373443983,0.7871287128712872,0.9754601226993865,T_KIRC_vs_rest,19,svm
2877,scanpy_t-test,0.8439611548898619,0.7548076923076923,0.8463611859838275,0.9631901840490797,T_KIRC_vs_rest,20,svm
2878,scanpy_t-test,0.8546731747950244,0.7582938388625592,0.8556149732620321,0.9815950920245399,T_KIRC_vs_rest,20,svm
2879,scanpy_t-test,0.7847848122375938,0.6516393442622951,0.7813267813267813,0.9754601226993865,T_KIRC_vs_rest,20,svm
2880,yomix,0.5670695371074469,0.3744075829383886,0.5302013422818792,0.9080459770114943,T_KIRP_vs_rest,1,svm
2881,yomix,0.6065908371645635,0.418848167539267,0.5755395683453237,0.9195402298850575,T_KIRP_vs_rest,1,svm
2882,yomix,0.6083065056539108,0.42105263157894735,0.5776173285198556,0.9195402298850575,T_KIRP_vs_rest,1,svm
2883,yomix,0.6168978335754098,0.4117647058823529,0.5773195876288659,0.9655172413793104,T_KIRP_vs_rest,2,svm
2884,yomix,0.6583664854295727,0.48214285714285715,0.6352941176470588,0.9310344827586207,T_KIRP_vs_rest,2,svm
2885,yomix,0.6489828719255974,0.4473684210526316,0.6137184115523465,0.9770114942528736,T_KIRP_vs_rest,2,svm
2886,yomix,0.6699241133026339,0.4748603351955307,0.6390977443609023,0.9770114942528736,T_KIRP_vs_rest,3,svm
2887,yomix,0.6799933656961695,0.5061728395061729,0.6586345381526104,0.9425287356321839,T_KIRP_vs_rest,3,svm
2888,yomix,0.6635333550186587,0.47191011235955055,0.6339622641509434,0.9655172413793104,T_KIRP_vs_rest,3,svm
2889,yomix,0.6601776997829784,0.46195652173913043,0.6273062730627307,0.9770114942528736,T_KIRP_vs_rest,4,svm
2890,yomix,0.6647095555574742,0.4909090909090909,0.6428571428571429,0.9310344827586207,T_KIRP_vs_rest,4,svm
2891,yomix,0.644480507377116,0.44680851063829785,0.610909090909091,0.9655172413793104,T_KIRP_vs_rest,4,svm
2892,yomix,0.6659781386425262,0.4696132596685083,0.6343283582089553,0.9770114942528736,T_KIRP_vs_rest,5,svm
2893,yomix,0.6848011532602698,0.5192307692307693,0.6666666666666666,0.9310344827586207,T_KIRP_vs_rest,5,svm
2894,yomix,0.6426570091171525,0.4444444444444444,0.6086956521739131,0.9655172413793104,T_KIRP_vs_rest,5,svm
2895,yomix,0.6640290723530795,0.46703296703296704,0.6319702602230484,0.9770114942528736,T_KIRP_vs_rest,6,svm
2896,yomix,0.6801914266907358,0.5126582278481012,0.6612244897959184,0.9310344827586207,T_KIRP_vs_rest,6,svm
2897,yomix,0.6526561893678187,0.4521276595744681,0.6181818181818182,0.9770114942528736,T_KIRP_vs_rest,6,svm
2898,yomix,0.6247675454764804,0.4166666666666667,0.584192439862543,0.9770114942528736,T_KIRP_vs_rest,7,svm
2899,yomix,0.6228214646242567,0.4293193717277487,0.5899280575539568,0.9425287356321839,T_KIRP_vs_rest,7,svm
2900,yomix,0.6089991474118063,0.3926940639269406,0.5620915032679739,0.9885057471264368,T_KIRP_vs_rest,7,svm
2901,yomix,0.6198933832031276,0.4106280193236715,0.5782312925170068,0.9770114942528736,T_KIRP_vs_rest,8,svm
2902,yomix,0.6228214646242567,0.4293193717277487,0.5899280575539568,0.9425287356321839,T_KIRP_vs_rest,8,svm
2903,yomix,0.6030921625866223,0.38565022421524664,0.5548387096774193,0.9885057471264368,T_KIRP_vs_rest,8,svm
2904,yomix,0.6280756716201936,0.4207920792079208,0.5882352941176471,0.9770114942528736,T_KIRP_vs_rest,9,svm
2905,yomix,0.653192012558197,0.46368715083798884,0.6240601503759399,0.9540229885057471,T_KIRP_vs_rest,9,svm
2906,yomix,0.5917300254992764,0.3722943722943723,0.5408805031446541,0.9885057471264368,T_KIRP_vs_rest,9,svm
2907,yomix,0.6280756716201936,0.4207920792079208,0.5882352941176471,0.9770114942528736,T_KIRP_vs_rest,10,svm
2908,yomix,0.653192012558197,0.46368715083798884,0.6240601503759399,0.9540229885057471,T_KIRP_vs_rest,10,svm
2909,yomix,0.5959225457188001,0.37719298245614036,0.546031746031746,0.9885057471264368,T_KIRP_vs_rest,10,svm
2910,yomix,0.6247675454764804,0.4166666666666667,0.584192439862543,0.9770114942528736,T_KIRP_vs_rest,11,svm
2911,yomix,0.6493331582189417,0.4585635359116022,0.6194029850746269,0.9540229885057471,T_KIRP_vs_rest,11,svm
2912,yomix,0.5876162344932359,0.36752136752136755,0.5358255451713395,0.9885057471264368,T_KIRP_vs_rest,11,svm
2913,yomix,0.6842256565780253,0.5,0.6588235294117647,0.9655172413793104,T_KIRP_vs_rest,12,svm
2914,yomix,0.7026556405084964,0.532051282051282,0.6831275720164609,0.9540229885057471,T_KIRP_vs_rest,12,svm
2915,yomix,0.6545144164089725,0.45454545454545453,0.6204379562043796,0.9770114942528736,T_KIRP_vs_rest,12,svm
2916,yomix,0.710949927893939,0.53125,0.6882591093117408,0.9770114942528736,T_KIRP_vs_rest,13,svm
2917,yomix,0.7317477734261543,0.5815602836879432,0.7192982456140351,0.9425287356321839,T_KIRP_vs_rest,13,svm
2918,yomix,0.7127512997862449,0.5276073619631901,0.688,0.9885057471264368,T_KIRP_vs_rest,13,svm
2919,yomix,0.7063007185415451,0.5246913580246914,0.6827309236947792,0.9770114942528736,T_KIRP_vs_rest,14,svm
2920,yomix,0.7400728082698994,0.5942028985507246,0.7288888888888889,0.9425287356321839,T_KIRP_vs_rest,14,svm
2921,yomix,0.7229567543735966,0.5483870967741935,0.7024793388429752,0.9770114942528736,T_KIRP_vs_rest,14,svm
2922,yomix,0.7290167869819372,0.5637583892617449,0.711864406779661,0.9655172413793104,T_KIRP_vs_rest,15,svm
2923,yomix,0.76364069296683,0.6307692307692307,0.7557603686635944,0.9425287356321839,T_KIRP_vs_rest,15,svm
2924,yomix,0.7420470249577862,0.5695364238410596,0.7226890756302521,0.9885057471264368,T_KIRP_vs_rest,15,svm
2925,yomix,0.7264530700367621,0.56,0.7088607594936709,0.9655172413793104,T_KIRP_vs_rest,16,svm
2926,yomix,0.7667373035575374,0.6356589147286822,0.7592592592592593,0.9425287356321839,T_KIRP_vs_rest,16,svm
2927,yomix,0.7294373713808363,0.5512820512820513,0.7078189300411523,0.9885057471264368,T_KIRP_vs_rest,16,svm
2928,yomix,0.7290167869819372,0.5637583892617449,0.711864406779661,0.9655172413793104,T_KIRP_vs_rest,17,svm
2929,yomix,0.7575516803824894,0.6212121212121212,0.7488584474885844,0.9425287356321839,T_KIRP_vs_rest,17,svm
2930,yomix,0.7294373713808363,0.5512820512820513,0.7078189300411523,0.9885057471264368,T_KIRP_vs_rest,17,svm
2931,yomix,0.7434038220220649,0.5782312925170068,0.7264957264957265,0.9770114942528736,T_KIRP_vs_rest,18,svm
2932,yomix,0.7672181183047662,0.6287878787878788,0.7579908675799086,0.9540229885057471,T_KIRP_vs_rest,18,svm
2933,yomix,0.7269867385858325,0.5477707006369427,0.7049180327868853,0.9885057471264368,T_KIRP_vs_rest,18,svm
2934,yomix,0.75240359023925,0.6058394160583942,0.7410714285714286,0.9540229885057471,T_KIRP_vs_rest,19,svm
2935,yomix,0.7672181183047662,0.6287878787878788,0.7579908675799086,0.9540229885057471,T_KIRP_vs_rest,19,svm
2936,yomix,0.7221537800676103,0.5408805031446541,0.6991869918699187,0.9885057471264368,T_KIRP_vs_rest,19,svm
2937,yomix,0.715855616219001,0.5578231292517006,0.7008547008547008,0.9425287356321839,T_KIRP_vs_rest,20,svm
2938,yomix,0.7672181183047662,0.6287878787878788,0.7579908675799086,0.9540229885057471,T_KIRP_vs_rest,20,svm
2939,yomix,0.7197707434819459,0.5375,0.6963562753036437,0.9885057471264368,T_KIRP_vs_rest,20,svm
2940,cosg,0.6029957103248864,0.4301675977653631,0.5789473684210527,0.8850574712643678,T_KIRP_vs_rest,1,svm
2941,cosg,0.6125492815615357,0.45454545454545453,0.5952380952380952,0.8620689655172413,T_KIRP_vs_rest,1,svm
2942,cosg,0.5727343467872668,0.38613861386138615,0.5397923875432526,0.896551724137931,T_KIRP_vs_rest,1,svm
2943,cosg,0.5934652599434802,0.4072164948453608,0.5622775800711743,0.9080459770114943,T_KIRP_vs_rest,2,svm
2944,cosg,0.6338019916623715,0.45454545454545453,0.6083650190114068,0.9195402298850575,T_KIRP_vs_rest,2,svm
2945,cosg,0.5980509450562049,0.40298507462686567,0.5625,0.9310344827586207,T_KIRP_vs_rest,2,svm
2946,cosg,0.6396544809148307,0.4624277456647399,0.6153846153846154,0.9195402298850575,T_KIRP_vs_rest,3,svm
2947,cosg,0.6243656875835649,0.4419889502762431,0.5970149253731343,0.9195402298850575,T_KIRP_vs_rest,3,svm
2948,cosg,0.6125634388139519,0.41624365482233505,0.5774647887323944,0.9425287356321839,T_KIRP_vs_rest,3,svm
2949,cosg,0.5822025298748784,0.39303482587064675,0.5486111111111112,0.9080459770114943,T_KIRP_vs_rest,4,svm
2950,cosg,0.6199534614050083,0.4308510638297872,0.5890909090909091,0.9310344827586207,T_KIRP_vs_rest,4,svm
2951,cosg,0.565335786130139,0.3632286995515695,0.5225806451612903,0.9310344827586207,T_KIRP_vs_rest,4,svm
2952,cosg,0.5790892108408142,0.3891625615763547,0.5448275862068965,0.9080459770114943,T_KIRP_vs_rest,5,svm
2953,cosg,0.6199534614050083,0.4308510638297872,0.5890909090909091,0.9310344827586207,T_KIRP_vs_rest,5,svm
2954,cosg,0.565335786130139,0.3632286995515695,0.5225806451612903,0.9310344827586207,T_KIRP_vs_rest,5,svm
2955,cosg,0.5933226112528373,0.4020100502512563,0.5594405594405595,0.9195402298850575,T_KIRP_vs_rest,6,svm
2956,cosg,0.6289770067108028,0.4426229508196721,0.6,0.9310344827586207,T_KIRP_vs_rest,6,svm
2957,cosg,0.5781252701702791,0.37850467289719625,0.5382059800664452,0.9310344827586207,T_KIRP_vs_rest,6,svm
2958,cosg,0.6338019916623715,0.45454545454545453,0.6083650190114068,0.9195402298850575,T_KIRP_vs_rest,7,svm
2959,cosg,0.6712242480810443,0.5,0.6506024096385542,0.9310344827586207,T_KIRP_vs_rest,7,svm
2960,cosg,0.6181908232567772,0.42857142857142855,0.5869565217391305,0.9310344827586207,T_KIRP_vs_rest,7,svm
2961,cosg,0.6031985763533575,0.41450777202072536,0.5714285714285714,0.9195402298850575,T_KIRP_vs_rest,8,svm
2962,cosg,0.6756666655419116,0.50625,0.6558704453441295,0.9310344827586207,T_KIRP_vs_rest,8,svm
2963,cosg,0.6217298741286944,0.43315508021390375,0.5912408759124088,0.9310344827586207,T_KIRP_vs_rest,8,svm
2964,cosg,0.5775492740700574,0.3872549019607843,0.5429553264604811,0.9080459770114943,T_KIRP_vs_rest,9,svm
2965,cosg,0.6712242480810443,0.5,0.6506024096385542,0.9310344827586207,T_KIRP_vs_rest,9,svm
2966,cosg,0.6045645858497137,0.41116751269035534,0.5704225352112676,0.9310344827586207,T_KIRP_vs_rest,9,svm
2967,cosg,0.5718813229443339,0.3755868544600939,0.5333333333333333,0.9195402298850575,T_KIRP_vs_rest,10,svm
2968,cosg,0.6801914266907358,0.5126582278481012,0.6612244897959184,0.9310344827586207,T_KIRP_vs_rest,10,svm
2969,cosg,0.5843458385474446,0.3813953488372093,0.543046357615894,0.9425287356321839,T_KIRP_vs_rest,10,svm
2970,cosg,0.5748167768529153,0.3791469194312796,0.5369127516778524,0.9195402298850575,T_KIRP_vs_rest,11,svm
2971,cosg,0.6801914266907358,0.5126582278481012,0.6612244897959184,0.9310344827586207,T_KIRP_vs_rest,11,svm
2972,cosg,0.5843458385474446,0.3813953488372093,0.543046357615894,0.9425287356321839,T_KIRP_vs_rest,11,svm
2973,cosg,0.5777930699384818,0.3827751196172249,0.5405405405405406,0.9195402298850575,T_KIRP_vs_rest,12,svm
2974,cosg,0.6647095555574742,0.4909090909090909,0.6428571428571429,0.9310344827586207,T_KIRP_vs_rest,12,svm
2975,cosg,0.5681121816751754,0.3665158371040724,0.525974025974026,0.9310344827586207,T_KIRP_vs_rest,12,svm
2976,cosg,0.5808111819507358,0.3864734299516908,0.54421768707483,0.9195402298850575,T_KIRP_vs_rest,13,svm
2977,cosg,0.6647095555574742,0.4909090909090909,0.6428571428571429,0.9310344827586207,T_KIRP_vs_rest,13,svm
2978,cosg,0.5681121816751754,0.3665158371040724,0.525974025974026,0.9310344827586207,T_KIRP_vs_rest,13,svm
2979,cosg,0.690073195581584,0.5333333333333333,0.6751054852320675,0.9195402298850575,T_KIRP_vs_rest,14,svm
2980,cosg,0.6991681641953785,0.54,0.6835443037974683,0.9310344827586207,T_KIRP_vs_rest,14,svm
2981,cosg,0.6960932361754878,0.5290322580645161,0.6776859504132231,0.9425287356321839,T_KIRP_vs_rest,14,svm
2982,cosg,0.706672880951313,0.5510204081632653,0.6923076923076923,0.9310344827586207,T_KIRP_vs_rest,15,svm
2983,cosg,0.7041464496535296,0.5472972972972973,0.6893617021276596,0.9310344827586207,T_KIRP_vs_rest,15,svm
2984,cosg,0.7236797568137338,0.5694444444444444,0.70995670995671,0.9425287356321839,T_KIRP_vs_rest,15,svm
2985,cosg,0.710768939705021,0.5503355704697986,0.6949152542372882,0.9425287356321839,T_KIRP_vs_rest,16,svm
2986,cosg,0.7223810086584015,0.574468085106383,0.7105263157894737,0.9310344827586207,T_KIRP_vs_rest,16,svm
2987,cosg,0.7317477734261543,0.5815602836879432,0.7192982456140351,0.9425287356321839,T_KIRP_vs_rest,16,svm
2988,cosg,0.710768939705021,0.5503355704697986,0.6949152542372882,0.9425287356321839,T_KIRP_vs_rest,17,svm
2989,cosg,0.7223810086584015,0.574468085106383,0.7105263157894737,0.9310344827586207,T_KIRP_vs_rest,17,svm
2990,cosg,0.7317477734261543,0.5815602836879432,0.7192982456140351,0.9425287356321839,T_KIRP_vs_rest,17,svm
2991,cosg,0.715855616219001,0.5578231292517006,0.7008547008547008,0.9425287356321839,T_KIRP_vs_rest,18,svm
2992,cosg,0.7391058552129975,0.6,0.7297297297297297,0.9310344827586207,T_KIRP_vs_rest,18,svm
2993,cosg,0.7611944852837139,0.6194029850746269,0.751131221719457,0.9540229885057471,T_KIRP_vs_rest,18,svm
2994,cosg,0.715855616219001,0.5578231292517006,0.7008547008547008,0.9425287356321839,T_KIRP_vs_rest,19,svm
2995,cosg,0.7362430522614914,0.5955882352941176,0.726457399103139,0.9310344827586207,T_KIRP_vs_rest,19,svm
2996,cosg,0.75240359023925,0.6058394160583942,0.7410714285714286,0.9540229885057471,T_KIRP_vs_rest,19,svm
2997,cosg,0.7317477734261543,0.5815602836879432,0.7192982456140351,0.9425287356321839,T_KIRP_vs_rest,20,svm
2998,cosg,0.7391058552129975,0.6,0.7297297297297297,0.9310344827586207,T_KIRP_vs_rest,20,svm
2999,cosg,0.7730381314736802,0.6456692913385826,0.7663551401869159,0.9425287356321839,T_KIRP_vs_rest,20,svm
3000,scanpy_wilcoxon,0.5399662735577725,0.31835205992509363,0.480225988700565,0.9770114942528736,T_KIRP_vs_rest,1,svm
3001,scanpy_wilcoxon,0.5501771245408474,0.3333333333333333,0.49557522123893805,0.9655172413793104,T_KIRP_vs_rest,1,svm
3002,scanpy_wilcoxon,0.5260364683132773,0.30357142857142855,0.46321525885558584,0.9770114942528736,T_KIRP_vs_rest,1,svm
3003,scanpy_wilcoxon,0.5270744575433077,0.3046594982078853,0.4644808743169399,0.9770114942528736,T_KIRP_vs_rest,2,svm
3004,scanpy_wilcoxon,0.536332182537497,0.3181818181818182,0.47863247863247865,0.9655172413793104,T_KIRP_vs_rest,2,svm
3005,scanpy_wilcoxon,0.5018962813575939,0.27564102564102566,0.43107769423558895,0.9885057471264368,T_KIRP_vs_rest,2,svm
3006,scanpy_wilcoxon,0.5912577601561795,0.37610619469026546,0.5431309904153354,0.9770114942528736,T_KIRP_vs_rest,3,svm
3007,scanpy_wilcoxon,0.5964520574299497,0.400990099009901,0.5605536332179931,0.9310344827586207,T_KIRP_vs_rest,3,svm
3008,scanpy_wilcoxon,0.5876162344932359,0.36752136752136755,0.5358255451713395,0.9885057471264368,T_KIRP_vs_rest,3,svm
3009,scanpy_wilcoxon,0.6264156441758858,0.4187192118226601,0.5862068965517241,0.9770114942528736,T_KIRP_vs_rest,4,svm
3010,scanpy_wilcoxon,0.6176344274146011,0.422680412371134,0.5836298932384342,0.9425287356321839,T_KIRP_vs_rest,4,svm
3011,scanpy_wilcoxon,0.5987625788925565,0.3805309734513274,0.549520766773163,0.9885057471264368,T_KIRP_vs_rest,4,svm
3012,scanpy_wilcoxon,0.6247675454764804,0.4166666666666667,0.584192439862543,0.9770114942528736,T_KIRP_vs_rest,5,svm
3013,scanpy_wilcoxon,0.6108981391311241,0.41414141414141414,0.5754385964912281,0.9425287356321839,T_KIRP_vs_rest,5,svm
3014,scanpy_wilcoxon,0.6089118977696409,0.397196261682243,0.5647840531561462,0.9770114942528736,T_KIRP_vs_rest,5,svm
3015,scanpy_wilcoxon,0.6489828719255974,0.4473684210526316,0.6137184115523465,0.9770114942528736,T_KIRP_vs_rest,6,svm
3016,scanpy_wilcoxon,0.6122638645250716,0.41089108910891087,0.5743944636678201,0.9540229885057471,T_KIRP_vs_rest,6,svm
3017,scanpy_wilcoxon,0.5959225457188001,0.37719298245614036,0.546031746031746,0.9885057471264368,T_KIRP_vs_rest,6,svm
3018,scanpy_wilcoxon,0.6418035948857219,0.4381443298969072,0.604982206405694,0.9770114942528736,T_KIRP_vs_rest,7,svm
3019,scanpy_wilcoxon,0.6381221452688334,0.44385026737967914,0.6058394160583942,0.9540229885057471,T_KIRP_vs_rest,7,svm
3020,scanpy_wilcoxon,0.597337994551264,0.3788546255506608,0.5477707006369427,0.9885057471264368,T_KIRP_vs_rest,7,svm
3021,scanpy_wilcoxon,0.6545144164089725,0.45454545454545453,0.6204379562043796,0.9770114942528736,T_KIRP_vs_rest,8,svm
3022,scanpy_wilcoxon,0.6734029345567973,0.49696969696969695,0.6507936507936508,0.9425287356321839,T_KIRP_vs_rest,8,svm
3023,scanpy_wilcoxon,0.601639559563134,0.38392857142857145,0.5530546623794212,0.9885057471264368,T_KIRP_vs_rest,8,svm
3024,scanpy_wilcoxon,0.6675332424974112,0.4772727272727273,0.6387832699619772,0.9655172413793104,T_KIRP_vs_rest,9,svm
3025,scanpy_wilcoxon,0.6755800536571182,0.5,0.6533864541832669,0.9425287356321839,T_KIRP_vs_rest,9,svm
3026,scanpy_wilcoxon,0.6045543145714588,0.38738738738738737,0.5566343042071198,0.9885057471264368,T_KIRP_vs_rest,9,svm
3027,scanpy_wilcoxon,0.6655250044753126,0.4745762711864407,0.6363636363636364,0.9655172413793104,T_KIRP_vs_rest,10,svm
3028,scanpy_wilcoxon,0.6628011097805235,0.4823529411764706,0.6381322957198443,0.9425287356321839,T_KIRP_vs_rest,10,svm
3029,scanpy_wilcoxon,0.597337994551264,0.3788546255506608,0.5477707006369427,0.9885057471264368,T_KIRP_vs_rest,10,svm
3030,scanpy_wilcoxon,0.6519191795536952,0.45652173913043476,0.6199261992619927,0.9655172413793104,T_KIRP_vs_rest,11,svm
3031,scanpy_wilcoxon,0.6493331582189417,0.4585635359116022,0.6194029850746269,0.9540229885057471,T_KIRP_vs_rest,11,svm
3032,scanpy_wilcoxon,0.5835786836648321,0.3628691983122363,0.5308641975308642,0.9885057471264368,T_KIRP_vs_rest,11,svm
3033,scanpy_wilcoxon,0.6863943971972484,0.5029940119760479,0.6614173228346457,0.9655172413793104,T_KIRP_vs_rest,12,svm
3034,scanpy_wilcoxon,0.6734801889781978,0.4911242603550296,0.6484375,0.9540229885057471,T_KIRP_vs_rest,12,svm
3035,scanpy_wilcoxon,0.6028696915659648,0.38990825688073394,0.5573770491803278,0.9770114942528736,T_KIRP_vs_rest,12,svm
3036,scanpy_wilcoxon,0.6842256565780253,0.5,0.6588235294117647,0.9655172413793104,T_KIRP_vs_rest,13,svm
3037,scanpy_wilcoxon,0.6777503474035491,0.49700598802395207,0.6535433070866141,0.9540229885057471,T_KIRP_vs_rest,13,svm
3038,scanpy_wilcoxon,0.605870352994938,0.39351851851851855,0.5610561056105611,0.9770114942528736,T_KIRP_vs_rest,13,svm
3039,scanpy_wilcoxon,0.6975316009264199,0.5185185185185185,0.6746987951807228,0.9655172413793104,T_KIRP_vs_rest,14,svm
3040,scanpy_wilcoxon,0.6956126672258048,0.5220125786163522,0.6747967479674797,0.9540229885057471,T_KIRP_vs_rest,14,svm
3041,scanpy_wilcoxon,0.601639559563134,0.38392857142857145,0.5530546623794212,0.9885057471264368,T_KIRP_vs_rest,14,svm
3042,scanpy_wilcoxon,0.6975316009264199,0.5185185185185185,0.6746987951807228,0.9655172413793104,T_KIRP_vs_rest,15,svm
3043,scanpy_wilcoxon,0.7026556405084964,0.532051282051282,0.6831275720164609,0.9540229885057471,T_KIRP_vs_rest,15,svm
3044,scanpy_wilcoxon,0.601639559563134,0.38392857142857145,0.5530546623794212,0.9885057471264368,T_KIRP_vs_rest,15,svm
3045,scanpy_wilcoxon,0.7422263263921766,0.5833333333333334,0.7272727272727273,0.9655172413793104,T_KIRP_vs_rest,16,svm
3046,scanpy_wilcoxon,0.74669917782968,0.5971223021582733,0.7345132743362832,0.9540229885057471,T_KIRP_vs_rest,16,svm
3047,scanpy_wilcoxon,0.6762872560022276,0.4777777777777778,0.6441947565543071,0.9885057471264368,T_KIRP_vs_rest,16,svm
3048,scanpy_wilcoxon,0.7422263263921766,0.5833333333333334,0.7272727272727273,0.9655172413793104,T_KIRP_vs_rest,17,svm
3049,scanpy_wilcoxon,0.74669917782968,0.5971223021582733,0.7345132743362832,0.9540229885057471,T_KIRP_vs_rest,17,svm
3050,scanpy_wilcoxon,0.6782901636748523,0.48044692737430167,0.6466165413533834,0.9885057471264368,T_KIRP_vs_rest,17,svm
3051,scanpy_wilcoxon,0.7395308012219654,0.5793103448275863,0.7241379310344828,0.9655172413793104,T_KIRP_vs_rest,18,svm
3052,scanpy_wilcoxon,0.7411145381939069,0.5886524822695035,0.7280701754385965,0.9540229885057471,T_KIRP_vs_rest,18,svm
3053,scanpy_wilcoxon,0.6293406206364766,0.4174757281553398,0.5870307167235495,0.9885057471264368,T_KIRP_vs_rest,18,svm
3054,scanpy_wilcoxon,0.7422263263921766,0.5833333333333334,0.7272727272727273,0.9655172413793104,T_KIRP_vs_rest,19,svm
3055,scanpy_wilcoxon,0.7438921532299633,0.5928571428571429,0.7312775330396476,0.9540229885057471,T_KIRP_vs_rest,19,svm
3056,scanpy_wilcoxon,0.6293406206364766,0.4174757281553398,0.5870307167235495,0.9885057471264368,T_KIRP_vs_rest,19,svm
3057,scanpy_wilcoxon,0.7449495923372321,0.5874125874125874,0.7304347826086957,0.9655172413793104,T_KIRP_vs_rest,20,svm
3058,scanpy_wilcoxon,0.74669917782968,0.5971223021582733,0.7345132743362832,0.9540229885057471,T_KIRP_vs_rest,20,svm
3059,scanpy_wilcoxon,0.6571181451799347,0.45263157894736844,0.6209386281588448,0.9885057471264368,T_KIRP_vs_rest,20,svm
3060,scanpy_t-test,0.5399662735577725,0.31835205992509363,0.480225988700565,0.9770114942528736,T_KIRP_vs_rest,1,svm
3061,scanpy_t-test,0.5501771245408474,0.3333333333333333,0.49557522123893805,0.9655172413793104,T_KIRP_vs_rest,1,svm
3062,scanpy_t-test,0.5260364683132773,0.30357142857142855,0.46321525885558584,0.9770114942528736,T_KIRP_vs_rest,1,svm
3063,scanpy_t-test,0.5455888456094975,0.3244274809160305,0.4871060171919771,0.9770114942528736,T_KIRP_vs_rest,2,svm
3064,scanpy_t-test,0.5537888419657307,0.3373493975903614,0.5,0.9655172413793104,T_KIRP_vs_rest,2,svm
3065,scanpy_t-test,0.5370707036823754,0.3115942028985507,0.4738292011019284,0.9885057471264368,T_KIRP_vs_rest,2,svm
3066,scanpy_t-test,0.5608280408966027,0.33725490196078434,0.5029239766081871,0.9885057471264368,T_KIRP_vs_rest,3,svm
3067,scanpy_t-test,0.5573159214498868,0.3373015873015873,0.5014749262536873,0.9770114942528736,T_KIRP_vs_rest,3,svm
3068,scanpy_t-test,0.5317981605736414,0.30604982206405695,0.4673913043478261,0.9885057471264368,T_KIRP_vs_rest,3,svm
3069,scanpy_t-test,0.5455888456094975,0.3244274809160305,0.4871060171919771,0.9770114942528736,T_KIRP_vs_rest,4,svm
3070,scanpy_t-test,0.5585258306959132,0.3386454183266932,0.5029585798816568,0.9770114942528736,T_KIRP_vs_rest,4,svm
3071,scanpy_t-test,0.5266599259939682,0.3006993006993007,0.46112600536193027,0.9885057471264368,T_KIRP_vs_rest,4,svm
3072,scanpy_t-test,0.5597427725250723,0.34,0.5044510385756676,0.9770114942528736,T_KIRP_vs_rest,5,svm
3073,scanpy_t-test,0.5663000308374966,0.3514644351464435,0.5153374233128835,0.9655172413793104,T_KIRP_vs_rest,5,svm
3074,scanpy_t-test,0.5403012341895959,0.315018315018315,0.4777777777777778,0.9885057471264368,T_KIRP_vs_rest,5,svm
3075,scanpy_t-test,0.5597427725250723,0.34,0.5044510385756676,0.9770114942528736,T_KIRP_vs_rest,6,svm
3076,scanpy_t-test,0.5612057197317339,0.345679012345679,0.509090909090909,0.9655172413793104,T_KIRP_vs_rest,6,svm
3077,scanpy_t-test,0.5446896620660412,0.31970260223048325,0.48314606741573035,0.9885057471264368,T_KIRP_vs_rest,6,svm
3078,scanpy_t-test,0.5561129755407963,0.3359683794466403,0.5,0.9770114942528736,T_KIRP_vs_rest,7,svm
3079,scanpy_t-test,0.5624677988333131,0.34710743801652894,0.5106382978723404,0.9655172413793104,T_KIRP_vs_rest,7,svm
3080,scanpy_t-test,0.5480436628493283,0.3233082706766917,0.48725212464589235,0.9885057471264368,T_KIRP_vs_rest,7,svm
3081,scanpy_t-test,0.5621980357856834,0.34274193548387094,0.5074626865671642,0.9770114942528736,T_KIRP_vs_rest,8,svm
3082,scanpy_t-test,0.5663000308374966,0.3514644351464435,0.5153374233128835,0.9655172413793104,T_KIRP_vs_rest,8,svm
3083,scanpy_t-test,0.5469195819341791,0.32209737827715357,0.4858757062146893,0.9885057471264368,T_KIRP_vs_rest,8,svm
3084,scanpy_t-test,0.5749212005360463,0.35714285714285715,0.5230769230769231,0.9770114942528736,T_KIRP_vs_rest,9,svm
3085,scanpy_t-test,0.5809737943241046,0.3684210526315789,0.5333333333333333,0.9655172413793104,T_KIRP_vs_rest,9,svm
3086,scanpy_t-test,0.5572629198070864,0.3333333333333333,0.4985507246376812,0.9885057471264368,T_KIRP_vs_rest,9,svm
3087,scanpy_t-test,0.571023635333425,0.35269709543568467,0.5182926829268293,0.9770114942528736,T_KIRP_vs_rest,10,svm
3088,scanpy_t-test,0.5809737943241046,0.3684210526315789,0.5333333333333333,0.9655172413793104,T_KIRP_vs_rest,10,svm
3089,scanpy_t-test,0.5526021371049512,0.3282442748091603,0.49283667621776506,0.9885057471264368,T_KIRP_vs_rest,10,svm
3090,scanpy_t-test,0.571023635333425,0.35269709543568467,0.5182926829268293,0.9770114942528736,T_KIRP_vs_rest,11,svm
3091,scanpy_t-test,0.5865681943637661,0.375,0.5401929260450161,0.9655172413793104,T_KIRP_vs_rest,11,svm
3092,scanpy_t-test,0.5549194953333421,0.33076923076923076,0.4956772334293948,0.9885057471264368,T_KIRP_vs_rest,11,svm
3093,scanpy_t-test,0.5749212005360463,0.35714285714285715,0.5230769230769231,0.9770114942528736,T_KIRP_vs_rest,12,svm
3094,scanpy_t-test,0.587989612004029,0.37668161434977576,0.5419354838709678,0.9655172413793104,T_KIRP_vs_rest,12,svm
3095,scanpy_t-test,0.5584445644048285,0.3346303501945525,0.5,0.9885057471264368,T_KIRP_vs_rest,12,svm
3096,scanpy_t-test,0.5762363339481194,0.35864978902953587,0.5246913580246914,0.9770114942528736,T_KIRP_vs_rest,13,svm
3097,scanpy_t-test,0.5865681943637661,0.375,0.5401929260450161,0.9655172413793104,T_KIRP_vs_rest,13,svm
3098,scanpy_t-test,0.5596329163032028,0.3359375,0.5014577259475219,0.9885057471264368,T_KIRP_vs_rest,13,svm
3099,scanpy_t-test,0.6167009900817055,0.40669856459330145,0.5743243243243243,0.9770114942528736,T_KIRP_vs_rest,14,svm
3100,scanpy_t-test,0.6399537621349938,0.44623655913978494,0.608058608058608,0.9540229885057471,T_KIRP_vs_rest,14,svm
3101,scanpy_t-test,0.5835786836648321,0.3628691983122363,0.5308641975308642,0.9885057471264368,T_KIRP_vs_rest,14,svm
3102,scanpy_t-test,0.6089118977696409,0.397196261682243,0.5647840531561462,0.9770114942528736,T_KIRP_vs_rest,15,svm
3103,scanpy_t-test,0.6363048253864134,0.44148936170212766,0.6036363636363636,0.9540229885057471,T_KIRP_vs_rest,15,svm
3104,scanpy_t-test,0.5835786836648321,0.3628691983122363,0.5308641975308642,0.9885057471264368,T_KIRP_vs_rest,15,svm
3105,scanpy_t-test,0.605870352994938,0.39351851851851855,0.5610561056105611,0.9770114942528736,T_KIRP_vs_rest,16,svm
3106,scanpy_t-test,0.6327123254169228,0.4368421052631579,0.5992779783393501,0.9540229885057471,T_KIRP_vs_rest,16,svm
3107,scanpy_t-test,0.5822493612672824,0.36134453781512604,0.5292307692307693,0.9885057471264368,T_KIRP_vs_rest,16,svm
3108,scanpy_t-test,0.6073859558160369,0.3953488372093023,0.5629139072847682,0.9770114942528736,T_KIRP_vs_rest,17,svm
3109,scanpy_t-test,0.6345016138303607,0.43915343915343913,0.6014492753623188,0.9540229885057471,T_KIRP_vs_rest,17,svm
3110,scanpy_t-test,0.5762481226834254,0.3672566371681416,0.5303514376996805,0.9540229885057471,T_KIRP_vs_rest,17,svm
3111,scanpy_t-test,0.6264156441758858,0.4187192118226601,0.5862068965517241,0.9770114942528736,T_KIRP_vs_rest,18,svm
3112,scanpy_t-test,0.6399537621349938,0.44623655913978494,0.608058608058608,0.9540229885057471,T_KIRP_vs_rest,18,svm
3113,scanpy_t-test,0.579032511764082,0.3705357142857143,0.5337620578778135,0.9540229885057471,T_KIRP_vs_rest,18,svm
3114,scanpy_t-test,0.6331288154507595,0.4271356783919598,0.5944055944055944,0.9770114942528736,T_KIRP_vs_rest,19,svm
3115,scanpy_t-test,0.6345016138303607,0.43915343915343913,0.6014492753623188,0.9540229885057471,T_KIRP_vs_rest,19,svm
3116,scanpy_t-test,0.5762481226834254,0.3672566371681416,0.5303514376996805,0.9540229885057471,T_KIRP_vs_rest,19,svm
3117,scanpy_t-test,0.6382947896156682,0.4336734693877551,0.6007067137809188,0.9770114942528736,T_KIRP_vs_rest,20,svm
3118,scanpy_t-test,0.6571146390669494,0.4689265536723164,0.6287878787878788,0.9540229885057471,T_KIRP_vs_rest,20,svm
3119,scanpy_t-test,0.601137822024416,0.39712918660287083,0.5608108108108109,0.9540229885057471,T_KIRP_vs_rest,20,svm
3120,yomix,0.9733642105263158,0.9736842105263158,0.9736842105263158,0.9736842105263158,T_LAML_vs_rest,1,svm
3121,yomix,0.9733642105263158,0.9736842105263158,0.9736842105263158,0.9736842105263158,T_LAML_vs_rest,1,svm
3122,yomix,1.0,1.0,1.0,1.0,T_LAML_vs_rest,1,svm
3123,yomix,0.9865965392460665,1.0,0.9866666666666667,0.9736842105263158,T_LAML_vs_rest,2,svm
3124,yomix,0.9733642105263158,0.9736842105263158,0.9736842105263158,0.9736842105263158,T_LAML_vs_rest,2,svm
3125,yomix,1.0,1.0,1.0,1.0,T_LAML_vs_rest,2,svm
3126,yomix,0.9865965392460665,1.0,0.9866666666666667,0.9736842105263158,T_LAML_vs_rest,3,svm
3127,yomix,0.9865965392460665,1.0,0.9866666666666667,0.9736842105263158,T_LAML_vs_rest,3,svm
3128,yomix,1.0,1.0,1.0,1.0,T_LAML_vs_rest,3,svm
3129,yomix,0.9865965392460665,1.0,0.9866666666666667,0.9736842105263158,T_LAML_vs_rest,4,svm
3130,yomix,1.0,1.0,1.0,1.0,T_LAML_vs_rest,4,svm
3131,yomix,1.0,1.0,1.0,1.0,T_LAML_vs_rest,4,svm
3132,yomix,1.0,1.0,1.0,1.0,T_LAML_vs_rest,5,svm
3133,yomix,1.0,1.0,1.0,1.0,T_LAML_vs_rest,5,svm
3134,yomix,1.0,1.0,1.0,1.0,T_LAML_vs_rest,5,svm
3135,yomix,1.0,1.0,1.0,1.0,T_LAML_vs_rest,6,svm
3136,yomix,1.0,1.0,1.0,1.0,T_LAML_vs_rest,6,svm
3137,yomix,1.0,1.0,1.0,1.0,T_LAML_vs_rest,6,svm
3138,yomix,0.9865965392460665,1.0,0.9866666666666667,0.9736842105263158,T_LAML_vs_rest,7,svm
3139,yomix,0.9865965392460665,1.0,0.9866666666666667,0.9736842105263158,T_LAML_vs_rest,7,svm
3140,yomix,1.0,1.0,1.0,1.0,T_LAML_vs_rest,7,svm
3141,yomix,0.9865965392460665,1.0,0.9866666666666667,0.9736842105263158,T_LAML_vs_rest,8,svm
3142,yomix,1.0,1.0,1.0,1.0,T_LAML_vs_rest,8,svm
3143,yomix,1.0,1.0,1.0,1.0,T_LAML_vs_rest,8,svm
3144,yomix,0.9865965392460665,1.0,0.9866666666666667,0.9736842105263158,T_LAML_vs_rest,9,svm
3145,yomix,0.9865965392460665,1.0,0.9866666666666667,0.9736842105263158,T_LAML_vs_rest,9,svm
3146,yomix,1.0,1.0,1.0,1.0,T_LAML_vs_rest,9,svm
3147,yomix,0.9865965392460665,1.0,0.9866666666666667,0.9736842105263158,T_LAML_vs_rest,10,svm
3148,yomix,0.9865965392460665,1.0,0.9866666666666667,0.9736842105263158,T_LAML_vs_rest,10,svm
3149,yomix,1.0,1.0,1.0,1.0,T_LAML_vs_rest,10,svm
3150,yomix,1.0,1.0,1.0,1.0,T_LAML_vs_rest,11,svm
3151,yomix,1.0,1.0,1.0,1.0,T_LAML_vs_rest,11,svm
3152,yomix,1.0,1.0,1.0,1.0,T_LAML_vs_rest,11,svm
3153,yomix,1.0,1.0,1.0,1.0,T_LAML_vs_rest,12,svm
3154,yomix,1.0,1.0,1.0,1.0,T_LAML_vs_rest,12,svm
3155,yomix,1.0,1.0,1.0,1.0,T_LAML_vs_rest,12,svm
3156,yomix,1.0,1.0,1.0,1.0,T_LAML_vs_rest,13,svm
3157,yomix,1.0,1.0,1.0,1.0,T_LAML_vs_rest,13,svm
3158,yomix,1.0,1.0,1.0,1.0,T_LAML_vs_rest,13,svm
3159,yomix,1.0,1.0,1.0,1.0,T_LAML_vs_rest,14,svm
3160,yomix,1.0,1.0,1.0,1.0,T_LAML_vs_rest,14,svm
3161,yomix,1.0,1.0,1.0,1.0,T_LAML_vs_rest,14,svm
3162,yomix,1.0,1.0,1.0,1.0,T_LAML_vs_rest,15,svm
3163,yomix,0.9865965392460665,1.0,0.9866666666666667,0.9736842105263158,T_LAML_vs_rest,15,svm
3164,yomix,1.0,1.0,1.0,1.0,T_LAML_vs_rest,15,svm
3165,yomix,1.0,1.0,1.0,1.0,T_LAML_vs_rest,16,svm
3166,yomix,0.9865965392460665,1.0,0.9866666666666667,0.9736842105263158,T_LAML_vs_rest,16,svm
3167,yomix,1.0,1.0,1.0,1.0,T_LAML_vs_rest,16,svm
3168,yomix,1.0,1.0,1.0,1.0,T_LAML_vs_rest,17,svm
3169,yomix,0.9865965392460665,1.0,0.9866666666666667,0.9736842105263158,T_LAML_vs_rest,17,svm
3170,yomix,1.0,1.0,1.0,1.0,T_LAML_vs_rest,17,svm
3171,yomix,1.0,1.0,1.0,1.0,T_LAML_vs_rest,18,svm
3172,yomix,0.9865965392460665,1.0,0.9866666666666667,0.9736842105263158,T_LAML_vs_rest,18,svm
3173,yomix,1.0,1.0,1.0,1.0,T_LAML_vs_rest,18,svm
3174,yomix,0.9865965392460665,1.0,0.9866666666666667,0.9736842105263158,T_LAML_vs_rest,19,svm
3175,yomix,0.9865965392460665,1.0,0.9866666666666667,0.9736842105263158,T_LAML_vs_rest,19,svm
3176,yomix,1.0,1.0,1.0,1.0,T_LAML_vs_rest,19,svm
3177,yomix,1.0,1.0,1.0,1.0,T_LAML_vs_rest,20,svm
3178,yomix,0.9865965392460665,1.0,0.9866666666666667,0.9736842105263158,T_LAML_vs_rest,20,svm
3179,yomix,1.0,1.0,1.0,1.0,T_LAML_vs_rest,20,svm
3180,cosg,0.9733642105263158,0.9736842105263158,0.9736842105263158,0.9736842105263158,T_LAML_vs_rest,1,svm
3181,cosg,0.9733642105263158,0.9736842105263158,0.9736842105263158,0.9736842105263158,T_LAML_vs_rest,1,svm
3182,cosg,1.0,1.0,1.0,1.0,T_LAML_vs_rest,1,svm
3183,cosg,0.9865965392460665,1.0,0.9866666666666667,0.9736842105263158,T_LAML_vs_rest,2,svm
3184,cosg,0.9733642105263158,0.9736842105263158,0.9736842105263158,0.9736842105263158,T_LAML_vs_rest,2,svm
3185,cosg,1.0,1.0,1.0,1.0,T_LAML_vs_rest,2,svm
3186,cosg,0.9865965392460665,1.0,0.9866666666666667,0.9736842105263158,T_LAML_vs_rest,3,svm
3187,cosg,0.9733642105263158,0.9736842105263158,0.9736842105263158,0.9736842105263158,T_LAML_vs_rest,3,svm
3188,cosg,0.9869382855514217,0.9743589743589743,0.987012987012987,1.0,T_LAML_vs_rest,3,svm
3189,cosg,0.9865965392460665,1.0,0.9866666666666667,0.9736842105263158,T_LAML_vs_rest,4,svm
3190,cosg,0.9733642105263158,0.9736842105263158,0.9736842105263158,0.9736842105263158,T_LAML_vs_rest,4,svm
3191,cosg,0.9869382855514217,0.9743589743589743,0.987012987012987,1.0,T_LAML_vs_rest,4,svm
3192,cosg,0.9865965392460665,1.0,0.9866666666666667,0.9736842105263158,T_LAML_vs_rest,5,svm
3193,cosg,0.9733642105263158,0.9736842105263158,0.9736842105263158,0.9736842105263158,T_LAML_vs_rest,5,svm
3194,cosg,1.0,1.0,1.0,1.0,T_LAML_vs_rest,5,svm
3195,cosg,0.9865965392460665,1.0,0.9866666666666667,0.9736842105263158,T_LAML_vs_rest,6,svm
3196,cosg,0.9733642105263158,0.9736842105263158,0.9736842105263158,0.9736842105263158,T_LAML_vs_rest,6,svm
3197,cosg,1.0,1.0,1.0,1.0,T_LAML_vs_rest,6,svm
3198,cosg,0.9865965392460665,1.0,0.9866666666666667,0.9736842105263158,T_LAML_vs_rest,7,svm
3199,cosg,0.9733642105263158,0.9736842105263158,0.9736842105263158,0.9736842105263158,T_LAML_vs_rest,7,svm
3200,cosg,1.0,1.0,1.0,1.0,T_LAML_vs_rest,7,svm
3201,cosg,0.9865965392460665,1.0,0.9866666666666667,0.9736842105263158,T_LAML_vs_rest,8,svm
3202,cosg,0.9733642105263158,0.9736842105263158,0.9736842105263158,0.9736842105263158,T_LAML_vs_rest,8,svm
3203,cosg,1.0,1.0,1.0,1.0,T_LAML_vs_rest,8,svm
3204,cosg,0.9865965392460665,1.0,0.9866666666666667,0.9736842105263158,T_LAML_vs_rest,9,svm
3205,cosg,0.9733642105263158,0.9736842105263158,0.9736842105263158,0.9736842105263158,T_LAML_vs_rest,9,svm
3206,cosg,1.0,1.0,1.0,1.0,T_LAML_vs_rest,9,svm
3207,cosg,0.9865965392460665,1.0,0.9866666666666667,0.9736842105263158,T_LAML_vs_rest,10,svm
3208,cosg,0.9733642105263158,0.9736842105263158,0.9736842105263158,0.9736842105263158,T_LAML_vs_rest,10,svm
3209,cosg,0.9179067974957419,0.8444444444444444,0.9156626506024096,1.0,T_LAML_vs_rest,10,svm
3210,cosg,0.9865965392460665,1.0,0.9866666666666667,0.9736842105263158,T_LAML_vs_rest,11,svm
3211,cosg,0.9733642105263158,0.9736842105263158,0.9736842105263158,0.9736842105263158,T_LAML_vs_rest,11,svm
3212,cosg,1.0,1.0,1.0,1.0,T_LAML_vs_rest,11,svm
3213,cosg,0.9865965392460665,1.0,0.9866666666666667,0.9736842105263158,T_LAML_vs_rest,12,svm
3214,cosg,0.9733642105263158,0.9736842105263158,0.9736842105263158,0.9736842105263158,T_LAML_vs_rest,12,svm
3215,cosg,1.0,1.0,1.0,1.0,T_LAML_vs_rest,12,svm
3216,cosg,0.9865965392460665,1.0,0.9866666666666667,0.9736842105263158,T_LAML_vs_rest,13,svm
3217,cosg,0.9865965392460665,1.0,0.9866666666666667,0.9736842105263158,T_LAML_vs_rest,13,svm
3218,cosg,1.0,1.0,1.0,1.0,T_LAML_vs_rest,13,svm
3219,cosg,0.9865965392460665,1.0,0.9866666666666667,0.9736842105263158,T_LAML_vs_rest,14,svm
3220,cosg,0.9865965392460665,1.0,0.9866666666666667,0.9736842105263158,T_LAML_vs_rest,14,svm
3221,cosg,1.0,1.0,1.0,1.0,T_LAML_vs_rest,14,svm
3222,cosg,0.9865965392460665,1.0,0.9866666666666667,0.9736842105263158,T_LAML_vs_rest,15,svm
3223,cosg,0.9865965392460665,1.0,0.9866666666666667,0.9736842105263158,T_LAML_vs_rest,15,svm
3224,cosg,1.0,1.0,1.0,1.0,T_LAML_vs_rest,15,svm
3225,cosg,0.9730172110795754,1.0,0.972972972972973,0.9473684210526315,T_LAML_vs_rest,16,svm
3226,cosg,0.9865965392460665,1.0,0.9866666666666667,0.9736842105263158,T_LAML_vs_rest,16,svm
3227,cosg,1.0,1.0,1.0,1.0,T_LAML_vs_rest,16,svm
3228,cosg,0.9730172110795754,1.0,0.972972972972973,0.9473684210526315,T_LAML_vs_rest,17,svm
3229,cosg,0.9865965392460665,1.0,0.9866666666666667,0.9736842105263158,T_LAML_vs_rest,17,svm
3230,cosg,1.0,1.0,1.0,1.0,T_LAML_vs_rest,17,svm
3231,cosg,0.9865965392460665,1.0,0.9866666666666667,0.9736842105263158,T_LAML_vs_rest,18,svm
3232,cosg,0.9730172110795754,1.0,0.972972972972973,0.9473684210526315,T_LAML_vs_rest,18,svm
3233,cosg,1.0,1.0,1.0,1.0,T_LAML_vs_rest,18,svm
3234,cosg,0.9865965392460665,1.0,0.9866666666666667,0.9736842105263158,T_LAML_vs_rest,19,svm
3235,cosg,0.9730172110795754,1.0,0.972972972972973,0.9473684210526315,T_LAML_vs_rest,19,svm
3236,cosg,1.0,1.0,1.0,1.0,T_LAML_vs_rest,19,svm
3237,cosg,0.9865965392460665,1.0,0.9866666666666667,0.9736842105263158,T_LAML_vs_rest,20,svm
3238,cosg,0.9730172110795754,1.0,0.972972972972973,0.9473684210526315,T_LAML_vs_rest,20,svm
3239,cosg,1.0,1.0,1.0,1.0,T_LAML_vs_rest,20,svm
3240,scanpy_wilcoxon,0.9733642105263158,0.9736842105263158,0.9736842105263158,0.9736842105263158,T_LAML_vs_rest,1,svm
3241,scanpy_wilcoxon,0.9733642105263158,0.9736842105263158,0.9736842105263158,0.9736842105263158,T_LAML_vs_rest,1,svm
3242,scanpy_wilcoxon,1.0,1.0,1.0,1.0,T_LAML_vs_rest,1,svm
3243,scanpy_wilcoxon,1.0,1.0,1.0,1.0,T_LAML_vs_rest,2,svm
3244,scanpy_wilcoxon,1.0,1.0,1.0,1.0,T_LAML_vs_rest,2,svm
3245,scanpy_wilcoxon,1.0,1.0,1.0,1.0,T_LAML_vs_rest,2,svm
3246,scanpy_wilcoxon,1.0,1.0,1.0,1.0,T_LAML_vs_rest,3,svm
3247,scanpy_wilcoxon,1.0,1.0,1.0,1.0,T_LAML_vs_rest,3,svm
3248,scanpy_wilcoxon,0.9869382855514217,0.9743589743589743,0.987012987012987,1.0,T_LAML_vs_rest,3,svm
3249,scanpy_wilcoxon,0.9865965392460665,1.0,0.9866666666666667,0.9736842105263158,T_LAML_vs_rest,4,svm
3250,scanpy_wilcoxon,1.0,1.0,1.0,1.0,T_LAML_vs_rest,4,svm
3251,scanpy_wilcoxon,0.9869382855514217,0.9743589743589743,0.987012987012987,1.0,T_LAML_vs_rest,4,svm
3252,scanpy_wilcoxon,1.0,1.0,1.0,1.0,T_LAML_vs_rest,5,svm
3253,scanpy_wilcoxon,1.0,1.0,1.0,1.0,T_LAML_vs_rest,5,svm
3254,scanpy_wilcoxon,1.0,1.0,1.0,1.0,T_LAML_vs_rest,5,svm
3255,scanpy_wilcoxon,1.0,1.0,1.0,1.0,T_LAML_vs_rest,6,svm
3256,scanpy_wilcoxon,1.0,1.0,1.0,1.0,T_LAML_vs_rest,6,svm
3257,scanpy_wilcoxon,1.0,1.0,1.0,1.0,T_LAML_vs_rest,6,svm
3258,scanpy_wilcoxon,1.0,1.0,1.0,1.0,T_LAML_vs_rest,7,svm
3259,scanpy_wilcoxon,1.0,1.0,1.0,1.0,T_LAML_vs_rest,7,svm
3260,scanpy_wilcoxon,1.0,1.0,1.0,1.0,T_LAML_vs_rest,7,svm
3261,scanpy_wilcoxon,1.0,1.0,1.0,1.0,T_LAML_vs_rest,8,svm
3262,scanpy_wilcoxon,1.0,1.0,1.0,1.0,T_LAML_vs_rest,8,svm
3263,scanpy_wilcoxon,1.0,1.0,1.0,1.0,T_LAML_vs_rest,8,svm
3264,scanpy_wilcoxon,1.0,1.0,1.0,1.0,T_LAML_vs_rest,9,svm
3265,scanpy_wilcoxon,1.0,1.0,1.0,1.0,T_LAML_vs_rest,9,svm
3266,scanpy_wilcoxon,1.0,1.0,1.0,1.0,T_LAML_vs_rest,9,svm
3267,scanpy_wilcoxon,1.0,1.0,1.0,1.0,T_LAML_vs_rest,10,svm
3268,scanpy_wilcoxon,1.0,1.0,1.0,1.0,T_LAML_vs_rest,10,svm
3269,scanpy_wilcoxon,1.0,1.0,1.0,1.0,T_LAML_vs_rest,10,svm
3270,scanpy_wilcoxon,1.0,1.0,1.0,1.0,T_LAML_vs_rest,11,svm
3271,scanpy_wilcoxon,1.0,1.0,1.0,1.0,T_LAML_vs_rest,11,svm
3272,scanpy_wilcoxon,1.0,1.0,1.0,1.0,T_LAML_vs_rest,11,svm
3273,scanpy_wilcoxon,1.0,1.0,1.0,1.0,T_LAML_vs_rest,12,svm
3274,scanpy_wilcoxon,1.0,1.0,1.0,1.0,T_LAML_vs_rest,12,svm
3275,scanpy_wilcoxon,1.0,1.0,1.0,1.0,T_LAML_vs_rest,12,svm
3276,scanpy_wilcoxon,1.0,1.0,1.0,1.0,T_LAML_vs_rest,13,svm
3277,scanpy_wilcoxon,1.0,1.0,1.0,1.0,T_LAML_vs_rest,13,svm
3278,scanpy_wilcoxon,1.0,1.0,1.0,1.0,T_LAML_vs_rest,13,svm
3279,scanpy_wilcoxon,1.0,1.0,1.0,1.0,T_LAML_vs_rest,14,svm
3280,scanpy_wilcoxon,1.0,1.0,1.0,1.0,T_LAML_vs_rest,14,svm
3281,scanpy_wilcoxon,1.0,1.0,1.0,1.0,T_LAML_vs_rest,14,svm
3282,scanpy_wilcoxon,1.0,1.0,1.0,1.0,T_LAML_vs_rest,15,svm
3283,scanpy_wilcoxon,1.0,1.0,1.0,1.0,T_LAML_vs_rest,15,svm
3284,scanpy_wilcoxon,1.0,1.0,1.0,1.0,T_LAML_vs_rest,15,svm
3285,scanpy_wilcoxon,1.0,1.0,1.0,1.0,T_LAML_vs_rest,16,svm
3286,scanpy_wilcoxon,1.0,1.0,1.0,1.0,T_LAML_vs_rest,16,svm
3287,scanpy_wilcoxon,1.0,1.0,1.0,1.0,T_LAML_vs_rest,16,svm
3288,scanpy_wilcoxon,1.0,1.0,1.0,1.0,T_LAML_vs_rest,17,svm
3289,scanpy_wilcoxon,1.0,1.0,1.0,1.0,T_LAML_vs_rest,17,svm
3290,scanpy_wilcoxon,1.0,1.0,1.0,1.0,T_LAML_vs_rest,17,svm
3291,scanpy_wilcoxon,1.0,1.0,1.0,1.0,T_LAML_vs_rest,18,svm
3292,scanpy_wilcoxon,1.0,1.0,1.0,1.0,T_LAML_vs_rest,18,svm
3293,scanpy_wilcoxon,1.0,1.0,1.0,1.0,T_LAML_vs_rest,18,svm
3294,scanpy_wilcoxon,1.0,1.0,1.0,1.0,T_LAML_vs_rest,19,svm
3295,scanpy_wilcoxon,0.9865965392460665,1.0,0.9866666666666667,0.9736842105263158,T_LAML_vs_rest,19,svm
3296,scanpy_wilcoxon,1.0,1.0,1.0,1.0,T_LAML_vs_rest,19,svm
3297,scanpy_wilcoxon,1.0,1.0,1.0,1.0,T_LAML_vs_rest,20,svm
3298,scanpy_wilcoxon,0.9865965392460665,1.0,0.9866666666666667,0.9736842105263158,T_LAML_vs_rest,20,svm
3299,scanpy_wilcoxon,1.0,1.0,1.0,1.0,T_LAML_vs_rest,20,svm
3300,scanpy_t-test,0.8140106469410171,0.6666666666666666,0.8,1.0,T_LAML_vs_rest,1,svm
3301,scanpy_t-test,0.7612912108334811,0.5846153846153846,0.7378640776699029,1.0,T_LAML_vs_rest,1,svm
3302,scanpy_t-test,0.7863624492810832,0.6229508196721312,0.7676767676767676,1.0,T_LAML_vs_rest,1,svm
3303,scanpy_t-test,1.0,1.0,1.0,1.0,T_LAML_vs_rest,2,svm
3304,scanpy_t-test,1.0,1.0,1.0,1.0,T_LAML_vs_rest,2,svm
3305,scanpy_t-test,0.9743674871422999,0.95,0.9743589743589743,1.0,T_LAML_vs_rest,2,svm
3306,scanpy_t-test,1.0,1.0,1.0,1.0,T_LAML_vs_rest,3,svm
3307,scanpy_t-test,1.0,1.0,1.0,1.0,T_LAML_vs_rest,3,svm
3308,scanpy_t-test,0.9869382855514217,0.9743589743589743,0.987012987012987,1.0,T_LAML_vs_rest,3,svm
3309,scanpy_t-test,1.0,1.0,1.0,1.0,T_LAML_vs_rest,4,svm
3310,scanpy_t-test,1.0,1.0,1.0,1.0,T_LAML_vs_rest,4,svm
3311,scanpy_t-test,1.0,1.0,1.0,1.0,T_LAML_vs_rest,4,svm
3312,scanpy_t-test,1.0,1.0,1.0,1.0,T_LAML_vs_rest,5,svm
3313,scanpy_t-test,1.0,1.0,1.0,1.0,T_LAML_vs_rest,5,svm
3314,scanpy_t-test,1.0,1.0,1.0,1.0,T_LAML_vs_rest,5,svm
3315,scanpy_t-test,1.0,1.0,1.0,1.0,T_LAML_vs_rest,6,svm
3316,scanpy_t-test,1.0,1.0,1.0,1.0,T_LAML_vs_rest,6,svm
3317,scanpy_t-test,1.0,1.0,1.0,1.0,T_LAML_vs_rest,6,svm
3318,scanpy_t-test,1.0,1.0,1.0,1.0,T_LAML_vs_rest,7,svm
3319,scanpy_t-test,1.0,1.0,1.0,1.0,T_LAML_vs_rest,7,svm
3320,scanpy_t-test,1.0,1.0,1.0,1.0,T_LAML_vs_rest,7,svm
3321,scanpy_t-test,1.0,1.0,1.0,1.0,T_LAML_vs_rest,8,svm
3322,scanpy_t-test,1.0,1.0,1.0,1.0,T_LAML_vs_rest,8,svm
3323,scanpy_t-test,1.0,1.0,1.0,1.0,T_LAML_vs_rest,8,svm
3324,scanpy_t-test,1.0,1.0,1.0,1.0,T_LAML_vs_rest,9,svm
3325,scanpy_t-test,1.0,1.0,1.0,1.0,T_LAML_vs_rest,9,svm
3326,scanpy_t-test,1.0,1.0,1.0,1.0,T_LAML_vs_rest,9,svm
3327,scanpy_t-test,1.0,1.0,1.0,1.0,T_LAML_vs_rest,10,svm
3328,scanpy_t-test,1.0,1.0,1.0,1.0,T_LAML_vs_rest,10,svm
3329,scanpy_t-test,1.0,1.0,1.0,1.0,T_LAML_vs_rest,10,svm
3330,scanpy_t-test,1.0,1.0,1.0,1.0,T_LAML_vs_rest,11,svm
3331,scanpy_t-test,1.0,1.0,1.0,1.0,T_LAML_vs_rest,11,svm
3332,scanpy_t-test,1.0,1.0,1.0,1.0,T_LAML_vs_rest,11,svm
3333,scanpy_t-test,1.0,1.0,1.0,1.0,T_LAML_vs_rest,12,svm
3334,scanpy_t-test,1.0,1.0,1.0,1.0,T_LAML_vs_rest,12,svm
3335,scanpy_t-test,1.0,1.0,1.0,1.0,T_LAML_vs_rest,12,svm
3336,scanpy_t-test,1.0,1.0,1.0,1.0,T_LAML_vs_rest,13,svm
3337,scanpy_t-test,1.0,1.0,1.0,1.0,T_LAML_vs_rest,13,svm
3338,scanpy_t-test,1.0,1.0,1.0,1.0,T_LAML_vs_rest,13,svm
3339,scanpy_t-test,1.0,1.0,1.0,1.0,T_LAML_vs_rest,14,svm
3340,scanpy_t-test,1.0,1.0,1.0,1.0,T_LAML_vs_rest,14,svm
3341,scanpy_t-test,1.0,1.0,1.0,1.0,T_LAML_vs_rest,14,svm
3342,scanpy_t-test,1.0,1.0,1.0,1.0,T_LAML_vs_rest,15,svm
3343,scanpy_t-test,1.0,1.0,1.0,1.0,T_LAML_vs_rest,15,svm
3344,scanpy_t-test,1.0,1.0,1.0,1.0,T_LAML_vs_rest,15,svm
3345,scanpy_t-test,1.0,1.0,1.0,1.0,T_LAML_vs_rest,16,svm
3346,scanpy_t-test,1.0,1.0,1.0,1.0,T_LAML_vs_rest,16,svm
3347,scanpy_t-test,1.0,1.0,1.0,1.0,T_LAML_vs_rest,16,svm
3348,scanpy_t-test,1.0,1.0,1.0,1.0,T_LAML_vs_rest,17,svm
3349,scanpy_t-test,1.0,1.0,1.0,1.0,T_LAML_vs_rest,17,svm
3350,scanpy_t-test,1.0,1.0,1.0,1.0,T_LAML_vs_rest,17,svm
3351,scanpy_t-test,1.0,1.0,1.0,1.0,T_LAML_vs_rest,18,svm
3352,scanpy_t-test,1.0,1.0,1.0,1.0,T_LAML_vs_rest,18,svm
3353,scanpy_t-test,1.0,1.0,1.0,1.0,T_LAML_vs_rest,18,svm
3354,scanpy_t-test,1.0,1.0,1.0,1.0,T_LAML_vs_rest,19,svm
3355,scanpy_t-test,1.0,1.0,1.0,1.0,T_LAML_vs_rest,19,svm
3356,scanpy_t-test,1.0,1.0,1.0,1.0,T_LAML_vs_rest,19,svm
3357,scanpy_t-test,1.0,1.0,1.0,1.0,T_LAML_vs_rest,20,svm
3358,scanpy_t-test,1.0,1.0,1.0,1.0,T_LAML_vs_rest,20,svm
3359,scanpy_t-test,1.0,1.0,1.0,1.0,T_LAML_vs_rest,20,svm
3360,yomix,0.8489942067538787,0.7395348837209302,0.848,0.99375,T_LGG_vs_rest,1,svm
3361,yomix,0.8442403707777155,0.7272727272727273,0.8421052631578947,1.0,T_LGG_vs_rest,1,svm
3362,yomix,0.8333679592186295,0.7235023041474654,0.8328912466843501,0.98125,T_LGG_vs_rest,1,svm
3363,yomix,0.8709481145019805,0.775609756097561,0.8712328767123287,0.99375,T_LGG_vs_rest,2,svm
3364,yomix,0.8489942067538787,0.7395348837209302,0.848,0.99375,T_LGG_vs_rest,2,svm
3365,yomix,0.8489942067538787,0.7395348837209302,0.848,0.99375,T_LGG_vs_rest,2,svm
3366,yomix,0.8755277987951635,0.7832512315270936,0.8760330578512396,0.99375,T_LGG_vs_rest,3,svm
3367,yomix,0.8554209298348854,0.75,0.8548387096774194,0.99375,T_LGG_vs_rest,3,svm
3368,yomix,0.8554209298348854,0.75,0.8548387096774194,0.99375,T_LGG_vs_rest,3,svm
3369,yomix,0.8732297341525055,0.7794117647058824,0.8736263736263736,0.99375,T_LGG_vs_rest,4,svm
3370,yomix,0.8611900422195441,0.7547169811320755,0.8602150537634409,1.0,T_LGG_vs_rest,4,svm
3371,yomix,0.8511217933565098,0.7429906542056075,0.8502673796791443,0.99375,T_LGG_vs_rest,4,svm
3372,yomix,0.8732297341525055,0.7794117647058824,0.8736263736263736,0.99375,T_LGG_vs_rest,5,svm
3373,yomix,0.8597798399647324,0.7571428571428571,0.8594594594594595,0.99375,T_LGG_vs_rest,5,svm
3374,yomix,0.8511217933565098,0.7429906542056075,0.8502673796791443,0.99375,T_LGG_vs_rest,5,svm
3375,yomix,0.8732297341525055,0.7794117647058824,0.8736263736263736,0.99375,T_LGG_vs_rest,6,svm
3376,yomix,0.8597798399647324,0.7571428571428571,0.8594594594594595,0.99375,T_LGG_vs_rest,6,svm
3377,yomix,0.8511217933565098,0.7429906542056075,0.8502673796791443,0.99375,T_LGG_vs_rest,6,svm
3378,yomix,0.8732297341525055,0.7794117647058824,0.8736263736263736,0.99375,T_LGG_vs_rest,7,svm
3379,yomix,0.8633746126213344,0.7582938388625592,0.862533692722372,1.0,T_LGG_vs_rest,7,svm
3380,yomix,0.8489942067538787,0.7395348837209302,0.848,0.99375,T_LGG_vs_rest,7,svm
3381,yomix,0.8732297341525055,0.7794117647058824,0.8736263736263736,0.99375,T_LGG_vs_rest,8,svm
3382,yomix,0.8633746126213344,0.7582938388625592,0.862533692722372,1.0,T_LGG_vs_rest,8,svm
3383,yomix,0.8511217933565098,0.7429906542056075,0.8502673796791443,0.99375,T_LGG_vs_rest,8,svm
3384,yomix,0.8732297341525055,0.7794117647058824,0.8736263736263736,0.99375,T_LGG_vs_rest,9,svm
3385,yomix,0.8611900422195441,0.7547169811320755,0.8602150537634409,1.0,T_LGG_vs_rest,9,svm
3386,yomix,0.8489942067538787,0.7395348837209302,0.848,0.99375,T_LGG_vs_rest,9,svm
3387,yomix,0.8732297341525055,0.7794117647058824,0.8736263736263736,0.99375,T_LGG_vs_rest,10,svm
3388,yomix,0.8611900422195441,0.7547169811320755,0.8602150537634409,1.0,T_LGG_vs_rest,10,svm
3389,yomix,0.8489942067538787,0.7395348837209302,0.848,0.99375,T_LGG_vs_rest,10,svm
3390,yomix,0.8732297341525055,0.7794117647058824,0.8736263736263736,0.99375,T_LGG_vs_rest,11,svm
3391,yomix,0.8611900422195441,0.7547169811320755,0.8602150537634409,1.0,T_LGG_vs_rest,11,svm
3392,yomix,0.8489942067538787,0.7395348837209302,0.848,0.99375,T_LGG_vs_rest,11,svm
3393,yomix,0.8732297341525055,0.7794117647058824,0.8736263736263736,0.99375,T_LGG_vs_rest,12,svm
3394,yomix,0.8611900422195441,0.7547169811320755,0.8602150537634409,1.0,T_LGG_vs_rest,12,svm
3395,yomix,0.8489942067538787,0.7395348837209302,0.848,0.99375,T_LGG_vs_rest,12,svm
3396,yomix,0.8732297341525055,0.7794117647058824,0.8736263736263736,0.99375,T_LGG_vs_rest,13,svm
3397,yomix,0.8611900422195441,0.7547169811320755,0.8602150537634409,1.0,T_LGG_vs_rest,13,svm
3398,yomix,0.8489942067538787,0.7395348837209302,0.848,0.99375,T_LGG_vs_rest,13,svm
3399,yomix,0.8732297341525055,0.7794117647058824,0.8736263736263736,0.99375,T_LGG_vs_rest,14,svm
3400,yomix,0.8590205066667368,0.7511737089201878,0.8579088471849866,1.0,T_LGG_vs_rest,14,svm
3401,yomix,0.8468810490019966,0.7361111111111112,0.8457446808510638,0.99375,T_LGG_vs_rest,14,svm
3402,yomix,0.8709481145019805,0.775609756097561,0.8712328767123287,0.99375,T_LGG_vs_rest,15,svm
3403,yomix,0.8590205066667368,0.7511737089201878,0.8579088471849866,1.0,T_LGG_vs_rest,15,svm
3404,yomix,0.8489942067538787,0.7395348837209302,0.848,0.99375,T_LGG_vs_rest,15,svm
3405,yomix,0.8709481145019805,0.775609756097561,0.8712328767123287,0.99375,T_LGG_vs_rest,16,svm
3406,yomix,0.8568658307903644,0.7476635514018691,0.8556149732620321,1.0,T_LGG_vs_rest,16,svm
3407,yomix,0.8489942067538787,0.7395348837209302,0.848,0.99375,T_LGG_vs_rest,16,svm
3408,yomix,0.8709481145019805,0.775609756097561,0.8712328767123287,0.99375,T_LGG_vs_rest,17,svm
3409,yomix,0.8590205066667368,0.7511737089201878,0.8579088471849866,1.0,T_LGG_vs_rest,17,svm
3410,yomix,0.8489942067538787,0.7395348837209302,0.848,0.99375,T_LGG_vs_rest,17,svm
3411,yomix,0.8709481145019805,0.775609756097561,0.8712328767123287,0.99375,T_LGG_vs_rest,18,svm
3412,yomix,0.8590205066667368,0.7511737089201878,0.8579088471849866,1.0,T_LGG_vs_rest,18,svm
3413,yomix,0.8468810490019966,0.7361111111111112,0.8457446808510638,0.99375,T_LGG_vs_rest,18,svm
3414,yomix,0.8732297341525055,0.7794117647058824,0.8736263736263736,0.99375,T_LGG_vs_rest,19,svm
3415,yomix,0.8590205066667368,0.7511737089201878,0.8579088471849866,1.0,T_LGG_vs_rest,19,svm
3416,yomix,0.8489942067538787,0.7395348837209302,0.848,0.99375,T_LGG_vs_rest,19,svm
3417,yomix,0.8709481145019805,0.775609756097561,0.8712328767123287,0.99375,T_LGG_vs_rest,20,svm
3418,yomix,0.8554209298348854,0.75,0.8548387096774194,0.99375,T_LGG_vs_rest,20,svm
3419,yomix,0.8489942067538787,0.7395348837209302,0.848,0.99375,T_LGG_vs_rest,20,svm
3420,cosg,0.8214006195729738,0.9097744360902256,0.825938566552901,0.75625,T_LGG_vs_rest,1,svm
3421,cosg,0.8117335407169437,0.9349593495934959,0.8127208480565371,0.71875,T_LGG_vs_rest,1,svm
3422,cosg,0.8296824936629233,0.9051094890510949,0.835016835016835,0.775,T_LGG_vs_rest,1,svm
3423,cosg,0.8598330569938127,0.8131868131868132,0.8654970760233918,0.925,T_LGG_vs_rest,2,svm
3424,cosg,0.8601968911488101,0.8248587570621468,0.8664688427299704,0.9125,T_LGG_vs_rest,2,svm
3425,cosg,0.834139783877629,0.7736842105263158,0.84,0.91875,T_LGG_vs_rest,2,svm
3426,cosg,0.8359943891871869,0.7323943661971831,0.8364611260053619,0.975,T_LGG_vs_rest,3,svm
3427,cosg,0.8138897552002682,0.7013574660633484,0.8136482939632546,0.96875,T_LGG_vs_rest,3,svm
3428,cosg,0.8354424038744835,0.7268518518518519,0.8351063829787234,0.98125,T_LGG_vs_rest,3,svm
3429,cosg,0.8381135926809096,0.7358490566037735,0.8387096774193549,0.975,T_LGG_vs_rest,4,svm
3430,cosg,0.8260676646991612,0.7209302325581395,0.8266666666666667,0.96875,T_LGG_vs_rest,4,svm
3431,cosg,0.84116172643824,0.7314814814814815,0.8404255319148937,0.9875,T_LGG_vs_rest,4,svm
3432,cosg,0.8460292499452592,0.7440758293838863,0.8463611859838275,0.98125,T_LGG_vs_rest,5,svm
3433,cosg,0.8381135926809096,0.7358490566037735,0.8387096774193549,0.975,T_LGG_vs_rest,5,svm
3434,cosg,0.8475074479269619,0.7417840375586855,0.8471849865951743,0.9875,T_LGG_vs_rest,5,svm
3435,cosg,0.854241715673826,0.7673267326732673,0.856353591160221,0.96875,T_LGG_vs_rest,6,svm
3436,cosg,0.8460292499452592,0.7440758293838863,0.8463611859838275,0.98125,T_LGG_vs_rest,6,svm
3437,cosg,0.8539852839742006,0.7523809523809524,0.8540540540540541,0.9875,T_LGG_vs_rest,6,svm
3438,cosg,0.8519812288817502,0.7635467980295566,0.8539944903581267,0.96875,T_LGG_vs_rest,7,svm
3439,cosg,0.8460292499452592,0.7440758293838863,0.8463611859838275,0.98125,T_LGG_vs_rest,7,svm
3440,cosg,0.8432625712401993,0.7348837209302326,0.8426666666666667,0.9875,T_LGG_vs_rest,7,svm
3441,cosg,0.8614833563831297,0.7696078431372549,0.8626373626373627,0.98125,T_LGG_vs_rest,8,svm
3442,cosg,0.8719423121210609,0.7821782178217822,0.8729281767955801,0.9875,T_LGG_vs_rest,8,svm
3443,cosg,0.8569895709361338,0.7621359223300971,0.8579234972677595,0.98125,T_LGG_vs_rest,8,svm
3444,cosg,0.8660421133053159,0.7772277227722773,0.8674033149171271,0.98125,T_LGG_vs_rest,9,svm
3445,cosg,0.8719423121210609,0.7821782178217822,0.8729281767955801,0.9875,T_LGG_vs_rest,9,svm
3446,cosg,0.8569895709361338,0.7621359223300971,0.8579234972677595,0.98125,T_LGG_vs_rest,9,svm
3447,cosg,0.8719423121210609,0.7821782178217822,0.8729281767955801,0.9875,T_LGG_vs_rest,10,svm
3448,cosg,0.8765950805385637,0.79,0.8777777777777778,0.9875,T_LGG_vs_rest,10,svm
3449,cosg,0.8569895709361338,0.7621359223300971,0.8579234972677595,0.98125,T_LGG_vs_rest,10,svm
3450,cosg,0.8719423121210609,0.7821782178217822,0.8729281767955801,0.9875,T_LGG_vs_rest,11,svm
3451,cosg,0.8765950805385637,0.79,0.8777777777777778,0.9875,T_LGG_vs_rest,11,svm
3452,cosg,0.8569895709361338,0.7621359223300971,0.8579234972677595,0.98125,T_LGG_vs_rest,11,svm
3453,cosg,0.8813165318122981,0.797979797979798,0.88268156424581,0.9875,T_LGG_vs_rest,12,svm
3454,cosg,0.8765950805385637,0.79,0.8777777777777778,0.9875,T_LGG_vs_rest,12,svm
3455,cosg,0.8592284409476535,0.7658536585365854,0.8602739726027397,0.98125,T_LGG_vs_rest,12,svm
3456,cosg,0.8837035551968512,0.8020304568527918,0.8851540616246498,0.9875,T_LGG_vs_rest,13,svm
3457,cosg,0.8742602174233828,0.7860696517412935,0.8753462603878116,0.9875,T_LGG_vs_rest,13,svm
3458,cosg,0.8614833563831297,0.7696078431372549,0.8626373626373627,0.98125,T_LGG_vs_rest,13,svm
3459,cosg,0.8837035551968512,0.8020304568527918,0.8851540616246498,0.9875,T_LGG_vs_rest,14,svm
3460,cosg,0.8719423121210609,0.7821782178217822,0.8729281767955801,0.9875,T_LGG_vs_rest,14,svm
3461,cosg,0.8614833563831297,0.7696078431372549,0.8626373626373627,0.98125,T_LGG_vs_rest,14,svm
3462,cosg,0.8813165318122981,0.797979797979798,0.88268156424581,0.9875,T_LGG_vs_rest,15,svm
3463,cosg,0.8765950805385637,0.79,0.8777777777777778,0.9875,T_LGG_vs_rest,15,svm
3464,cosg,0.8614833563831297,0.7696078431372549,0.8626373626373627,0.98125,T_LGG_vs_rest,15,svm
3465,cosg,0.8813165318122981,0.797979797979798,0.88268156424581,0.9875,T_LGG_vs_rest,16,svm
3466,cosg,0.8765950805385637,0.79,0.8777777777777778,0.9875,T_LGG_vs_rest,16,svm
3467,cosg,0.8614833563831297,0.7696078431372549,0.8626373626373627,0.98125,T_LGG_vs_rest,16,svm
3468,cosg,0.880124639311809,0.8010204081632653,0.8820224719101124,0.98125,T_LGG_vs_rest,17,svm
3469,cosg,0.8628361558557595,0.7669902912621359,0.8633879781420765,0.9875,T_LGG_vs_rest,17,svm
3470,cosg,0.8696411563168103,0.7783251231527094,0.8705234159779615,0.9875,T_LGG_vs_rest,17,svm
3471,cosg,0.8755277987951635,0.7832512315270936,0.8760330578512396,0.99375,T_LGG_vs_rest,18,svm
3472,cosg,0.8483923191006486,0.7339449541284404,0.8465608465608465,1.0,T_LGG_vs_rest,18,svm
3473,cosg,0.8619821544804934,0.7607655502392344,0.8617886178861789,0.99375,T_LGG_vs_rest,18,svm
3474,cosg,0.8755277987951635,0.7832512315270936,0.8760330578512396,0.99375,T_LGG_vs_rest,19,svm
3475,cosg,0.8489942067538787,0.7395348837209302,0.848,0.99375,T_LGG_vs_rest,19,svm
3476,cosg,0.8619821544804934,0.7607655502392344,0.8617886178861789,0.99375,T_LGG_vs_rest,19,svm
3477,cosg,0.8825227054006567,0.795,0.8833333333333333,0.99375,T_LGG_vs_rest,20,svm
3478,cosg,0.8633746126213344,0.7582938388625592,0.862533692722372,1.0,T_LGG_vs_rest,20,svm
3479,cosg,0.8532639772968493,0.7464788732394366,0.8525469168900804,0.99375,T_LGG_vs_rest,20,svm
3480,scanpy_wilcoxon,0.8489942067538787,0.7395348837209302,0.848,0.99375,T_LGG_vs_rest,1,svm
3481,scanpy_wilcoxon,0.8442403707777155,0.7272727272727273,0.8421052631578947,1.0,T_LGG_vs_rest,1,svm
3482,scanpy_wilcoxon,0.8333679592186295,0.7235023041474654,0.8328912466843501,0.98125,T_LGG_vs_rest,1,svm
3483,scanpy_wilcoxon,0.8686827407753852,0.7718446601941747,0.8688524590163934,0.99375,T_LGG_vs_rest,2,svm
3484,scanpy_wilcoxon,0.8547258422675581,0.7441860465116279,0.8533333333333334,1.0,T_LGG_vs_rest,2,svm
3485,scanpy_wilcoxon,0.8554209298348854,0.75,0.8548387096774194,0.99375,T_LGG_vs_rest,2,svm
3486,scanpy_wilcoxon,0.8801740765997412,0.7910447761194029,0.8808864265927978,0.99375,T_LGG_vs_rest,3,svm
3487,scanpy_wilcoxon,0.8597798399647324,0.7571428571428571,0.8594594594594595,0.99375,T_LGG_vs_rest,3,svm
3488,scanpy_wilcoxon,0.864199951567772,0.7644230769230769,0.8641304347826086,0.99375,T_LGG_vs_rest,3,svm
3489,scanpy_wilcoxon,0.8825227054006567,0.795,0.8833333333333333,0.99375,T_LGG_vs_rest,4,svm
3490,scanpy_wilcoxon,0.8633746126213344,0.7582938388625592,0.862533692722372,1.0,T_LGG_vs_rest,4,svm
3491,scanpy_wilcoxon,0.8532639772968493,0.7464788732394366,0.8525469168900804,0.99375,T_LGG_vs_rest,4,svm
3492,scanpy_wilcoxon,0.8825227054006567,0.795,0.8833333333333333,0.99375,T_LGG_vs_rest,5,svm
3493,scanpy_wilcoxon,0.8611900422195441,0.7547169811320755,0.8602150537634409,1.0,T_LGG_vs_rest,5,svm
3494,scanpy_wilcoxon,0.8532639772968493,0.7464788732394366,0.8525469168900804,0.99375,T_LGG_vs_rest,5,svm
3495,scanpy_wilcoxon,0.8742602174233828,0.7860696517412935,0.8753462603878116,0.9875,T_LGG_vs_rest,6,svm
3496,scanpy_wilcoxon,0.8633746126213344,0.7582938388625592,0.862533692722372,1.0,T_LGG_vs_rest,6,svm
3497,scanpy_wilcoxon,0.8511217933565098,0.7429906542056075,0.8502673796791443,0.99375,T_LGG_vs_rest,6,svm
3498,scanpy_wilcoxon,0.8719423121210609,0.7821782178217822,0.8729281767955801,0.9875,T_LGG_vs_rest,7,svm
3499,scanpy_wilcoxon,0.8633746126213344,0.7582938388625592,0.862533692722372,1.0,T_LGG_vs_rest,7,svm
3500,scanpy_wilcoxon,0.8511217933565098,0.7429906542056075,0.8502673796791443,0.99375,T_LGG_vs_rest,7,svm
3501,scanpy_wilcoxon,0.8755277987951635,0.7832512315270936,0.8760330578512396,0.99375,T_LGG_vs_rest,8,svm
3502,scanpy_wilcoxon,0.8611900422195441,0.7547169811320755,0.8602150537634409,1.0,T_LGG_vs_rest,8,svm
3503,scanpy_wilcoxon,0.8511217933565098,0.7429906542056075,0.8502673796791443,0.99375,T_LGG_vs_rest,8,svm
3504,scanpy_wilcoxon,0.8755277987951635,0.7832512315270936,0.8760330578512396,0.99375,T_LGG_vs_rest,9,svm
3505,scanpy_wilcoxon,0.8633746126213344,0.7582938388625592,0.862533692722372,1.0,T_LGG_vs_rest,9,svm
3506,scanpy_wilcoxon,0.8511217933565098,0.7429906542056075,0.8502673796791443,0.99375,T_LGG_vs_rest,9,svm
3507,scanpy_wilcoxon,0.876807951279144,0.7804878048780488,0.8767123287671232,1.0,T_LGG_vs_rest,10,svm
3508,scanpy_wilcoxon,0.8611900422195441,0.7547169811320755,0.8602150537634409,1.0,T_LGG_vs_rest,10,svm
3509,scanpy_wilcoxon,0.8489942067538787,0.7395348837209302,0.848,0.99375,T_LGG_vs_rest,10,svm
3510,scanpy_wilcoxon,0.876807951279144,0.7804878048780488,0.8767123287671232,1.0,T_LGG_vs_rest,11,svm
3511,scanpy_wilcoxon,0.8590205066667368,0.7511737089201878,0.8579088471849866,1.0,T_LGG_vs_rest,11,svm
3512,scanpy_wilcoxon,0.8504892518848189,0.7373271889400922,0.8488063660477454,1.0,T_LGG_vs_rest,11,svm
3513,scanpy_wilcoxon,0.876807951279144,0.7804878048780488,0.8767123287671232,1.0,T_LGG_vs_rest,12,svm
3514,scanpy_wilcoxon,0.8590205066667368,0.7511737089201878,0.8579088471849866,1.0,T_LGG_vs_rest,12,svm
3515,scanpy_wilcoxon,0.8504892518848189,0.7373271889400922,0.8488063660477454,1.0,T_LGG_vs_rest,12,svm
3516,scanpy_wilcoxon,0.8709481145019805,0.775609756097561,0.8712328767123287,0.99375,T_LGG_vs_rest,13,svm
3517,scanpy_wilcoxon,0.8590205066667368,0.7511737089201878,0.8579088471849866,1.0,T_LGG_vs_rest,13,svm
3518,scanpy_wilcoxon,0.8468810490019966,0.7361111111111112,0.8457446808510638,0.99375,T_LGG_vs_rest,13,svm
3519,scanpy_wilcoxon,0.8709481145019805,0.775609756097561,0.8712328767123287,0.99375,T_LGG_vs_rest,14,svm
3520,scanpy_wilcoxon,0.8590205066667368,0.7511737089201878,0.8579088471849866,1.0,T_LGG_vs_rest,14,svm
3521,scanpy_wilcoxon,0.8468810490019966,0.7361111111111112,0.8457446808510638,0.99375,T_LGG_vs_rest,14,svm
3522,scanpy_wilcoxon,0.8709481145019805,0.775609756097561,0.8712328767123287,0.99375,T_LGG_vs_rest,15,svm
3523,scanpy_wilcoxon,0.8611900422195441,0.7547169811320755,0.8602150537634409,1.0,T_LGG_vs_rest,15,svm
3524,scanpy_wilcoxon,0.8468810490019966,0.7361111111111112,0.8457446808510638,0.99375,T_LGG_vs_rest,15,svm
3525,scanpy_wilcoxon,0.8732297341525055,0.7794117647058824,0.8736263736263736,0.99375,T_LGG_vs_rest,16,svm
3526,scanpy_wilcoxon,0.8611900422195441,0.7547169811320755,0.8602150537634409,1.0,T_LGG_vs_rest,16,svm
3527,scanpy_wilcoxon,0.8489942067538787,0.7395348837209302,0.848,0.99375,T_LGG_vs_rest,16,svm
3528,scanpy_wilcoxon,0.8732297341525055,0.7794117647058824,0.8736263736263736,0.99375,T_LGG_vs_rest,17,svm
3529,scanpy_wilcoxon,0.8655743959552643,0.7619047619047619,0.8648648648648649,1.0,T_LGG_vs_rest,17,svm
3530,scanpy_wilcoxon,0.8489942067538787,0.7395348837209302,0.848,0.99375,T_LGG_vs_rest,17,svm
3531,scanpy_wilcoxon,0.8732297341525055,0.7794117647058824,0.8736263736263736,0.99375,T_LGG_vs_rest,18,svm
3532,scanpy_wilcoxon,0.8633746126213344,0.7582938388625592,0.862533692722372,1.0,T_LGG_vs_rest,18,svm
3533,scanpy_wilcoxon,0.8489942067538787,0.7395348837209302,0.848,0.99375,T_LGG_vs_rest,18,svm
3534,scanpy_wilcoxon,0.8732297341525055,0.7794117647058824,0.8736263736263736,0.99375,T_LGG_vs_rest,19,svm
3535,scanpy_wilcoxon,0.8611900422195441,0.7547169811320755,0.8602150537634409,1.0,T_LGG_vs_rest,19,svm
3536,scanpy_wilcoxon,0.8489942067538787,0.7395348837209302,0.848,0.99375,T_LGG_vs_rest,19,svm
3537,scanpy_wilcoxon,0.8709481145019805,0.775609756097561,0.8712328767123287,0.99375,T_LGG_vs_rest,20,svm
3538,scanpy_wilcoxon,0.8633746126213344,0.7582938388625592,0.862533692722372,1.0,T_LGG_vs_rest,20,svm
3539,scanpy_wilcoxon,0.8489942067538787,0.7395348837209302,0.848,0.99375,T_LGG_vs_rest,20,svm
3540,scanpy_t-test,0.8426973596241729,0.7293577981651376,0.8412698412698413,0.99375,T_LGG_vs_rest,1,svm
3541,scanpy_t-test,0.8360997798827511,0.7142857142857143,0.8333333333333334,1.0,T_LGG_vs_rest,1,svm
3542,scanpy_t-test,0.8242793855989983,0.6956521739130435,0.8205128205128205,1.0,T_LGG_vs_rest,1,svm
3543,scanpy_t-test,0.864199951567772,0.7644230769230769,0.8641304347826086,0.99375,T_LGG_vs_rest,2,svm
3544,scanpy_t-test,0.8463094117101672,0.730593607305936,0.8443271767810027,1.0,T_LGG_vs_rest,2,svm
3545,scanpy_t-test,0.8483923191006486,0.7339449541284404,0.8465608465608465,1.0,T_LGG_vs_rest,2,svm
3546,scanpy_t-test,0.8709481145019805,0.775609756097561,0.8712328767123287,0.99375,T_LGG_vs_rest,3,svm
3547,scanpy_t-test,0.8568658307903644,0.7476635514018691,0.8556149732620321,1.0,T_LGG_vs_rest,3,svm
3548,scanpy_t-test,0.8447821543294225,0.7327188940092166,0.843501326259947,0.99375,T_LGG_vs_rest,3,svm
3549,scanpy_t-test,0.8664334172683947,0.7681159420289855,0.8664850136239782,0.99375,T_LGG_vs_rest,4,svm
3550,scanpy_t-test,0.8568658307903644,0.7476635514018691,0.8556149732620321,1.0,T_LGG_vs_rest,4,svm
3551,scanpy_t-test,0.8447821543294225,0.7327188940092166,0.843501326259947,0.99375,T_LGG_vs_rest,4,svm
3552,scanpy_t-test,0.8686827407753852,0.7718446601941747,0.8688524590163934,0.99375,T_LGG_vs_rest,5,svm
3553,scanpy_t-test,0.8590205066667368,0.7511737089201878,0.8579088471849866,1.0,T_LGG_vs_rest,5,svm
3554,scanpy_t-test,0.8483923191006486,0.7339449541284404,0.8465608465608465,1.0,T_LGG_vs_rest,5,svm
3555,scanpy_t-test,0.8686827407753852,0.7718446601941747,0.8688524590163934,0.99375,T_LGG_vs_rest,6,svm
3556,scanpy_t-test,0.8590205066667368,0.7511737089201878,0.8579088471849866,1.0,T_LGG_vs_rest,6,svm
3557,scanpy_t-test,0.8483923191006486,0.7339449541284404,0.8465608465608465,1.0,T_LGG_vs_rest,6,svm
3558,scanpy_t-test,0.8686827407753852,0.7718446601941747,0.8688524590163934,0.99375,T_LGG_vs_rest,7,svm
3559,scanpy_t-test,0.8590205066667368,0.7511737089201878,0.8579088471849866,1.0,T_LGG_vs_rest,7,svm
3560,scanpy_t-test,0.8447821543294225,0.7327188940092166,0.843501326259947,0.99375,T_LGG_vs_rest,7,svm
3561,scanpy_t-test,0.8686827407753852,0.7718446601941747,0.8688524590163934,0.99375,T_LGG_vs_rest,8,svm
3562,scanpy_t-test,0.8568658307903644,0.7476635514018691,0.8556149732620321,1.0,T_LGG_vs_rest,8,svm
3563,scanpy_t-test,0.8447821543294225,0.7327188940092166,0.843501326259947,0.99375,T_LGG_vs_rest,8,svm
3564,scanpy_t-test,0.8686827407753852,0.7718446601941747,0.8688524590163934,0.99375,T_LGG_vs_rest,9,svm
3565,scanpy_t-test,0.8568658307903644,0.7476635514018691,0.8556149732620321,1.0,T_LGG_vs_rest,9,svm
3566,scanpy_t-test,0.8447821543294225,0.7327188940092166,0.843501326259947,0.99375,T_LGG_vs_rest,9,svm
3567,scanpy_t-test,0.8686827407753852,0.7718446601941747,0.8688524590163934,0.99375,T_LGG_vs_rest,10,svm
3568,scanpy_t-test,0.8568658307903644,0.7476635514018691,0.8556149732620321,1.0,T_LGG_vs_rest,10,svm
3569,scanpy_t-test,0.8468810490019966,0.7361111111111112,0.8457446808510638,0.99375,T_LGG_vs_rest,10,svm
3570,scanpy_t-test,0.8686827407753852,0.7718446601941747,0.8688524590163934,0.99375,T_LGG_vs_rest,11,svm
3571,scanpy_t-test,0.8568658307903644,0.7476635514018691,0.8556149732620321,1.0,T_LGG_vs_rest,11,svm
3572,scanpy_t-test,0.8468810490019966,0.7361111111111112,0.8457446808510638,0.99375,T_LGG_vs_rest,11,svm
3573,scanpy_t-test,0.8686827407753852,0.7718446601941747,0.8688524590163934,0.99375,T_LGG_vs_rest,12,svm
3574,scanpy_t-test,0.8568658307903644,0.7476635514018691,0.8556149732620321,1.0,T_LGG_vs_rest,12,svm
3575,scanpy_t-test,0.8468810490019966,0.7361111111111112,0.8457446808510638,0.99375,T_LGG_vs_rest,12,svm
3576,scanpy_t-test,0.8709481145019805,0.775609756097561,0.8712328767123287,0.99375,T_LGG_vs_rest,13,svm
3577,scanpy_t-test,0.8568658307903644,0.7476635514018691,0.8556149732620321,1.0,T_LGG_vs_rest,13,svm
3578,scanpy_t-test,0.8468810490019966,0.7361111111111112,0.8457446808510638,0.99375,T_LGG_vs_rest,13,svm
3579,scanpy_t-test,0.8709481145019805,0.775609756097561,0.8712328767123287,0.99375,T_LGG_vs_rest,14,svm
3580,scanpy_t-test,0.8568658307903644,0.7476635514018691,0.8556149732620321,1.0,T_LGG_vs_rest,14,svm
3581,scanpy_t-test,0.8468810490019966,0.7361111111111112,0.8457446808510638,0.99375,T_LGG_vs_rest,14,svm
3582,scanpy_t-test,0.8709481145019805,0.775609756097561,0.8712328767123287,0.99375,T_LGG_vs_rest,15,svm
3583,scanpy_t-test,0.8590205066667368,0.7511737089201878,0.8579088471849866,1.0,T_LGG_vs_rest,15,svm
3584,scanpy_t-test,0.8468810490019966,0.7361111111111112,0.8457446808510638,0.99375,T_LGG_vs_rest,15,svm
3585,scanpy_t-test,0.8709481145019805,0.775609756097561,0.8712328767123287,0.99375,T_LGG_vs_rest,16,svm
3586,scanpy_t-test,0.8568658307903644,0.7476635514018691,0.8556149732620321,1.0,T_LGG_vs_rest,16,svm
3587,scanpy_t-test,0.8489942067538787,0.7395348837209302,0.848,0.99375,T_LGG_vs_rest,16,svm
3588,scanpy_t-test,0.8709481145019805,0.775609756097561,0.8712328767123287,0.99375,T_LGG_vs_rest,17,svm
3589,scanpy_t-test,0.8568658307903644,0.7476635514018691,0.8556149732620321,1.0,T_LGG_vs_rest,17,svm
3590,scanpy_t-test,0.8489942067538787,0.7395348837209302,0.848,0.99375,T_LGG_vs_rest,17,svm
3591,scanpy_t-test,0.8732297341525055,0.7794117647058824,0.8736263736263736,0.99375,T_LGG_vs_rest,18,svm
3592,scanpy_t-test,0.8590205066667368,0.7511737089201878,0.8579088471849866,1.0,T_LGG_vs_rest,18,svm
3593,scanpy_t-test,0.8489942067538787,0.7395348837209302,0.848,0.99375,T_LGG_vs_rest,18,svm
3594,scanpy_t-test,0.8732297341525055,0.7794117647058824,0.8736263736263736,0.99375,T_LGG_vs_rest,19,svm
3595,scanpy_t-test,0.8568658307903644,0.7476635514018691,0.8556149732620321,1.0,T_LGG_vs_rest,19,svm
3596,scanpy_t-test,0.8489942067538787,0.7395348837209302,0.848,0.99375,T_LGG_vs_rest,19,svm
3597,scanpy_t-test,0.8732297341525055,0.7794117647058824,0.8736263736263736,0.99375,T_LGG_vs_rest,20,svm
3598,scanpy_t-test,0.8568658307903644,0.7476635514018691,0.8556149732620321,1.0,T_LGG_vs_rest,20,svm
3599,scanpy_t-test,0.8489942067538787,0.7395348837209302,0.848,0.99375,T_LGG_vs_rest,20,svm
3600,yomix,0.9059757722781231,0.8345864661654135,0.9061224489795918,0.9910714285714286,T_LIHC_vs_rest,1,svm
3601,yomix,0.9232142380183307,0.905982905982906,0.925764192139738,0.9464285714285714,T_LIHC_vs_rest,1,svm
3602,yomix,0.91188409092099,0.8527131782945736,0.9128630705394191,0.9821428571428571,T_LIHC_vs_rest,1,svm
3603,yomix,0.9039089026542058,0.8235294117647058,0.9032258064516129,1.0,T_LIHC_vs_rest,2,svm
3604,yomix,0.9339155177883032,0.9008264462809917,0.9356223175965666,0.9732142857142857,T_LIHC_vs_rest,2,svm
3605,yomix,0.9254488850047439,0.8615384615384616,0.9256198347107438,1.0,T_LIHC_vs_rest,2,svm
3606,yomix,0.9181082926447903,0.8484848484848485,0.9180327868852459,1.0,T_LIHC_vs_rest,3,svm
3607,yomix,0.9339155177883032,0.9008264462809917,0.9356223175965666,0.9732142857142857,T_LIHC_vs_rest,3,svm
3608,yomix,0.9485110942446047,0.9032258064516129,0.9491525423728814,1.0,T_LIHC_vs_rest,3,svm
3609,yomix,0.9318963936557139,0.8809523809523809,0.9327731092436975,0.9910714285714286,T_LIHC_vs_rest,4,svm
3610,yomix,0.9455578004783863,0.9310344827586207,0.9473684210526315,0.9642857142857143,T_LIHC_vs_rest,4,svm
3611,yomix,0.9367785344260079,0.8818897637795275,0.9372384937238494,1.0,T_LIHC_vs_rest,4,svm
3612,yomix,0.943666996632035,0.9024390243902439,0.9446808510638298,0.9910714285714286,T_LIHC_vs_rest,5,svm
3613,yomix,0.9585350404080022,0.9557522123893806,0.96,0.9642857142857143,T_LIHC_vs_rest,5,svm
3614,yomix,0.9291821122809619,0.8682170542635659,0.9294605809128631,1.0,T_LIHC_vs_rest,5,svm
3615,yomix,0.943666996632035,0.9024390243902439,0.9446808510638298,0.9910714285714286,T_LIHC_vs_rest,6,svm
3616,yomix,0.9585350404080022,0.9557522123893806,0.96,0.9642857142857143,T_LIHC_vs_rest,6,svm
3617,yomix,0.9329583809281548,0.875,0.9333333333333333,1.0,T_LIHC_vs_rest,6,svm
3618,yomix,0.943666996632035,0.9024390243902439,0.9446808510638298,0.9910714285714286,T_LIHC_vs_rest,7,svm
3619,yomix,0.9585350404080022,0.9557522123893806,0.96,0.9642857142857143,T_LIHC_vs_rest,7,svm
3620,yomix,0.9367785344260079,0.8818897637795275,0.9372384937238494,1.0,T_LIHC_vs_rest,7,svm
3621,yomix,0.9396966916242182,0.8951612903225806,0.940677966101695,0.9910714285714286,T_LIHC_vs_rest,8,svm
3622,yomix,0.9585350404080022,0.9557522123893806,0.96,0.9642857142857143,T_LIHC_vs_rest,8,svm
3623,yomix,0.9329583809281548,0.875,0.9333333333333333,1.0,T_LIHC_vs_rest,8,svm
3624,yomix,0.9357734685465792,0.888,0.9367088607594937,0.9910714285714286,T_LIHC_vs_rest,9,svm
3625,yomix,0.9585350404080022,0.9557522123893806,0.96,0.9642857142857143,T_LIHC_vs_rest,9,svm
3626,yomix,0.9367785344260079,0.8818897637795275,0.9372384937238494,1.0,T_LIHC_vs_rest,9,svm
3627,yomix,0.9357734685465792,0.888,0.9367088607594937,0.9910714285714286,T_LIHC_vs_rest,10,svm
3628,yomix,0.9633309699832523,0.956140350877193,0.9646017699115044,0.9732142857142857,T_LIHC_vs_rest,10,svm
3629,yomix,0.9367785344260079,0.8818897637795275,0.9372384937238494,1.0,T_LIHC_vs_rest,10,svm
3630,yomix,0.9396966916242182,0.8951612903225806,0.940677966101695,0.9910714285714286,T_LIHC_vs_rest,11,svm
3631,yomix,0.9633309699832523,0.956140350877193,0.9646017699115044,0.9732142857142857,T_LIHC_vs_rest,11,svm
3632,yomix,0.9406434396112218,0.8888888888888888,0.9411764705882353,1.0,T_LIHC_vs_rest,11,svm
3633,yomix,0.9357734685465792,0.888,0.9367088607594937,0.9910714285714286,T_LIHC_vs_rest,12,svm
3634,yomix,0.9633309699832523,0.956140350877193,0.9646017699115044,0.9732142857142857,T_LIHC_vs_rest,12,svm
3635,yomix,0.9406434396112218,0.8888888888888888,0.9411764705882353,1.0,T_LIHC_vs_rest,12,svm
3636,yomix,0.9396966916242182,0.8951612903225806,0.940677966101695,0.9910714285714286,T_LIHC_vs_rest,13,svm
3637,yomix,0.9633309699832523,0.956140350877193,0.9646017699115044,0.9732142857142857,T_LIHC_vs_rest,13,svm
3638,yomix,0.9367785344260079,0.8818897637795275,0.9372384937238494,1.0,T_LIHC_vs_rest,13,svm
3639,yomix,0.9476853440164105,0.9098360655737705,0.9487179487179487,0.9910714285714286,T_LIHC_vs_rest,14,svm
3640,yomix,0.9589671375747187,0.9478260869565217,0.960352422907489,0.9732142857142857,T_LIHC_vs_rest,14,svm
3641,yomix,0.9318963936557139,0.8809523809523809,0.9327731092436975,0.9910714285714286,T_LIHC_vs_rest,14,svm
3642,yomix,0.943666996632035,0.9024390243902439,0.9446808510638298,0.9910714285714286,T_LIHC_vs_rest,15,svm
3643,yomix,0.9589671375747187,0.9478260869565217,0.960352422907489,0.9732142857142857,T_LIHC_vs_rest,15,svm
3644,yomix,0.9406434396112218,0.8888888888888888,0.9411764705882353,1.0,T_LIHC_vs_rest,15,svm
3645,yomix,0.9396966916242182,0.8951612903225806,0.940677966101695,0.9910714285714286,T_LIHC_vs_rest,16,svm
3646,yomix,0.9504056932709456,0.9316239316239316,0.9519650655021834,0.9732142857142857,T_LIHC_vs_rest,16,svm
3647,yomix,0.9406434396112218,0.8888888888888888,0.9411764705882353,1.0,T_LIHC_vs_rest,16,svm
3648,yomix,0.943666996632035,0.9024390243902439,0.9446808510638298,0.9910714285714286,T_LIHC_vs_rest,17,svm
3649,yomix,0.9504056932709456,0.9316239316239316,0.9519650655021834,0.9732142857142857,T_LIHC_vs_rest,17,svm
3650,yomix,0.9406434396112218,0.8888888888888888,0.9411764705882353,1.0,T_LIHC_vs_rest,17,svm
3651,yomix,0.9428341198527157,0.9090909090909091,0.944206008583691,0.9821428571428571,T_LIHC_vs_rest,18,svm
3652,yomix,0.9546591093865003,0.9396551724137931,0.956140350877193,0.9732142857142857,T_LIHC_vs_rest,18,svm
3653,yomix,0.9367785344260079,0.8818897637795275,0.9372384937238494,1.0,T_LIHC_vs_rest,18,svm
3654,yomix,0.943666996632035,0.9024390243902439,0.9446808510638298,0.9910714285714286,T_LIHC_vs_rest,19,svm
3655,yomix,0.94205810431681,0.9159663865546218,0.9437229437229437,0.9732142857142857,T_LIHC_vs_rest,19,svm
3656,yomix,0.9318963936557139,0.8809523809523809,0.9327731092436975,0.9910714285714286,T_LIHC_vs_rest,19,svm
3657,yomix,0.943666996632035,0.9024390243902439,0.9446808510638298,0.9910714285714286,T_LIHC_vs_rest,20,svm
3658,yomix,0.9469159330376427,0.9166666666666666,0.9482758620689655,0.9821428571428571,T_LIHC_vs_rest,20,svm
3659,yomix,0.9318963936557139,0.8809523809523809,0.9327731092436975,0.9910714285714286,T_LIHC_vs_rest,20,svm
3660,cosg,0.9469159330376427,0.9166666666666666,0.9482758620689655,0.9821428571428571,T_LIHC_vs_rest,1,svm
3661,cosg,0.9401014500970077,0.9380530973451328,0.9422222222222222,0.9464285714285714,T_LIHC_vs_rest,1,svm
3662,cosg,0.9281521073539283,0.9067796610169492,0.9304347826086956,0.9553571428571429,T_LIHC_vs_rest,1,svm
3663,cosg,0.9428341198527157,0.9090909090909091,0.944206008583691,0.9821428571428571,T_LIHC_vs_rest,2,svm
3664,cosg,0.9406885484395684,0.9304347826086956,0.9427312775330396,0.9553571428571429,T_LIHC_vs_rest,2,svm
3665,cosg,0.9290075047067625,0.9,0.9310344827586207,0.9642857142857143,T_LIHC_vs_rest,2,svm
3666,cosg,0.9428341198527157,0.9090909090909091,0.944206008583691,0.9821428571428571,T_LIHC_vs_rest,3,svm
3667,cosg,0.9585350404080022,0.9557522123893806,0.96,0.9642857142857143,T_LIHC_vs_rest,3,svm
3668,cosg,0.9510483854362741,0.9243697478991597,0.9523809523809523,0.9821428571428571,T_LIHC_vs_rest,3,svm
3669,cosg,0.9428341198527157,0.9090909090909091,0.944206008583691,0.9821428571428571,T_LIHC_vs_rest,4,svm
3670,cosg,0.9585350404080022,0.9557522123893806,0.96,0.9642857142857143,T_LIHC_vs_rest,4,svm
3671,cosg,0.9364564915702724,0.9224137931034483,0.9385964912280702,0.9553571428571429,T_LIHC_vs_rest,4,svm
3672,cosg,0.9428341198527157,0.9090909090909091,0.944206008583691,0.9821428571428571,T_LIHC_vs_rest,5,svm
3673,cosg,0.9585350404080022,0.9557522123893806,0.96,0.9642857142857143,T_LIHC_vs_rest,5,svm
3674,cosg,0.9364564915702724,0.9224137931034483,0.9385964912280702,0.9553571428571429,T_LIHC_vs_rest,5,svm
3675,cosg,0.9469159330376427,0.9166666666666666,0.9482758620689655,0.9821428571428571,T_LIHC_vs_rest,6,svm
3676,cosg,0.9585350404080022,0.9557522123893806,0.96,0.9642857142857143,T_LIHC_vs_rest,6,svm
3677,cosg,0.9364564915702724,0.9224137931034483,0.9385964912280702,0.9553571428571429,T_LIHC_vs_rest,6,svm
3678,cosg,0.9469159330376427,0.9166666666666666,0.9482758620689655,0.9821428571428571,T_LIHC_vs_rest,7,svm
3679,cosg,0.9585350404080022,0.9557522123893806,0.96,0.9642857142857143,T_LIHC_vs_rest,7,svm
3680,cosg,0.9364564915702724,0.9224137931034483,0.9385964912280702,0.9553571428571429,T_LIHC_vs_rest,7,svm
3681,cosg,0.9428341198527157,0.9090909090909091,0.944206008583691,0.9821428571428571,T_LIHC_vs_rest,8,svm
3682,cosg,0.9537183359086014,0.9553571428571429,0.9553571428571429,0.9553571428571429,T_LIHC_vs_rest,8,svm
3683,cosg,0.9413418748534073,0.9230769230769231,0.9432314410480349,0.9642857142857143,T_LIHC_vs_rest,8,svm
3684,cosg,0.9428341198527157,0.9090909090909091,0.944206008583691,0.9821428571428571,T_LIHC_vs_rest,9,svm
3685,cosg,0.9537183359086014,0.9553571428571429,0.9553571428571429,0.9553571428571429,T_LIHC_vs_rest,9,svm
3686,cosg,0.9364564915702724,0.9224137931034483,0.9385964912280702,0.9553571428571429,T_LIHC_vs_rest,9,svm
3687,cosg,0.9428341198527157,0.9090909090909091,0.944206008583691,0.9821428571428571,T_LIHC_vs_rest,10,svm
3688,cosg,0.9488805415450583,0.954954954954955,0.9506726457399103,0.9464285714285714,T_LIHC_vs_rest,10,svm
3689,cosg,0.9413418748534073,0.9230769230769231,0.9432314410480349,0.9642857142857143,T_LIHC_vs_rest,10,svm
3690,cosg,0.9428341198527157,0.9090909090909091,0.944206008583691,0.9821428571428571,T_LIHC_vs_rest,11,svm
3691,cosg,0.9488805415450583,0.954954954954955,0.9506726457399103,0.9464285714285714,T_LIHC_vs_rest,11,svm
3692,cosg,0.946205732478445,0.923728813559322,0.9478260869565217,0.9732142857142857,T_LIHC_vs_rest,11,svm
3693,cosg,0.9510483854362741,0.9243697478991597,0.9523809523809523,0.9821428571428571,T_LIHC_vs_rest,12,svm
3694,cosg,0.9488805415450583,0.954954954954955,0.9506726457399103,0.9464285714285714,T_LIHC_vs_rest,12,svm
3695,cosg,0.946205732478445,0.923728813559322,0.9478260869565217,0.9732142857142857,T_LIHC_vs_rest,12,svm
3696,cosg,0.9510483854362741,0.9243697478991597,0.9523809523809523,0.9821428571428571,T_LIHC_vs_rest,13,svm
3697,cosg,0.9488805415450583,0.954954954954955,0.9506726457399103,0.9464285714285714,T_LIHC_vs_rest,13,svm
3698,cosg,0.946205732478445,0.923728813559322,0.9478260869565217,0.9732142857142857,T_LIHC_vs_rest,13,svm
3699,cosg,0.9552325450407033,0.9322033898305084,0.9565217391304348,0.9821428571428571,T_LIHC_vs_rest,14,svm
3700,cosg,0.9488805415450583,0.954954954954955,0.9506726457399103,0.9464285714285714,T_LIHC_vs_rest,14,svm
3701,cosg,0.946205732478445,0.923728813559322,0.9478260869565217,0.9732142857142857,T_LIHC_vs_rest,14,svm
3702,cosg,0.9552325450407033,0.9322033898305084,0.9565217391304348,0.9821428571428571,T_LIHC_vs_rest,15,svm
3703,cosg,0.9488805415450583,0.954954954954955,0.9506726457399103,0.9464285714285714,T_LIHC_vs_rest,15,svm
3704,cosg,0.946205732478445,0.923728813559322,0.9478260869565217,0.9732142857142857,T_LIHC_vs_rest,15,svm
3705,cosg,0.9552325450407033,0.9322033898305084,0.9565217391304348,0.9821428571428571,T_LIHC_vs_rest,16,svm
3706,cosg,0.9364564915702724,0.9224137931034483,0.9385964912280702,0.9553571428571429,T_LIHC_vs_rest,16,svm
3707,cosg,0.946205732478445,0.923728813559322,0.9478260869565217,0.9732142857142857,T_LIHC_vs_rest,16,svm
3708,cosg,0.9552325450407033,0.9322033898305084,0.9565217391304348,0.9821428571428571,T_LIHC_vs_rest,17,svm
3709,cosg,0.9364564915702724,0.9224137931034483,0.9385964912280702,0.9553571428571429,T_LIHC_vs_rest,17,svm
3710,cosg,0.946205732478445,0.923728813559322,0.9478260869565217,0.9732142857142857,T_LIHC_vs_rest,17,svm
3711,cosg,0.9552325450407033,0.9322033898305084,0.9565217391304348,0.9821428571428571,T_LIHC_vs_rest,18,svm
3712,cosg,0.9364564915702724,0.9224137931034483,0.9385964912280702,0.9553571428571429,T_LIHC_vs_rest,18,svm
3713,cosg,0.946205732478445,0.923728813559322,0.9478260869565217,0.9732142857142857,T_LIHC_vs_rest,18,svm
3714,cosg,0.9552325450407033,0.9322033898305084,0.9565217391304348,0.9821428571428571,T_LIHC_vs_rest,19,svm
3715,cosg,0.9364564915702724,0.9224137931034483,0.9385964912280702,0.9553571428571429,T_LIHC_vs_rest,19,svm
3716,cosg,0.946205732478445,0.923728813559322,0.9478260869565217,0.9732142857142857,T_LIHC_vs_rest,19,svm
3717,cosg,0.9510483854362741,0.9243697478991597,0.9523809523809523,0.9821428571428571,T_LIHC_vs_rest,20,svm
3718,cosg,0.9364564915702724,0.9224137931034483,0.9385964912280702,0.9553571428571429,T_LIHC_vs_rest,20,svm
3719,cosg,0.946205732478445,0.923728813559322,0.9478260869565217,0.9732142857142857,T_LIHC_vs_rest,20,svm
3720,scanpy_wilcoxon,0.9469159330376427,0.9166666666666666,0.9482758620689655,0.9821428571428571,T_LIHC_vs_rest,1,svm
3721,scanpy_wilcoxon,0.9357976112256323,0.9298245614035088,0.9380530973451328,0.9464285714285714,T_LIHC_vs_rest,1,svm
3722,scanpy_wilcoxon,0.9240775420778818,0.8991596638655462,0.9264069264069265,0.9553571428571429,T_LIHC_vs_rest,1,svm
3723,scanpy_wilcoxon,0.9428341198527157,0.9090909090909091,0.944206008583691,0.9821428571428571,T_LIHC_vs_rest,2,svm
3724,scanpy_wilcoxon,0.9406885484395684,0.9304347826086956,0.9427312775330396,0.9553571428571429,T_LIHC_vs_rest,2,svm
3725,scanpy_wilcoxon,0.9290075047067625,0.9,0.9310344827586207,0.9642857142857143,T_LIHC_vs_rest,2,svm
3726,scanpy_wilcoxon,0.9095539007372531,0.8409090909090909,0.9098360655737705,0.9910714285714286,T_LIHC_vs_rest,3,svm
3727,scanpy_wilcoxon,0.9290075047067625,0.9,0.9310344827586207,0.9642857142857143,T_LIHC_vs_rest,3,svm
3728,scanpy_wilcoxon,0.9469159330376427,0.9166666666666666,0.9482758620689655,0.9821428571428571,T_LIHC_vs_rest,3,svm
3729,scanpy_wilcoxon,0.9525157018865793,0.9105691056910569,0.9531914893617022,1.0,T_LIHC_vs_rest,4,svm
3730,scanpy_wilcoxon,0.946205732478445,0.923728813559322,0.9478260869565217,0.9732142857142857,T_LIHC_vs_rest,4,svm
3731,scanpy_wilcoxon,0.9367785344260079,0.8818897637795275,0.9372384937238494,1.0,T_LIHC_vs_rest,4,svm
3732,scanpy_wilcoxon,0.9445539875161598,0.896,0.9451476793248945,1.0,T_LIHC_vs_rest,5,svm
3733,scanpy_wilcoxon,0.946205732478445,0.923728813559322,0.9478260869565217,0.9732142857142857,T_LIHC_vs_rest,5,svm
3734,scanpy_wilcoxon,0.9367785344260079,0.8818897637795275,0.9372384937238494,1.0,T_LIHC_vs_rest,5,svm
3735,scanpy_wilcoxon,0.9329583809281548,0.875,0.9333333333333333,1.0,T_LIHC_vs_rest,6,svm
3736,scanpy_wilcoxon,0.94205810431681,0.9159663865546218,0.9437229437229437,0.9732142857142857,T_LIHC_vs_rest,6,svm
3737,scanpy_wilcoxon,0.9329583809281548,0.875,0.9333333333333333,1.0,T_LIHC_vs_rest,6,svm
3738,scanpy_wilcoxon,0.9291821122809619,0.8682170542635659,0.9294605809128631,1.0,T_LIHC_vs_rest,7,svm
3739,scanpy_wilcoxon,0.9371789199161866,0.9152542372881356,0.9391304347826087,0.9642857142857143,T_LIHC_vs_rest,7,svm
3740,scanpy_wilcoxon,0.9329583809281548,0.875,0.9333333333333333,1.0,T_LIHC_vs_rest,7,svm
3741,scanpy_wilcoxon,0.9291821122809619,0.8682170542635659,0.9294605809128631,1.0,T_LIHC_vs_rest,8,svm
3742,scanpy_wilcoxon,0.946205732478445,0.923728813559322,0.9478260869565217,0.9732142857142857,T_LIHC_vs_rest,8,svm
3743,scanpy_wilcoxon,0.9367785344260079,0.8818897637795275,0.9372384937238494,1.0,T_LIHC_vs_rest,8,svm
3744,scanpy_wilcoxon,0.9445539875161598,0.896,0.9451476793248945,1.0,T_LIHC_vs_rest,9,svm
3745,scanpy_wilcoxon,0.946205732478445,0.923728813559322,0.9478260869565217,0.9732142857142857,T_LIHC_vs_rest,9,svm
3746,scanpy_wilcoxon,0.9367785344260079,0.8818897637795275,0.9372384937238494,1.0,T_LIHC_vs_rest,9,svm
3747,scanpy_wilcoxon,0.9485110942446047,0.9032258064516129,0.9491525423728814,1.0,T_LIHC_vs_rest,10,svm
3748,scanpy_wilcoxon,0.9541531837307123,0.9473684210526315,0.9557522123893806,0.9642857142857143,T_LIHC_vs_rest,10,svm
3749,scanpy_wilcoxon,0.9367785344260079,0.8818897637795275,0.9372384937238494,1.0,T_LIHC_vs_rest,10,svm
3750,scanpy_wilcoxon,0.9445539875161598,0.896,0.9451476793248945,1.0,T_LIHC_vs_rest,11,svm
3751,scanpy_wilcoxon,0.9541531837307123,0.9473684210526315,0.9557522123893806,0.9642857142857143,T_LIHC_vs_rest,11,svm
3752,scanpy_wilcoxon,0.9329583809281548,0.875,0.9333333333333333,1.0,T_LIHC_vs_rest,11,svm
3753,scanpy_wilcoxon,0.943666996632035,0.9024390243902439,0.9446808510638298,0.9910714285714286,T_LIHC_vs_rest,12,svm
3754,scanpy_wilcoxon,0.9498278430071436,0.9391304347826087,0.9515418502202643,0.9642857142857143,T_LIHC_vs_rest,12,svm
3755,scanpy_wilcoxon,0.9406434396112218,0.8888888888888888,0.9411764705882353,1.0,T_LIHC_vs_rest,12,svm
3756,scanpy_wilcoxon,0.943666996632035,0.9024390243902439,0.9446808510638298,0.9910714285714286,T_LIHC_vs_rest,13,svm
3757,scanpy_wilcoxon,0.9406885484395684,0.9304347826086956,0.9427312775330396,0.9553571428571429,T_LIHC_vs_rest,13,svm
3758,scanpy_wilcoxon,0.9406434396112218,0.8888888888888888,0.9411764705882353,1.0,T_LIHC_vs_rest,13,svm
3759,scanpy_wilcoxon,0.943666996632035,0.9024390243902439,0.9446808510638298,0.9910714285714286,T_LIHC_vs_rest,14,svm
3760,scanpy_wilcoxon,0.9406885484395684,0.9304347826086956,0.9427312775330396,0.9553571428571429,T_LIHC_vs_rest,14,svm
3761,scanpy_wilcoxon,0.9406434396112218,0.8888888888888888,0.9411764705882353,1.0,T_LIHC_vs_rest,14,svm
3762,scanpy_wilcoxon,0.943666996632035,0.9024390243902439,0.9446808510638298,0.9910714285714286,T_LIHC_vs_rest,15,svm
3763,scanpy_wilcoxon,0.9364564915702724,0.9224137931034483,0.9385964912280702,0.9553571428571429,T_LIHC_vs_rest,15,svm
3764,scanpy_wilcoxon,0.9367785344260079,0.8818897637795275,0.9372384937238494,1.0,T_LIHC_vs_rest,15,svm
3765,scanpy_wilcoxon,0.9525157018865793,0.9105691056910569,0.9531914893617022,1.0,T_LIHC_vs_rest,16,svm
3766,scanpy_wilcoxon,0.9455578004783863,0.9310344827586207,0.9473684210526315,0.9642857142857143,T_LIHC_vs_rest,16,svm
3767,scanpy_wilcoxon,0.9329583809281548,0.875,0.9333333333333333,1.0,T_LIHC_vs_rest,16,svm
3768,scanpy_wilcoxon,0.9525157018865793,0.9105691056910569,0.9531914893617022,1.0,T_LIHC_vs_rest,17,svm
3769,scanpy_wilcoxon,0.9455578004783863,0.9310344827586207,0.9473684210526315,0.9642857142857143,T_LIHC_vs_rest,17,svm
3770,scanpy_wilcoxon,0.9329583809281548,0.875,0.9333333333333333,1.0,T_LIHC_vs_rest,17,svm
3771,scanpy_wilcoxon,0.9525157018865793,0.9105691056910569,0.9531914893617022,1.0,T_LIHC_vs_rest,18,svm
3772,scanpy_wilcoxon,0.9455578004783863,0.9310344827586207,0.9473684210526315,0.9642857142857143,T_LIHC_vs_rest,18,svm
3773,scanpy_wilcoxon,0.9329583809281548,0.875,0.9333333333333333,1.0,T_LIHC_vs_rest,18,svm
3774,scanpy_wilcoxon,0.9485110942446047,0.9032258064516129,0.9491525423728814,1.0,T_LIHC_vs_rest,19,svm
3775,scanpy_wilcoxon,0.9455578004783863,0.9310344827586207,0.9473684210526315,0.9642857142857143,T_LIHC_vs_rest,19,svm
3776,scanpy_wilcoxon,0.9329583809281548,0.875,0.9333333333333333,1.0,T_LIHC_vs_rest,19,svm
3777,scanpy_wilcoxon,0.9476853440164105,0.9098360655737705,0.9487179487179487,0.9910714285714286,T_LIHC_vs_rest,20,svm
3778,scanpy_wilcoxon,0.9546591093865003,0.9396551724137931,0.956140350877193,0.9732142857142857,T_LIHC_vs_rest,20,svm
3779,scanpy_wilcoxon,0.9329583809281548,0.875,0.9333333333333333,1.0,T_LIHC_vs_rest,20,svm
3780,scanpy_t-test,0.8355676207597863,0.7088607594936709,0.8296296296296296,1.0,T_LIHC_vs_rest,1,svm
3781,scanpy_t-test,0.8253860826812123,0.7051282051282052,0.8208955223880597,0.9821428571428571,T_LIHC_vs_rest,1,svm
3782,scanpy_t-test,0.8140990256624828,0.6746987951807228,0.8057553956834532,1.0,T_LIHC_vs_rest,1,svm
3783,scanpy_t-test,0.9039089026542058,0.8235294117647058,0.9032258064516129,1.0,T_LIHC_vs_rest,2,svm
3784,scanpy_t-test,0.9155957817349578,0.859375,0.9166666666666666,0.9821428571428571,T_LIHC_vs_rest,2,svm
3785,scanpy_t-test,0.8970384398448034,0.8115942028985508,0.896,1.0,T_LIHC_vs_rest,2,svm
3786,scanpy_t-test,0.9205331016009759,0.8604651162790697,0.921161825726141,0.9910714285714286,T_LIHC_vs_rest,3,svm
3787,scanpy_t-test,0.9299184731006095,0.8934426229508197,0.9316239316239316,0.9732142857142857,T_LIHC_vs_rest,3,svm
3788,scanpy_t-test,0.9181082926447903,0.8484848484848485,0.9180327868852459,1.0,T_LIHC_vs_rest,3,svm
3789,scanpy_t-test,0.9406434396112218,0.8888888888888888,0.9411764705882353,1.0,T_LIHC_vs_rest,4,svm
3790,scanpy_t-test,0.9469159330376427,0.9166666666666666,0.9482758620689655,0.9821428571428571,T_LIHC_vs_rest,4,svm
3791,scanpy_t-test,0.9291821122809619,0.8682170542635659,0.9294605809128631,1.0,T_LIHC_vs_rest,4,svm
3792,scanpy_t-test,0.9406434396112218,0.8888888888888888,0.9411764705882353,1.0,T_LIHC_vs_rest,5,svm
3793,scanpy_t-test,0.9594695116884838,0.9401709401709402,0.9606986899563319,0.9821428571428571,T_LIHC_vs_rest,5,svm
3794,scanpy_t-test,0.9217578781734468,0.8549618320610687,0.9218106995884774,1.0,T_LIHC_vs_rest,5,svm
3795,scanpy_t-test,0.9406434396112218,0.8888888888888888,0.9411764705882353,1.0,T_LIHC_vs_rest,6,svm
3796,scanpy_t-test,0.9510483854362741,0.9243697478991597,0.9523809523809523,0.9821428571428571,T_LIHC_vs_rest,6,svm
3797,scanpy_t-test,0.9217578781734468,0.8549618320610687,0.9218106995884774,1.0,T_LIHC_vs_rest,6,svm
3798,scanpy_t-test,0.9445539875161598,0.896,0.9451476793248945,1.0,T_LIHC_vs_rest,7,svm
3799,scanpy_t-test,0.9552325450407033,0.9322033898305084,0.9565217391304348,0.9821428571428571,T_LIHC_vs_rest,7,svm
3800,scanpy_t-test,0.9254488850047439,0.8615384615384616,0.9256198347107438,1.0,T_LIHC_vs_rest,7,svm
3801,scanpy_t-test,0.9406434396112218,0.8888888888888888,0.9411764705882353,1.0,T_LIHC_vs_rest,8,svm
3802,scanpy_t-test,0.9552325450407033,0.9322033898305084,0.9565217391304348,0.9821428571428571,T_LIHC_vs_rest,8,svm
3803,scanpy_t-test,0.9367785344260079,0.8818897637795275,0.9372384937238494,1.0,T_LIHC_vs_rest,8,svm
3804,scanpy_t-test,0.9525157018865793,0.9105691056910569,0.9531914893617022,1.0,T_LIHC_vs_rest,9,svm
3805,scanpy_t-test,0.9594695116884838,0.9401709401709402,0.9606986899563319,0.9821428571428571,T_LIHC_vs_rest,9,svm
3806,scanpy_t-test,0.9406434396112218,0.8888888888888888,0.9411764705882353,1.0,T_LIHC_vs_rest,9,svm
3807,scanpy_t-test,0.9525157018865793,0.9105691056910569,0.9531914893617022,1.0,T_LIHC_vs_rest,10,svm
3808,scanpy_t-test,0.9594695116884838,0.9401709401709402,0.9606986899563319,0.9821428571428571,T_LIHC_vs_rest,10,svm
3809,scanpy_t-test,0.9406434396112218,0.8888888888888888,0.9411764705882353,1.0,T_LIHC_vs_rest,10,svm
3810,scanpy_t-test,0.9525157018865793,0.9105691056910569,0.9531914893617022,1.0,T_LIHC_vs_rest,11,svm
3811,scanpy_t-test,0.9594695116884838,0.9401709401709402,0.9606986899563319,0.9821428571428571,T_LIHC_vs_rest,11,svm
3812,scanpy_t-test,0.9406434396112218,0.8888888888888888,0.9411764705882353,1.0,T_LIHC_vs_rest,11,svm
3813,scanpy_t-test,0.9525157018865793,0.9105691056910569,0.9531914893617022,1.0,T_LIHC_vs_rest,12,svm
3814,scanpy_t-test,0.9552325450407033,0.9322033898305084,0.9565217391304348,0.9821428571428571,T_LIHC_vs_rest,12,svm
3815,scanpy_t-test,0.9406434396112218,0.8888888888888888,0.9411764705882353,1.0,T_LIHC_vs_rest,12,svm
3816,scanpy_t-test,0.9525157018865793,0.9105691056910569,0.9531914893617022,1.0,T_LIHC_vs_rest,13,svm
3817,scanpy_t-test,0.9552325450407033,0.9322033898305084,0.9565217391304348,0.9821428571428571,T_LIHC_vs_rest,13,svm
3818,scanpy_t-test,0.9406434396112218,0.8888888888888888,0.9411764705882353,1.0,T_LIHC_vs_rest,13,svm
3819,scanpy_t-test,0.9525157018865793,0.9105691056910569,0.9531914893617022,1.0,T_LIHC_vs_rest,14,svm
3820,scanpy_t-test,0.9552325450407033,0.9322033898305084,0.9565217391304348,0.9821428571428571,T_LIHC_vs_rest,14,svm
3821,scanpy_t-test,0.9406434396112218,0.8888888888888888,0.9411764705882353,1.0,T_LIHC_vs_rest,14,svm
3822,scanpy_t-test,0.9485110942446047,0.9032258064516129,0.9491525423728814,1.0,T_LIHC_vs_rest,15,svm
3823,scanpy_t-test,0.9552325450407033,0.9322033898305084,0.9565217391304348,0.9821428571428571,T_LIHC_vs_rest,15,svm
3824,scanpy_t-test,0.9406434396112218,0.8888888888888888,0.9411764705882353,1.0,T_LIHC_vs_rest,15,svm
3825,scanpy_t-test,0.956568779474311,0.9180327868852459,0.9572649572649573,1.0,T_LIHC_vs_rest,16,svm
3826,scanpy_t-test,0.9510483854362741,0.9243697478991597,0.9523809523809523,0.9821428571428571,T_LIHC_vs_rest,16,svm
3827,scanpy_t-test,0.9406434396112218,0.8888888888888888,0.9411764705882353,1.0,T_LIHC_vs_rest,16,svm
3828,scanpy_t-test,0.956568779474311,0.9180327868852459,0.9572649572649573,1.0,T_LIHC_vs_rest,17,svm
3829,scanpy_t-test,0.9510483854362741,0.9243697478991597,0.9523809523809523,0.9821428571428571,T_LIHC_vs_rest,17,svm
3830,scanpy_t-test,0.9406434396112218,0.8888888888888888,0.9411764705882353,1.0,T_LIHC_vs_rest,17,svm
3831,scanpy_t-test,0.956568779474311,0.9180327868852459,0.9572649572649573,1.0,T_LIHC_vs_rest,18,svm
3832,scanpy_t-test,0.9510483854362741,0.9243697478991597,0.9523809523809523,0.9821428571428571,T_LIHC_vs_rest,18,svm
3833,scanpy_t-test,0.9406434396112218,0.8888888888888888,0.9411764705882353,1.0,T_LIHC_vs_rest,18,svm
3834,scanpy_t-test,0.956568779474311,0.9180327868852459,0.9572649572649573,1.0,T_LIHC_vs_rest,19,svm
3835,scanpy_t-test,0.9510483854362741,0.9243697478991597,0.9523809523809523,0.9821428571428571,T_LIHC_vs_rest,19,svm
3836,scanpy_t-test,0.9406434396112218,0.8888888888888888,0.9411764705882353,1.0,T_LIHC_vs_rest,19,svm
3837,scanpy_t-test,0.956568779474311,0.9180327868852459,0.9572649572649573,1.0,T_LIHC_vs_rest,20,svm
3838,scanpy_t-test,0.9510483854362741,0.9243697478991597,0.9523809523809523,0.9821428571428571,T_LIHC_vs_rest,20,svm
3839,scanpy_t-test,0.9406434396112218,0.8888888888888888,0.9411764705882353,1.0,T_LIHC_vs_rest,20,svm
3840,yomix,0.5763390225685351,0.3903061224489796,0.5513513513513514,0.9386503067484663,T_LUAD_vs_rest,1,svm
3841,yomix,0.5780257486005607,0.3948051948051948,0.5547445255474452,0.9325153374233128,T_LUAD_vs_rest,1,svm
3842,yomix,0.5582493116786498,0.3695652173913043,0.5303292894280762,0.9386503067484663,T_LUAD_vs_rest,1,svm
3843,yomix,0.6788310474271877,0.5340501792114696,0.6742081447963801,0.9141104294478528,T_LUAD_vs_rest,2,svm
3844,yomix,0.681153842351058,0.5338078291814946,0.6756756756756757,0.9202453987730062,T_LUAD_vs_rest,2,svm
3845,yomix,0.6554787569379387,0.48881789137380194,0.6428571428571429,0.9386503067484663,T_LUAD_vs_rest,2,svm
3846,yomix,0.7113113790190818,0.5551601423487544,0.7027027027027027,0.9570552147239264,T_LUAD_vs_rest,3,svm
3847,yomix,0.7184093589042653,0.5652173913043478,0.7107061503416856,0.9570552147239264,T_LUAD_vs_rest,3,svm
3848,yomix,0.6746878195604208,0.5048543689320388,0.6610169491525424,0.9570552147239264,T_LUAD_vs_rest,3,svm
3849,yomix,0.7124919863946353,0.5463917525773195,0.7004405286343612,0.9754601226993865,T_LUAD_vs_rest,4,svm
3850,yomix,0.6999300264026035,0.5358361774744027,0.6885964912280702,0.9631901840490797,T_LUAD_vs_rest,4,svm
3851,yomix,0.6443036937554669,0.45930232558139533,0.6232741617357002,0.9693251533742331,T_LUAD_vs_rest,4,svm
3852,yomix,0.7165879966322352,0.5520833333333334,0.70509977827051,0.9754601226993865,T_LUAD_vs_rest,5,svm
3853,yomix,0.6999300264026035,0.5358361774744027,0.6885964912280702,0.9631901840490797,T_LUAD_vs_rest,5,svm
3854,yomix,0.6401030323248803,0.4540229885057471,0.6183953033268101,0.9693251533742331,T_LUAD_vs_rest,5,svm
3855,yomix,0.7121419189463825,0.5528169014084507,0.7024608501118568,0.9631901840490797,T_LUAD_vs_rest,6,svm
3856,yomix,0.7052896394436756,0.5432525951557093,0.6946902654867256,0.9631901840490797,T_LUAD_vs_rest,6,svm
3857,yomix,0.6540167429028414,0.4716417910447761,0.6345381526104418,0.9693251533742331,T_LUAD_vs_rest,6,svm
3858,yomix,0.7278504378187939,0.575091575091575,0.7201834862385321,0.9631901840490797,T_LUAD_vs_rest,7,svm
3859,yomix,0.7368107734013112,0.5880149812734082,0.7302325581395349,0.9631901840490797,T_LUAD_vs_rest,7,svm
3860,yomix,0.6782785629423483,0.5064516129032258,0.6638477801268499,0.9631901840490797,T_LUAD_vs_rest,7,svm
3861,yomix,0.7184093589042653,0.5652173913043478,0.7107061503416856,0.9570552147239264,T_LUAD_vs_rest,8,svm
3862,yomix,0.7316669049565492,0.5842696629213483,0.7255813953488373,0.9570552147239264,T_LUAD_vs_rest,8,svm
3863,yomix,0.6686493631478709,0.4968152866242038,0.6540880503144654,0.9570552147239264,T_LUAD_vs_rest,8,svm
3864,yomix,0.7184093589042653,0.5652173913043478,0.7107061503416856,0.9570552147239264,T_LUAD_vs_rest,9,svm
3865,yomix,0.732294528514124,0.5814814814814815,0.7251732101616628,0.9631901840490797,T_LUAD_vs_rest,9,svm
3866,yomix,0.6722337729685228,0.4984126984126984,0.6569037656903766,0.9631901840490797,T_LUAD_vs_rest,9,svm
3867,yomix,0.7300023386116493,0.5745454545454546,0.7214611872146118,0.9693251533742331,T_LUAD_vs_rest,10,svm
3868,yomix,0.725695951065955,0.5756457564575646,0.7188940092165899,0.9570552147239264,T_LUAD_vs_rest,10,svm
3869,yomix,0.6782138948141233,0.5031847133757962,0.6624737945492662,0.9693251533742331,T_LUAD_vs_rest,10,svm
3870,yomix,0.7256493572229129,0.5683453237410072,0.7165532879818595,0.9693251533742331,T_LUAD_vs_rest,11,svm
3871,yomix,0.725695951065955,0.5756457564575646,0.7188940092165899,0.9570552147239264,T_LUAD_vs_rest,11,svm
3872,yomix,0.6770092800452836,0.5015873015873016,0.6610878661087866,0.9693251533742331,T_LUAD_vs_rest,11,svm
3873,yomix,0.7285437305134624,0.572463768115942,0.7198177676537585,0.9693251533742331,T_LUAD_vs_rest,12,svm
3874,yomix,0.7271766654273171,0.5777777777777777,0.7205542725173211,0.9570552147239264,T_LUAD_vs_rest,12,svm
3875,yomix,0.6746164995394549,0.49842271293375395,0.6583333333333333,0.9693251533742331,T_LUAD_vs_rest,12,svm
3876,yomix,0.7592646903787946,0.6171875,0.7541766109785203,0.9693251533742331,T_LUAD_vs_rest,13,svm
3877,yomix,0.7408706668706219,0.5977011494252874,0.7358490566037735,0.9570552147239264,T_LUAD_vs_rest,13,svm
3878,yomix,0.7031677863973218,0.5335570469798657,0.6898047722342733,0.9754601226993865,T_LUAD_vs_rest,13,svm
3879,yomix,0.7608918594748095,0.6196078431372549,0.7559808612440191,0.9693251533742331,T_LUAD_vs_rest,14,svm
3880,yomix,0.7440070675870686,0.6023166023166023,0.7393364928909952,0.9570552147239264,T_LUAD_vs_rest,14,svm
3881,yomix,0.7062000885011088,0.541095890410959,0.6945054945054945,0.9693251533742331,T_LUAD_vs_rest,14,svm
3882,yomix,0.7831873311716943,0.6451612903225806,0.7785888077858881,0.9815950920245399,T_LUAD_vs_rest,15,svm
3883,yomix,0.7450241509493277,0.5962264150943396,0.7383177570093458,0.9693251533742331,T_LUAD_vs_rest,15,svm
3884,yomix,0.7344246827274373,0.5808823529411765,0.7264367816091954,0.9693251533742331,T_LUAD_vs_rest,15,svm
3885,yomix,0.7814735398538842,0.642570281124498,0.7766990291262136,0.9815950920245399,T_LUAD_vs_rest,16,svm
3886,yomix,0.7501856117669936,0.6,0.7429906542056075,0.9754601226993865,T_LUAD_vs_rest,16,svm
3887,yomix,0.73721057395642,0.5776173285198556,0.7272727272727273,0.9815950920245399,T_LUAD_vs_rest,16,svm
3888,yomix,0.7990654409441025,0.6652892561983471,0.7950617283950617,0.9877300613496932,T_LUAD_vs_rest,17,svm
3889,yomix,0.7645079608823645,0.62109375,0.7589498806682577,0.9754601226993865,T_LUAD_vs_rest,17,svm
3890,yomix,0.7569122117759843,0.6060606060606061,0.7494145199063232,0.9815950920245399,T_LUAD_vs_rest,17,svm
3891,yomix,0.7990654409441025,0.6652892561983471,0.7950617283950617,0.9877300613496932,T_LUAD_vs_rest,18,svm
3892,yomix,0.7628806902272587,0.6186770428015564,0.7571428571428571,0.9754601226993865,T_LUAD_vs_rest,18,svm
3893,yomix,0.758485986606007,0.6083650190114068,0.7511737089201878,0.9815950920245399,T_LUAD_vs_rest,18,svm
3894,yomix,0.7833665134339349,0.6414342629482072,0.7777777777777778,0.9877300613496932,T_LUAD_vs_rest,19,svm
3895,yomix,0.7645079608823645,0.62109375,0.7589498806682577,0.9754601226993865,T_LUAD_vs_rest,19,svm
3896,yomix,0.7569122117759843,0.6060606060606061,0.7494145199063232,0.9815950920245399,T_LUAD_vs_rest,19,svm
3897,yomix,0.7919848873018531,0.6544715447154471,0.7872860635696821,0.9877300613496932,T_LUAD_vs_rest,20,svm
3898,yomix,0.7711106160155139,0.6309523809523809,0.7662650602409639,0.9754601226993865,T_LUAD_vs_rest,20,svm
3899,yomix,0.7569122117759843,0.6060606060606061,0.7494145199063232,0.9815950920245399,T_LUAD_vs_rest,20,svm
3900,cosg,0.6197830384866305,0.6906474820143885,0.6357615894039735,0.588957055214724,T_LUAD_vs_rest,1,svm
3901,cosg,0.598637887042979,0.704,0.6111111111111112,0.5398773006134969,T_LUAD_vs_rest,1,svm
3902,cosg,0.5894980702447647,0.6571428571428571,0.6072607260726073,0.5644171779141104,T_LUAD_vs_rest,1,svm
3903,cosg,0.6636482617586912,0.6809815950920245,0.6809815950920245,0.6809815950920245,T_LUAD_vs_rest,2,svm
3904,cosg,0.6313628308916851,0.65625,0.6501547987616099,0.6441717791411042,T_LUAD_vs_rest,2,svm
3905,cosg,0.611786632410037,0.6375,0.631578947368421,0.6257668711656442,T_LUAD_vs_rest,2,svm
3906,cosg,0.6833704069859743,0.6612021857923497,0.6994219653179191,0.7423312883435583,T_LUAD_vs_rest,3,svm
3907,cosg,0.6670242069814682,0.6483516483516484,0.6840579710144927,0.7239263803680982,T_LUAD_vs_rest,3,svm
3908,cosg,0.6611334302183494,0.6329787234042553,0.6780626780626781,0.7300613496932515,T_LUAD_vs_rest,3,svm
3909,cosg,0.704154084912213,0.6871508379888268,0.7192982456140351,0.754601226993865,T_LUAD_vs_rest,4,svm
3910,cosg,0.6756298459906623,0.6744186046511628,0.6925373134328359,0.7116564417177914,T_LUAD_vs_rest,4,svm
3911,cosg,0.6670242069814682,0.6483516483516484,0.6840579710144927,0.7239263803680982,T_LUAD_vs_rest,4,svm
3912,cosg,0.691454420404959,0.6648648648648648,0.7068965517241379,0.754601226993865,T_LUAD_vs_rest,5,svm
3913,cosg,0.6904623686789624,0.6900584795321637,0.7065868263473054,0.7239263803680982,T_LUAD_vs_rest,5,svm
3914,cosg,0.6507632857318552,0.6304347826086957,0.6685878962536023,0.7116564417177914,T_LUAD_vs_rest,5,svm
3915,cosg,0.6935292864839387,0.6684782608695652,0.7089337175792507,0.754601226993865,T_LUAD_vs_rest,6,svm
3916,cosg,0.6990423821486335,0.7,0.7147147147147147,0.7300613496932515,T_LUAD_vs_rest,6,svm
3917,cosg,0.6527450549355478,0.6338797814207651,0.6705202312138728,0.7116564417177914,T_LUAD_vs_rest,6,svm
3918,cosg,0.6545088782851182,0.5280898876404494,0.6558139534883721,0.8650306748466258,T_LUAD_vs_rest,7,svm
3919,cosg,0.6426107120754124,0.5147058823529411,0.6436781609195402,0.8588957055214724,T_LUAD_vs_rest,7,svm
3920,cosg,0.6514658434833209,0.5201465201465202,0.6513761467889908,0.8711656441717791,T_LUAD_vs_rest,7,svm
3921,cosg,0.6781380829468805,0.5261324041811847,0.6711111111111111,0.9263803680981595,T_LUAD_vs_rest,8,svm
3922,cosg,0.6806298040276728,0.5401459854014599,0.6773455377574371,0.9079754601226994,T_LUAD_vs_rest,8,svm
3923,cosg,0.6916804089878078,0.5451263537906137,0.6863636363636364,0.9263803680981595,T_LUAD_vs_rest,8,svm
3924,cosg,0.6925788879813288,0.5428571428571428,0.6862302483069977,0.9325153374233128,T_LUAD_vs_rest,9,svm
3925,cosg,0.687653497801402,0.550185873605948,0.6851851851851852,0.9079754601226994,T_LUAD_vs_rest,9,svm
3926,cosg,0.7052587713509012,0.5608856088560885,0.7004608294930875,0.9325153374233128,T_LUAD_vs_rest,9,svm
3927,cosg,0.709085986526958,0.5555555555555556,0.7013574660633484,0.950920245398773,T_LUAD_vs_rest,10,svm
3928,cosg,0.7040434966769963,0.5519713261648745,0.6968325791855203,0.9447852760736196,T_LUAD_vs_rest,10,svm
3929,cosg,0.6710480194707364,0.5,0.6568421052631579,0.9570552147239264,T_LUAD_vs_rest,10,svm
3930,cosg,0.7271486470734319,0.5633802816901409,0.7158836689038032,0.9815950920245399,T_LUAD_vs_rest,11,svm
3931,cosg,0.7234765447088638,0.5688405797101449,0.715261958997722,0.9631901840490797,T_LUAD_vs_rest,11,svm
3932,cosg,0.6927074981860929,0.5161290322580645,0.6765327695560254,0.9815950920245399,T_LUAD_vs_rest,11,svm
3933,cosg,0.7243395877992924,0.5594405594405595,0.7126948775055679,0.9815950920245399,T_LUAD_vs_rest,12,svm
3934,cosg,0.7234765447088638,0.5688405797101449,0.715261958997722,0.9631901840490797,T_LUAD_vs_rest,12,svm
3935,cosg,0.6939541289243197,0.517799352750809,0.6779661016949152,0.9815950920245399,T_LUAD_vs_rest,12,svm
3936,cosg,0.7243395877992924,0.5594405594405595,0.7126948775055679,0.9815950920245399,T_LUAD_vs_rest,13,svm
3937,cosg,0.7234765447088638,0.5688405797101449,0.715261958997722,0.9631901840490797,T_LUAD_vs_rest,13,svm
3938,cosg,0.6939541289243197,0.517799352750809,0.6779661016949152,0.9815950920245399,T_LUAD_vs_rest,13,svm
3939,cosg,0.7257405483249937,0.5614035087719298,0.7142857142857143,0.9815950920245399,T_LUAD_vs_rest,14,svm
3940,cosg,0.7198513154980265,0.5672727272727273,0.7123287671232876,0.9570552147239264,T_LUAD_vs_rest,14,svm
3941,cosg,0.6927074981860929,0.5161290322580645,0.6765327695560254,0.9815950920245399,T_LUAD_vs_rest,14,svm
3942,cosg,0.7207462217449514,0.5578947368421052,0.7098214285714286,0.9754601226993865,T_LUAD_vs_rest,15,svm
3943,cosg,0.7359145409234819,0.5830258302583026,0.728110599078341,0.9693251533742331,T_LUAD_vs_rest,15,svm
3944,cosg,0.6914666585156611,0.5144694533762058,0.6751054852320675,0.9815950920245399,T_LUAD_vs_rest,15,svm
3945,cosg,0.7165879966322352,0.5520833333333334,0.70509977827051,0.9754601226993865,T_LUAD_vs_rest,16,svm
3946,cosg,0.737412391600931,0.5851851851851851,0.7297921478060047,0.9693251533742331,T_LUAD_vs_rest,16,svm
3947,cosg,0.6914666585156611,0.5144694533762058,0.6751054852320675,0.9815950920245399,T_LUAD_vs_rest,16,svm
3948,cosg,0.713850509289482,0.5482758620689655,0.7019867549668874,0.9754601226993865,T_LUAD_vs_rest,17,svm
3949,cosg,0.7359145409234819,0.5830258302583026,0.728110599078341,0.9693251533742331,T_LUAD_vs_rest,17,svm
3950,cosg,0.6914666585156611,0.5144694533762058,0.6751054852320675,0.9815950920245399,T_LUAD_vs_rest,17,svm
3951,cosg,0.7207462217449514,0.5578947368421052,0.7098214285714286,0.9754601226993865,T_LUAD_vs_rest,18,svm
3952,cosg,0.73379182752918,0.5836431226765799,0.7268518518518519,0.9631901840490797,T_LUAD_vs_rest,18,svm
3953,cosg,0.6905722473107515,0.5197368421052632,0.6766595289079229,0.9693251533742331,T_LUAD_vs_rest,18,svm
3954,cosg,0.7207462217449514,0.5578947368421052,0.7098214285714286,0.9754601226993865,T_LUAD_vs_rest,19,svm
3955,cosg,0.73379182752918,0.5836431226765799,0.7268518518518519,0.9631901840490797,T_LUAD_vs_rest,19,svm
3956,cosg,0.6905722473107515,0.5197368421052632,0.6766595289079229,0.9693251533742331,T_LUAD_vs_rest,19,svm
3957,cosg,0.7321516667376853,0.5740072202166066,0.7227272727272728,0.9754601226993865,T_LUAD_vs_rest,20,svm
3958,cosg,0.73379182752918,0.5836431226765799,0.7268518518518519,0.9631901840490797,T_LUAD_vs_rest,20,svm
3959,cosg,0.6964649510277169,0.5211726384364821,0.6808510638297872,0.9815950920245399,T_LUAD_vs_rest,20,svm
3960,scanpy_wilcoxon,0.5714562800625599,0.37264150943396224,0.5383304940374787,0.9693251533742331,T_LUAD_vs_rest,1,svm
3961,scanpy_wilcoxon,0.5635513594067751,0.3708133971291866,0.5335628227194492,0.950920245398773,T_LUAD_vs_rest,1,svm
3962,scanpy_wilcoxon,0.5332034235220828,0.33548387096774196,0.4968152866242038,0.9570552147239264,T_LUAD_vs_rest,1,svm
3963,scanpy_wilcoxon,0.6108974416465371,0.42091152815013405,0.585820895522388,0.9631901840490797,T_LUAD_vs_rest,2,svm
3964,scanpy_wilcoxon,0.6016938806927683,0.40992167101827676,0.575091575091575,0.9631901840490797,T_LUAD_vs_rest,2,svm
3965,scanpy_wilcoxon,0.5633829114433644,0.36596736596736595,0.5304054054054054,0.9631901840490797,T_LUAD_vs_rest,2,svm
3966,scanpy_wilcoxon,0.6504658645989477,0.47005988023952094,0.6317907444668008,0.9631901840490797,T_LUAD_vs_rest,3,svm
3967,scanpy_wilcoxon,0.6355330350532653,0.4511494252873563,0.6144814090019569,0.9631901840490797,T_LUAD_vs_rest,3,svm
3968,scanpy_wilcoxon,0.5945741548863159,0.40153452685422,0.5667870036101083,0.9631901840490797,T_LUAD_vs_rest,3,svm
3969,scanpy_wilcoxon,0.7124919863946353,0.5463917525773195,0.7004405286343612,0.9754601226993865,T_LUAD_vs_rest,4,svm
3970,scanpy_wilcoxon,0.6999300264026035,0.5358361774744027,0.6885964912280702,0.9631901840490797,T_LUAD_vs_rest,4,svm
3971,scanpy_wilcoxon,0.6443036937554669,0.45930232558139533,0.6232741617357002,0.9693251533742331,T_LUAD_vs_rest,4,svm
3972,scanpy_wilcoxon,0.7093802258746338,0.548951048951049,0.6993318485523385,0.9631901840490797,T_LUAD_vs_rest,5,svm
3973,scanpy_wilcoxon,0.7121419189463825,0.5528169014084507,0.7024608501118568,0.9631901840490797,T_LUAD_vs_rest,5,svm
3974,scanpy_wilcoxon,0.644722529244935,0.46567164179104475,0.6265060240963856,0.9570552147239264,T_LUAD_vs_rest,5,svm
3975,scanpy_wilcoxon,0.7249268270548379,0.5709090909090909,0.7168949771689498,0.9631901840490797,T_LUAD_vs_rest,6,svm
3976,scanpy_wilcoxon,0.732294528514124,0.5814814814814815,0.7251732101616628,0.9631901840490797,T_LUAD_vs_rest,6,svm
3977,scanpy_wilcoxon,0.6758439055312778,0.5032051282051282,0.6610526315789473,0.9631901840490797,T_LUAD_vs_rest,6,svm
3978,scanpy_wilcoxon,0.7308052459947184,0.5793357933579336,0.7235023041474654,0.9631901840490797,T_LUAD_vs_rest,7,svm
3979,scanpy_wilcoxon,0.7308052459947184,0.5793357933579336,0.7235023041474654,0.9631901840490797,T_LUAD_vs_rest,7,svm
3980,scanpy_wilcoxon,0.6782785629423483,0.5064516129032258,0.6638477801268499,0.9631901840490797,T_LUAD_vs_rest,7,svm
3981,scanpy_wilcoxon,0.732294528514124,0.5814814814814815,0.7251732101616628,0.9631901840490797,T_LUAD_vs_rest,8,svm
3982,scanpy_wilcoxon,0.732294528514124,0.5814814814814815,0.7251732101616628,0.9631901840490797,T_LUAD_vs_rest,8,svm
3983,scanpy_wilcoxon,0.6770584142692178,0.5048231511254019,0.6624472573839663,0.9631901840490797,T_LUAD_vs_rest,8,svm
3984,scanpy_wilcoxon,0.732294528514124,0.5814814814814815,0.7251732101616628,0.9631901840490797,T_LUAD_vs_rest,9,svm
3985,scanpy_wilcoxon,0.7293239065801027,0.5772058823529411,0.7218390804597701,0.9631901840490797,T_LUAD_vs_rest,9,svm
3986,scanpy_wilcoxon,0.6758439055312778,0.5032051282051282,0.6610526315789473,0.9631901840490797,T_LUAD_vs_rest,9,svm
3987,scanpy_wilcoxon,0.7308052459947184,0.5793357933579336,0.7235023041474654,0.9631901840490797,T_LUAD_vs_rest,10,svm
3988,scanpy_wilcoxon,0.7352972173858602,0.585820895522388,0.728538283062645,0.9631901840490797,T_LUAD_vs_rest,10,svm
3989,scanpy_wilcoxon,0.6795043969013955,0.5080906148867314,0.6652542372881356,0.9631901840490797,T_LUAD_vs_rest,10,svm
3990,scanpy_wilcoxon,0.7285437305134624,0.572463768115942,0.7198177676537585,0.9693251533742331,T_LUAD_vs_rest,11,svm
3991,scanpy_wilcoxon,0.7429482003122782,0.596958174904943,0.7370892018779343,0.9631901840490797,T_LUAD_vs_rest,11,svm
3992,scanpy_wilcoxon,0.6878978531048446,0.5129032258064516,0.6723044397463002,0.9754601226993865,T_LUAD_vs_rest,11,svm
3993,scanpy_wilcoxon,0.7608918594748095,0.6196078431372549,0.7559808612440191,0.9693251533742331,T_LUAD_vs_rest,12,svm
3994,scanpy_wilcoxon,0.7481274624101878,0.6007604562737643,0.7417840375586855,0.9693251533742331,T_LUAD_vs_rest,12,svm
3995,scanpy_wilcoxon,0.7088951180307168,0.5448275862068965,0.6975717439293598,0.9693251533742331,T_LUAD_vs_rest,12,svm
3996,scanpy_wilcoxon,0.7641741863820816,0.6245059288537549,0.7596153846153846,0.9693251533742331,T_LUAD_vs_rest,13,svm
3997,scanpy_wilcoxon,0.7512652194474952,0.6053639846743295,0.7452830188679245,0.9693251533742331,T_LUAD_vs_rest,13,svm
3998,scanpy_wilcoxon,0.7062000885011088,0.541095890410959,0.6945054945054945,0.9693251533742331,T_LUAD_vs_rest,13,svm
3999,scanpy_wilcoxon,0.7608918594748095,0.6196078431372549,0.7559808612440191,0.9693251533742331,T_LUAD_vs_rest,14,svm
4000,scanpy_wilcoxon,0.7440070675870686,0.6023166023166023,0.7393364928909952,0.9570552147239264,T_LUAD_vs_rest,14,svm
4001,scanpy_wilcoxon,0.7062000885011088,0.541095890410959,0.6945054945054945,0.9693251533742331,T_LUAD_vs_rest,14,svm
4002,scanpy_wilcoxon,0.7641741863820816,0.6245059288537549,0.7596153846153846,0.9693251533742331,T_LUAD_vs_rest,15,svm
4003,scanpy_wilcoxon,0.7589026403006524,0.6205533596837944,0.7548076923076923,0.9631901840490797,T_LUAD_vs_rest,15,svm
4004,scanpy_wilcoxon,0.7329427441078255,0.5787545787545788,0.7247706422018348,0.9693251533742331,T_LUAD_vs_rest,15,svm
4005,scanpy_wilcoxon,0.7972793923441232,0.6625514403292181,0.7931034482758621,0.9877300613496932,T_LUAD_vs_rest,16,svm
4006,scanpy_wilcoxon,0.7794252070143753,0.6475409836065574,0.7764127764127764,0.9693251533742331,T_LUAD_vs_rest,16,svm
4007,scanpy_wilcoxon,0.7507026655148898,0.5970149253731343,0.7424593967517401,0.9815950920245399,T_LUAD_vs_rest,16,svm
4008,scanpy_wilcoxon,0.800862278662409,0.6680497925311203,0.7970297029702971,0.9877300613496932,T_LUAD_vs_rest,17,svm
4009,scanpy_wilcoxon,0.7794252070143753,0.6475409836065574,0.7764127764127764,0.9693251533742331,T_LUAD_vs_rest,17,svm
4010,scanpy_wilcoxon,0.753790488171801,0.6015037593984962,0.745920745920746,0.9815950920245399,T_LUAD_vs_rest,17,svm
4011,scanpy_wilcoxon,0.7850700869923627,0.644,0.7796610169491526,0.9877300613496932,T_LUAD_vs_rest,18,svm
4012,scanpy_wilcoxon,0.7758005835867976,0.6460905349794238,0.7733990147783252,0.9631901840490797,T_LUAD_vs_rest,18,svm
4013,scanpy_wilcoxon,0.7522423787355974,0.599250936329588,0.7441860465116279,0.9815950920245399,T_LUAD_vs_rest,18,svm
4014,scanpy_wilcoxon,0.7867836106961049,0.6465863453815262,0.7815533980582524,0.9877300613496932,T_LUAD_vs_rest,19,svm
4015,scanpy_wilcoxon,0.7775459847559515,0.6487603305785123,0.7753086419753087,0.9631901840490797,T_LUAD_vs_rest,19,svm
4016,scanpy_wilcoxon,0.7491712707717728,0.5947955390334573,0.7407407407407407,0.9815950920245399,T_LUAD_vs_rest,19,svm
4017,scanpy_wilcoxon,0.7972793923441232,0.6625514403292181,0.7931034482758621,0.9877300613496932,T_LUAD_vs_rest,20,svm
4018,scanpy_wilcoxon,0.781170285776129,0.6502057613168725,0.7783251231527094,0.9693251533742331,T_LUAD_vs_rest,20,svm
4019,scanpy_wilcoxon,0.758485986606007,0.6083650190114068,0.7511737089201878,0.9815950920245399,T_LUAD_vs_rest,20,svm
4020,scanpy_t-test,0.5714562800625599,0.37264150943396224,0.5383304940374787,0.9693251533742331,T_LUAD_vs_rest,1,svm
4021,scanpy_t-test,0.5635513594067751,0.3708133971291866,0.5335628227194492,0.950920245398773,T_LUAD_vs_rest,1,svm
4022,scanpy_t-test,0.5332034235220828,0.33548387096774196,0.4968152866242038,0.9570552147239264,T_LUAD_vs_rest,1,svm
4023,scanpy_t-test,0.5854764777163532,0.38369304556354916,0.5517241379310345,0.9815950920245399,T_LUAD_vs_rest,2,svm
4024,scanpy_t-test,0.567774012919082,0.37320574162679426,0.5370051635111877,0.9570552147239264,T_LUAD_vs_rest,2,svm
4025,scanpy_t-test,0.5433588963328152,0.341991341991342,0.5056,0.9693251533742331,T_LUAD_vs_rest,2,svm
4026,scanpy_t-test,0.5928522502673713,0.3945409429280397,0.5618374558303887,0.9754601226993865,T_LUAD_vs_rest,3,svm
4027,scanpy_t-test,0.5691411472753612,0.3771289537712895,0.5400696864111498,0.950920245398773,T_LUAD_vs_rest,3,svm
4028,scanpy_t-test,0.5523593387256992,0.34945054945054943,0.5145631067961165,0.9754601226993865,T_LUAD_vs_rest,3,svm
4029,scanpy_t-test,0.6071742523213158,0.41644562334217505,0.5814814814814815,0.9631901840490797,T_LUAD_vs_rest,4,svm
4030,scanpy_t-test,0.6000202272817465,0.4105263157894737,0.574585635359116,0.9570552147239264,T_LUAD_vs_rest,4,svm
4031,scanpy_t-test,0.5641530034522394,0.36682242990654207,0.5313028764805414,0.9631901840490797,T_LUAD_vs_rest,4,svm
4032,scanpy_t-test,0.6165903955018868,0.42779291553133514,0.5924528301886792,0.9631901840490797,T_LUAD_vs_rest,5,svm
4033,scanpy_t-test,0.6046050930145139,0.416,0.5799256505576208,0.9570552147239264,T_LUAD_vs_rest,5,svm
4034,scanpy_t-test,0.5768316809371258,0.38106796116504854,0.5460869565217391,0.9631901840490797,T_LUAD_vs_rest,5,svm
4035,scanpy_t-test,0.6939541289243197,0.517799352750809,0.6779661016949152,0.9815950920245399,T_LUAD_vs_rest,6,svm
4036,scanpy_t-test,0.68555950715818,0.512987012987013,0.6709129511677282,0.9693251533742331,T_LUAD_vs_rest,6,svm
4037,scanpy_t-test,0.6478343630085239,0.4608695652173913,0.6259842519685039,0.9754601226993865,T_LUAD_vs_rest,6,svm
4038,scanpy_t-test,0.7157518951649091,0.5543859649122806,0.7053571428571429,0.9693251533742331,T_LUAD_vs_rest,7,svm
4039,scanpy_t-test,0.7157518951649091,0.5543859649122806,0.7053571428571429,0.9693251533742331,T_LUAD_vs_rest,7,svm
4040,scanpy_t-test,0.6595764112645744,0.47878787878787876,0.640973630831643,0.9693251533742331,T_LUAD_vs_rest,7,svm
4041,scanpy_t-test,0.7129884545407428,0.5505226480836237,0.7022222222222222,0.9693251533742331,T_LUAD_vs_rest,8,svm
4042,scanpy_t-test,0.71436667984952,0.5524475524475524,0.7037861915367484,0.9693251533742331,T_LUAD_vs_rest,8,svm
4043,scanpy_t-test,0.6562262101445149,0.4744744744744745,0.6370967741935484,0.9693251533742331,T_LUAD_vs_rest,8,svm
4044,scanpy_t-test,0.7576467302701438,0.6147859922178989,0.7523809523809524,0.9693251533742331,T_LUAD_vs_rest,9,svm
4045,scanpy_t-test,0.7520042016845386,0.6141732283464567,0.7482014388489209,0.9570552147239264,T_LUAD_vs_rest,9,svm
4046,scanpy_t-test,0.7039397267719515,0.5413793103448276,0.6931567328918322,0.9631901840490797,T_LUAD_vs_rest,9,svm
4047,scanpy_t-test,0.7608918594748095,0.6196078431372549,0.7559808612440191,0.9693251533742331,T_LUAD_vs_rest,10,svm
4048,scanpy_t-test,0.7503865834794503,0.611764705882353,0.7464114832535885,0.9570552147239264,T_LUAD_vs_rest,10,svm
4049,scanpy_t-test,0.7066463209920206,0.5451388888888888,0.6962305986696231,0.9631901840490797,T_LUAD_vs_rest,10,svm
4050,scanpy_t-test,0.7625283276858226,0.6220472440944882,0.7577937649880095,0.9693251533742331,T_LUAD_vs_rest,11,svm
4051,scanpy_t-test,0.7520042016845386,0.6141732283464567,0.7482014388489209,0.9570552147239264,T_LUAD_vs_rest,11,svm
4052,scanpy_t-test,0.7066463209920206,0.5451388888888888,0.6962305986696231,0.9631901840490797,T_LUAD_vs_rest,11,svm
4053,scanpy_t-test,0.7572662646851805,0.6181102362204725,0.7529976019184652,0.9631901840490797,T_LUAD_vs_rest,12,svm
4054,scanpy_t-test,0.7520042016845386,0.6141732283464567,0.7482014388489209,0.9570552147239264,T_LUAD_vs_rest,12,svm
4055,scanpy_t-test,0.7048625594517431,0.5392491467576792,0.6929824561403509,0.9693251533742331,T_LUAD_vs_rest,12,svm
4056,scanpy_t-test,0.7672277717856062,0.6330645161290323,0.7639902676399026,0.9631901840490797,T_LUAD_vs_rest,13,svm
4057,scanpy_t-test,0.7918647690343147,0.6666666666666666,0.79,0.9693251533742331,T_LUAD_vs_rest,13,svm
4058,scanpy_t-test,0.721300883277089,0.5693430656934306,0.7139588100686499,0.9570552147239264,T_LUAD_vs_rest,13,svm
4059,scanpy_t-test,0.7775459847559515,0.6487603305785123,0.7753086419753087,0.9631901840490797,T_LUAD_vs_rest,14,svm
4060,scanpy_t-test,0.7937417310856979,0.6738197424892703,0.7929292929292929,0.9631901840490797,T_LUAD_vs_rest,14,svm
4061,scanpy_t-test,0.730162068009517,0.582089552238806,0.7238979118329466,0.9570552147239264,T_LUAD_vs_rest,14,svm
4062,scanpy_t-test,0.7846339564249787,0.6596638655462185,0.7830423940149626,0.9631901840490797,T_LUAD_vs_rest,15,svm
4063,scanpy_t-test,0.7937417310856979,0.6738197424892703,0.7929292929292929,0.9631901840490797,T_LUAD_vs_rest,15,svm
4064,scanpy_t-test,0.7316669049565492,0.5842696629213483,0.7255813953488373,0.9570552147239264,T_LUAD_vs_rest,15,svm
4065,scanpy_t-test,0.7864688618496131,0.6583333333333333,0.7841191066997518,0.9693251533742331,T_LUAD_vs_rest,16,svm
4066,scanpy_t-test,0.7828010922835952,0.6610169491525424,0.7819548872180451,0.9570552147239264,T_LUAD_vs_rest,16,svm
4067,scanpy_t-test,0.730162068009517,0.582089552238806,0.7238979118329466,0.9570552147239264,T_LUAD_vs_rest,16,svm
4068,scanpy_t-test,0.7936855650060016,0.6694915254237288,0.7919799498746867,0.9693251533742331,T_LUAD_vs_rest,17,svm
4069,scanpy_t-test,0.806423380202425,0.6808510638297872,0.8040201005025126,0.9815950920245399,T_LUAD_vs_rest,17,svm
4070,scanpy_t-test,0.7368107734013112,0.5880149812734082,0.7302325581395349,0.9631901840490797,T_LUAD_vs_rest,17,svm
4071,scanpy_t-test,0.7918647690343147,0.6666666666666666,0.79,0.9693251533742331,T_LUAD_vs_rest,18,svm
4072,scanpy_t-test,0.806423380202425,0.6808510638297872,0.8040201005025126,0.9815950920245399,T_LUAD_vs_rest,18,svm
4073,scanpy_t-test,0.7352972173858602,0.585820895522388,0.728538283062645,0.9631901840490797,T_LUAD_vs_rest,18,svm
4074,scanpy_t-test,0.7830400783888801,0.6489795918367347,0.7794117647058824,0.9754601226993865,T_LUAD_vs_rest,19,svm
4075,scanpy_t-test,0.7972964396828305,0.6708860759493671,0.795,0.9754601226993865,T_LUAD_vs_rest,19,svm
4076,scanpy_t-test,0.7576467302701438,0.6147859922178989,0.7523809523809524,0.9693251533742331,T_LUAD_vs_rest,19,svm
4077,scanpy_t-test,0.7778674780429983,0.6411290322580645,0.7737226277372263,0.9754601226993865,T_LUAD_vs_rest,20,svm
4078,scanpy_t-test,0.7954763044708252,0.6680672268907563,0.7930174563591023,0.9754601226993865,T_LUAD_vs_rest,20,svm
4079,scanpy_t-test,0.7492225750875017,0.6061776061776062,0.7440758293838863,0.9631901840490797,T_LUAD_vs_rest,20,svm
4080,yomix,0.527553246946971,0.37026239067055394,0.5141700404858299,0.8410596026490066,T_LUSC_vs_rest,1,svm
4081,yomix,0.4796061469631072,0.33810888252148996,0.472,0.7814569536423841,T_LUSC_vs_rest,1,svm
4082,yomix,0.41926541057938177,0.29222520107238603,0.41603053435114506,0.7218543046357616,T_LUSC_vs_rest,1,svm
4083,yomix,0.4328552607998843,0.24027072758037224,0.38274932614555257,0.9403973509933775,T_LUSC_vs_rest,2,svm
4084,yomix,0.4696356881952757,0.2701688555347092,0.42105263157894735,0.9536423841059603,T_LUSC_vs_rest,2,svm
4085,yomix,0.47144079535384337,0.27944111776447106,0.4294478527607362,0.9271523178807947,T_LUSC_vs_rest,2,svm
4086,yomix,0.4847992377297228,0.2865731462925852,0.44,0.9470198675496688,T_LUSC_vs_rest,3,svm
4087,yomix,0.502004230072831,0.3078602620087336,0.4630541871921182,0.9337748344370861,T_LUSC_vs_rest,3,svm
4088,yomix,0.46892116765195113,0.2910284463894967,0.4375,0.8807947019867549,T_LUSC_vs_rest,3,svm
4089,yomix,0.5241011064403869,0.33098591549295775,0.48873483535528595,0.9337748344370861,T_LUSC_vs_rest,4,svm
4090,yomix,0.5388895511036962,0.3518987341772152,0.5091575091575091,0.9205298013245033,T_LUSC_vs_rest,4,svm
4091,yomix,0.4963157858027685,0.32195121951219513,0.47058823529411764,0.8741721854304636,T_LUSC_vs_rest,4,svm
4092,yomix,0.4903169182002985,0.2939958592132505,0.4479495268138801,0.9403973509933775,T_LUSC_vs_rest,5,svm
4093,yomix,0.5162492377547963,0.32265446224256294,0.47959183673469385,0.9337748344370861,T_LUSC_vs_rest,5,svm
4094,yomix,0.4970429003320158,0.32273838630806845,0.4714285714285714,0.8741721854304636,T_LUSC_vs_rest,5,svm
4095,yomix,0.4601303316356972,0.2613430127041742,0.41025641025641024,0.9536423841059603,T_LUSC_vs_rest,6,svm
4096,yomix,0.5051920221420882,0.302713987473904,0.4603174603174603,0.9602649006622517,T_LUSC_vs_rest,6,svm
4097,yomix,0.4834973972495097,0.30385487528344673,0.4527027027027027,0.8874172185430463,T_LUSC_vs_rest,6,svm
4098,yomix,0.5014407187221037,0.29896907216494845,0.4559748427672956,0.9602649006622517,T_LUSC_vs_rest,7,svm
4099,yomix,0.5371316427570608,0.3380281690140845,0.49913344887348354,0.9536423841059603,T_LUSC_vs_rest,7,svm
4100,yomix,0.503003797858363,0.3221957040572792,0.47368421052631576,0.8940397350993378,T_LUSC_vs_rest,7,svm
4101,yomix,0.5029453565452962,0.3025210084033613,0.45933014354066987,0.9536423841059603,T_LUSC_vs_rest,8,svm
4102,yomix,0.5505849916912886,0.3502415458937198,0.5132743362831859,0.9602649006622517,T_LUSC_vs_rest,8,svm
4103,yomix,0.5096010031026538,0.3316831683168317,0.4828828828828829,0.8874172185430463,T_LUSC_vs_rest,8,svm
4104,yomix,0.5236122262713141,0.3215077605321508,0.48172757475083056,0.9602649006622517,T_LUSC_vs_rest,9,svm
4105,yomix,0.5658019799239596,0.3670886075949367,0.5311355311355311,0.9602649006622517,T_LUSC_vs_rest,9,svm
4106,yomix,0.522512432294018,0.3435114503816794,0.4963235294117647,0.8940397350993378,T_LUSC_vs_rest,9,svm
4107,yomix,0.5299338355728134,0.32589285714285715,0.48747913188647746,0.9668874172185431,T_LUSC_vs_rest,10,svm
4108,yomix,0.5608861830922423,0.36159600997506236,0.5253623188405797,0.9602649006622517,T_LUSC_vs_rest,10,svm
4109,yomix,0.5232988991004021,0.34438775510204084,0.4972375690607735,0.8940397350993378,T_LUSC_vs_rest,10,svm
4110,yomix,0.5320071390226808,0.33029612756264237,0.4915254237288136,0.9602649006622517,T_LUSC_vs_rest,11,svm
4111,yomix,0.5625131033990843,0.3634085213032581,0.5272727272727272,0.9602649006622517,T_LUSC_vs_rest,11,svm
4112,yomix,0.5186220006814016,0.3391959798994975,0.4918032786885246,0.8940397350993378,T_LUSC_vs_rest,11,svm
4113,yomix,0.5529210889362315,0.35279805352798055,0.5160142348754448,0.9602649006622517,T_LUSC_vs_rest,12,svm
4114,yomix,0.5785702496490256,0.3815789473684211,0.5461393596986818,0.9602649006622517,T_LUSC_vs_rest,12,svm
4115,yomix,0.5379547626809282,0.35584415584415585,0.5111940298507462,0.9072847682119205,T_LUSC_vs_rest,12,svm
4116,yomix,0.554981376454327,0.3526570048309179,0.5168141592920354,0.9668874172185431,T_LUSC_vs_rest,13,svm
4117,yomix,0.5831309845922409,0.38421052631578945,0.5499058380414312,0.9668874172185431,T_LUSC_vs_rest,13,svm
4118,yomix,0.540022873938469,0.36074270557029176,0.5151515151515151,0.9006622516556292,T_LUSC_vs_rest,13,svm
4119,yomix,0.5584672952246218,0.3589108910891089,0.5225225225225225,0.9602649006622517,T_LUSC_vs_rest,14,svm
4120,yomix,0.5801797554026074,0.38605898123324395,0.549618320610687,0.9536423841059603,T_LUSC_vs_rest,14,svm
4121,yomix,0.5404985837651755,0.3638814016172507,0.5172413793103449,0.8940397350993378,T_LUSC_vs_rest,14,svm
4122,yomix,0.5637178416539163,0.36228287841191065,0.5270758122743683,0.9668874172185431,T_LUSC_vs_rest,15,svm
4123,yomix,0.5791611448273152,0.3875338753387534,0.55,0.9470198675496688,T_LUSC_vs_rest,15,svm
4124,yomix,0.5371178077887483,0.36,0.5133079847908745,0.8940397350993378,T_LUSC_vs_rest,15,svm
4125,yomix,0.5568688267499207,0.35714285714285715,0.5206463195691203,0.9602649006622517,T_LUSC_vs_rest,16,svm
4126,yomix,0.589313608628602,0.39402173913043476,0.558766859344894,0.9602649006622517,T_LUSC_vs_rest,16,svm
4127,yomix,0.5325308872583854,0.35733333333333334,0.5095057034220533,0.8874172185430463,T_LUSC_vs_rest,16,svm
4128,yomix,0.5740095147058103,0.37894736842105264,0.5423728813559322,0.9536423841059603,T_LUSC_vs_rest,17,svm
4129,yomix,0.6046288177298952,0.414985590778098,0.5783132530120482,0.9536423841059603,T_LUSC_vs_rest,17,svm
4130,yomix,0.5554646753973835,0.3813559322033898,0.5346534653465347,0.8940397350993378,T_LUSC_vs_rest,17,svm
4131,yomix,0.5776968306346248,0.3805774278215223,0.5451127819548872,0.9602649006622517,T_LUSC_vs_rest,18,svm
4132,yomix,0.6205890955291555,0.43154761904761907,0.5954825462012321,0.9602649006622517,T_LUSC_vs_rest,18,svm
4133,yomix,0.5875910883969774,0.4057971014492754,0.5645161290322581,0.9271523178807947,T_LUSC_vs_rest,18,svm
4134,yomix,0.584898098283291,0.3862433862433862,0.5519848771266541,0.9668874172185431,T_LUSC_vs_rest,19,svm
4135,yomix,0.6185110247970919,0.4289940828402367,0.5930470347648262,0.9602649006622517,T_LUSC_vs_rest,19,svm
4136,yomix,0.58372542673778,0.40114613180515757,0.56,0.9271523178807947,T_LUSC_vs_rest,19,svm
4137,yomix,0.5798550630631617,0.37789203084832906,0.5444444444444444,0.9735099337748344,T_LUSC_vs_rest,20,svm
4138,yomix,0.6066177758380128,0.41739130434782606,0.5806451612903226,0.9536423841059603,T_LUSC_vs_rest,20,svm
4139,yomix,0.5827688806963167,0.4,0.5588822355289421,0.9271523178807947,T_LUSC_vs_rest,20,svm
4140,cosg,0.347925514646562,0.527027027027027,0.3466666666666667,0.2582781456953642,T_LUSC_vs_rest,1,svm
4141,cosg,0.4126257867280944,0.7090909090909091,0.3786407766990291,0.2582781456953642,T_LUSC_vs_rest,1,svm
4142,cosg,0.38909793462432923,0.639344262295082,0.36792452830188677,0.2582781456953642,T_LUSC_vs_rest,1,svm
4143,cosg,0.32057285725804485,0.449438202247191,0.3333333333333333,0.26490066225165565,T_LUSC_vs_rest,2,svm
4144,cosg,0.4231528147593818,0.6388888888888888,0.4125560538116592,0.304635761589404,T_LUSC_vs_rest,2,svm
4145,cosg,0.398351734779471,0.575,0.39826839826839827,0.304635761589404,T_LUSC_vs_rest,2,svm
4146,cosg,0.3838206433526894,0.4338235294117647,0.41114982578397213,0.39072847682119205,T_LUSC_vs_rest,3,svm
4147,cosg,0.38460264574319974,0.48598130841121495,0.40310077519379844,0.3443708609271523,T_LUSC_vs_rest,3,svm
4148,cosg,0.40546542294038956,0.5142857142857142,0.421875,0.3576158940397351,T_LUSC_vs_rest,3,svm
4149,cosg,0.3792099572058559,0.3305439330543933,0.40512820512820513,0.5231788079470199,T_LUSC_vs_rest,4,svm
4150,cosg,0.3843482100568732,0.3452914798206278,0.4117647058823529,0.5099337748344371,T_LUSC_vs_rest,4,svm
4151,cosg,0.38482038012314834,0.33472803347280333,0.41025641025641024,0.5298013245033113,T_LUSC_vs_rest,4,svm
4152,cosg,0.40424328646634966,0.305993690851735,0.41452991452991456,0.6423841059602649,T_LUSC_vs_rest,5,svm
4153,cosg,0.43161515184913674,0.32792207792207795,0.4400871459694989,0.6688741721854304,T_LUSC_vs_rest,5,svm
4154,cosg,0.4157584238885329,0.3142857142857143,0.4248927038626609,0.6556291390728477,T_LUSC_vs_rest,5,svm
4155,cosg,0.41646063544586187,0.2891246684350133,0.4128787878787879,0.7218543046357616,T_LUSC_vs_rest,6,svm
4156,cosg,0.43532630284934043,0.31563421828908556,0.43673469387755104,0.7086092715231788,T_LUSC_vs_rest,6,svm
4157,cosg,0.4418861078470689,0.3261538461538461,0.44537815126050423,0.7019867549668874,T_LUSC_vs_rest,6,svm
4158,cosg,0.4313501197514395,0.3008130081300813,0.4269230769230769,0.7350993377483444,T_LUSC_vs_rest,7,svm
4159,cosg,0.43950399761231956,0.32608695652173914,0.4439746300211416,0.695364238410596,T_LUSC_vs_rest,7,svm
4160,cosg,0.4330282696077302,0.3238993710691824,0.43923240938166314,0.6821192052980133,T_LUSC_vs_rest,7,svm
4161,cosg,0.4274547537900035,0.29891304347826086,0.4238921001926782,0.7284768211920529,T_LUSC_vs_rest,8,svm
4162,cosg,0.4516532015471369,0.3323076923076923,0.453781512605042,0.7152317880794702,T_LUSC_vs_rest,8,svm
4163,cosg,0.4403450217267715,0.32710280373831774,0.4449152542372881,0.695364238410596,T_LUSC_vs_rest,8,svm
4164,cosg,0.558047010348497,0.3609022556390977,0.5236363636363637,0.9536423841059603,T_LUSC_vs_rest,9,svm
4165,cosg,0.5433993337287272,0.3646112600536193,0.5190839694656488,0.9006622516556292,T_LUSC_vs_rest,9,svm
4166,cosg,0.5149188488125549,0.33753148614609574,0.48905109489051096,0.8874172185430463,T_LUSC_vs_rest,9,svm
4167,cosg,0.5375236351600876,0.35789473684210527,0.512241054613936,0.9006622516556292,T_LUSC_vs_rest,10,svm
4168,cosg,0.5558340567351012,0.37637362637362637,0.5320388349514563,0.9072847682119205,T_LUSC_vs_rest,10,svm
4169,cosg,0.5123257157906345,0.34203655352480417,0.49063670411985016,0.8675496688741722,T_LUSC_vs_rest,10,svm
4170,cosg,0.5326079054316386,0.35233160621761656,0.5065176908752328,0.9006622516556292,T_LUSC_vs_rest,11,svm
4171,cosg,0.5613739500473816,0.38016528925619836,0.5369649805447471,0.9139072847682119,T_LUSC_vs_rest,11,svm
4172,cosg,0.5082579355626171,0.3350253807106599,0.48440366972477067,0.8741721854304636,T_LUSC_vs_rest,11,svm
4173,cosg,0.5373958374021733,0.34299516908212563,0.5026548672566372,0.9403973509933775,T_LUSC_vs_rest,12,svm
4174,cosg,0.5494333587224437,0.37158469945355194,0.5261121856866537,0.9006622516556292,T_LUSC_vs_rest,12,svm
4175,cosg,0.51040485024749,0.3449197860962567,0.49142857142857144,0.8543046357615894,T_LUSC_vs_rest,12,svm
4176,cosg,0.5366359684397546,0.3421686746987952,0.5017667844522968,0.9403973509933775,T_LUSC_vs_rest,13,svm
4177,cosg,0.5459655239997973,0.3675675675675676,0.5220729366602687,0.9006622516556292,T_LUSC_vs_rest,13,svm
4178,cosg,0.5187701256672966,0.34933333333333333,0.49809885931558934,0.8675496688741722,T_LUSC_vs_rest,13,svm
4179,cosg,0.53287507553522,0.3380952380952381,0.4973730297723292,0.9403973509933775,T_LUSC_vs_rest,14,svm
4180,cosg,0.5424898614409357,0.35844155844155845,0.5149253731343284,0.9139072847682119,T_LUSC_vs_rest,14,svm
4181,cosg,0.5171409779213195,0.34748010610079577,0.4962121212121212,0.8675496688741722,T_LUSC_vs_rest,14,svm
4182,cosg,0.5368153299504113,0.34474327628361856,0.5035714285714286,0.9337748344370861,T_LUSC_vs_rest,15,svm
4183,cosg,0.5334196639209207,0.35324675324675325,0.5074626865671642,0.9006622516556292,T_LUSC_vs_rest,15,svm
4184,cosg,0.5179540248571606,0.3484042553191489,0.4971537001897533,0.8675496688741722,T_LUSC_vs_rest,15,svm
4185,cosg,0.5307410326379678,0.3381294964028777,0.4964788732394366,0.9337748344370861,T_LUSC_vs_rest,16,svm
4186,cosg,0.5466451050465183,0.3631578947368421,0.519774011299435,0.9139072847682119,T_LUSC_vs_rest,16,svm
4187,cosg,0.5085704392997326,0.3403141361256545,0.4878048780487805,0.8609271523178808,T_LUSC_vs_rest,16,svm
4188,cosg,0.5337574021159697,0.3414043583535109,0.5,0.9337748344370861,T_LUSC_vs_rest,17,svm
4189,cosg,0.5508785693798369,0.368,0.5247148288973384,0.9139072847682119,T_LUSC_vs_rest,17,svm
4190,cosg,0.5085704392997326,0.3403141361256545,0.4878048780487805,0.8609271523178808,T_LUSC_vs_rest,17,svm
4191,cosg,0.5360468968482722,0.3439024390243902,0.5026737967914439,0.9337748344370861,T_LUSC_vs_rest,18,svm
4192,cosg,0.5491756323453288,0.3660477453580902,0.5227272727272727,0.9139072847682119,T_LUSC_vs_rest,18,svm
4193,cosg,0.5117598225422335,0.3439153439153439,0.4914933837429111,0.8609271523178808,T_LUSC_vs_rest,18,svm
4194,cosg,0.5307410326379678,0.3381294964028777,0.4964788732394366,0.9337748344370861,T_LUSC_vs_rest,19,svm
4195,cosg,0.5503634446504813,0.3648293963254593,0.5225563909774437,0.9205298013245033,T_LUSC_vs_rest,19,svm
4196,cosg,0.5222216859434158,0.3481675392670157,0.49906191369606,0.8807947019867549,T_LUSC_vs_rest,19,svm
4197,cosg,0.5299933177722469,0.3373205741626794,0.4956063268892794,0.9337748344370861,T_LUSC_vs_rest,20,svm
4198,cosg,0.5453740961103135,0.35917312661498707,0.516728624535316,0.9205298013245033,T_LUSC_vs_rest,20,svm
4199,cosg,0.5292217481100788,0.35356200527704484,0.5056603773584906,0.8874172185430463,T_LUSC_vs_rest,20,svm
4200,scanpy_wilcoxon,0.527553246946971,0.37026239067055394,0.5141700404858299,0.8410596026490066,T_LUSC_vs_rest,1,svm
4201,scanpy_wilcoxon,0.4796061469631072,0.33810888252148996,0.472,0.7814569536423841,T_LUSC_vs_rest,1,svm
4202,scanpy_wilcoxon,0.41926541057938177,0.29222520107238603,0.41603053435114506,0.7218543046357616,T_LUSC_vs_rest,1,svm
4203,scanpy_wilcoxon,0.4778233145278975,0.28174603174603174,0.433587786259542,0.9403973509933775,T_LUSC_vs_rest,2,svm
4204,scanpy_wilcoxon,0.49971498329451236,0.3034188034188034,0.4588045234248788,0.9403973509933775,T_LUSC_vs_rest,2,svm
4205,scanpy_wilcoxon,0.4526354095072726,0.27479338842975204,0.4188976377952756,0.8807947019867549,T_LUSC_vs_rest,2,svm
4206,scanpy_wilcoxon,0.4847992377297228,0.2865731462925852,0.44,0.9470198675496688,T_LUSC_vs_rest,3,svm
4207,scanpy_wilcoxon,0.502004230072831,0.3078602620087336,0.4630541871921182,0.9337748344370861,T_LUSC_vs_rest,3,svm
4208,scanpy_wilcoxon,0.46892116765195113,0.2910284463894967,0.4375,0.8807947019867549,T_LUSC_vs_rest,3,svm
4209,scanpy_wilcoxon,0.48538903921530924,0.28714859437751006,0.4406779661016949,0.9470198675496688,T_LUSC_vs_rest,4,svm
4210,scanpy_wilcoxon,0.49130677192703387,0.3032967032967033,0.45544554455445546,0.9139072847682119,T_LUSC_vs_rest,4,svm
4211,scanpy_wilcoxon,0.46892116765195113,0.2910284463894967,0.4375,0.8807947019867549,T_LUSC_vs_rest,4,svm
4212,scanpy_wilcoxon,0.48706095452950304,0.28487229862475444,0.4393939393939394,0.9602649006622517,T_LUSC_vs_rest,5,svm
4213,scanpy_wilcoxon,0.49874706742278896,0.3045356371490281,0.4592833876221498,0.9337748344370861,T_LUSC_vs_rest,5,svm
4214,scanpy_wilcoxon,0.4841621803635329,0.30454545454545456,0.45346869712351945,0.8874172185430463,T_LUSC_vs_rest,5,svm
4215,scanpy_wilcoxon,0.47305438198659344,0.27153558052434457,0.4233576642335766,0.9602649006622517,T_LUSC_vs_rest,6,svm
4216,scanpy_wilcoxon,0.4969191899001069,0.2985386221294363,0.45396825396825397,0.9470198675496688,T_LUSC_vs_rest,6,svm
4217,scanpy_wilcoxon,0.4756805286606178,0.2958057395143488,0.44370860927152317,0.8874172185430463,T_LUSC_vs_rest,6,svm
4218,scanpy_wilcoxon,0.4679493249978646,0.26497277676951,0.41595441595441596,0.9668874172185431,T_LUSC_vs_rest,7,svm
4219,scanpy_wilcoxon,0.4944392436177284,0.29606625258799174,0.45110410094637227,0.9470198675496688,T_LUSC_vs_rest,7,svm
4220,scanpy_wilcoxon,0.4841621803635329,0.30454545454545456,0.45346869712351945,0.8874172185430463,T_LUSC_vs_rest,7,svm
4221,scanpy_wilcoxon,0.48022108570036115,0.2783109404990403,0.43154761904761907,0.9602649006622517,T_LUSC_vs_rest,8,svm
4222,scanpy_wilcoxon,0.5039825451524854,0.3098901098901099,0.46534653465346537,0.9337748344370861,T_LUSC_vs_rest,8,svm
4223,scanpy_wilcoxon,0.4759341458608346,0.302540415704388,0.4486301369863014,0.8675496688741722,T_LUSC_vs_rest,8,svm
4224,scanpy_wilcoxon,0.49402905161757366,0.2896825396825397,0.44580152671755724,0.9668874172185431,T_LUSC_vs_rest,9,svm
4225,scanpy_wilcoxon,0.5226523862887397,0.3294392523364486,0.48704663212435234,0.9337748344370861,T_LUSC_vs_rest,9,svm
4226,scanpy_wilcoxon,0.4804393922600069,0.30952380952380953,0.4553415061295972,0.8609271523178808,T_LUSC_vs_rest,9,svm
4227,scanpy_wilcoxon,0.49353139269233864,0.29116465863453816,0.44684129429892144,0.9602649006622517,T_LUSC_vs_rest,10,svm
4228,scanpy_wilcoxon,0.513104307604574,0.31497797356828194,0.4727272727272727,0.9470198675496688,T_LUSC_vs_rest,10,svm
4229,scanpy_wilcoxon,0.508105366018109,0.33004926108374383,0.48114901256732495,0.8874172185430463,T_LUSC_vs_rest,10,svm
4230,scanpy_wilcoxon,0.5059433010778412,0.29938900203665986,0.45794392523364486,0.9735099337748344,T_LUSC_vs_rest,11,svm
4231,scanpy_wilcoxon,0.5498116192596522,0.3493975903614458,0.5123674911660777,0.9602649006622517,T_LUSC_vs_rest,11,svm
4232,scanpy_wilcoxon,0.5037676532610139,0.33248730964467005,0.48073394495412847,0.8675496688741722,T_LUSC_vs_rest,11,svm
4233,scanpy_wilcoxon,0.571121887785061,0.37055837563451777,0.5357798165137615,0.9668874172185431,T_LUSC_vs_rest,12,svm
4234,scanpy_wilcoxon,0.6193041181506784,0.44200626959247646,0.6,0.9337748344370861,T_LUSC_vs_rest,12,svm
4235,scanpy_wilcoxon,0.594683831713919,0.4263322884012539,0.5787234042553191,0.9006622516556292,T_LUSC_vs_rest,12,svm
4236,scanpy_wilcoxon,0.5666316054834578,0.3680203045685279,0.5321100917431193,0.9602649006622517,T_LUSC_vs_rest,13,svm
4237,scanpy_wilcoxon,0.622617166122168,0.4462025316455696,0.6038543897216274,0.9337748344370861,T_LUSC_vs_rest,13,svm
4238,scanpy_wilcoxon,0.5884005953570919,0.42765273311897106,0.5757575757575758,0.8807947019867549,T_LUSC_vs_rest,13,svm
4239,scanpy_wilcoxon,0.5661595125944697,0.365,0.52994555353902,0.9668874172185431,T_LUSC_vs_rest,14,svm
4240,scanpy_wilcoxon,0.6113302345513197,0.42900302114803623,0.5892116182572614,0.9403973509933775,T_LUSC_vs_rest,14,svm
4241,scanpy_wilcoxon,0.5989728595447726,0.43174603174603177,0.5836909871244635,0.9006622516556292,T_LUSC_vs_rest,14,svm
4242,scanpy_wilcoxon,0.5761930035809335,0.37628865979381443,0.5417439703153989,0.9668874172185431,T_LUSC_vs_rest,15,svm
4243,scanpy_wilcoxon,0.6102857084828799,0.42771084337349397,0.587991718426501,0.9403973509933775,T_LUSC_vs_rest,15,svm
4244,scanpy_wilcoxon,0.5983605709703322,0.4340836012861736,0.5844155844155844,0.8940397350993378,T_LUSC_vs_rest,15,svm
4245,scanpy_wilcoxon,0.584898098283291,0.3862433862433862,0.5519848771266541,0.9668874172185431,T_LUSC_vs_rest,16,svm
4246,scanpy_wilcoxon,0.6487887184731808,0.4735099337748344,0.6313465783664459,0.9470198675496688,T_LUSC_vs_rest,16,svm
4247,scanpy_wilcoxon,0.5994579317300551,0.43548387096774194,0.5856832971800434,0.8940397350993378,T_LUSC_vs_rest,16,svm
4248,scanpy_wilcoxon,0.585786665972768,0.38726790450928383,0.553030303030303,0.9668874172185431,T_LUSC_vs_rest,17,svm
4249,scanpy_wilcoxon,0.6487887184731808,0.4735099337748344,0.6313465783664459,0.9470198675496688,T_LUSC_vs_rest,17,svm
4250,scanpy_wilcoxon,0.5994579317300551,0.43548387096774194,0.5856832971800434,0.8940397350993378,T_LUSC_vs_rest,17,svm
4251,scanpy_wilcoxon,0.5831309845922409,0.38421052631578945,0.5499058380414312,0.9668874172185431,T_LUSC_vs_rest,18,svm
4252,scanpy_wilcoxon,0.6487887184731808,0.4735099337748344,0.6313465783664459,0.9470198675496688,T_LUSC_vs_rest,18,svm
4253,scanpy_wilcoxon,0.5929485554196331,0.4272151898734177,0.5781584582441114,0.8940397350993378,T_LUSC_vs_rest,18,svm
4254,scanpy_wilcoxon,0.5875739336227401,0.3893333333333333,0.5551330798479087,0.9668874172185431,T_LUSC_vs_rest,19,svm
4255,scanpy_wilcoxon,0.6487887184731808,0.4735099337748344,0.6313465783664459,0.9470198675496688,T_LUSC_vs_rest,19,svm
4256,scanpy_wilcoxon,0.58694300555018,0.4227129337539432,0.5726495726495726,0.8874172185430463,T_LUSC_vs_rest,19,svm
4257,scanpy_wilcoxon,0.5948614448296466,0.3978201634877384,0.5637065637065637,0.9668874172185431,T_LUSC_vs_rest,20,svm
4258,scanpy_wilcoxon,0.6463968264190562,0.47039473684210525,0.6285714285714286,0.9470198675496688,T_LUSC_vs_rest,20,svm
4259,scanpy_wilcoxon,0.5940211180405499,0.42857142857142855,0.5793991416309013,0.8940397350993378,T_LUSC_vs_rest,20,svm
4260,scanpy_t-test,0.39792605945105247,0.22131147540983606,0.354796320630749,0.8940397350993378,T_LUSC_vs_rest,1,svm
4261,scanpy_t-test,0.42057531080315064,0.24107142857142858,0.379746835443038,0.8940397350993378,T_LUSC_vs_rest,1,svm
4262,scanpy_t-test,0.419567497591383,0.24358974358974358,0.381635581061693,0.8807947019867549,T_LUSC_vs_rest,1,svm
4263,scanpy_t-test,0.3987832640688882,0.22203947368421054,0.3557312252964427,0.8940397350993378,T_LUSC_vs_rest,2,svm
4264,scanpy_t-test,0.4244545636118878,0.24456521739130435,0.3840682788051209,0.8940397350993378,T_LUSC_vs_rest,2,svm
4265,scanpy_t-test,0.4230374390504032,0.24675324675324675,0.3855072463768116,0.8807947019867549,T_LUSC_vs_rest,2,svm
4266,scanpy_t-test,0.428361265385783,0.2463768115942029,0.3869132290184922,0.9006622516556292,T_LUSC_vs_rest,3,svm
4267,scanpy_t-test,0.45147920555879456,0.2736625514403292,0.4175824175824176,0.8807947019867549,T_LUSC_vs_rest,3,svm
4268,scanpy_t-test,0.45198480231355614,0.2781316348195329,0.4212218649517685,0.8675496688741722,T_LUSC_vs_rest,3,svm
4269,scanpy_t-test,0.436673351549195,0.25045372050816694,0.39316239316239315,0.9139072847682119,T_LUSC_vs_rest,4,svm
4270,scanpy_t-test,0.4520564843686627,0.27422680412371137,0.41823899371069184,0.8807947019867549,T_LUSC_vs_rest,4,svm
4271,scanpy_t-test,0.4573271076837843,0.27941176470588236,0.42424242424242425,0.8807947019867549,T_LUSC_vs_rest,4,svm
4272,scanpy_t-test,0.4351810082880328,0.2490974729241877,0.39148936170212767,0.9139072847682119,T_LUSC_vs_rest,5,svm
4273,scanpy_t-test,0.45617183723144944,0.27628865979381445,0.42138364779874216,0.8874172185430463,T_LUSC_vs_rest,5,svm
4274,scanpy_t-test,0.45792123833081044,0.28,0.4249201277955272,0.8807947019867549,T_LUSC_vs_rest,5,svm
4275,scanpy_t-test,0.4351810082880328,0.2490974729241877,0.39148936170212767,0.9139072847682119,T_LUSC_vs_rest,6,svm
4276,scanpy_t-test,0.45617183723144944,0.27628865979381445,0.42138364779874216,0.8874172185430463,T_LUSC_vs_rest,6,svm
4277,scanpy_t-test,0.45792123833081044,0.28,0.4249201277955272,0.8807947019867549,T_LUSC_vs_rest,6,svm
4278,scanpy_t-test,0.4351810082880328,0.2490974729241877,0.39148936170212767,0.9139072847682119,T_LUSC_vs_rest,7,svm
4279,scanpy_t-test,0.4550119928487902,0.2751540041067762,0.4200626959247649,0.8874172185430463,T_LUSC_vs_rest,7,svm
4280,scanpy_t-test,0.4573271076837843,0.27941176470588236,0.42424242424242425,0.8807947019867549,T_LUSC_vs_rest,7,svm
4281,scanpy_t-test,0.43271820984619036,0.24686940966010734,0.38873239436619716,0.9139072847682119,T_LUSC_vs_rest,8,svm
4282,scanpy_t-test,0.45792406250739054,0.27800829875518673,0.42338072669826227,0.8874172185430463,T_LUSC_vs_rest,8,svm
4283,scanpy_t-test,0.45792123833081044,0.28,0.4249201277955272,0.8807947019867549,T_LUSC_vs_rest,8,svm
4284,scanpy_t-test,0.43320835095270377,0.24731182795698925,0.38928067700987307,0.9139072847682119,T_LUSC_vs_rest,9,svm
4285,scanpy_t-test,0.4591006187342851,0.2791666666666667,0.4247226624405705,0.8874172185430463,T_LUSC_vs_rest,9,svm
4286,scanpy_t-test,0.4603820961263511,0.28448275862068967,0.4292682926829268,0.8741721854304636,T_LUSC_vs_rest,9,svm
4287,scanpy_t-test,0.4351810082880328,0.2490974729241877,0.39148936170212767,0.9139072847682119,T_LUSC_vs_rest,10,svm
4288,scanpy_t-test,0.4561440118048067,0.27824267782426776,0.42289348171701113,0.8807947019867549,T_LUSC_vs_rest,10,svm
4289,scanpy_t-test,0.46457314573909664,0.28663793103448276,0.432520325203252,0.8807947019867549,T_LUSC_vs_rest,10,svm
4290,scanpy_t-test,0.438087858880982,0.25,0.3932107496463932,0.9205298013245033,T_LUSC_vs_rest,11,svm
4291,scanpy_t-test,0.45555502869020015,0.2776617954070981,0.4222222222222222,0.8807947019867549,T_LUSC_vs_rest,11,svm
4292,scanpy_t-test,0.4681467472343918,0.28817204301075267,0.43506493506493504,0.8874172185430463,T_LUSC_vs_rest,11,svm
4293,scanpy_t-test,0.4361139194330955,0.24821428571428572,0.3909985935302391,0.9205298013245033,T_LUSC_vs_rest,12,svm
4294,scanpy_t-test,0.45792406250739054,0.27800829875518673,0.42338072669826227,0.8874172185430463,T_LUSC_vs_rest,12,svm
4295,scanpy_t-test,0.4682943779192772,0.2903930131004367,0.4367816091954023,0.8807947019867549,T_LUSC_vs_rest,12,svm
4296,scanpy_t-test,0.42545201720944653,0.2420494699646643,0.3821478382147838,0.9072847682119205,T_LUSC_vs_rest,13,svm
4297,scanpy_t-test,0.459702974694265,0.2777777777777778,0.423861852433281,0.8940397350993378,T_LUSC_vs_rest,13,svm
4298,scanpy_t-test,0.45198480231355614,0.2781316348195329,0.4212218649517685,0.8675496688741722,T_LUSC_vs_rest,13,svm
4299,scanpy_t-test,0.43028537646200515,0.24468085106382978,0.386013986013986,0.9139072847682119,T_LUSC_vs_rest,14,svm
4300,scanpy_t-test,0.46087307575834935,0.27892561983471076,0.4251968503937008,0.8940397350993378,T_LUSC_vs_rest,14,svm
4301,scanpy_t-test,0.45555251719967144,0.2796610169491525,0.42375601926163725,0.8741721854304636,T_LUSC_vs_rest,14,svm
4302,scanpy_t-test,0.4336734924241831,0.24601769911504426,0.388268156424581,0.9205298013245033,T_LUSC_vs_rest,15,svm
4303,scanpy_t-test,0.4550119928487902,0.2751540041067762,0.4200626959247649,0.8874172185430463,T_LUSC_vs_rest,15,svm
4304,scanpy_t-test,0.45792123833081044,0.28,0.4249201277955272,0.8807947019867549,T_LUSC_vs_rest,15,svm
4305,scanpy_t-test,0.43318895383965356,0.24558303886925795,0.3877266387726639,0.9205298013245033,T_LUSC_vs_rest,16,svm
4306,scanpy_t-test,0.4544345369893905,0.27459016393442626,0.4194053208137715,0.8874172185430463,T_LUSC_vs_rest,16,svm
4307,scanpy_t-test,0.457350237788062,0.2814498933901919,0.4258064516129032,0.8741721854304636,T_LUSC_vs_rest,16,svm
4308,scanpy_t-test,0.4611651256646591,0.26229508196721313,0.4114285714285714,0.9536423841059603,T_LUSC_vs_rest,17,svm
4309,scanpy_t-test,0.4832875722461674,0.2910602910602911,0.4430379746835443,0.9271523178807947,T_LUSC_vs_rest,17,svm
4310,scanpy_t-test,0.481762325516255,0.2936170212765957,0.4444444444444444,0.9139072847682119,T_LUSC_vs_rest,17,svm
4311,scanpy_t-test,0.46588706179345024,0.26666666666666666,0.41678726483357453,0.9536423841059603,T_LUSC_vs_rest,18,svm
4312,scanpy_t-test,0.4869761686020854,0.29473684210526313,0.4472843450479233,0.9271523178807947,T_LUSC_vs_rest,18,svm
4313,scanpy_t-test,0.48157384673885417,0.2975929978118162,0.4473684210526316,0.9006622516556292,T_LUSC_vs_rest,18,svm
4314,scanpy_t-test,0.46588706179345024,0.26666666666666666,0.41678726483357453,0.9536423841059603,T_LUSC_vs_rest,19,svm
4315,scanpy_t-test,0.4846833852676175,0.2944915254237288,0.4462279293739968,0.9205298013245033,T_LUSC_vs_rest,19,svm
4316,scanpy_t-test,0.4841465524348999,0.30022075055187636,0.4503311258278146,0.9006622516556292,T_LUSC_vs_rest,19,svm
4317,scanpy_t-test,0.4647799720979574,0.27115384615384613,0.4202682563338301,0.9337748344370861,T_LUSC_vs_rest,20,svm
4318,scanpy_t-test,0.4860969734772947,0.3022222222222222,0.4525790349417637,0.9006622516556292,T_LUSC_vs_rest,20,svm
4319,scanpy_t-test,0.5052231994290481,0.3222748815165877,0.47469458987783597,0.9006622516556292,T_LUSC_vs_rest,20,svm
4320,yomix,0.3093289758536172,0.12727272727272726,0.2198952879581152,0.8076923076923077,T_MESO_vs_rest,1,svm
4321,yomix,0.31654156541485434,0.11650485436893204,0.20689655172413793,0.9230769230769231,T_MESO_vs_rest,1,svm
4322,yomix,0.32614098842276257,0.13414634146341464,0.23157894736842105,0.8461538461538461,T_MESO_vs_rest,1,svm
4323,yomix,0.510772187623123,0.2891566265060241,0.44036697247706424,0.9230769230769231,T_MESO_vs_rest,2,svm
4324,yomix,0.48653512665744575,0.24299065420560748,0.39097744360902253,1.0,T_MESO_vs_rest,2,svm
4325,yomix,0.4699060100133412,0.2682926829268293,0.4074074074074074,0.8461538461538461,T_MESO_vs_rest,2,svm
4326,yomix,0.7494522115444029,0.6388888888888888,0.7419354838709677,0.8846153846153846,T_MESO_vs_rest,3,svm
4327,yomix,0.5289557276815128,0.2857142857142857,0.4444444444444444,1.0,T_MESO_vs_rest,3,svm
4328,yomix,0.5719127984979462,0.39285714285714285,0.5365853658536586,0.8461538461538461,T_MESO_vs_rest,3,svm
4329,yomix,0.6847713094957426,0.5348837209302325,0.6666666666666666,0.8846153846153846,T_MESO_vs_rest,4,svm
4330,yomix,0.5688176367800724,0.3291139240506329,0.49523809523809526,1.0,T_MESO_vs_rest,4,svm
4331,yomix,0.5719127984979462,0.39285714285714285,0.5365853658536586,0.8461538461538461,T_MESO_vs_rest,4,svm
4332,yomix,0.6768078544678218,0.5227272727272727,0.6571428571428571,0.8846153846153846,T_MESO_vs_rest,5,svm
4333,yomix,0.5841675501966834,0.3466666666666667,0.5148514851485149,1.0,T_MESO_vs_rest,5,svm
4334,yomix,0.612344361350349,0.4489795918367347,0.5866666666666667,0.8461538461538461,T_MESO_vs_rest,5,svm
4335,yomix,0.7602369092148793,0.6571428571428571,0.7540983606557377,0.8846153846153846,T_MESO_vs_rest,6,svm
4336,yomix,0.6188601087317209,0.3880597014925373,0.5591397849462365,1.0,T_MESO_vs_rest,6,svm
4337,yomix,0.6188261918310807,0.4583333333333333,0.5945945945945946,0.8461538461538461,T_MESO_vs_rest,6,svm
4338,yomix,0.7714916970966037,0.6764705882352942,0.7666666666666667,0.8846153846153846,T_MESO_vs_rest,7,svm
4339,yomix,0.6188601087317209,0.3880597014925373,0.5591397849462365,1.0,T_MESO_vs_rest,7,svm
4340,yomix,0.6060565899414744,0.44,0.5789473684210527,0.8461538461538461,T_MESO_vs_rest,7,svm
4341,yomix,0.7832518919936347,0.696969696969697,0.7796610169491526,0.8846153846153846,T_MESO_vs_rest,8,svm
4342,yomix,0.6400122145530238,0.43103448275862066,0.5952380952380952,0.9615384615384616,T_MESO_vs_rest,8,svm
4343,yomix,0.5999533302807292,0.43137254901960786,0.5714285714285714,0.8461538461538461,T_MESO_vs_rest,8,svm
4344,yomix,0.7494522115444029,0.6388888888888888,0.7419354838709677,0.8846153846153846,T_MESO_vs_rest,9,svm
4345,yomix,0.594542695146966,0.373134328358209,0.5376344086021505,0.9615384615384616,T_MESO_vs_rest,9,svm
4346,yomix,0.612344361350349,0.4489795918367347,0.5866666666666667,0.8461538461538461,T_MESO_vs_rest,9,svm
4347,yomix,0.6277536874983961,0.45098039215686275,0.5974025974025974,0.8846153846153846,T_MESO_vs_rest,10,svm
4348,yomix,0.5884936192252284,0.38095238095238093,0.5393258426966292,0.9230769230769231,T_MESO_vs_rest,10,svm
4349,yomix,0.612344361350349,0.4489795918367347,0.5866666666666667,0.8461538461538461,T_MESO_vs_rest,10,svm
4350,yomix,0.6406972893125102,0.46938775510204084,0.6133333333333333,0.8846153846153846,T_MESO_vs_rest,11,svm
4351,yomix,0.5884936192252284,0.38095238095238093,0.5393258426966292,0.9230769230769231,T_MESO_vs_rest,11,svm
4352,yomix,0.612344361350349,0.4489795918367347,0.5866666666666667,0.8461538461538461,T_MESO_vs_rest,11,svm
4353,yomix,0.6341290644455438,0.46,0.6052631578947368,0.8846153846153846,T_MESO_vs_rest,12,svm
4354,yomix,0.5982889936093696,0.39344262295081966,0.5517241379310345,0.9230769230769231,T_MESO_vs_rest,12,svm
4355,yomix,0.6060565899414744,0.44,0.5789473684210527,0.8461538461538461,T_MESO_vs_rest,12,svm
4356,yomix,0.661662614712764,0.5,0.6388888888888888,0.8846153846153846,T_MESO_vs_rest,13,svm
4357,yomix,0.6033679103159655,0.4,0.5581395348837209,0.9230769230769231,T_MESO_vs_rest,13,svm
4358,yomix,0.5999533302807292,0.43137254901960786,0.5714285714285714,0.8461538461538461,T_MESO_vs_rest,13,svm
4359,yomix,0.661662614712764,0.5,0.6388888888888888,0.8846153846153846,T_MESO_vs_rest,14,svm
4360,yomix,0.5982889936093696,0.39344262295081966,0.5517241379310345,0.9230769230769231,T_MESO_vs_rest,14,svm
4361,yomix,0.5940256804243599,0.4230769230769231,0.5641025641025641,0.8461538461538461,T_MESO_vs_rest,14,svm
4362,yomix,0.6847713094957426,0.5348837209302325,0.6666666666666666,0.8846153846153846,T_MESO_vs_rest,15,svm
4363,yomix,0.5014979154319631,0.27906976744186046,0.42857142857142855,0.9230769230769231,T_MESO_vs_rest,15,svm
4364,yomix,0.6790819631924639,0.55,0.6666666666666666,0.8461538461538461,T_MESO_vs_rest,15,svm
4365,yomix,0.6847713094957426,0.5348837209302325,0.6666666666666666,0.8846153846153846,T_MESO_vs_rest,16,svm
4366,yomix,0.5611538749118076,0.3333333333333333,0.49504950495049505,0.9615384615384616,T_MESO_vs_rest,16,svm
4367,yomix,0.6706023071309394,0.5365853658536586,0.6567164179104478,0.8461538461538461,T_MESO_vs_rest,16,svm
4368,yomix,0.6847713094957426,0.5348837209302325,0.6666666666666666,0.8846153846153846,T_MESO_vs_rest,17,svm
4369,yomix,0.5730262176123755,0.3472222222222222,0.5102040816326531,0.9615384615384616,T_MESO_vs_rest,17,svm
4370,yomix,0.6706023071309394,0.5365853658536586,0.6567164179104478,0.8461538461538461,T_MESO_vs_rest,17,svm
4371,yomix,0.6847713094957426,0.5348837209302325,0.6666666666666666,0.8846153846153846,T_MESO_vs_rest,18,svm
4372,yomix,0.5730262176123755,0.3472222222222222,0.5102040816326531,0.9615384615384616,T_MESO_vs_rest,18,svm
4373,yomix,0.6706023071309394,0.5365853658536586,0.6567164179104478,0.8461538461538461,T_MESO_vs_rest,18,svm
4374,yomix,0.6847713094957426,0.5348837209302325,0.6666666666666666,0.8846153846153846,T_MESO_vs_rest,19,svm
4375,yomix,0.5689882391146858,0.3424657534246575,0.5050505050505051,0.9615384615384616,T_MESO_vs_rest,19,svm
4376,yomix,0.6878837767073857,0.5641025641025641,0.676923076923077,0.8461538461538461,T_MESO_vs_rest,19,svm
4377,yomix,0.6040035093393573,0.41818181818181815,0.5679012345679012,0.8846153846153846,T_MESO_vs_rest,20,svm
4378,yomix,0.6400122145530238,0.43103448275862066,0.5952380952380952,0.9615384615384616,T_MESO_vs_rest,20,svm
4379,yomix,0.6878837767073857,0.5641025641025641,0.676923076923077,0.8461538461538461,T_MESO_vs_rest,20,svm
4380,cosg,0.23974910260225085,0.22580645161290322,0.24561403508771928,0.2692307692307692,T_MESO_vs_rest,1,svm
4381,cosg,0.2402925038887239,0.3125,0.23809523809523808,0.19230769230769232,T_MESO_vs_rest,1,svm
4382,cosg,0.3407346558446335,0.34615384615384615,0.34615384615384615,0.34615384615384615,T_MESO_vs_rest,1,svm
4383,cosg,0.36713864590553935,0.22857142857142856,0.3333333333333333,0.6153846153846154,T_MESO_vs_rest,2,svm
4384,cosg,0.5328997419161706,0.3958333333333333,0.5135135135135135,0.7307692307692307,T_MESO_vs_rest,2,svm
4385,cosg,0.4882482942065463,0.31746031746031744,0.449438202247191,0.7692307692307693,T_MESO_vs_rest,2,svm
4386,cosg,0.43762174291705797,0.32,0.42105263157894735,0.6153846153846154,T_MESO_vs_rest,3,svm
4387,cosg,0.5443526158453953,0.39215686274509803,0.5194805194805194,0.7692307692307693,T_MESO_vs_rest,3,svm
4388,cosg,0.4285703373870656,0.24691358024691357,0.37383177570093457,0.7692307692307693,T_MESO_vs_rest,3,svm
4389,cosg,0.38013310244620374,0.20652173913043478,0.3220338983050847,0.7307692307692307,T_MESO_vs_rest,4,svm
4390,cosg,0.4499925937065668,0.22641509433962265,0.36363636363636365,0.9230769230769231,T_MESO_vs_rest,4,svm
4391,cosg,0.3935812327282801,0.2,0.32061068702290074,0.8076923076923077,T_MESO_vs_rest,4,svm
4392,cosg,0.3975154810500628,0.19469026548672566,0.31654676258992803,0.8461538461538461,T_MESO_vs_rest,5,svm
4393,cosg,0.4181587972928898,0.19672131147540983,0.32432432432432434,0.9230769230769231,T_MESO_vs_rest,5,svm
4394,cosg,0.42029047084549787,0.2072072072072072,0.3357664233576642,0.8846153846153846,T_MESO_vs_rest,5,svm
4395,cosg,0.515126524342056,0.30666666666666664,0.45544554455445546,0.8846153846153846,T_MESO_vs_rest,6,svm
4396,cosg,0.4413960398218584,0.21818181818181817,0.35294117647058826,0.9230769230769231,T_MESO_vs_rest,6,svm
4397,cosg,0.4238055242463151,0.22,0.3492063492063492,0.8461538461538461,T_MESO_vs_rest,6,svm
4398,cosg,0.49825682547982464,0.2875,0.4339622641509434,0.8846153846153846,T_MESO_vs_rest,7,svm
4399,cosg,0.481611989210368,0.25806451612903225,0.40336134453781514,0.9230769230769231,T_MESO_vs_rest,7,svm
4400,cosg,0.4687936366772277,0.25555555555555554,0.39655172413793105,0.8846153846153846,T_MESO_vs_rest,7,svm
4401,cosg,0.6215618534053114,0.4423076923076923,0.5897435897435898,0.8846153846153846,T_MESO_vs_rest,8,svm
4402,cosg,0.5014979154319631,0.27906976744186046,0.42857142857142855,0.9230769230769231,T_MESO_vs_rest,8,svm
4403,cosg,0.5298729639968729,0.323943661971831,0.4742268041237113,0.8846153846153846,T_MESO_vs_rest,8,svm
4404,cosg,0.6544529404938563,0.48936170212765956,0.6301369863013698,0.8846153846153846,T_MESO_vs_rest,9,svm
4405,cosg,0.5535107252357783,0.3380281690140845,0.4948453608247423,0.9230769230769231,T_MESO_vs_rest,9,svm
4406,cosg,0.5298729639968729,0.323943661971831,0.4742268041237113,0.8846153846153846,T_MESO_vs_rest,9,svm
4407,cosg,0.6040035093393573,0.41818181818181815,0.5679012345679012,0.8846153846153846,T_MESO_vs_rest,10,svm
4408,cosg,0.6139140202870188,0.41379310344827586,0.5714285714285714,0.9230769230769231,T_MESO_vs_rest,10,svm
4409,cosg,0.4888673088443187,0.27710843373493976,0.42201834862385323,0.8846153846153846,T_MESO_vs_rest,10,svm
4410,cosg,0.6096946273566906,0.42592592592592593,0.575,0.8846153846153846,T_MESO_vs_rest,11,svm
4411,cosg,0.649098026386263,0.46153846153846156,0.6153846153846154,0.9230769230769231,T_MESO_vs_rest,11,svm
4412,cosg,0.46696243006551436,0.26506024096385544,0.4036697247706422,0.8461538461538461,T_MESO_vs_rest,11,svm
4413,cosg,0.6096946273566906,0.42592592592592593,0.575,0.8846153846153846,T_MESO_vs_rest,12,svm
4414,cosg,0.6690502172746714,0.4897959183673469,0.64,0.9230769230769231,T_MESO_vs_rest,12,svm
4415,cosg,0.47906555730609407,0.27848101265822783,0.41904761904761906,0.8461538461538461,T_MESO_vs_rest,12,svm
4416,cosg,0.5984643937078243,0.4107142857142857,0.5609756097560976,0.8846153846153846,T_MESO_vs_rest,13,svm
4417,cosg,0.6690502172746714,0.4897959183673469,0.64,0.9230769230769231,T_MESO_vs_rest,13,svm
4418,cosg,0.4921128490571801,0.29333333333333333,0.43564356435643564,0.8461538461538461,T_MESO_vs_rest,13,svm
4419,cosg,0.661662614712764,0.5,0.6388888888888888,0.8846153846153846,T_MESO_vs_rest,14,svm
4420,cosg,0.683393545451174,0.5106382978723404,0.6575342465753424,0.9230769230769231,T_MESO_vs_rest,14,svm
4421,cosg,0.582694183803908,0.3898305084745763,0.5411764705882353,0.8846153846153846,T_MESO_vs_rest,14,svm
4422,cosg,0.5634322879705579,0.36507936507936506,0.5168539325842697,0.8846153846153846,T_MESO_vs_rest,15,svm
4423,cosg,0.5309039364665964,0.3116883116883117,0.46601941747572817,0.9230769230769231,T_MESO_vs_rest,15,svm
4424,cosg,0.5999533302807292,0.43137254901960786,0.5714285714285714,0.8461538461538461,T_MESO_vs_rest,15,svm
4425,cosg,0.4759558683558709,0.275,0.41509433962264153,0.8461538461538461,T_MESO_vs_rest,16,svm
4426,cosg,0.4789519138165221,0.2553191489361702,0.4,0.9230769230769231,T_MESO_vs_rest,16,svm
4427,cosg,0.5940256804243599,0.4230769230769231,0.5641025641025641,0.8461538461538461,T_MESO_vs_rest,16,svm
4428,cosg,0.4822341534017415,0.28205128205128205,0.4230769230769231,0.8461538461538461,T_MESO_vs_rest,17,svm
4429,cosg,0.5309039364665964,0.3116883116883117,0.46601941747572817,0.9230769230769231,T_MESO_vs_rest,17,svm
4430,cosg,0.5999533302807292,0.43137254901960786,0.5714285714285714,0.8461538461538461,T_MESO_vs_rest,17,svm
4431,cosg,0.4822341534017415,0.28205128205128205,0.4230769230769231,0.8461538461538461,T_MESO_vs_rest,18,svm
4432,cosg,0.5273896235817264,0.3076923076923077,0.46153846153846156,0.9230769230769231,T_MESO_vs_rest,18,svm
4433,cosg,0.612344361350349,0.4489795918367347,0.5866666666666667,0.8461538461538461,T_MESO_vs_rest,18,svm
4434,cosg,0.48875576350445893,0.2894736842105263,0.43137254901960786,0.8461538461538461,T_MESO_vs_rest,19,svm
4435,cosg,0.5616878872034546,0.34782608695652173,0.5052631578947369,0.9230769230769231,T_MESO_vs_rest,19,svm
4436,cosg,0.612344361350349,0.4489795918367347,0.5866666666666667,0.8461538461538461,T_MESO_vs_rest,19,svm
4437,cosg,0.5137476085336435,0.3188405797101449,0.4631578947368421,0.8461538461538461,T_MESO_vs_rest,20,svm
4438,cosg,0.5495493847651035,0.3333333333333333,0.4897959183673469,0.9230769230769231,T_MESO_vs_rest,20,svm
4439,cosg,0.5999533302807292,0.43137254901960786,0.5714285714285714,0.8461538461538461,T_MESO_vs_rest,20,svm
4440,scanpy_wilcoxon,0.44011972764352925,0.20833333333333334,0.3424657534246575,0.9615384615384616,T_MESO_vs_rest,1,svm
4441,scanpy_wilcoxon,0.39573598994121145,0.17006802721088435,0.28901734104046245,0.9615384615384616,T_MESO_vs_rest,1,svm
4442,scanpy_wilcoxon,0.3801511463652956,0.17886178861788618,0.2953020134228188,0.8461538461538461,T_MESO_vs_rest,1,svm
4443,scanpy_wilcoxon,0.47516178716896995,0.23214285714285715,0.37681159420289856,1.0,T_MESO_vs_rest,2,svm
4444,scanpy_wilcoxon,0.41874041343790164,0.1893939393939394,0.31645569620253167,0.9615384615384616,T_MESO_vs_rest,2,svm
4445,scanpy_wilcoxon,0.4626972148669813,0.22935779816513763,0.37037037037037035,0.9615384615384616,T_MESO_vs_rest,2,svm
4446,scanpy_wilcoxon,0.510772187623123,0.2891566265060241,0.44036697247706424,0.9230769230769231,T_MESO_vs_rest,3,svm
4447,scanpy_wilcoxon,0.46491680562705295,0.23148148148148148,0.373134328358209,0.9615384615384616,T_MESO_vs_rest,3,svm
4448,scanpy_wilcoxon,0.4919404736429584,0.2804878048780488,0.42592592592592593,0.8846153846153846,T_MESO_vs_rest,3,svm
4449,scanpy_wilcoxon,0.5702252815622111,0.3582089552238806,0.5161290322580645,0.9230769230769231,T_MESO_vs_rest,4,svm
4450,scanpy_wilcoxon,0.48135401156333707,0.24752475247524752,0.3937007874015748,0.9615384615384616,T_MESO_vs_rest,4,svm
4451,scanpy_wilcoxon,0.5062352027579675,0.30985915492957744,0.4536082474226804,0.8461538461538461,T_MESO_vs_rest,4,svm
4452,scanpy_wilcoxon,0.6622015389496132,0.48,0.631578947368421,0.9230769230769231,T_MESO_vs_rest,5,svm
4453,scanpy_wilcoxon,0.5064728830055105,0.26262626262626265,0.416,1.0,T_MESO_vs_rest,5,svm
4454,scanpy_wilcoxon,0.5777001044690562,0.38333333333333336,0.5348837209302325,0.8846153846153846,T_MESO_vs_rest,5,svm
4455,scanpy_wilcoxon,0.729168232436775,0.6052631578947368,0.71875,0.8846153846153846,T_MESO_vs_rest,6,svm
4456,scanpy_wilcoxon,0.5688176367800724,0.3291139240506329,0.49523809523809526,1.0,T_MESO_vs_rest,6,svm
4457,scanpy_wilcoxon,0.5930705933021984,0.40350877192982454,0.5542168674698795,0.8846153846153846,T_MESO_vs_rest,6,svm
4458,scanpy_wilcoxon,0.6768078544678218,0.5227272727272727,0.6571428571428571,0.8846153846153846,T_MESO_vs_rest,7,svm
4459,scanpy_wilcoxon,0.5023393781383403,0.26881720430107525,0.42016806722689076,0.9615384615384616,T_MESO_vs_rest,7,svm
4460,scanpy_wilcoxon,0.6085744295860012,0.4067796610169492,0.5647058823529412,0.9230769230769231,T_MESO_vs_rest,7,svm
4461,scanpy_wilcoxon,0.6768078544678218,0.5227272727272727,0.6571428571428571,0.8846153846153846,T_MESO_vs_rest,8,svm
4462,scanpy_wilcoxon,0.5023393781383403,0.26881720430107525,0.42016806722689076,0.9615384615384616,T_MESO_vs_rest,8,svm
4463,scanpy_wilcoxon,0.5680739637130702,0.3709677419354839,0.5227272727272727,0.8846153846153846,T_MESO_vs_rest,8,svm
4464,scanpy_wilcoxon,0.6768078544678218,0.5227272727272727,0.6571428571428571,0.8846153846153846,T_MESO_vs_rest,9,svm
4465,scanpy_wilcoxon,0.5023393781383403,0.26881720430107525,0.42016806722689076,0.9615384615384616,T_MESO_vs_rest,9,svm
4466,scanpy_wilcoxon,0.5680739637130702,0.3709677419354839,0.5227272727272727,0.8846153846153846,T_MESO_vs_rest,9,svm
4467,scanpy_wilcoxon,0.6768078544678218,0.5227272727272727,0.6571428571428571,0.8846153846153846,T_MESO_vs_rest,10,svm
4468,scanpy_wilcoxon,0.5080086252343895,0.27472527472527475,0.42735042735042733,0.9615384615384616,T_MESO_vs_rest,10,svm
4469,scanpy_wilcoxon,0.6790819631924639,0.55,0.6666666666666666,0.8461538461538461,T_MESO_vs_rest,10,svm
4470,scanpy_wilcoxon,0.6768078544678218,0.5227272727272727,0.6571428571428571,0.8846153846153846,T_MESO_vs_rest,11,svm
4471,scanpy_wilcoxon,0.5080086252343895,0.27472527472527475,0.42735042735042733,0.9615384615384616,T_MESO_vs_rest,11,svm
4472,scanpy_wilcoxon,0.6878837767073857,0.5641025641025641,0.676923076923077,0.8461538461538461,T_MESO_vs_rest,11,svm
4473,scanpy_wilcoxon,0.6930158366392724,0.5476190476190477,0.6764705882352942,0.8846153846153846,T_MESO_vs_rest,12,svm
4474,scanpy_wilcoxon,0.5261879855030662,0.29411764705882354,0.45045045045045046,0.9615384615384616,T_MESO_vs_rest,12,svm
4475,scanpy_wilcoxon,0.6878837767073857,0.5641025641025641,0.676923076923077,0.8461538461538461,T_MESO_vs_rest,12,svm
4476,scanpy_wilcoxon,0.6930158366392724,0.5476190476190477,0.6764705882352942,0.8846153846153846,T_MESO_vs_rest,13,svm
4477,scanpy_wilcoxon,0.5294038414637977,0.2976190476190476,0.45454545454545453,0.9615384615384616,T_MESO_vs_rest,13,svm
4478,scanpy_wilcoxon,0.6790819631924639,0.55,0.6666666666666666,0.8461538461538461,T_MESO_vs_rest,13,svm
4479,scanpy_wilcoxon,0.6930158366392724,0.5476190476190477,0.6764705882352942,0.8846153846153846,T_MESO_vs_rest,14,svm
4480,scanpy_wilcoxon,0.5650316980323039,0.33783783783783783,0.5,0.9615384615384616,T_MESO_vs_rest,14,svm
4481,scanpy_wilcoxon,0.6878837767073857,0.5641025641025641,0.676923076923077,0.8461538461538461,T_MESO_vs_rest,14,svm
4482,scanpy_wilcoxon,0.6847713094957426,0.5348837209302325,0.6666666666666666,0.8846153846153846,T_MESO_vs_rest,15,svm
4483,scanpy_wilcoxon,0.5650316980323039,0.33783783783783783,0.5,0.9615384615384616,T_MESO_vs_rest,15,svm
4484,scanpy_wilcoxon,0.6706023071309394,0.5365853658536586,0.6567164179104478,0.8461538461538461,T_MESO_vs_rest,15,svm
4485,scanpy_wilcoxon,0.6768078544678218,0.5227272727272727,0.6571428571428571,0.8846153846153846,T_MESO_vs_rest,16,svm
4486,scanpy_wilcoxon,0.5650316980323039,0.33783783783783783,0.5,0.9615384615384616,T_MESO_vs_rest,16,svm
4487,scanpy_wilcoxon,0.6706023071309394,0.5365853658536586,0.6567164179104478,0.8461538461538461,T_MESO_vs_rest,16,svm
4488,scanpy_wilcoxon,0.6847713094957426,0.5348837209302325,0.6666666666666666,0.8846153846153846,T_MESO_vs_rest,17,svm
4489,scanpy_wilcoxon,0.5573521758679231,0.32894736842105265,0.49019607843137253,0.9615384615384616,T_MESO_vs_rest,17,svm
4490,scanpy_wilcoxon,0.7065399881098656,0.5945945945945946,0.6984126984126984,0.8461538461538461,T_MESO_vs_rest,17,svm
4491,scanpy_wilcoxon,0.6847713094957426,0.5348837209302325,0.6666666666666666,0.8846153846153846,T_MESO_vs_rest,18,svm
4492,scanpy_wilcoxon,0.5650316980323039,0.33783783783783783,0.5,0.9615384615384616,T_MESO_vs_rest,18,svm
4493,scanpy_wilcoxon,0.7164426263005759,0.6111111111111112,0.7096774193548387,0.8461538461538461,T_MESO_vs_rest,18,svm
4494,scanpy_wilcoxon,0.5882653287657896,0.41509433962264153,0.5569620253164557,0.8461538461538461,T_MESO_vs_rest,19,svm
4495,scanpy_wilcoxon,0.5463796169115778,0.31645569620253167,0.47619047619047616,0.9615384615384616,T_MESO_vs_rest,19,svm
4496,scanpy_wilcoxon,0.7267644312593584,0.6285714285714286,0.7213114754098361,0.8461538461538461,T_MESO_vs_rest,19,svm
4497,scanpy_wilcoxon,0.7196135845841496,0.5897435897435898,0.7076923076923077,0.8846153846153846,T_MESO_vs_rest,20,svm
4498,scanpy_wilcoxon,0.6038310877536024,0.38461538461538464,0.5494505494505495,0.9615384615384616,T_MESO_vs_rest,20,svm
4499,scanpy_wilcoxon,0.7375359712506905,0.6470588235294118,0.7333333333333333,0.8461538461538461,T_MESO_vs_rest,20,svm
4500,scanpy_t-test,0.1541169510118953,0.03888888888888889,0.07420494699646643,0.8076923076923077,T_MESO_vs_rest,1,svm
4501,scanpy_t-test,0.19026160177872198,0.045871559633027525,0.08756567425569177,0.9615384615384616,T_MESO_vs_rest,1,svm
4502,scanpy_t-test,0.1818246275108997,0.04436229205175601,0.08465608465608465,0.9230769230769231,T_MESO_vs_rest,1,svm
4503,scanpy_t-test,0.33125468503535194,0.13218390804597702,0.23,0.8846153846153846,T_MESO_vs_rest,2,svm
4504,scanpy_t-test,0.3608682972967071,0.14285714285714285,0.24875621890547264,0.9615384615384616,T_MESO_vs_rest,2,svm
4505,scanpy_t-test,0.35204823982838873,0.14201183431952663,0.24615384615384617,0.9230769230769231,T_MESO_vs_rest,2,svm
4506,scanpy_t-test,0.33331746272861024,0.13372093023255813,0.23232323232323232,0.8846153846153846,T_MESO_vs_rest,3,svm
4507,scanpy_t-test,0.358693395881937,0.14124293785310735,0.24630541871921183,0.9615384615384616,T_MESO_vs_rest,3,svm
4508,scanpy_t-test,0.3554245404301147,0.14457831325301204,0.25,0.9230769230769231,T_MESO_vs_rest,3,svm
4509,scanpy_t-test,0.48875576350445893,0.2894736842105263,0.43137254901960786,0.8461538461538461,T_MESO_vs_rest,4,svm
4510,scanpy_t-test,0.4499856973737552,0.21739130434782608,0.3546099290780142,0.9615384615384616,T_MESO_vs_rest,4,svm
4511,scanpy_t-test,0.4590830204265114,0.23529411764705882,0.375,0.9230769230769231,T_MESO_vs_rest,4,svm
4512,scanpy_t-test,0.48584856579954594,0.27380952380952384,0.41818181818181815,0.8846153846153846,T_MESO_vs_rest,5,svm
4513,scanpy_t-test,0.4459645244668408,0.21367521367521367,0.34965034965034963,0.9615384615384616,T_MESO_vs_rest,5,svm
4514,scanpy_t-test,0.49506973123646003,0.2839506172839506,0.42990654205607476,0.8846153846153846,T_MESO_vs_rest,5,svm
4515,scanpy_t-test,0.5719127984979462,0.39285714285714285,0.5365853658536586,0.8461538461538461,T_MESO_vs_rest,6,svm
4516,scanpy_t-test,0.4626972148669813,0.22935779816513763,0.37037037037037035,0.9615384615384616,T_MESO_vs_rest,6,svm
4517,scanpy_t-test,0.6086364660810609,0.390625,0.5555555555555556,0.9615384615384616,T_MESO_vs_rest,6,svm
4518,scanpy_t-test,0.5882653287657896,0.41509433962264153,0.5569620253164557,0.8461538461538461,T_MESO_vs_rest,7,svm
4519,scanpy_t-test,0.4671670411054736,0.2336448598130841,0.37593984962406013,0.9615384615384616,T_MESO_vs_rest,7,svm
4520,scanpy_t-test,0.655554044716063,0.47058823529411764,0.6233766233766234,0.9230769230769231,T_MESO_vs_rest,7,svm
4521,scanpy_t-test,0.5999533302807292,0.43137254901960786,0.5714285714285714,0.8461538461538461,T_MESO_vs_rest,8,svm
4522,scanpy_t-test,0.48384031688318374,0.25,0.3968253968253968,0.9615384615384616,T_MESO_vs_rest,8,svm
4523,scanpy_t-test,0.6690502172746714,0.4897959183673469,0.64,0.9230769230769231,T_MESO_vs_rest,8,svm
4524,scanpy_t-test,0.582694183803908,0.3898305084745763,0.5411764705882353,0.8846153846153846,T_MESO_vs_rest,9,svm
4525,scanpy_t-test,0.5294038414637977,0.2976190476190476,0.45454545454545453,0.9615384615384616,T_MESO_vs_rest,9,svm
4526,scanpy_t-test,0.7067044153739278,0.5454545454545454,0.6857142857142857,0.9230769230769231,T_MESO_vs_rest,9,svm
4527,scanpy_t-test,0.5826645046244848,0.4074074074074074,0.55,0.8461538461538461,T_MESO_vs_rest,10,svm
4528,scanpy_t-test,0.5730262176123755,0.3472222222222222,0.5102040816326531,0.9615384615384616,T_MESO_vs_rest,10,svm
4529,scanpy_t-test,0.655554044716063,0.47058823529411764,0.6233766233766234,0.9230769230769231,T_MESO_vs_rest,10,svm
4530,scanpy_t-test,0.5882653287657896,0.41509433962264153,0.5569620253164557,0.8461538461538461,T_MESO_vs_rest,11,svm
4531,scanpy_t-test,0.5771484864746836,0.352112676056338,0.5154639175257731,0.9615384615384616,T_MESO_vs_rest,11,svm
4532,scanpy_t-test,0.6691097851457877,0.5111111111111111,0.647887323943662,0.8846153846153846,T_MESO_vs_rest,11,svm
4533,scanpy_t-test,0.5940256804243599,0.4230769230769231,0.5641025641025641,0.8461538461538461,T_MESO_vs_rest,12,svm
4534,scanpy_t-test,0.6185910770921681,0.4032258064516129,0.5681818181818182,0.9615384615384616,T_MESO_vs_rest,12,svm
4535,scanpy_t-test,0.6545339590199007,0.5116279069767442,0.6376811594202898,0.8461538461538461,T_MESO_vs_rest,12,svm
4536,scanpy_t-test,0.6060565899414744,0.44,0.5789473684210527,0.8461538461538461,T_MESO_vs_rest,13,svm
4537,scanpy_t-test,0.6185910770921681,0.4032258064516129,0.5681818181818182,0.9615384615384616,T_MESO_vs_rest,13,svm
4538,scanpy_t-test,0.6930158366392724,0.5476190476190477,0.6764705882352942,0.8846153846153846,T_MESO_vs_rest,13,svm
4539,scanpy_t-test,0.6930158366392724,0.5476190476190477,0.6764705882352942,0.8846153846153846,T_MESO_vs_rest,14,svm
4540,scanpy_t-test,0.5771484864746836,0.352112676056338,0.5154639175257731,0.9615384615384616,T_MESO_vs_rest,14,svm
4541,scanpy_t-test,0.6395425342703057,0.4888888888888889,0.6197183098591549,0.8461538461538461,T_MESO_vs_rest,14,svm
4542,scanpy_t-test,0.7267644312593584,0.6285714285714286,0.7213114754098361,0.8461538461538461,T_MESO_vs_rest,15,svm
4543,scanpy_t-test,0.581358040695098,0.35714285714285715,0.5208333333333334,0.9615384615384616,T_MESO_vs_rest,15,svm
4544,scanpy_t-test,0.6395425342703057,0.4888888888888889,0.6197183098591549,0.8461538461538461,T_MESO_vs_rest,15,svm
4545,scanpy_t-test,0.7487910313243454,0.6666666666666666,0.7457627118644068,0.8461538461538461,T_MESO_vs_rest,16,svm
4546,scanpy_t-test,0.594542695146966,0.373134328358209,0.5376344086021505,0.9615384615384616,T_MESO_vs_rest,16,svm
4547,scanpy_t-test,0.6878837767073857,0.5641025641025641,0.676923076923077,0.8461538461538461,T_MESO_vs_rest,16,svm
4548,scanpy_t-test,0.7605670621493272,0.6875,0.7586206896551724,0.8461538461538461,T_MESO_vs_rest,17,svm
4549,scanpy_t-test,0.594542695146966,0.373134328358209,0.5376344086021505,0.9615384615384616,T_MESO_vs_rest,17,svm
4550,scanpy_t-test,0.6970287817714064,0.5789473684210527,0.6875,0.8461538461538461,T_MESO_vs_rest,17,svm
4551,scanpy_t-test,0.7605670621493272,0.6875,0.7586206896551724,0.8461538461538461,T_MESO_vs_rest,18,svm
4552,scanpy_t-test,0.6237496411188069,0.4098360655737705,0.5747126436781609,0.9615384615384616,T_MESO_vs_rest,18,svm
4553,scanpy_t-test,0.6878837767073857,0.5641025641025641,0.676923076923077,0.8461538461538461,T_MESO_vs_rest,18,svm
4554,scanpy_t-test,0.7858534298245017,0.7333333333333333,0.7857142857142857,0.8461538461538461,T_MESO_vs_rest,19,svm
4555,scanpy_t-test,0.6185910770921681,0.4032258064516129,0.5681818181818182,0.9615384615384616,T_MESO_vs_rest,19,svm
4556,scanpy_t-test,0.7487910313243454,0.6666666666666666,0.7457627118644068,0.8461538461538461,T_MESO_vs_rest,19,svm
4557,scanpy_t-test,0.799462247876368,0.7586206896551724,0.8,0.8461538461538461,T_MESO_vs_rest,20,svm
4558,scanpy_t-test,0.6135549504798988,0.3968253968253968,0.5617977528089888,0.9615384615384616,T_MESO_vs_rest,20,svm
4559,scanpy_t-test,0.7487910313243454,0.6666666666666666,0.7457627118644068,0.8461538461538461,T_MESO_vs_rest,20,svm
4560,yomix,0.8177335828482934,0.7581699346405228,0.8226950354609929,0.8992248062015504,T_OV_vs_rest,1,svm
4561,yomix,0.8184400729561168,0.7793103448275862,0.8248175182481752,0.875968992248062,T_OV_vs_rest,1,svm
4562,yomix,0.7932233721579172,0.7160493827160493,0.7972508591065293,0.8992248062015504,T_OV_vs_rest,1,svm
4563,yomix,0.7910425722081217,0.65625,0.7850467289719626,0.9767441860465116,T_OV_vs_rest,2,svm
4564,yomix,0.7866760926692816,0.6494845360824743,0.7801857585139319,0.9767441860465116,T_OV_vs_rest,2,svm
4565,yomix,0.7624852704233497,0.6275510204081632,0.7569230769230769,0.9534883720930233,T_OV_vs_rest,2,svm
4566,yomix,0.8000546504234388,0.6756756756756757,0.7961783439490446,0.9689922480620154,T_OV_vs_rest,3,svm
4567,yomix,0.7910425722081217,0.65625,0.7850467289719626,0.9767441860465116,T_OV_vs_rest,3,svm
4568,yomix,0.775147296048288,0.6524064171122995,0.7721518987341772,0.9457364341085271,T_OV_vs_rest,3,svm
4569,yomix,0.9612312137555818,0.9343065693430657,0.9624060150375939,0.9922480620155039,T_OV_vs_rest,4,svm
4570,yomix,0.9468619497381312,0.9078014184397163,0.9481481481481482,0.9922480620155039,T_OV_vs_rest,4,svm
4571,yomix,0.9419309492276997,0.9130434782608695,0.9438202247191011,0.9767441860465116,T_OV_vs_rest,4,svm
4572,yomix,0.9475944745402385,0.9020979020979021,0.9485294117647058,1.0,T_OV_vs_rest,5,svm
4573,yomix,0.9209288472150263,0.8543046357615894,0.9214285714285714,1.0,T_OV_vs_rest,5,svm
4574,yomix,0.9348540530454023,0.9,0.9368029739776952,0.9767441860465116,T_OV_vs_rest,5,svm
4575,yomix,0.9724212440194961,0.9552238805970149,0.973384030418251,0.9922480620155039,T_OV_vs_rest,6,svm
4576,yomix,0.9724212440194961,0.9552238805970149,0.973384030418251,0.9922480620155039,T_OV_vs_rest,6,svm
4577,yomix,0.9491608755985681,0.9264705882352942,0.9509433962264151,0.9767441860465116,T_OV_vs_rest,6,svm
4578,yomix,0.9728005852752423,0.9485294117647058,0.9735849056603774,1.0,T_OV_vs_rest,7,svm
4579,yomix,0.9724212440194961,0.9552238805970149,0.973384030418251,0.9922480620155039,T_OV_vs_rest,7,svm
4580,yomix,0.9491608755985681,0.9264705882352942,0.9509433962264151,0.9767441860465116,T_OV_vs_rest,7,svm
4581,yomix,0.9728005852752423,0.9485294117647058,0.9735849056603774,1.0,T_OV_vs_rest,8,svm
4582,yomix,0.9686504426991087,0.9481481481481482,0.9696969696969697,0.9922480620155039,T_OV_vs_rest,8,svm
4583,yomix,0.9491608755985681,0.9264705882352942,0.9509433962264151,0.9767441860465116,T_OV_vs_rest,8,svm
4584,yomix,0.9765581708136665,0.9555555555555556,0.9772727272727273,1.0,T_OV_vs_rest,9,svm
4585,yomix,0.9690836027034369,0.9416058394160584,0.9699248120300752,1.0,T_OV_vs_rest,9,svm
4586,yomix,0.9570407788241261,0.9338235294117647,0.9584905660377359,0.9844961240310077,T_OV_vs_rest,9,svm
4587,yomix,0.9841981870242574,0.9699248120300752,0.9847328244274809,1.0,T_OV_vs_rest,10,svm
4588,yomix,0.9728005852752423,0.9485294117647058,0.9735849056603774,1.0,T_OV_vs_rest,10,svm
4589,yomix,0.9603051878258714,0.9473684210526315,0.9618320610687023,0.9767441860465116,T_OV_vs_rest,10,svm
4590,yomix,0.9841981870242574,0.9699248120300752,0.9847328244274809,1.0,T_OV_vs_rest,11,svm
4591,yomix,0.9765581708136665,0.9555555555555556,0.9772727272727273,1.0,T_OV_vs_rest,11,svm
4592,yomix,0.9603051878258714,0.9473684210526315,0.9618320610687023,0.9767441860465116,T_OV_vs_rest,11,svm
4593,yomix,0.9841981870242574,0.9699248120300752,0.9847328244274809,1.0,T_OV_vs_rest,12,svm
4594,yomix,0.9765581708136665,0.9555555555555556,0.9772727272727273,1.0,T_OV_vs_rest,12,svm
4595,yomix,0.9603051878258714,0.9473684210526315,0.9618320610687023,0.9767441860465116,T_OV_vs_rest,12,svm
4596,yomix,0.9728005852752423,0.9485294117647058,0.9735849056603774,1.0,T_OV_vs_rest,13,svm
4597,yomix,0.9654064881239997,0.9347826086956522,0.9662921348314607,1.0,T_OV_vs_rest,13,svm
4598,yomix,0.9603051878258714,0.9473684210526315,0.9618320610687023,0.9767441860465116,T_OV_vs_rest,13,svm
4599,yomix,0.9765581708136665,0.9555555555555556,0.9772727272727273,1.0,T_OV_vs_rest,14,svm
4600,yomix,0.9841981870242574,0.9699248120300752,0.9847328244274809,1.0,T_OV_vs_rest,14,svm
4601,yomix,0.9570407788241261,0.9338235294117647,0.9584905660377359,0.9844961240310077,T_OV_vs_rest,14,svm
4602,yomix,0.9765581708136665,0.9555555555555556,0.9772727272727273,1.0,T_OV_vs_rest,15,svm
4603,yomix,0.9765581708136665,0.9555555555555556,0.9772727272727273,1.0,T_OV_vs_rest,15,svm
4604,yomix,0.9570407788241261,0.9338235294117647,0.9584905660377359,0.9844961240310077,T_OV_vs_rest,15,svm
4605,yomix,0.9803571134311595,0.9626865671641791,0.9809885931558935,1.0,T_OV_vs_rest,16,svm
4606,yomix,0.9765581708136665,0.9555555555555556,0.9772727272727273,1.0,T_OV_vs_rest,16,svm
4607,yomix,0.9607427145845511,0.9407407407407408,0.9621212121212122,0.9844961240310077,T_OV_vs_rest,16,svm
4608,yomix,0.9803571134311595,0.9626865671641791,0.9809885931558935,1.0,T_OV_vs_rest,17,svm
4609,yomix,0.9880821859463184,0.9772727272727273,0.9885057471264368,1.0,T_OV_vs_rest,17,svm
4610,yomix,0.9607427145845511,0.9407407407407408,0.9621212121212122,0.9844961240310077,T_OV_vs_rest,17,svm
4611,yomix,0.9803571134311595,0.9626865671641791,0.9809885931558935,1.0,T_OV_vs_rest,18,svm
4612,yomix,0.9841981870242574,0.9699248120300752,0.9847328244274809,1.0,T_OV_vs_rest,18,svm
4613,yomix,0.9644853746078328,0.9477611940298507,0.9657794676806084,0.9844961240310077,T_OV_vs_rest,18,svm
4614,yomix,0.9803571134311595,0.9626865671641791,0.9809885931558935,1.0,T_OV_vs_rest,19,svm
4615,yomix,0.9920099257084384,0.9847328244274809,0.9923076923076923,1.0,T_OV_vs_rest,19,svm
4616,yomix,0.9570407788241261,0.9338235294117647,0.9584905660377359,0.9844961240310077,T_OV_vs_rest,19,svm
4617,yomix,0.9803571134311595,0.9626865671641791,0.9809885931558935,1.0,T_OV_vs_rest,20,svm
4618,yomix,0.9920099257084384,0.9847328244274809,0.9923076923076923,1.0,T_OV_vs_rest,20,svm
4619,yomix,0.9570407788241261,0.9338235294117647,0.9584905660377359,0.9844961240310077,T_OV_vs_rest,20,svm
4620,cosg,0.7329382130652824,0.8977272727272727,0.728110599078341,0.6124031007751938,T_OV_vs_rest,1,svm
4621,cosg,0.7677492527052371,0.9230769230769231,0.7636363636363637,0.6511627906976745,T_OV_vs_rest,1,svm
4622,cosg,0.7661177260529347,0.963855421686747,0.7547169811320755,0.6201550387596899,T_OV_vs_rest,1,svm
4623,cosg,0.8611639597838835,0.815068493150685,0.8654545454545455,0.9224806201550387,T_OV_vs_rest,2,svm
4624,cosg,0.8591501574334676,0.8394160583941606,0.8646616541353384,0.8914728682170543,T_OV_vs_rest,2,svm
4625,cosg,0.8240970514275721,0.7564102564102564,0.8280701754385965,0.9147286821705426,T_OV_vs_rest,2,svm
4626,cosg,0.8564616606312813,0.8,0.8602150537634409,0.9302325581395349,T_OV_vs_rest,3,svm
4627,cosg,0.861319072256209,0.8507462686567164,0.8669201520912547,0.8837209302325582,T_OV_vs_rest,3,svm
4628,cosg,0.8139452532044716,0.7452229299363057,0.8181818181818182,0.9069767441860465,T_OV_vs_rest,3,svm
4629,cosg,0.8226713996448551,0.7235294117647059,0.822742474916388,0.9534883720930233,T_OV_vs_rest,4,svm
4630,cosg,0.82157839505833,0.7102272727272727,0.819672131147541,0.9689922480620154,T_OV_vs_rest,4,svm
4631,cosg,0.8146053478838262,0.7045454545454546,0.8131147540983606,0.9612403100775194,T_OV_vs_rest,4,svm
4632,cosg,0.8618097846065461,0.7650602409638554,0.8610169491525423,0.9844961240310077,T_OV_vs_rest,5,svm
4633,cosg,0.8581109933062656,0.7529411764705882,0.8561872909698997,0.9922480620155039,T_OV_vs_rest,5,svm
4634,cosg,0.8717548913829891,0.7757575757575758,0.8707482993197279,0.9922480620155039,T_OV_vs_rest,5,svm
4635,cosg,0.8634968070576007,0.7619047619047619,0.8619528619528619,0.9922480620155039,T_OV_vs_rest,6,svm
4636,cosg,0.8625212553661042,0.7543859649122807,0.86,1.0,T_OV_vs_rest,6,svm
4637,cosg,0.8662252299845209,0.7664670658682635,0.8648648648648649,0.9922480620155039,T_OV_vs_rest,6,svm
4638,cosg,0.8634968070576007,0.7619047619047619,0.8619528619528619,0.9922480620155039,T_OV_vs_rest,7,svm
4639,cosg,0.8598665408242169,0.75,0.8571428571428571,1.0,T_OV_vs_rest,7,svm
4640,cosg,0.8745568659853534,0.7804878048780488,0.8737201365187713,0.9922480620155039,T_OV_vs_rest,7,svm
4641,cosg,0.8802370027282067,0.7901234567901234,0.8797250859106529,0.9922480620155039,T_OV_vs_rest,8,svm
4642,cosg,0.8701540434495082,0.7791411042944786,0.8698630136986302,0.9844961240310077,T_OV_vs_rest,8,svm
4643,cosg,0.8773841070720062,0.7852760736196319,0.8767123287671232,0.9922480620155039,T_OV_vs_rest,8,svm
4644,cosg,0.8831159494504077,0.7950310559006211,0.8827586206896552,0.9922480620155039,T_OV_vs_rest,9,svm
4645,cosg,0.8773841070720062,0.7852760736196319,0.8767123287671232,0.9922480620155039,T_OV_vs_rest,9,svm
4646,cosg,0.8919131921588657,0.810126582278481,0.89198606271777,0.9922480620155039,T_OV_vs_rest,9,svm
4647,cosg,0.8831159494504077,0.7950310559006211,0.8827586206896552,0.9922480620155039,T_OV_vs_rest,10,svm
4648,cosg,0.8745568659853534,0.7804878048780488,0.8737201365187713,0.9922480620155039,T_OV_vs_rest,10,svm
4649,cosg,0.8919131921588657,0.810126582278481,0.89198606271777,0.9922480620155039,T_OV_vs_rest,10,svm
4650,cosg,0.9306788991441632,0.8716216216216216,0.9314079422382672,1.0,T_OV_vs_rest,11,svm
4651,cosg,0.9022600512726926,0.821656050955414,0.9020979020979021,1.0,T_OV_vs_rest,11,svm
4652,cosg,0.9254393800725712,0.8758620689655172,0.927007299270073,0.9844961240310077,T_OV_vs_rest,11,svm
4653,cosg,0.9306788991441632,0.8716216216216216,0.9314079422382672,1.0,T_OV_vs_rest,12,svm
4654,cosg,0.893315237037004,0.80625,0.8927335640138409,1.0,T_OV_vs_rest,12,svm
4655,cosg,0.9059350861160572,0.8410596026490066,0.9071428571428571,0.9844961240310077,T_OV_vs_rest,12,svm
4656,cosg,0.9407249953749219,0.8896551724137931,0.9416058394160584,1.0,T_OV_vs_rest,13,svm
4657,cosg,0.9339939609197773,0.8775510204081632,0.9347826086956522,1.0,T_OV_vs_rest,13,svm
4658,cosg,0.9221067666133691,0.8698630136986302,0.9236363636363636,0.9844961240310077,T_OV_vs_rest,13,svm
4659,cosg,0.9373424683207405,0.8835616438356164,0.9381818181818182,1.0,T_OV_vs_rest,14,svm
4660,cosg,0.9209288472150263,0.8543046357615894,0.9214285714285714,1.0,T_OV_vs_rest,14,svm
4661,cosg,0.9356440782198703,0.8943661971830986,0.9372693726937269,0.9844961240310077,T_OV_vs_rest,14,svm
4662,cosg,0.9407249953749219,0.8896551724137931,0.9416058394160584,1.0,T_OV_vs_rest,15,svm
4663,cosg,0.9177420914606718,0.8486842105263158,0.9181494661921709,1.0,T_OV_vs_rest,15,svm
4664,cosg,0.9356440782198703,0.8943661971830986,0.9372693726937269,0.9844961240310077,T_OV_vs_rest,15,svm
4665,cosg,0.9649206820496842,0.9411764705882353,0.9660377358490566,0.9922480620155039,T_OV_vs_rest,16,svm
4666,cosg,0.9475944745402385,0.9020979020979021,0.9485294117647058,1.0,T_OV_vs_rest,16,svm
4667,cosg,0.9575813084918997,0.927536231884058,0.9588014981273408,0.9922480620155039,T_OV_vs_rest,16,svm
4668,cosg,0.9649206820496842,0.9411764705882353,0.9660377358490566,0.9922480620155039,T_OV_vs_rest,17,svm
4669,cosg,0.9475944745402385,0.9020979020979021,0.9485294117647058,1.0,T_OV_vs_rest,17,svm
4670,cosg,0.9575813084918997,0.927536231884058,0.9588014981273408,0.9922480620155039,T_OV_vs_rest,17,svm
4671,cosg,0.9612312137555818,0.9343065693430657,0.9624060150375939,0.9922480620155039,T_OV_vs_rest,18,svm
4672,cosg,0.9510826460197438,0.9084507042253521,0.9520295202952029,1.0,T_OV_vs_rest,18,svm
4673,cosg,0.9575813084918997,0.927536231884058,0.9588014981273408,0.9922480620155039,T_OV_vs_rest,18,svm
4674,cosg,0.9612312137555818,0.9343065693430657,0.9624060150375939,0.9922480620155039,T_OV_vs_rest,19,svm
4675,cosg,0.9510826460197438,0.9084507042253521,0.9520295202952029,1.0,T_OV_vs_rest,19,svm
4676,cosg,0.9607427145845511,0.9407407407407408,0.9621212121212122,0.9844961240310077,T_OV_vs_rest,19,svm
4677,cosg,0.9612312137555818,0.9343065693430657,0.9624060150375939,0.9922480620155039,T_OV_vs_rest,20,svm
4678,cosg,0.954607276813897,0.9148936170212766,0.9555555555555556,1.0,T_OV_vs_rest,20,svm
4679,cosg,0.9570407788241261,0.9338235294117647,0.9584905660377359,0.9844961240310077,T_OV_vs_rest,20,svm
4680,scanpy_wilcoxon,0.6777100936134468,0.48134328358208955,0.6498740554156172,1.0,T_OV_vs_rest,1,svm
4681,scanpy_wilcoxon,0.6729659912292688,0.4864864864864865,0.6494845360824743,0.9767441860465116,T_OV_vs_rest,1,svm
4682,scanpy_wilcoxon,0.6919110752531782,0.5,0.6666666666666666,1.0,T_OV_vs_rest,1,svm
4683,scanpy_wilcoxon,0.9330821877237465,0.8827586206896552,0.9343065693430657,0.9922480620155039,T_OV_vs_rest,2,svm
4684,scanpy_wilcoxon,0.9145861056486972,0.8431372549019608,0.9148936170212766,1.0,T_OV_vs_rest,2,svm
4685,scanpy_wilcoxon,0.9155414733121193,0.8581081081081081,0.9169675090252708,0.9844961240310077,T_OV_vs_rest,2,svm
4686,scanpy_wilcoxon,0.9209288472150263,0.8543046357615894,0.9214285714285714,1.0,T_OV_vs_rest,3,svm
4687,scanpy_wilcoxon,0.9114603908973106,0.8376623376623377,0.911660777385159,1.0,T_OV_vs_rest,3,svm
4688,scanpy_wilcoxon,0.9134319666655418,0.847682119205298,0.9142857142857143,0.9922480620155039,T_OV_vs_rest,3,svm
4689,scanpy_wilcoxon,0.9209288472150263,0.8543046357615894,0.9214285714285714,1.0,T_OV_vs_rest,4,svm
4690,scanpy_wilcoxon,0.899250652499788,0.8164556962025317,0.8989547038327527,1.0,T_OV_vs_rest,4,svm
4691,scanpy_wilcoxon,0.9166263030915515,0.8533333333333334,0.9175627240143369,0.9922480620155039,T_OV_vs_rest,4,svm
4692,scanpy_wilcoxon,0.9177420914606718,0.8486842105263158,0.9181494661921709,1.0,T_OV_vs_rest,5,svm
4693,scanpy_wilcoxon,0.9052978350653039,0.8269230769230769,0.9052631578947369,1.0,T_OV_vs_rest,5,svm
4694,scanpy_wilcoxon,0.9231101862281412,0.8648648648648649,0.924187725631769,0.9922480620155039,T_OV_vs_rest,5,svm
4695,scanpy_wilcoxon,0.9306788991441632,0.8716216216216216,0.9314079422382672,1.0,T_OV_vs_rest,6,svm
4696,scanpy_wilcoxon,0.9022600512726926,0.821656050955414,0.9020979020979021,1.0,T_OV_vs_rest,6,svm
4697,scanpy_wilcoxon,0.9254393800725712,0.8758620689655172,0.927007299270073,0.9844961240310077,T_OV_vs_rest,6,svm
4698,scanpy_wilcoxon,0.9728005852752423,0.9485294117647058,0.9735849056603774,1.0,T_OV_vs_rest,7,svm
4699,scanpy_wilcoxon,0.9649206820496842,0.9411764705882353,0.9660377358490566,0.9922480620155039,T_OV_vs_rest,7,svm
4700,scanpy_wilcoxon,0.9491608755985681,0.9264705882352942,0.9509433962264151,0.9767441860465116,T_OV_vs_rest,7,svm
4701,scanpy_wilcoxon,0.9765581708136665,0.9555555555555556,0.9772727272727273,1.0,T_OV_vs_rest,8,svm
4702,scanpy_wilcoxon,0.9654064881239997,0.9347826086956522,0.9662921348314607,1.0,T_OV_vs_rest,8,svm
4703,scanpy_wilcoxon,0.945526435859872,0.9197080291970803,0.9473684210526315,0.9767441860465116,T_OV_vs_rest,8,svm
4704,scanpy_wilcoxon,0.9765581708136665,0.9555555555555556,0.9772727272727273,1.0,T_OV_vs_rest,9,svm
4705,scanpy_wilcoxon,0.9654064881239997,0.9347826086956522,0.9662921348314607,1.0,T_OV_vs_rest,9,svm
4706,scanpy_wilcoxon,0.953378824807727,0.927007299270073,0.9548872180451128,0.9844961240310077,T_OV_vs_rest,9,svm
4707,scanpy_wilcoxon,0.9880821859463184,0.9772727272727273,0.9885057471264368,1.0,T_OV_vs_rest,10,svm
4708,scanpy_wilcoxon,0.9654064881239997,0.9347826086956522,0.9662921348314607,1.0,T_OV_vs_rest,10,svm
4709,scanpy_wilcoxon,0.9603051878258714,0.9473684210526315,0.9618320610687023,0.9767441860465116,T_OV_vs_rest,10,svm
4710,scanpy_wilcoxon,0.9803571134311595,0.9626865671641791,0.9809885931558935,1.0,T_OV_vs_rest,11,svm
4711,scanpy_wilcoxon,0.9728005852752423,0.9485294117647058,0.9735849056603774,1.0,T_OV_vs_rest,11,svm
4712,scanpy_wilcoxon,0.9603051878258714,0.9473684210526315,0.9618320610687023,0.9767441860465116,T_OV_vs_rest,11,svm
4713,scanpy_wilcoxon,0.9803571134311595,0.9626865671641791,0.9809885931558935,1.0,T_OV_vs_rest,12,svm
4714,scanpy_wilcoxon,0.9690836027034369,0.9416058394160584,0.9699248120300752,1.0,T_OV_vs_rest,12,svm
4715,scanpy_wilcoxon,0.9644853746078328,0.9477611940298507,0.9657794676806084,0.9844961240310077,T_OV_vs_rest,12,svm
4716,scanpy_wilcoxon,0.9803571134311595,0.9626865671641791,0.9809885931558935,1.0,T_OV_vs_rest,13,svm
4717,scanpy_wilcoxon,0.9728005852752423,0.9485294117647058,0.9735849056603774,1.0,T_OV_vs_rest,13,svm
4718,scanpy_wilcoxon,0.9603051878258714,0.9473684210526315,0.9618320610687023,0.9767441860465116,T_OV_vs_rest,13,svm
4719,scanpy_wilcoxon,0.9803571134311595,0.9626865671641791,0.9809885931558935,1.0,T_OV_vs_rest,14,svm
4720,scanpy_wilcoxon,0.9728005852752423,0.9485294117647058,0.9735849056603774,1.0,T_OV_vs_rest,14,svm
4721,scanpy_wilcoxon,0.9644853746078328,0.9477611940298507,0.9657794676806084,0.9844961240310077,T_OV_vs_rest,14,svm
4722,scanpy_wilcoxon,0.9803571134311595,0.9626865671641791,0.9809885931558935,1.0,T_OV_vs_rest,15,svm
4723,scanpy_wilcoxon,0.9728005852752423,0.9485294117647058,0.9735849056603774,1.0,T_OV_vs_rest,15,svm
4724,scanpy_wilcoxon,0.9644853746078328,0.9477611940298507,0.9657794676806084,0.9844961240310077,T_OV_vs_rest,15,svm
4725,scanpy_wilcoxon,0.9803571134311595,0.9626865671641791,0.9809885931558935,1.0,T_OV_vs_rest,16,svm
4726,scanpy_wilcoxon,0.9765581708136665,0.9555555555555556,0.9772727272727273,1.0,T_OV_vs_rest,16,svm
4727,scanpy_wilcoxon,0.9762338539581288,0.9624060150375939,0.9770992366412213,0.9922480620155039,T_OV_vs_rest,16,svm
4728,scanpy_wilcoxon,0.9728005852752423,0.9485294117647058,0.9735849056603774,1.0,T_OV_vs_rest,17,svm
4729,scanpy_wilcoxon,0.9765581708136665,0.9555555555555556,0.9772727272727273,1.0,T_OV_vs_rest,17,svm
4730,scanpy_wilcoxon,0.9686504426991087,0.9481481481481482,0.9696969696969697,0.9922480620155039,T_OV_vs_rest,17,svm
4731,scanpy_wilcoxon,0.9728005852752423,0.9485294117647058,0.9735849056603774,1.0,T_OV_vs_rest,18,svm
4732,scanpy_wilcoxon,0.9841981870242574,0.9699248120300752,0.9847328244274809,1.0,T_OV_vs_rest,18,svm
4733,scanpy_wilcoxon,0.9724212440194961,0.9552238805970149,0.973384030418251,0.9922480620155039,T_OV_vs_rest,18,svm
4734,scanpy_wilcoxon,0.9765581708136665,0.9555555555555556,0.9772727272727273,1.0,T_OV_vs_rest,19,svm
4735,scanpy_wilcoxon,0.9841981870242574,0.9699248120300752,0.9847328244274809,1.0,T_OV_vs_rest,19,svm
4736,scanpy_wilcoxon,0.968269520892,0.9548872180451128,0.9694656488549618,0.9844961240310077,T_OV_vs_rest,19,svm
4737,scanpy_wilcoxon,0.9765581708136665,0.9555555555555556,0.9772727272727273,1.0,T_OV_vs_rest,20,svm
4738,scanpy_wilcoxon,0.980089060761476,0.9696969696969697,0.9808429118773946,0.9922480620155039,T_OV_vs_rest,20,svm
4739,scanpy_wilcoxon,0.968269520892,0.9548872180451128,0.9694656488549618,0.9844961240310077,T_OV_vs_rest,20,svm
4740,scanpy_t-test,0.6071979287918904,0.39751552795031053,0.5676274944567627,0.9922480620155039,T_OV_vs_rest,1,svm
4741,scanpy_t-test,0.5926981931232999,0.38368580060422963,0.5521739130434783,0.9844961240310077,T_OV_vs_rest,1,svm
4742,scanpy_t-test,0.6217817119189191,0.4214046822742475,0.5887850467289719,0.9767441860465116,T_OV_vs_rest,1,svm
4743,scanpy_t-test,0.7868628451992893,0.6446700507614214,0.7791411042944786,0.9844961240310077,T_OV_vs_rest,2,svm
4744,scanpy_t-test,0.7957921089353838,0.6482412060301508,0.7865853658536586,1.0,T_OV_vs_rest,2,svm
4745,scanpy_t-test,0.826062289318465,0.711864406779661,0.8235294117647058,0.9767441860465116,T_OV_vs_rest,2,svm
4746,scanpy_t-test,0.8183959382700511,0.6939890710382514,0.8141025641025641,0.9844961240310077,T_OV_vs_rest,3,svm
4747,scanpy_t-test,0.7934770534104609,0.649746192893401,0.7852760736196319,0.9922480620155039,T_OV_vs_rest,3,svm
4748,scanpy_t-test,0.8240696875085229,0.7142857142857143,0.8223684210526315,0.9689922480620154,T_OV_vs_rest,3,svm
4749,scanpy_t-test,0.867347677312947,0.774390243902439,0.8668941979522184,0.9844961240310077,T_OV_vs_rest,4,svm
4750,scanpy_t-test,0.8305297924080761,0.7134831460674157,0.8273615635179153,0.9844961240310077,T_OV_vs_rest,4,svm
4751,scanpy_t-test,0.8584835950856343,0.7716049382716049,0.8591065292096219,0.9689922480620154,T_OV_vs_rest,4,svm
4752,scanpy_t-test,0.8645663833534974,0.7696969696969697,0.8639455782312925,0.9844961240310077,T_OV_vs_rest,5,svm
4753,scanpy_t-test,0.8305297924080761,0.7134831460674157,0.8273615635179153,0.9844961240310077,T_OV_vs_rest,5,svm
4754,scanpy_t-test,0.8556939162045123,0.7668711656441718,0.8561643835616438,0.9689922480620154,T_OV_vs_rest,5,svm
4755,scanpy_t-test,0.8645663833534974,0.7696969696969697,0.8639455782312925,0.9844961240310077,T_OV_vs_rest,6,svm
4756,scanpy_t-test,0.8207834855013997,0.6978021978021978,0.8167202572347267,0.9844961240310077,T_OV_vs_rest,6,svm
4757,scanpy_t-test,0.8584835950856343,0.7716049382716049,0.8591065292096219,0.9689922480620154,T_OV_vs_rest,6,svm
4758,scanpy_t-test,0.8996857175255583,0.8300653594771242,0.900709219858156,0.9844961240310077,T_OV_vs_rest,7,svm
4759,scanpy_t-test,0.8935555944185358,0.8193548387096774,0.8943661971830986,0.9844961240310077,T_OV_vs_rest,7,svm
4760,scanpy_t-test,0.8972186302126847,0.8389261744966443,0.8992805755395683,0.9689922480620154,T_OV_vs_rest,7,svm
4761,scanpy_t-test,0.9364741010324171,0.8888888888888888,0.9377289377289377,0.9922480620155039,T_OV_vs_rest,8,svm
4762,scanpy_t-test,0.9649206820496842,0.9411764705882353,0.9660377358490566,0.9922480620155039,T_OV_vs_rest,8,svm
4763,scanpy_t-test,0.9565495051961694,0.9402985074626866,0.9581749049429658,0.9767441860465116,T_OV_vs_rest,8,svm
4764,scanpy_t-test,0.9330821877237465,0.8827586206896552,0.9343065693430657,0.9922480620155039,T_OV_vs_rest,9,svm
4765,scanpy_t-test,0.9612312137555818,0.9343065693430657,0.9624060150375939,0.9922480620155039,T_OV_vs_rest,9,svm
4766,scanpy_t-test,0.9528349864699933,0.9333333333333333,0.9545454545454546,0.9767441860465116,T_OV_vs_rest,9,svm
4767,scanpy_t-test,0.9399009550500933,0.8951048951048951,0.9411764705882353,0.9922480620155039,T_OV_vs_rest,10,svm
4768,scanpy_t-test,0.9503973610410426,0.9142857142857143,0.9516728624535316,0.9922480620155039,T_OV_vs_rest,10,svm
4769,scanpy_t-test,0.9565495051961694,0.9402985074626866,0.9581749049429658,0.9767441860465116,T_OV_vs_rest,10,svm
4770,scanpy_t-test,0.9364741010324171,0.8888888888888888,0.9377289377289377,0.9922480620155039,T_OV_vs_rest,11,svm
4771,scanpy_t-test,0.9539702553089654,0.920863309352518,0.9552238805970149,0.9922480620155039,T_OV_vs_rest,11,svm
4772,scanpy_t-test,0.9419309492276997,0.9130434782608695,0.9438202247191011,0.9767441860465116,T_OV_vs_rest,11,svm
4773,scanpy_t-test,0.9399009550500933,0.8951048951048951,0.9411764705882353,0.9922480620155039,T_OV_vs_rest,12,svm
4774,scanpy_t-test,0.9539702553089654,0.920863309352518,0.9552238805970149,0.9922480620155039,T_OV_vs_rest,12,svm
4775,scanpy_t-test,0.9419309492276997,0.9130434782608695,0.9438202247191011,0.9767441860465116,T_OV_vs_rest,12,svm
4776,scanpy_t-test,0.9399009550500933,0.8951048951048951,0.9411764705882353,0.9922480620155039,T_OV_vs_rest,13,svm
4777,scanpy_t-test,0.9575813084918997,0.927536231884058,0.9588014981273408,0.9922480620155039,T_OV_vs_rest,13,svm
4778,scanpy_t-test,0.9528349864699933,0.9333333333333333,0.9545454545454546,0.9767441860465116,T_OV_vs_rest,13,svm
4779,scanpy_t-test,0.9364741010324171,0.8888888888888888,0.9377289377289377,0.9922480620155039,T_OV_vs_rest,14,svm
4780,scanpy_t-test,0.9575813084918997,0.927536231884058,0.9588014981273408,0.9922480620155039,T_OV_vs_rest,14,svm
4781,scanpy_t-test,0.9313712955865998,0.8936170212765957,0.9333333333333333,0.9767441860465116,T_OV_vs_rest,14,svm
4782,scanpy_t-test,0.943363362119807,0.9014084507042254,0.9446494464944649,0.9922480620155039,T_OV_vs_rest,15,svm
4783,scanpy_t-test,0.9539702553089654,0.920863309352518,0.9552238805970149,0.9922480620155039,T_OV_vs_rest,15,svm
4784,scanpy_t-test,0.9419309492276997,0.9130434782608695,0.9438202247191011,0.9767441860465116,T_OV_vs_rest,15,svm
4785,scanpy_t-test,0.9468619497381312,0.9078014184397163,0.9481481481481482,0.9922480620155039,T_OV_vs_rest,16,svm
4786,scanpy_t-test,0.9539702553089654,0.920863309352518,0.9552238805970149,0.9922480620155039,T_OV_vs_rest,16,svm
4787,scanpy_t-test,0.9419309492276997,0.9130434782608695,0.9438202247191011,0.9767441860465116,T_OV_vs_rest,16,svm
4788,scanpy_t-test,0.9468619497381312,0.9078014184397163,0.9481481481481482,0.9922480620155039,T_OV_vs_rest,17,svm
4789,scanpy_t-test,0.9468619497381312,0.9078014184397163,0.9481481481481482,0.9922480620155039,T_OV_vs_rest,17,svm
4790,scanpy_t-test,0.945526435859872,0.9197080291970803,0.9473684210526315,0.9767441860465116,T_OV_vs_rest,17,svm
4791,scanpy_t-test,0.9468619497381312,0.9078014184397163,0.9481481481481482,0.9922480620155039,T_OV_vs_rest,18,svm
4792,scanpy_t-test,0.9468619497381312,0.9078014184397163,0.9481481481481482,0.9922480620155039,T_OV_vs_rest,18,svm
4793,scanpy_t-test,0.9491608755985681,0.9264705882352942,0.9509433962264151,0.9767441860465116,T_OV_vs_rest,18,svm
4794,scanpy_t-test,0.9803571134311595,0.9626865671641791,0.9809885931558935,1.0,T_OV_vs_rest,19,svm
4795,scanpy_t-test,0.9803571134311595,0.9626865671641791,0.9809885931558935,1.0,T_OV_vs_rest,19,svm
4796,scanpy_t-test,0.9919184641249303,0.9922480620155039,0.9922480620155039,0.9922480620155039,T_OV_vs_rest,19,svm
4797,scanpy_t-test,0.9803571134311595,0.9626865671641791,0.9809885931558935,1.0,T_OV_vs_rest,20,svm
4798,scanpy_t-test,0.9839876736707018,0.9770992366412213,0.9846153846153847,0.9922480620155039,T_OV_vs_rest,20,svm
4799,scanpy_t-test,0.9838369282498608,0.9844961240310077,0.9844961240310077,0.9844961240310077,T_OV_vs_rest,20,svm
4800,yomix,0.7045873195044101,0.5145631067961165,0.6751592356687898,0.9814814814814815,T_PAAD_vs_rest,1,svm
4801,yomix,0.6189549393028237,0.4519230769230769,0.5949367088607594,0.8703703703703703,T_PAAD_vs_rest,1,svm
4802,yomix,0.6057992632875911,0.4247787610619469,0.5748502994011976,0.8888888888888888,T_PAAD_vs_rest,1,svm
4803,yomix,0.6984802976436563,0.5257731958762887,0.6754966887417219,0.9444444444444444,T_PAAD_vs_rest,2,svm
4804,yomix,0.6390764708468116,0.47058823529411764,0.6153846153846154,0.8888888888888888,T_PAAD_vs_rest,2,svm
4805,yomix,0.6410268198472359,0.45454545454545453,0.6097560975609756,0.9259259259259259,T_PAAD_vs_rest,2,svm
4806,yomix,0.7260626884387665,0.5666666666666667,0.7083333333333334,0.9444444444444444,T_PAAD_vs_rest,3,svm
4807,yomix,0.6524383197053677,0.5,0.6351351351351351,0.8703703703703703,T_PAAD_vs_rest,3,svm
4808,yomix,0.6399473915733396,0.46226415094339623,0.6125,0.9074074074074074,T_PAAD_vs_rest,3,svm
4809,yomix,0.6840082886809788,0.504950495049505,0.6580645161290323,0.9444444444444444,T_PAAD_vs_rest,4,svm
4810,yomix,0.6418589763187321,0.4845360824742268,0.6225165562913907,0.8703703703703703,T_PAAD_vs_rest,4,svm
4811,yomix,0.6368236960328999,0.45794392523364486,0.6086956521739131,0.9074074074074074,T_PAAD_vs_rest,4,svm
4812,yomix,0.6911359757794932,0.5151515151515151,0.6666666666666666,0.9444444444444444,T_PAAD_vs_rest,5,svm
4813,yomix,0.6635295167079884,0.5164835164835165,0.6482758620689655,0.8703703703703703,T_PAAD_vs_rest,5,svm
4814,yomix,0.6431149785867379,0.4666666666666667,0.6163522012578616,0.9074074074074074,T_PAAD_vs_rest,5,svm
4815,yomix,0.6875457292600129,0.51,0.6623376623376623,0.9444444444444444,T_PAAD_vs_rest,6,svm
4816,yomix,0.6560764818079464,0.5053763440860215,0.6394557823129252,0.8703703703703703,T_PAAD_vs_rest,6,svm
4817,yomix,0.6431149785867379,0.4666666666666667,0.6163522012578616,0.9074074074074074,T_PAAD_vs_rest,6,svm
4818,yomix,0.7345349241563961,0.5795454545454546,0.7183098591549296,0.9444444444444444,T_PAAD_vs_rest,7,svm
4819,yomix,0.6673476421684664,0.5222222222222223,0.6527777777777778,0.8703703703703703,T_PAAD_vs_rest,7,svm
4820,yomix,0.6562457826069256,0.48514851485148514,0.632258064516129,0.9074074074074074,T_PAAD_vs_rest,7,svm
4821,yomix,0.7345349241563961,0.5795454545454546,0.7183098591549296,0.9444444444444444,T_PAAD_vs_rest,8,svm
4822,yomix,0.6673476421684664,0.5222222222222223,0.6527777777777778,0.8703703703703703,T_PAAD_vs_rest,8,svm
4823,yomix,0.6562457826069256,0.48514851485148514,0.632258064516129,0.9074074074074074,T_PAAD_vs_rest,8,svm
4824,yomix,0.7345349241563961,0.5795454545454546,0.7183098591549296,0.9444444444444444,T_PAAD_vs_rest,9,svm
4825,yomix,0.6673476421684664,0.5222222222222223,0.6527777777777778,0.8703703703703703,T_PAAD_vs_rest,9,svm
4826,yomix,0.6562457826069256,0.48514851485148514,0.632258064516129,0.9074074074074074,T_PAAD_vs_rest,9,svm
4827,yomix,0.7388789975302302,0.5862068965517241,0.723404255319149,0.9444444444444444,T_PAAD_vs_rest,10,svm
4828,yomix,0.6712291142044859,0.5280898876404494,0.6573426573426573,0.8703703703703703,T_PAAD_vs_rest,10,svm
4829,yomix,0.6562457826069256,0.48514851485148514,0.632258064516129,0.9074074074074074,T_PAAD_vs_rest,10,svm
4830,yomix,0.7388789975302302,0.5862068965517241,0.723404255319149,0.9444444444444444,T_PAAD_vs_rest,11,svm
4831,yomix,0.6712291142044859,0.5280898876404494,0.6573426573426573,0.8703703703703703,T_PAAD_vs_rest,11,svm
4832,yomix,0.6562457826069256,0.48514851485148514,0.632258064516129,0.9074074074074074,T_PAAD_vs_rest,11,svm
4833,yomix,0.7388789975302302,0.5862068965517241,0.723404255319149,0.9444444444444444,T_PAAD_vs_rest,12,svm
4834,yomix,0.6712291142044859,0.5280898876404494,0.6573426573426573,0.8703703703703703,T_PAAD_vs_rest,12,svm
4835,yomix,0.6562457826069256,0.48514851485148514,0.632258064516129,0.9074074074074074,T_PAAD_vs_rest,12,svm
4836,yomix,0.7388789975302302,0.5862068965517241,0.723404255319149,0.9444444444444444,T_PAAD_vs_rest,13,svm
4837,yomix,0.6635295167079884,0.5164835164835165,0.6482758620689655,0.8703703703703703,T_PAAD_vs_rest,13,svm
4838,yomix,0.6562457826069256,0.48514851485148514,0.632258064516129,0.9074074074074074,T_PAAD_vs_rest,13,svm
4839,yomix,0.7345349241563961,0.5795454545454546,0.7183098591549296,0.9444444444444444,T_PAAD_vs_rest,14,svm
4840,yomix,0.6673476421684664,0.5222222222222223,0.6527777777777778,0.8703703703703703,T_PAAD_vs_rest,14,svm
4841,yomix,0.6562457826069256,0.48514851485148514,0.632258064516129,0.9074074074074074,T_PAAD_vs_rest,14,svm
4842,yomix,0.7345349241563961,0.5795454545454546,0.7183098591549296,0.9444444444444444,T_PAAD_vs_rest,15,svm
4843,yomix,0.6673476421684664,0.5222222222222223,0.6527777777777778,0.8703703703703703,T_PAAD_vs_rest,15,svm
4844,yomix,0.6528917670364864,0.4803921568627451,0.6282051282051282,0.9074074074074074,T_PAAD_vs_rest,15,svm
4845,yomix,0.7388789975302302,0.5862068965517241,0.723404255319149,0.9444444444444444,T_PAAD_vs_rest,16,svm
4846,yomix,0.6673476421684664,0.5222222222222223,0.6527777777777778,0.8703703703703703,T_PAAD_vs_rest,16,svm
4847,yomix,0.6528917670364864,0.4803921568627451,0.6282051282051282,0.9074074074074074,T_PAAD_vs_rest,16,svm
4848,yomix,0.7477935671064733,0.6,0.7338129496402878,0.9444444444444444,T_PAAD_vs_rest,17,svm
4849,yomix,0.6597730156661864,0.5108695652173914,0.6438356164383562,0.8703703703703703,T_PAAD_vs_rest,17,svm
4850,yomix,0.6562457826069256,0.48514851485148514,0.632258064516129,0.9074074074074074,T_PAAD_vs_rest,17,svm
4851,yomix,0.7450220893610251,0.5842696629213483,0.7272727272727273,0.9629629629629629,T_PAAD_vs_rest,18,svm
4852,yomix,0.7551518441007711,0.6363636363636364,0.7480916030534351,0.9074074074074074,T_PAAD_vs_rest,18,svm
4853,yomix,0.7033421954150707,0.5434782608695652,0.684931506849315,0.9259259259259259,T_PAAD_vs_rest,18,svm
4854,yomix,0.7450220893610251,0.5842696629213483,0.7272727272727273,0.9629629629629629,T_PAAD_vs_rest,19,svm
4855,yomix,0.7761728419051924,0.6712328767123288,0.7716535433070866,0.9074074074074074,T_PAAD_vs_rest,19,svm
4856,yomix,0.7033421954150707,0.5434782608695652,0.684931506849315,0.9259259259259259,T_PAAD_vs_rest,19,svm
4857,yomix,0.7493747243946846,0.5909090909090909,0.7323943661971831,0.9629629629629629,T_PAAD_vs_rest,20,svm
4858,yomix,0.77075971321821,0.6621621621621622,0.765625,0.9074074074074074,T_PAAD_vs_rest,20,svm
4859,yomix,0.7113839268711916,0.5555555555555556,0.6944444444444444,0.9259259259259259,T_PAAD_vs_rest,20,svm
4860,cosg,0.7045873195044101,0.5145631067961165,0.6751592356687898,0.9814814814814815,T_PAAD_vs_rest,1,svm
4861,cosg,0.6189549393028237,0.4519230769230769,0.5949367088607594,0.8703703703703703,T_PAAD_vs_rest,1,svm
4862,cosg,0.6057992632875911,0.4247787610619469,0.5748502994011976,0.8888888888888888,T_PAAD_vs_rest,1,svm
4863,cosg,0.6875457292600129,0.51,0.6623376623376623,0.9444444444444444,T_PAAD_vs_rest,2,svm
4864,cosg,0.6203036436499514,0.4444444444444444,0.5925925925925926,0.8888888888888888,T_PAAD_vs_rest,2,svm
4865,cosg,0.618948568607163,0.4336283185840708,0.5868263473053892,0.9074074074074074,T_PAAD_vs_rest,2,svm
4866,cosg,0.6875457292600129,0.51,0.6623376623376623,0.9444444444444444,T_PAAD_vs_rest,3,svm
4867,cosg,0.6203036436499514,0.4444444444444444,0.5925925925925926,0.8888888888888888,T_PAAD_vs_rest,3,svm
4868,cosg,0.618948568607163,0.4336283185840708,0.5868263473053892,0.9074074074074074,T_PAAD_vs_rest,3,svm
4869,cosg,0.6840082886809788,0.504950495049505,0.6580645161290323,0.9444444444444444,T_PAAD_vs_rest,4,svm
4870,cosg,0.6263864045936696,0.4528301886792453,0.6,0.8888888888888888,T_PAAD_vs_rest,4,svm
4871,cosg,0.6161054081340163,0.4298245614035088,0.5833333333333334,0.9074074074074074,T_PAAD_vs_rest,4,svm
4872,cosg,0.6947803689393475,0.5204081632653061,0.6710526315789473,0.9444444444444444,T_PAAD_vs_rest,5,svm
4873,cosg,0.6294917965159097,0.45714285714285713,0.6037735849056604,0.8888888888888888,T_PAAD_vs_rest,5,svm
4874,cosg,0.618948568607163,0.4336283185840708,0.5868263473053892,0.9074074074074074,T_PAAD_vs_rest,5,svm
4875,cosg,0.6947803689393475,0.5204081632653061,0.6710526315789473,0.9444444444444444,T_PAAD_vs_rest,6,svm
4876,cosg,0.6294917965159097,0.45714285714285713,0.6037735849056604,0.8888888888888888,T_PAAD_vs_rest,6,svm
4877,cosg,0.618948568607163,0.4336283185840708,0.5868263473053892,0.9074074074074074,T_PAAD_vs_rest,6,svm
4878,cosg,0.7219305646977862,0.5604395604395604,0.7034482758620689,0.9444444444444444,T_PAAD_vs_rest,7,svm
4879,cosg,0.6418589763187321,0.4845360824742268,0.6225165562913907,0.8703703703703703,T_PAAD_vs_rest,7,svm
4880,cosg,0.6463275069985116,0.47115384615384615,0.620253164556962,0.9074074074074074,T_PAAD_vs_rest,7,svm
4881,cosg,0.7260626884387665,0.5666666666666667,0.7083333333333334,0.9444444444444444,T_PAAD_vs_rest,8,svm
4882,cosg,0.6418589763187321,0.4845360824742268,0.6225165562913907,0.8703703703703703,T_PAAD_vs_rest,8,svm
4883,cosg,0.6463275069985116,0.47115384615384615,0.620253164556962,0.9074074074074074,T_PAAD_vs_rest,8,svm
4884,cosg,0.7260626884387665,0.5666666666666667,0.7083333333333334,0.9444444444444444,T_PAAD_vs_rest,9,svm
4885,cosg,0.6418589763187321,0.4845360824742268,0.6225165562913907,0.8703703703703703,T_PAAD_vs_rest,9,svm
4886,cosg,0.6495860622848799,0.47572815533980584,0.6242038216560509,0.9074074074074074,T_PAAD_vs_rest,9,svm
4887,cosg,0.7260626884387665,0.5666666666666667,0.7083333333333334,0.9444444444444444,T_PAAD_vs_rest,10,svm
4888,cosg,0.6418589763187321,0.4845360824742268,0.6225165562913907,0.8703703703703703,T_PAAD_vs_rest,10,svm
4889,cosg,0.6495860622848799,0.47572815533980584,0.6242038216560509,0.9074074074074074,T_PAAD_vs_rest,10,svm
4890,cosg,0.7260626884387665,0.5666666666666667,0.7083333333333334,0.9444444444444444,T_PAAD_vs_rest,11,svm
4891,cosg,0.6418589763187321,0.4845360824742268,0.6225165562913907,0.8703703703703703,T_PAAD_vs_rest,11,svm
4892,cosg,0.6495860622848799,0.47572815533980584,0.6242038216560509,0.9074074074074074,T_PAAD_vs_rest,11,svm
4893,cosg,0.7665929367696614,0.6296296296296297,0.7555555555555555,0.9444444444444444,T_PAAD_vs_rest,12,svm
4894,cosg,0.6712291142044859,0.5280898876404494,0.6573426573426573,0.8703703703703703,T_PAAD_vs_rest,12,svm
4895,cosg,0.6562457826069256,0.48514851485148514,0.632258064516129,0.9074074074074074,T_PAAD_vs_rest,12,svm
4896,cosg,0.7665929367696614,0.6296296296296297,0.7555555555555555,0.9444444444444444,T_PAAD_vs_rest,13,svm
4897,cosg,0.6712291142044859,0.5280898876404494,0.6573426573426573,0.8703703703703703,T_PAAD_vs_rest,13,svm
4898,cosg,0.6562457826069256,0.48514851485148514,0.632258064516129,0.9074074074074074,T_PAAD_vs_rest,13,svm
4899,cosg,0.7345349241563961,0.5795454545454546,0.7183098591549296,0.9444444444444444,T_PAAD_vs_rest,14,svm
4900,cosg,0.6673476421684664,0.5222222222222223,0.6527777777777778,0.8703703703703703,T_PAAD_vs_rest,14,svm
4901,cosg,0.6562457826069256,0.48514851485148514,0.632258064516129,0.9074074074074074,T_PAAD_vs_rest,14,svm
4902,cosg,0.7345349241563961,0.5795454545454546,0.7183098591549296,0.9444444444444444,T_PAAD_vs_rest,15,svm
4903,cosg,0.6673476421684664,0.5222222222222223,0.6527777777777778,0.8703703703703703,T_PAAD_vs_rest,15,svm
4904,cosg,0.6562457826069256,0.48514851485148514,0.632258064516129,0.9074074074074074,T_PAAD_vs_rest,15,svm
4905,cosg,0.7345349241563961,0.5795454545454546,0.7183098591549296,0.9444444444444444,T_PAAD_vs_rest,16,svm
4906,cosg,0.656470519173178,0.5168539325842697,0.6433566433566433,0.8518518518518519,T_PAAD_vs_rest,16,svm
4907,cosg,0.6528917670364864,0.4803921568627451,0.6282051282051282,0.9074074074074074,T_PAAD_vs_rest,16,svm
4908,cosg,0.743297815946864,0.5930232558139535,0.7285714285714285,0.9444444444444444,T_PAAD_vs_rest,17,svm
4909,cosg,0.6488569928039527,0.49473684210526314,0.6308724832214765,0.8703703703703703,T_PAAD_vs_rest,17,svm
4910,cosg,0.6562457826069256,0.48514851485148514,0.632258064516129,0.9074074074074074,T_PAAD_vs_rest,17,svm
4911,cosg,0.743297815946864,0.5930232558139535,0.7285714285714285,0.9444444444444444,T_PAAD_vs_rest,18,svm
4912,cosg,0.6524383197053677,0.5,0.6351351351351351,0.8703703703703703,T_PAAD_vs_rest,18,svm
4913,cosg,0.6562457826069256,0.48514851485148514,0.632258064516129,0.9074074074074074,T_PAAD_vs_rest,18,svm
4914,cosg,0.7477935671064733,0.6,0.7338129496402878,0.9444444444444444,T_PAAD_vs_rest,19,svm
4915,cosg,0.6631558875948962,0.5052631578947369,0.6442953020134228,0.8888888888888888,T_PAAD_vs_rest,19,svm
4916,cosg,0.6528917670364864,0.4803921568627451,0.6282051282051282,0.9074074074074074,T_PAAD_vs_rest,19,svm
4917,cosg,0.7450220893610251,0.5842696629213483,0.7272727272727273,0.9629629629629629,T_PAAD_vs_rest,20,svm
4918,cosg,0.7816972757610932,0.6805555555555556,0.7777777777777778,0.9074074074074074,T_PAAD_vs_rest,20,svm
4919,cosg,0.7113839268711916,0.5555555555555556,0.6944444444444444,0.9259259259259259,T_PAAD_vs_rest,20,svm
4920,scanpy_wilcoxon,0.7045873195044101,0.5145631067961165,0.6751592356687898,0.9814814814814815,T_PAAD_vs_rest,1,svm
4921,scanpy_wilcoxon,0.6189549393028237,0.4519230769230769,0.5949367088607594,0.8703703703703703,T_PAAD_vs_rest,1,svm
4922,scanpy_wilcoxon,0.6057992632875911,0.4247787610619469,0.5748502994011976,0.8888888888888888,T_PAAD_vs_rest,1,svm
4923,scanpy_wilcoxon,0.6600137908463555,0.4807692307692308,0.6329113924050633,0.9259259259259259,T_PAAD_vs_rest,2,svm
4924,scanpy_wilcoxon,0.6203036436499514,0.4444444444444444,0.5925925925925926,0.8888888888888888,T_PAAD_vs_rest,2,svm
4925,scanpy_wilcoxon,0.6203036436499514,0.4444444444444444,0.5925925925925926,0.8888888888888888,T_PAAD_vs_rest,2,svm
4926,scanpy_wilcoxon,0.5821567008086531,0.36363636363636365,0.5279187817258884,0.9629629629629629,T_PAAD_vs_rest,3,svm
4927,scanpy_wilcoxon,0.5495722904350616,0.35294117647058826,0.5052631578947369,0.8888888888888888,T_PAAD_vs_rest,3,svm
4928,scanpy_wilcoxon,0.5586630528678316,0.34965034965034963,0.5076142131979695,0.9259259259259259,T_PAAD_vs_rest,3,svm
4929,scanpy_wilcoxon,0.6272902223235587,0.41935483870967744,0.5842696629213483,0.9629629629629629,T_PAAD_vs_rest,4,svm
4930,scanpy_wilcoxon,0.6057992632875911,0.4247787610619469,0.5748502994011976,0.8888888888888888,T_PAAD_vs_rest,4,svm
4931,scanpy_wilcoxon,0.5922012940763473,0.390625,0.5494505494505495,0.9259259259259259,T_PAAD_vs_rest,4,svm
4932,scanpy_wilcoxon,0.6381124996653577,0.43333333333333335,0.5977011494252874,0.9629629629629629,T_PAAD_vs_rest,5,svm
4933,scanpy_wilcoxon,0.7653337757827191,0.6666666666666666,0.7619047619047619,0.8888888888888888,T_PAAD_vs_rest,5,svm
4934,scanpy_wilcoxon,0.6535083785530095,0.4716981132075472,0.625,0.9259259259259259,T_PAAD_vs_rest,5,svm
4935,scanpy_wilcoxon,0.6465856221004138,0.4444444444444444,0.6081871345029239,0.9629629629629629,T_PAAD_vs_rest,6,svm
4936,scanpy_wilcoxon,0.7546136318431003,0.6486486486486487,0.75,0.8888888888888888,T_PAAD_vs_rest,6,svm
4937,scanpy_wilcoxon,0.6440835811222301,0.45871559633027525,0.6134969325153374,0.9259259259259259,T_PAAD_vs_rest,6,svm
4938,scanpy_wilcoxon,0.7081529517951859,0.5196078431372549,0.6794871794871795,0.9814814814814815,T_PAAD_vs_rest,7,svm
4939,scanpy_wilcoxon,0.77075971321821,0.6621621621621622,0.765625,0.9074074074074074,T_PAAD_vs_rest,7,svm
4940,scanpy_wilcoxon,0.7924265060380411,0.684931506849315,0.7874015748031497,0.9259259259259259,T_PAAD_vs_rest,7,svm
4941,scanpy_wilcoxon,0.7628856151961461,0.611764705882353,0.7482014388489209,0.9629629629629629,T_PAAD_vs_rest,8,svm
4942,scanpy_wilcoxon,0.7924265060380411,0.684931506849315,0.7874015748031497,0.9259259259259259,T_PAAD_vs_rest,8,svm
4943,scanpy_wilcoxon,0.8096860990174456,0.7142857142857143,0.8064516129032258,0.9259259259259259,T_PAAD_vs_rest,8,svm
4944,scanpy_wilcoxon,0.7722929155130742,0.6265060240963856,0.7591240875912408,0.9629629629629629,T_PAAD_vs_rest,9,svm
4945,scanpy_wilcoxon,0.7924265060380411,0.684931506849315,0.7874015748031497,0.9259259259259259,T_PAAD_vs_rest,9,svm
4946,scanpy_wilcoxon,0.8280819287326793,0.746268656716418,0.8264462809917356,0.9259259259259259,T_PAAD_vs_rest,9,svm
4947,scanpy_wilcoxon,0.7511310886926851,0.5824175824175825,0.7310344827586207,0.9814814814814815,T_PAAD_vs_rest,10,svm
4948,scanpy_wilcoxon,0.8144242757178412,0.7083333333333334,0.8095238095238095,0.9444444444444444,T_PAAD_vs_rest,10,svm
4949,scanpy_wilcoxon,0.8086801701708898,0.6986301369863014,0.8031496062992126,0.9444444444444444,T_PAAD_vs_rest,10,svm
4950,scanpy_wilcoxon,0.7511310886926851,0.5824175824175825,0.7310344827586207,0.9814814814814815,T_PAAD_vs_rest,11,svm
4951,scanpy_wilcoxon,0.8156857151026989,0.7246376811594203,0.8130081300813008,0.9259259259259259,T_PAAD_vs_rest,11,svm
4952,scanpy_wilcoxon,0.8144242757178412,0.7083333333333334,0.8095238095238095,0.9444444444444444,T_PAAD_vs_rest,11,svm
4953,scanpy_wilcoxon,0.7554202115739167,0.5888888888888889,0.7361111111111112,0.9814814814814815,T_PAAD_vs_rest,12,svm
4954,scanpy_wilcoxon,0.8156857151026989,0.7246376811594203,0.8130081300813008,0.9259259259259259,T_PAAD_vs_rest,12,svm
4955,scanpy_wilcoxon,0.8144242757178412,0.7083333333333334,0.8095238095238095,0.9444444444444444,T_PAAD_vs_rest,12,svm
4956,scanpy_wilcoxon,0.663661878591932,0.45,0.6206896551724138,1.0,T_PAAD_vs_rest,13,svm
4957,scanpy_wilcoxon,0.6947803689393475,0.5204081632653061,0.6710526315789473,0.9444444444444444,T_PAAD_vs_rest,13,svm
4958,scanpy_wilcoxon,0.7014939384641807,0.52,0.6753246753246753,0.9629629629629629,T_PAAD_vs_rest,13,svm
4959,scanpy_wilcoxon,0.7370360327337435,0.5510204081632653,0.7105263157894737,1.0,T_PAAD_vs_rest,14,svm
4960,scanpy_wilcoxon,0.7155048992984094,0.5617977528089888,0.6993006993006993,0.9259259259259259,T_PAAD_vs_rest,14,svm
4961,scanpy_wilcoxon,0.7523685295160402,0.6071428571428571,0.7391304347826086,0.9444444444444444,T_PAAD_vs_rest,14,svm
4962,scanpy_wilcoxon,0.7331845455036758,0.5454545454545454,0.7058823529411765,1.0,T_PAAD_vs_rest,15,svm
4963,scanpy_wilcoxon,0.7155048992984094,0.5617977528089888,0.6993006993006993,0.9259259259259259,T_PAAD_vs_rest,15,svm
4964,scanpy_wilcoxon,0.7417572392781172,0.6024096385542169,0.7299270072992701,0.9259259259259259,T_PAAD_vs_rest,15,svm
4965,scanpy_wilcoxon,0.7183376338092927,0.5242718446601942,0.6878980891719745,1.0,T_PAAD_vs_rest,16,svm
4966,scanpy_wilcoxon,0.70903416441478,0.5632183908045977,0.6950354609929078,0.9074074074074074,T_PAAD_vs_rest,16,svm
4967,scanpy_wilcoxon,0.7417572392781172,0.6024096385542169,0.7299270072992701,0.9259259259259259,T_PAAD_vs_rest,16,svm
4968,scanpy_wilcoxon,0.7183376338092927,0.5242718446601942,0.6878980891719745,1.0,T_PAAD_vs_rest,17,svm
4969,scanpy_wilcoxon,0.70903416441478,0.5632183908045977,0.6950354609929078,0.9074074074074074,T_PAAD_vs_rest,17,svm
4970,scanpy_wilcoxon,0.7417572392781172,0.6024096385542169,0.7299270072992701,0.9259259259259259,T_PAAD_vs_rest,17,svm
4971,scanpy_wilcoxon,0.704322082542831,0.5046728971962616,0.6708074534161491,1.0,T_PAAD_vs_rest,18,svm
4972,scanpy_wilcoxon,0.7452393796260115,0.620253164556962,0.7368421052631579,0.9074074074074074,T_PAAD_vs_rest,18,svm
4973,scanpy_wilcoxon,0.76087882043225,0.6329113924050633,0.7518796992481203,0.9259259259259259,T_PAAD_vs_rest,18,svm
4974,scanpy_wilcoxon,0.6665540357126694,0.453781512605042,0.6242774566473989,1.0,T_PAAD_vs_rest,19,svm
4975,scanpy_wilcoxon,0.7658852635897763,0.6410256410256411,0.7575757575757576,0.9259259259259259,T_PAAD_vs_rest,19,svm
4976,scanpy_wilcoxon,0.7511427716800251,0.6172839506172839,0.7407407407407407,0.9259259259259259,T_PAAD_vs_rest,19,svm
4977,scanpy_wilcoxon,0.6470288450553697,0.42857142857142855,0.6,1.0,T_PAAD_vs_rest,20,svm
4978,scanpy_wilcoxon,0.7551518441007711,0.6363636363636364,0.7480916030534351,0.9074074074074074,T_PAAD_vs_rest,20,svm
4979,scanpy_wilcoxon,0.7283120832796406,0.5591397849462365,0.7074829931972789,0.9629629629629629,T_PAAD_vs_rest,20,svm
4980,scanpy_t-test,0.3914661366985304,0.16770186335403728,0.2872340425531915,1.0,T_PAAD_vs_rest,1,svm
4981,scanpy_t-test,0.36034421599313887,0.15315315315315314,0.26356589147286824,0.9444444444444444,T_PAAD_vs_rest,1,svm
4982,scanpy_t-test,0.3689023640701404,0.15083798882681565,0.2621359223300971,1.0,T_PAAD_vs_rest,1,svm
4983,scanpy_t-test,0.38339511716721353,0.16459627329192547,0.28191489361702127,0.9814814814814815,T_PAAD_vs_rest,2,svm
4984,scanpy_t-test,0.36854569841383045,0.159375,0.2727272727272727,0.9444444444444444,T_PAAD_vs_rest,2,svm
4985,scanpy_t-test,0.37126042066687254,0.15542521994134897,0.2683544303797468,0.9814814814814815,T_PAAD_vs_rest,2,svm
4986,scanpy_t-test,0.38339511716721353,0.16459627329192547,0.28191489361702127,0.9814814814814815,T_PAAD_vs_rest,3,svm
4987,scanpy_t-test,0.3718286498818056,0.1619047619047619,0.2764227642276423,0.9444444444444444,T_PAAD_vs_rest,3,svm
4988,scanpy_t-test,0.37126042066687254,0.15542521994134897,0.2683544303797468,0.9814814814814815,T_PAAD_vs_rest,3,svm
4989,scanpy_t-test,0.39230901086409753,0.1715210355987055,0.29201101928374656,0.9814814814814815,T_PAAD_vs_rest,4,svm
4990,scanpy_t-test,0.38246440710073953,0.1736111111111111,0.29239766081871343,0.9259259259259259,T_PAAD_vs_rest,4,svm
4991,scanpy_t-test,0.37752217681052486,0.16012084592145015,0.2753246753246753,0.9814814814814815,T_PAAD_vs_rest,4,svm
4992,scanpy_t-test,0.40558631395954137,0.18213058419243985,0.3072463768115942,0.9814814814814815,T_PAAD_vs_rest,5,svm
4993,scanpy_t-test,0.4240365820972745,0.20920502092050208,0.3412969283276451,0.9259259259259259,T_PAAD_vs_rest,5,svm
4994,scanpy_t-test,0.41058916178391885,0.1897810218978102,0.3170731707317073,0.9629629629629629,T_PAAD_vs_rest,5,svm
4995,scanpy_t-test,0.4167635290761491,0.19133574007220217,0.3202416918429003,0.9814814814814815,T_PAAD_vs_rest,6,svm
4996,scanpy_t-test,0.41672295597146414,0.20675105485232068,0.33676975945017185,0.9074074074074074,T_PAAD_vs_rest,6,svm
4997,scanpy_t-test,0.39790554882892987,0.1827956989247312,0.3063063063063063,0.9444444444444444,T_PAAD_vs_rest,6,svm
4998,scanpy_t-test,0.41734297197972053,0.19548872180451127,0.325,0.9629629629629629,T_PAAD_vs_rest,7,svm
4999,scanpy_t-test,0.42772345758635366,0.2168141592920354,0.35,0.9074074074074074,T_PAAD_vs_rest,7,svm
5000,scanpy_t-test,0.42180778655298923,0.19557195571955718,0.3261538461538461,0.9814814814814815,T_PAAD_vs_rest,7,svm
5001,scanpy_t-test,0.44555628964850236,0.22033898305084745,0.3586206896551724,0.9629629629629629,T_PAAD_vs_rest,8,svm
5002,scanpy_t-test,0.4436510860465441,0.22727272727272727,0.36496350364963503,0.9259259259259259,T_PAAD_vs_rest,8,svm
5003,scanpy_t-test,0.434234761940553,0.20622568093385213,0.3408360128617363,0.9814814814814815,T_PAAD_vs_rest,8,svm
5004,scanpy_t-test,0.5110522273332356,0.2789473684210526,0.4344262295081967,0.9814814814814815,T_PAAD_vs_rest,9,svm
5005,scanpy_t-test,0.4975646189970268,0.2756756756756757,0.42677824267782427,0.9444444444444444,T_PAAD_vs_rest,9,svm
5006,scanpy_t-test,0.5036209882217475,0.2765957446808511,0.4297520661157025,0.9629629629629629,T_PAAD_vs_rest,9,svm
5007,scanpy_t-test,0.552569112768225,0.3231707317073171,0.48623853211009177,0.9814814814814815,T_PAAD_vs_rest,10,svm
5008,scanpy_t-test,0.530554462538844,0.31097560975609756,0.46788990825688076,0.9444444444444444,T_PAAD_vs_rest,10,svm
5009,scanpy_t-test,0.49329885306619564,0.2712765957446808,0.4214876033057851,0.9444444444444444,T_PAAD_vs_rest,10,svm
5010,scanpy_t-test,0.552569112768225,0.3231707317073171,0.48623853211009177,0.9814814814814815,T_PAAD_vs_rest,11,svm
5011,scanpy_t-test,0.5238070420904873,0.30357142857142855,0.4594594594594595,0.9444444444444444,T_PAAD_vs_rest,11,svm
5012,scanpy_t-test,0.5065054999118241,0.27956989247311825,0.43333333333333335,0.9629629629629629,T_PAAD_vs_rest,11,svm
5013,scanpy_t-test,0.5579834885286361,0.32919254658385094,0.4930232558139535,0.9814814814814815,T_PAAD_vs_rest,12,svm
5014,scanpy_t-test,0.5398208537715705,0.3151515151515151,0.4748858447488584,0.9629629629629629,T_PAAD_vs_rest,12,svm
5015,scanpy_t-test,0.5050575906381284,0.27807486631016043,0.4315352697095436,0.9629629629629629,T_PAAD_vs_rest,12,svm
5016,scanpy_t-test,0.552569112768225,0.3231707317073171,0.48623853211009177,0.9814814814814815,T_PAAD_vs_rest,13,svm
5017,scanpy_t-test,0.5221569522784824,0.30177514792899407,0.45739910313901344,0.9444444444444444,T_PAAD_vs_rest,13,svm
5018,scanpy_t-test,0.49613150426182223,0.27419354838709675,0.425,0.9444444444444444,T_PAAD_vs_rest,13,svm
5019,scanpy_t-test,0.559821398123045,0.33125,0.4953271028037383,0.9814814814814815,T_PAAD_vs_rest,14,svm
5020,scanpy_t-test,0.532279203359686,0.3128834355828221,0.4700460829493088,0.9444444444444444,T_PAAD_vs_rest,14,svm
5021,scanpy_t-test,0.4975646189970268,0.2756756756756757,0.42677824267782427,0.9444444444444444,T_PAAD_vs_rest,14,svm
5022,scanpy_t-test,0.56543814604712,0.3375796178343949,0.5023696682464455,0.9814814814814815,T_PAAD_vs_rest,15,svm
5023,scanpy_t-test,0.5340195635027459,0.3148148148148148,0.4722222222222222,0.9444444444444444,T_PAAD_vs_rest,15,svm
5024,scanpy_t-test,0.49613150426182223,0.27419354838709675,0.425,0.9444444444444444,T_PAAD_vs_rest,15,svm
5025,scanpy_t-test,0.5751595794282348,0.34868421052631576,0.5145631067961165,0.9814814814814815,T_PAAD_vs_rest,16,svm
5026,scanpy_t-test,0.5466603797449631,0.32903225806451614,0.4880382775119617,0.9444444444444444,T_PAAD_vs_rest,16,svm
5027,scanpy_t-test,0.5079648680661544,0.2810810810810811,0.4351464435146444,0.9629629629629629,T_PAAD_vs_rest,16,svm
5028,scanpy_t-test,0.5731779087157,0.3464052287581699,0.5120772946859904,0.9814814814814815,T_PAAD_vs_rest,17,svm
5029,scanpy_t-test,0.5466603797449631,0.32903225806451614,0.4880382775119617,0.9444444444444444,T_PAAD_vs_rest,17,svm
5030,scanpy_t-test,0.5094358500071472,0.2826086956521739,0.4369747899159664,0.9629629629629629,T_PAAD_vs_rest,17,svm
5031,scanpy_t-test,0.587466539815837,0.363013698630137,0.53,0.9814814814814815,T_PAAD_vs_rest,18,svm
5032,scanpy_t-test,0.5332500743226131,0.32666666666666666,0.4803921568627451,0.9074074074074074,T_PAAD_vs_rest,18,svm
5033,scanpy_t-test,0.5154391186737229,0.28888888888888886,0.4444444444444444,0.9629629629629629,T_PAAD_vs_rest,18,svm
5034,scanpy_t-test,0.5939035247790639,0.3706293706293706,0.5380710659898477,0.9814814814814815,T_PAAD_vs_rest,19,svm
5035,scanpy_t-test,0.5351444084203808,0.3288590604026846,0.4827586206896552,0.9074074074074074,T_PAAD_vs_rest,19,svm
5036,scanpy_t-test,0.5200715607793589,0.2937853107344633,0.45021645021645024,0.9629629629629629,T_PAAD_vs_rest,19,svm
5037,scanpy_t-test,0.5771605576936433,0.3509933774834437,0.5170731707317073,0.9814814814814815,T_PAAD_vs_rest,20,svm
5038,scanpy_t-test,0.5822105970670176,0.3858267716535433,0.5414364640883977,0.9074074074074074,T_PAAD_vs_rest,20,svm
5039,scanpy_t-test,0.5455725543261165,0.31547619047619047,0.4774774774774775,0.9814814814814815,T_PAAD_vs_rest,20,svm
5040,yomix,0.9733244771800302,0.9482758620689655,0.9734513274336283,1.0,T_PCPG_vs_rest,1,svm
5041,yomix,0.9725311991906075,0.9642857142857143,0.972972972972973,0.9818181818181818,T_PCPG_vs_rest,1,svm
5042,yomix,0.9552971000971994,0.9310344827586207,0.9557522123893806,0.9818181818181818,T_PCPG_vs_rest,1,svm
5043,yomix,0.9733244771800302,0.9482758620689655,0.9734513274336283,1.0,T_PCPG_vs_rest,2,svm
5044,yomix,0.9814964314964315,0.9818181818181818,0.9818181818181818,0.9818181818181818,T_PCPG_vs_rest,2,svm
5045,yomix,0.9470084716138567,0.9152542372881356,0.9473684210526315,0.9818181818181818,T_PCPG_vs_rest,2,svm
5046,yomix,0.9819833802199511,0.9649122807017544,0.9821428571428571,1.0,T_PCPG_vs_rest,3,svm
5047,yomix,0.9814964314964315,0.9818181818181818,0.9818181818181818,0.9818181818181818,T_PCPG_vs_rest,3,svm
5048,yomix,0.9725311991906075,0.9642857142857143,0.972972972972973,0.9818181818181818,T_PCPG_vs_rest,3,svm
5049,yomix,0.9819833802199511,0.9649122807017544,0.9821428571428571,1.0,T_PCPG_vs_rest,4,svm
5050,yomix,0.9814964314964315,0.9818181818181818,0.9818181818181818,0.9818181818181818,T_PCPG_vs_rest,4,svm
5051,yomix,0.9814964314964315,0.9818181818181818,0.9818181818181818,0.9818181818181818,T_PCPG_vs_rest,4,svm
5052,yomix,0.9819833802199511,0.9649122807017544,0.9821428571428571,1.0,T_PCPG_vs_rest,5,svm
5053,yomix,0.9725311991906075,0.9642857142857143,0.972972972972973,0.9818181818181818,T_PCPG_vs_rest,5,svm
5054,yomix,0.9814964314964315,0.9818181818181818,0.9818181818181818,0.9818181818181818,T_PCPG_vs_rest,5,svm
5055,yomix,0.9819833802199511,0.9649122807017544,0.9821428571428571,1.0,T_PCPG_vs_rest,6,svm
5056,yomix,0.9725311991906075,0.9642857142857143,0.972972972972973,0.9818181818181818,T_PCPG_vs_rest,6,svm
5057,yomix,0.9814964314964315,0.9818181818181818,0.9818181818181818,0.9818181818181818,T_PCPG_vs_rest,6,svm
5058,yomix,0.9908717638335279,0.9821428571428571,0.990990990990991,1.0,T_PCPG_vs_rest,7,svm
5059,yomix,0.962992862992863,0.9636363636363636,0.9636363636363636,0.9636363636363636,T_PCPG_vs_rest,7,svm
5060,yomix,0.9814964314964315,0.9818181818181818,0.9818181818181818,0.9818181818181818,T_PCPG_vs_rest,7,svm
5061,yomix,0.9814964314964315,0.9818181818181818,0.9818181818181818,0.9818181818181818,T_PCPG_vs_rest,8,svm
5062,yomix,0.962992862992863,0.9636363636363636,0.9636363636363636,0.9636363636363636,T_PCPG_vs_rest,8,svm
5063,yomix,0.9720369126849194,0.9814814814814815,0.9724770642201835,0.9636363636363636,T_PCPG_vs_rest,8,svm
5064,yomix,0.9814964314964315,0.9818181818181818,0.9818181818181818,0.9818181818181818,T_PCPG_vs_rest,9,svm
5065,yomix,0.9814964314964315,0.9818181818181818,0.9818181818181818,0.9818181818181818,T_PCPG_vs_rest,9,svm
5066,yomix,0.9720369126849194,0.9814814814814815,0.9724770642201835,0.9636363636363636,T_PCPG_vs_rest,9,svm
5067,yomix,0.9814964314964315,0.9818181818181818,0.9818181818181818,0.9818181818181818,T_PCPG_vs_rest,10,svm
5068,yomix,0.9720369126849194,0.9814814814814815,0.9724770642201835,0.9636363636363636,T_PCPG_vs_rest,10,svm
5069,yomix,0.9814964314964315,0.9818181818181818,0.9818181818181818,0.9818181818181818,T_PCPG_vs_rest,10,svm
5070,yomix,0.9814964314964315,0.9818181818181818,0.9818181818181818,0.9818181818181818,T_PCPG_vs_rest,11,svm
5071,yomix,0.9720369126849194,0.9814814814814815,0.9724770642201835,0.9636363636363636,T_PCPG_vs_rest,11,svm
5072,yomix,0.9814964314964315,0.9818181818181818,0.9818181818181818,0.9818181818181818,T_PCPG_vs_rest,11,svm
5073,yomix,0.9638014834123898,0.9473684210526315,0.9642857142857143,0.9818181818181818,T_PCPG_vs_rest,12,svm
5074,yomix,0.962992862992863,0.9636363636363636,0.9636363636363636,0.9636363636363636,T_PCPG_vs_rest,12,svm
5075,yomix,0.9814964314964315,0.9818181818181818,0.9818181818181818,0.9818181818181818,T_PCPG_vs_rest,12,svm
5076,yomix,0.9814964314964315,0.9818181818181818,0.9818181818181818,0.9818181818181818,T_PCPG_vs_rest,13,svm
5077,yomix,0.962992862992863,0.9636363636363636,0.9636363636363636,0.9636363636363636,T_PCPG_vs_rest,13,svm
5078,yomix,0.9814964314964315,0.9818181818181818,0.9818181818181818,0.9818181818181818,T_PCPG_vs_rest,13,svm
5079,yomix,0.9814964314964315,0.9818181818181818,0.9818181818181818,0.9818181818181818,T_PCPG_vs_rest,14,svm
5080,yomix,0.962992862992863,0.9636363636363636,0.9636363636363636,0.9636363636363636,T_PCPG_vs_rest,14,svm
5081,yomix,0.9814964314964315,0.9818181818181818,0.9818181818181818,0.9818181818181818,T_PCPG_vs_rest,14,svm
5082,yomix,0.9638014834123898,0.9473684210526315,0.9642857142857143,0.9818181818181818,T_PCPG_vs_rest,15,svm
5083,yomix,0.9720369126849194,0.9814814814814815,0.9724770642201835,0.9636363636363636,T_PCPG_vs_rest,15,svm
5084,yomix,0.9720369126849194,0.9814814814814815,0.9724770642201835,0.9636363636363636,T_PCPG_vs_rest,15,svm
5085,yomix,0.9725311991906075,0.9642857142857143,0.972972972972973,0.9818181818181818,T_PCPG_vs_rest,16,svm
5086,yomix,0.9720369126849194,0.9814814814814815,0.9724770642201835,0.9636363636363636,T_PCPG_vs_rest,16,svm
5087,yomix,0.9720369126849194,0.9814814814814815,0.9724770642201835,0.9636363636363636,T_PCPG_vs_rest,16,svm
5088,yomix,0.9907080211195514,1.0,0.9908256880733946,0.9818181818181818,T_PCPG_vs_rest,17,svm
5089,yomix,0.9813341234232085,1.0,0.9814814814814815,0.9636363636363636,T_PCPG_vs_rest,17,svm
5090,yomix,0.9720369126849194,0.9814814814814815,0.9724770642201835,0.9636363636363636,T_PCPG_vs_rest,17,svm
5091,yomix,0.9814964314964315,0.9818181818181818,0.9818181818181818,0.9818181818181818,T_PCPG_vs_rest,18,svm
5092,yomix,0.9720369126849194,0.9814814814814815,0.9724770642201835,0.9636363636363636,T_PCPG_vs_rest,18,svm
5093,yomix,0.9720369126849194,0.9814814814814815,0.9724770642201835,0.9636363636363636,T_PCPG_vs_rest,18,svm
5094,yomix,0.9814964314964315,0.9818181818181818,0.9818181818181818,0.9818181818181818,T_PCPG_vs_rest,19,svm
5095,yomix,0.9720369126849194,0.9814814814814815,0.9724770642201835,0.9636363636363636,T_PCPG_vs_rest,19,svm
5096,yomix,0.9720369126849194,0.9814814814814815,0.9724770642201835,0.9636363636363636,T_PCPG_vs_rest,19,svm
5097,yomix,0.9814964314964315,0.9818181818181818,0.9818181818181818,0.9818181818181818,T_PCPG_vs_rest,20,svm
5098,yomix,0.9720369126849194,0.9814814814814815,0.9724770642201835,0.9636363636363636,T_PCPG_vs_rest,20,svm
5099,yomix,0.9720369126849194,0.9814814814814815,0.9724770642201835,0.9636363636363636,T_PCPG_vs_rest,20,svm
5100,cosg,0.9552971000971994,0.9310344827586207,0.9557522123893806,0.9818181818181818,T_PCPG_vs_rest,1,svm
5101,cosg,0.9552971000971994,0.9310344827586207,0.9557522123893806,0.9818181818181818,T_PCPG_vs_rest,1,svm
5102,cosg,0.9541906345476872,0.9464285714285714,0.954954954954955,0.9636363636363636,T_PCPG_vs_rest,1,svm
5103,cosg,0.9648853003689348,0.9322033898305084,0.9649122807017544,1.0,T_PCPG_vs_rest,2,svm
5104,cosg,0.9725311991906075,0.9642857142857143,0.972972972972973,0.9818181818181818,T_PCPG_vs_rest,2,svm
5105,cosg,0.9552971000971994,0.9310344827586207,0.9557522123893806,0.9818181818181818,T_PCPG_vs_rest,2,svm
5106,cosg,0.9819833802199511,0.9649122807017544,0.9821428571428571,1.0,T_PCPG_vs_rest,3,svm
5107,cosg,0.9814964314964315,0.9818181818181818,0.9818181818181818,0.9818181818181818,T_PCPG_vs_rest,3,svm
5108,cosg,0.9638014834123898,0.9473684210526315,0.9642857142857143,0.9818181818181818,T_PCPG_vs_rest,3,svm
5109,cosg,0.9908717638335279,0.9821428571428571,0.990990990990991,1.0,T_PCPG_vs_rest,4,svm
5110,cosg,0.9907080211195514,1.0,0.9908256880733946,0.9818181818181818,T_PCPG_vs_rest,4,svm
5111,cosg,0.9814964314964315,0.9818181818181818,0.9818181818181818,0.9818181818181818,T_PCPG_vs_rest,4,svm
5112,cosg,0.9407969007633398,0.8870967741935484,0.9401709401709402,1.0,T_PCPG_vs_rest,5,svm
5113,cosg,0.9233495049255488,0.8709677419354839,0.9230769230769231,0.9818181818181818,T_PCPG_vs_rest,5,svm
5114,cosg,0.9907080211195514,1.0,0.9908256880733946,0.9818181818181818,T_PCPG_vs_rest,5,svm
5115,cosg,0.9407969007633398,0.8870967741935484,0.9401709401709402,1.0,T_PCPG_vs_rest,6,svm
5116,cosg,0.9233495049255488,0.8709677419354839,0.9230769230769231,0.9818181818181818,T_PCPG_vs_rest,6,svm
5117,cosg,0.9907080211195514,1.0,0.9908256880733946,0.9818181818181818,T_PCPG_vs_rest,6,svm
5118,cosg,0.9407969007633398,0.8870967741935484,0.9401709401709402,1.0,T_PCPG_vs_rest,7,svm
5119,cosg,0.9158387337403413,0.8571428571428571,0.9152542372881356,0.9818181818181818,T_PCPG_vs_rest,7,svm
5120,cosg,0.9907080211195514,1.0,0.9908256880733946,0.9818181818181818,T_PCPG_vs_rest,7,svm
5121,cosg,0.9407969007633398,0.8870967741935484,0.9401709401709402,1.0,T_PCPG_vs_rest,8,svm
5122,cosg,0.9158387337403413,0.8571428571428571,0.9152542372881356,0.9818181818181818,T_PCPG_vs_rest,8,svm
5123,cosg,0.9907080211195514,1.0,0.9908256880733946,0.9818181818181818,T_PCPG_vs_rest,8,svm
5124,cosg,0.9407969007633398,0.8870967741935484,0.9401709401709402,1.0,T_PCPG_vs_rest,9,svm
5125,cosg,0.9158387337403413,0.8571428571428571,0.9152542372881356,0.9818181818181818,T_PCPG_vs_rest,9,svm
5126,cosg,0.9907080211195514,1.0,0.9908256880733946,0.9818181818181818,T_PCPG_vs_rest,9,svm
5127,cosg,0.9407969007633398,0.8870967741935484,0.9401709401709402,1.0,T_PCPG_vs_rest,10,svm
5128,cosg,0.9158387337403413,0.8571428571428571,0.9152542372881356,0.9818181818181818,T_PCPG_vs_rest,10,svm
5129,cosg,0.9907080211195514,1.0,0.9908256880733946,0.9818181818181818,T_PCPG_vs_rest,10,svm
5130,cosg,0.9407969007633398,0.8870967741935484,0.9401709401709402,1.0,T_PCPG_vs_rest,11,svm
5131,cosg,0.9158387337403413,0.8571428571428571,0.9152542372881356,0.9818181818181818,T_PCPG_vs_rest,11,svm
5132,cosg,0.9907080211195514,1.0,0.9908256880733946,0.9818181818181818,T_PCPG_vs_rest,11,svm
5133,cosg,0.9407969007633398,0.8870967741935484,0.9401709401709402,1.0,T_PCPG_vs_rest,12,svm
5134,cosg,0.9158387337403413,0.8571428571428571,0.9152542372881356,0.9818181818181818,T_PCPG_vs_rest,12,svm
5135,cosg,0.9907080211195514,1.0,0.9908256880733946,0.9818181818181818,T_PCPG_vs_rest,12,svm
5136,cosg,0.9407969007633398,0.8870967741935484,0.9401709401709402,1.0,T_PCPG_vs_rest,13,svm
5137,cosg,0.9158387337403413,0.8571428571428571,0.9152542372881356,0.9818181818181818,T_PCPG_vs_rest,13,svm
5138,cosg,0.9907080211195514,1.0,0.9908256880733946,0.9818181818181818,T_PCPG_vs_rest,13,svm
5139,cosg,0.9407969007633398,0.8870967741935484,0.9401709401709402,1.0,T_PCPG_vs_rest,14,svm
5140,cosg,0.9158387337403413,0.8571428571428571,0.9152542372881356,0.9818181818181818,T_PCPG_vs_rest,14,svm
5141,cosg,0.9907080211195514,1.0,0.9908256880733946,0.9818181818181818,T_PCPG_vs_rest,14,svm
5142,cosg,0.9407969007633398,0.8870967741935484,0.9401709401709402,1.0,T_PCPG_vs_rest,15,svm
5143,cosg,0.9233495049255488,0.8709677419354839,0.9230769230769231,0.9818181818181818,T_PCPG_vs_rest,15,svm
5144,cosg,0.9907080211195514,1.0,0.9908256880733946,0.9818181818181818,T_PCPG_vs_rest,15,svm
5145,cosg,0.9407969007633398,0.8870967741935484,0.9401709401709402,1.0,T_PCPG_vs_rest,16,svm
5146,cosg,0.9233495049255488,0.8709677419354839,0.9230769230769231,0.9818181818181818,T_PCPG_vs_rest,16,svm
5147,cosg,0.9907080211195514,1.0,0.9908256880733946,0.9818181818181818,T_PCPG_vs_rest,16,svm
5148,cosg,0.9256816204047763,0.859375,0.9243697478991597,1.0,T_PCPG_vs_rest,17,svm
5149,cosg,0.9814964314964315,0.9818181818181818,0.9818181818181818,0.9818181818181818,T_PCPG_vs_rest,17,svm
5150,cosg,0.9907080211195514,1.0,0.9908256880733946,0.9818181818181818,T_PCPG_vs_rest,17,svm
5151,cosg,0.9908717638335279,0.9821428571428571,0.990990990990991,1.0,T_PCPG_vs_rest,18,svm
5152,cosg,0.9814964314964315,0.9818181818181818,0.9818181818181818,0.9818181818181818,T_PCPG_vs_rest,18,svm
5153,cosg,0.9907080211195514,1.0,0.9908256880733946,0.9818181818181818,T_PCPG_vs_rest,18,svm
5154,cosg,0.9908717638335279,0.9821428571428571,0.990990990990991,1.0,T_PCPG_vs_rest,19,svm
5155,cosg,0.9814964314964315,0.9818181818181818,0.9818181818181818,0.9818181818181818,T_PCPG_vs_rest,19,svm
5156,cosg,0.9907080211195514,1.0,0.9908256880733946,0.9818181818181818,T_PCPG_vs_rest,19,svm
5157,cosg,0.9908717638335279,0.9821428571428571,0.990990990990991,1.0,T_PCPG_vs_rest,20,svm
5158,cosg,0.9814964314964315,0.9818181818181818,0.9818181818181818,0.9818181818181818,T_PCPG_vs_rest,20,svm
5159,cosg,0.9725311991906075,0.9642857142857143,0.972972972972973,0.9818181818181818,T_PCPG_vs_rest,20,svm
5160,scanpy_wilcoxon,0.9042820586557264,0.8208955223880597,0.9016393442622951,1.0,T_PCPG_vs_rest,1,svm
5161,scanpy_wilcoxon,0.894332715670305,0.8181818181818182,0.8925619834710744,0.9818181818181818,T_PCPG_vs_rest,1,svm
5162,scanpy_wilcoxon,0.9042820586557264,0.8208955223880597,0.9016393442622951,1.0,T_PCPG_vs_rest,1,svm
5163,scanpy_wilcoxon,0.9733244771800302,0.9482758620689655,0.9734513274336283,1.0,T_PCPG_vs_rest,2,svm
5164,scanpy_wilcoxon,0.9814964314964315,0.9818181818181818,0.9818181818181818,0.9818181818181818,T_PCPG_vs_rest,2,svm
5165,scanpy_wilcoxon,0.9638014834123898,0.9473684210526315,0.9642857142857143,0.9818181818181818,T_PCPG_vs_rest,2,svm
5166,scanpy_wilcoxon,0.9566566665695576,0.9166666666666666,0.9565217391304348,1.0,T_PCPG_vs_rest,3,svm
5167,scanpy_wilcoxon,0.9638014834123898,0.9473684210526315,0.9642857142857143,0.9818181818181818,T_PCPG_vs_rest,3,svm
5168,scanpy_wilcoxon,0.9725311991906075,0.9642857142857143,0.972972972972973,0.9818181818181818,T_PCPG_vs_rest,3,svm
5169,scanpy_wilcoxon,0.9566566665695576,0.9166666666666666,0.9565217391304348,1.0,T_PCPG_vs_rest,4,svm
5170,scanpy_wilcoxon,0.9638014834123898,0.9473684210526315,0.9642857142857143,0.9818181818181818,T_PCPG_vs_rest,4,svm
5171,scanpy_wilcoxon,0.9814964314964315,0.9818181818181818,0.9818181818181818,0.9818181818181818,T_PCPG_vs_rest,4,svm
5172,scanpy_wilcoxon,0.9648853003689348,0.9322033898305084,0.9649122807017544,1.0,T_PCPG_vs_rest,5,svm
5173,scanpy_wilcoxon,0.9725311991906075,0.9642857142857143,0.972972972972973,0.9818181818181818,T_PCPG_vs_rest,5,svm
5174,scanpy_wilcoxon,0.9814964314964315,0.9818181818181818,0.9818181818181818,0.9818181818181818,T_PCPG_vs_rest,5,svm
5175,scanpy_wilcoxon,0.9733244771800302,0.9482758620689655,0.9734513274336283,1.0,T_PCPG_vs_rest,6,svm
5176,scanpy_wilcoxon,0.9725311991906075,0.9642857142857143,0.972972972972973,0.9818181818181818,T_PCPG_vs_rest,6,svm
5177,scanpy_wilcoxon,0.9814964314964315,0.9818181818181818,0.9818181818181818,0.9818181818181818,T_PCPG_vs_rest,6,svm
5178,scanpy_wilcoxon,0.9725311991906075,0.9642857142857143,0.972972972972973,0.9818181818181818,T_PCPG_vs_rest,7,svm
5179,scanpy_wilcoxon,0.962992862992863,0.9636363636363636,0.9636363636363636,0.9636363636363636,T_PCPG_vs_rest,7,svm
5180,scanpy_wilcoxon,0.9720369126849194,0.9814814814814815,0.9724770642201835,0.9636363636363636,T_PCPG_vs_rest,7,svm
5181,scanpy_wilcoxon,0.9725311991906075,0.9642857142857143,0.972972972972973,0.9818181818181818,T_PCPG_vs_rest,8,svm
5182,scanpy_wilcoxon,0.962992862992863,0.9636363636363636,0.9636363636363636,0.9636363636363636,T_PCPG_vs_rest,8,svm
5183,scanpy_wilcoxon,0.9720369126849194,0.9814814814814815,0.9724770642201835,0.9636363636363636,T_PCPG_vs_rest,8,svm
5184,scanpy_wilcoxon,0.9725311991906075,0.9642857142857143,0.972972972972973,0.9818181818181818,T_PCPG_vs_rest,9,svm
5185,scanpy_wilcoxon,0.9720369126849194,0.9814814814814815,0.9724770642201835,0.9636363636363636,T_PCPG_vs_rest,9,svm
5186,scanpy_wilcoxon,0.9720369126849194,0.9814814814814815,0.9724770642201835,0.9636363636363636,T_PCPG_vs_rest,9,svm
5187,scanpy_wilcoxon,0.9725311991906075,0.9642857142857143,0.972972972972973,0.9818181818181818,T_PCPG_vs_rest,10,svm
5188,scanpy_wilcoxon,0.9720369126849194,0.9814814814814815,0.9724770642201835,0.9636363636363636,T_PCPG_vs_rest,10,svm
5189,scanpy_wilcoxon,0.9720369126849194,0.9814814814814815,0.9724770642201835,0.9636363636363636,T_PCPG_vs_rest,10,svm
5190,scanpy_wilcoxon,0.9814964314964315,0.9818181818181818,0.9818181818181818,0.9818181818181818,T_PCPG_vs_rest,11,svm
5191,scanpy_wilcoxon,0.9720369126849194,0.9814814814814815,0.9724770642201835,0.9636363636363636,T_PCPG_vs_rest,11,svm
5192,scanpy_wilcoxon,0.9720369126849194,0.9814814814814815,0.9724770642201835,0.9636363636363636,T_PCPG_vs_rest,11,svm
5193,scanpy_wilcoxon,0.9725311991906075,0.9642857142857143,0.972972972972973,0.9818181818181818,T_PCPG_vs_rest,12,svm
5194,scanpy_wilcoxon,0.9720369126849194,0.9814814814814815,0.9724770642201835,0.9636363636363636,T_PCPG_vs_rest,12,svm
5195,scanpy_wilcoxon,0.9720369126849194,0.9814814814814815,0.9724770642201835,0.9636363636363636,T_PCPG_vs_rest,12,svm
5196,scanpy_wilcoxon,0.9814964314964315,0.9818181818181818,0.9818181818181818,0.9818181818181818,T_PCPG_vs_rest,13,svm
5197,scanpy_wilcoxon,0.9720369126849194,0.9814814814814815,0.9724770642201835,0.9636363636363636,T_PCPG_vs_rest,13,svm
5198,scanpy_wilcoxon,0.9720369126849194,0.9814814814814815,0.9724770642201835,0.9636363636363636,T_PCPG_vs_rest,13,svm
5199,scanpy_wilcoxon,0.9814964314964315,0.9818181818181818,0.9818181818181818,0.9818181818181818,T_PCPG_vs_rest,14,svm
5200,scanpy_wilcoxon,0.9720369126849194,0.9814814814814815,0.9724770642201835,0.9636363636363636,T_PCPG_vs_rest,14,svm
5201,scanpy_wilcoxon,0.9720369126849194,0.9814814814814815,0.9724770642201835,0.9636363636363636,T_PCPG_vs_rest,14,svm
5202,scanpy_wilcoxon,0.9814964314964315,0.9818181818181818,0.9818181818181818,0.9818181818181818,T_PCPG_vs_rest,15,svm
5203,scanpy_wilcoxon,0.9907080211195514,1.0,0.9908256880733946,0.9818181818181818,T_PCPG_vs_rest,15,svm
5204,scanpy_wilcoxon,0.9720369126849194,0.9814814814814815,0.9724770642201835,0.9636363636363636,T_PCPG_vs_rest,15,svm
5205,scanpy_wilcoxon,0.9814964314964315,0.9818181818181818,0.9818181818181818,0.9818181818181818,T_PCPG_vs_rest,16,svm
5206,scanpy_wilcoxon,0.9814964314964315,0.9818181818181818,0.9818181818181818,0.9818181818181818,T_PCPG_vs_rest,16,svm
5207,scanpy_wilcoxon,0.9720369126849194,0.9814814814814815,0.9724770642201835,0.9636363636363636,T_PCPG_vs_rest,16,svm
5208,scanpy_wilcoxon,0.9814964314964315,0.9818181818181818,0.9818181818181818,0.9818181818181818,T_PCPG_vs_rest,17,svm
5209,scanpy_wilcoxon,0.9814964314964315,0.9818181818181818,0.9818181818181818,0.9818181818181818,T_PCPG_vs_rest,17,svm
5210,scanpy_wilcoxon,0.9720369126849194,0.9814814814814815,0.9724770642201835,0.9636363636363636,T_PCPG_vs_rest,17,svm
5211,scanpy_wilcoxon,0.9814964314964315,0.9818181818181818,0.9818181818181818,0.9818181818181818,T_PCPG_vs_rest,18,svm
5212,scanpy_wilcoxon,0.9814964314964315,0.9818181818181818,0.9818181818181818,0.9818181818181818,T_PCPG_vs_rest,18,svm
5213,scanpy_wilcoxon,0.9720369126849194,0.9814814814814815,0.9724770642201835,0.9636363636363636,T_PCPG_vs_rest,18,svm
5214,scanpy_wilcoxon,0.9814964314964315,0.9818181818181818,0.9818181818181818,0.9818181818181818,T_PCPG_vs_rest,19,svm
5215,scanpy_wilcoxon,0.9814964314964315,0.9818181818181818,0.9818181818181818,0.9818181818181818,T_PCPG_vs_rest,19,svm
5216,scanpy_wilcoxon,0.9720369126849194,0.9814814814814815,0.9724770642201835,0.9636363636363636,T_PCPG_vs_rest,19,svm
5217,scanpy_wilcoxon,0.9814964314964315,0.9818181818181818,0.9818181818181818,0.9818181818181818,T_PCPG_vs_rest,20,svm
5218,scanpy_wilcoxon,0.9814964314964315,0.9818181818181818,0.9818181818181818,0.9818181818181818,T_PCPG_vs_rest,20,svm
5219,scanpy_wilcoxon,0.9720369126849194,0.9814814814814815,0.9724770642201835,0.9636363636363636,T_PCPG_vs_rest,20,svm
5220,scanpy_t-test,0.9042820586557264,0.8208955223880597,0.9016393442622951,1.0,T_PCPG_vs_rest,1,svm
5221,scanpy_t-test,0.894332715670305,0.8181818181818182,0.8925619834710744,0.9818181818181818,T_PCPG_vs_rest,1,svm
5222,scanpy_t-test,0.9042820586557264,0.8208955223880597,0.9016393442622951,1.0,T_PCPG_vs_rest,1,svm
5223,scanpy_t-test,0.9407969007633398,0.8870967741935484,0.9401709401709402,1.0,T_PCPG_vs_rest,2,svm
5224,scanpy_t-test,0.9470084716138567,0.9152542372881356,0.9473684210526315,0.9818181818181818,T_PCPG_vs_rest,2,svm
5225,scanpy_t-test,0.9486299213958941,0.9016393442622951,0.9482758620689655,1.0,T_PCPG_vs_rest,2,svm
5226,scanpy_t-test,0.9486299213958941,0.9016393442622951,0.9482758620689655,1.0,T_PCPG_vs_rest,3,svm
5227,scanpy_t-test,0.9470084716138567,0.9152542372881356,0.9473684210526315,0.9818181818181818,T_PCPG_vs_rest,3,svm
5228,scanpy_t-test,0.9566566665695576,0.9166666666666666,0.9565217391304348,1.0,T_PCPG_vs_rest,3,svm
5229,scanpy_t-test,0.9183851824977053,0.8461538461538461,0.9166666666666666,1.0,T_PCPG_vs_rest,4,svm
5230,scanpy_t-test,0.9470084716138567,0.9152542372881356,0.9473684210526315,0.9818181818181818,T_PCPG_vs_rest,4,svm
5231,scanpy_t-test,0.9566566665695576,0.9166666666666666,0.9565217391304348,1.0,T_PCPG_vs_rest,4,svm
5232,scanpy_t-test,0.93314989573572,0.873015873015873,0.9322033898305084,1.0,T_PCPG_vs_rest,5,svm
5233,scanpy_t-test,0.9552971000971994,0.9310344827586207,0.9557522123893806,0.9818181818181818,T_PCPG_vs_rest,5,svm
5234,scanpy_t-test,0.9407969007633398,0.8870967741935484,0.9401709401709402,1.0,T_PCPG_vs_rest,5,svm
5235,scanpy_t-test,0.9566566665695576,0.9166666666666666,0.9565217391304348,1.0,T_PCPG_vs_rest,6,svm
5236,scanpy_t-test,0.9725311991906075,0.9642857142857143,0.972972972972973,0.9818181818181818,T_PCPG_vs_rest,6,svm
5237,scanpy_t-test,0.9733244771800302,0.9482758620689655,0.9734513274336283,1.0,T_PCPG_vs_rest,6,svm
5238,scanpy_t-test,0.9486299213958941,0.9016393442622951,0.9482758620689655,1.0,T_PCPG_vs_rest,7,svm
5239,scanpy_t-test,0.9725311991906075,0.9642857142857143,0.972972972972973,0.9818181818181818,T_PCPG_vs_rest,7,svm
5240,scanpy_t-test,0.9908717638335279,0.9821428571428571,0.990990990990991,1.0,T_PCPG_vs_rest,7,svm
5241,scanpy_t-test,0.9407969007633398,0.8870967741935484,0.9401709401709402,1.0,T_PCPG_vs_rest,8,svm
5242,scanpy_t-test,0.9725311991906075,0.9642857142857143,0.972972972972973,0.9818181818181818,T_PCPG_vs_rest,8,svm
5243,scanpy_t-test,0.9819833802199511,0.9649122807017544,0.9821428571428571,1.0,T_PCPG_vs_rest,8,svm
5244,scanpy_t-test,0.9407969007633398,0.8870967741935484,0.9401709401709402,1.0,T_PCPG_vs_rest,9,svm
5245,scanpy_t-test,0.9814964314964315,0.9818181818181818,0.9818181818181818,0.9818181818181818,T_PCPG_vs_rest,9,svm
5246,scanpy_t-test,0.9819833802199511,0.9649122807017544,0.9821428571428571,1.0,T_PCPG_vs_rest,9,svm
5247,scanpy_t-test,0.9486299213958941,0.9016393442622951,0.9482758620689655,1.0,T_PCPG_vs_rest,10,svm
5248,scanpy_t-test,0.9814964314964315,0.9818181818181818,0.9818181818181818,0.9818181818181818,T_PCPG_vs_rest,10,svm
5249,scanpy_t-test,0.9819833802199511,0.9649122807017544,0.9821428571428571,1.0,T_PCPG_vs_rest,10,svm
5250,scanpy_t-test,0.9566566665695576,0.9166666666666666,0.9565217391304348,1.0,T_PCPG_vs_rest,11,svm
5251,scanpy_t-test,0.9814964314964315,0.9818181818181818,0.9818181818181818,0.9818181818181818,T_PCPG_vs_rest,11,svm
5252,scanpy_t-test,0.9733244771800302,0.9482758620689655,0.9734513274336283,1.0,T_PCPG_vs_rest,11,svm
5253,scanpy_t-test,0.9566566665695576,0.9166666666666666,0.9565217391304348,1.0,T_PCPG_vs_rest,12,svm
5254,scanpy_t-test,0.9814964314964315,0.9818181818181818,0.9818181818181818,0.9818181818181818,T_PCPG_vs_rest,12,svm
5255,scanpy_t-test,0.9733244771800302,0.9482758620689655,0.9734513274336283,1.0,T_PCPG_vs_rest,12,svm
5256,scanpy_t-test,0.9566566665695576,0.9166666666666666,0.9565217391304348,1.0,T_PCPG_vs_rest,13,svm
5257,scanpy_t-test,0.9814964314964315,0.9818181818181818,0.9818181818181818,0.9818181818181818,T_PCPG_vs_rest,13,svm
5258,scanpy_t-test,0.9733244771800302,0.9482758620689655,0.9734513274336283,1.0,T_PCPG_vs_rest,13,svm
5259,scanpy_t-test,0.9566566665695576,0.9166666666666666,0.9565217391304348,1.0,T_PCPG_vs_rest,14,svm
5260,scanpy_t-test,0.9814964314964315,0.9818181818181818,0.9818181818181818,0.9818181818181818,T_PCPG_vs_rest,14,svm
5261,scanpy_t-test,0.9733244771800302,0.9482758620689655,0.9734513274336283,1.0,T_PCPG_vs_rest,14,svm
5262,scanpy_t-test,0.9566566665695576,0.9166666666666666,0.9565217391304348,1.0,T_PCPG_vs_rest,15,svm
5263,scanpy_t-test,0.9814964314964315,0.9818181818181818,0.9818181818181818,0.9818181818181818,T_PCPG_vs_rest,15,svm
5264,scanpy_t-test,0.9733244771800302,0.9482758620689655,0.9734513274336283,1.0,T_PCPG_vs_rest,15,svm
5265,scanpy_t-test,0.9407969007633398,0.8870967741935484,0.9401709401709402,1.0,T_PCPG_vs_rest,16,svm
5266,scanpy_t-test,0.9814964314964315,0.9818181818181818,0.9818181818181818,0.9818181818181818,T_PCPG_vs_rest,16,svm
5267,scanpy_t-test,0.9819833802199511,0.9649122807017544,0.9821428571428571,1.0,T_PCPG_vs_rest,16,svm
5268,scanpy_t-test,0.9486299213958941,0.9016393442622951,0.9482758620689655,1.0,T_PCPG_vs_rest,17,svm
5269,scanpy_t-test,0.9814964314964315,0.9818181818181818,0.9818181818181818,0.9818181818181818,T_PCPG_vs_rest,17,svm
5270,scanpy_t-test,0.9819833802199511,0.9649122807017544,0.9821428571428571,1.0,T_PCPG_vs_rest,17,svm
5271,scanpy_t-test,0.9486299213958941,0.9016393442622951,0.9482758620689655,1.0,T_PCPG_vs_rest,18,svm
5272,scanpy_t-test,0.9814964314964315,0.9818181818181818,0.9818181818181818,0.9818181818181818,T_PCPG_vs_rest,18,svm
5273,scanpy_t-test,0.9819833802199511,0.9649122807017544,0.9821428571428571,1.0,T_PCPG_vs_rest,18,svm
5274,scanpy_t-test,0.9733244771800302,0.9482758620689655,0.9734513274336283,1.0,T_PCPG_vs_rest,19,svm
5275,scanpy_t-test,0.9814964314964315,0.9818181818181818,0.9818181818181818,0.9818181818181818,T_PCPG_vs_rest,19,svm
5276,scanpy_t-test,0.9819833802199511,0.9649122807017544,0.9821428571428571,1.0,T_PCPG_vs_rest,19,svm
5277,scanpy_t-test,0.9733244771800302,0.9482758620689655,0.9734513274336283,1.0,T_PCPG_vs_rest,20,svm
5278,scanpy_t-test,0.9907080211195514,1.0,0.9908256880733946,0.9818181818181818,T_PCPG_vs_rest,20,svm
5279,scanpy_t-test,0.9819833802199511,0.9649122807017544,0.9821428571428571,1.0,T_PCPG_vs_rest,20,svm
5280,yomix,0.9931552659273116,0.987012987012987,0.9934640522875817,1.0,T_PRAD_vs_rest,1,svm
5281,yomix,0.9965611408244864,0.9934640522875817,0.9967213114754099,1.0,T_PRAD_vs_rest,1,svm
5282,yomix,0.9931552659273116,0.987012987012987,0.9934640522875817,1.0,T_PRAD_vs_rest,1,svm
5283,yomix,0.9965611408244864,0.9934640522875817,0.9967213114754099,1.0,T_PRAD_vs_rest,2,svm
5284,yomix,1.0,1.0,1.0,1.0,T_PRAD_vs_rest,2,svm
5285,yomix,0.9965611408244864,0.9934640522875817,0.9967213114754099,1.0,T_PRAD_vs_rest,2,svm
5286,yomix,1.0,1.0,1.0,1.0,T_PRAD_vs_rest,3,svm
5287,yomix,1.0,1.0,1.0,1.0,T_PRAD_vs_rest,3,svm
5288,yomix,0.9965611408244864,0.9934640522875817,0.9967213114754099,1.0,T_PRAD_vs_rest,3,svm
5289,yomix,1.0,1.0,1.0,1.0,T_PRAD_vs_rest,4,svm
5290,yomix,1.0,1.0,1.0,1.0,T_PRAD_vs_rest,4,svm
5291,yomix,0.9965611408244864,0.9934640522875817,0.9967213114754099,1.0,T_PRAD_vs_rest,4,svm
5292,yomix,1.0,1.0,1.0,1.0,T_PRAD_vs_rest,5,svm
5293,yomix,1.0,1.0,1.0,1.0,T_PRAD_vs_rest,5,svm
5294,yomix,0.9965611408244864,0.9934640522875817,0.9967213114754099,1.0,T_PRAD_vs_rest,5,svm
5295,yomix,1.0,1.0,1.0,1.0,T_PRAD_vs_rest,6,svm
5296,yomix,1.0,1.0,1.0,1.0,T_PRAD_vs_rest,6,svm
5297,yomix,0.9965611408244864,0.9934640522875817,0.9967213114754099,1.0,T_PRAD_vs_rest,6,svm
5298,yomix,1.0,1.0,1.0,1.0,T_PRAD_vs_rest,7,svm
5299,yomix,1.0,1.0,1.0,1.0,T_PRAD_vs_rest,7,svm
5300,yomix,0.9965611408244864,0.9934640522875817,0.9967213114754099,1.0,T_PRAD_vs_rest,7,svm
5301,yomix,1.0,1.0,1.0,1.0,T_PRAD_vs_rest,8,svm
5302,yomix,1.0,1.0,1.0,1.0,T_PRAD_vs_rest,8,svm
5303,yomix,0.9965611408244864,0.9934640522875817,0.9967213114754099,1.0,T_PRAD_vs_rest,8,svm
5304,yomix,1.0,1.0,1.0,1.0,T_PRAD_vs_rest,9,svm
5305,yomix,1.0,1.0,1.0,1.0,T_PRAD_vs_rest,9,svm
5306,yomix,0.9965611408244864,0.9934640522875817,0.9967213114754099,1.0,T_PRAD_vs_rest,9,svm
5307,yomix,1.0,1.0,1.0,1.0,T_PRAD_vs_rest,10,svm
5308,yomix,1.0,1.0,1.0,1.0,T_PRAD_vs_rest,10,svm
5309,yomix,0.9965611408244864,0.9934640522875817,0.9967213114754099,1.0,T_PRAD_vs_rest,10,svm
5310,yomix,1.0,1.0,1.0,1.0,T_PRAD_vs_rest,11,svm
5311,yomix,1.0,1.0,1.0,1.0,T_PRAD_vs_rest,11,svm
5312,yomix,0.9965611408244864,0.9934640522875817,0.9967213114754099,1.0,T_PRAD_vs_rest,11,svm
5313,yomix,1.0,1.0,1.0,1.0,T_PRAD_vs_rest,12,svm
5314,yomix,1.0,1.0,1.0,1.0,T_PRAD_vs_rest,12,svm
5315,yomix,0.9965611408244864,0.9934640522875817,0.9967213114754099,1.0,T_PRAD_vs_rest,12,svm
5316,yomix,1.0,1.0,1.0,1.0,T_PRAD_vs_rest,13,svm
5317,yomix,1.0,1.0,1.0,1.0,T_PRAD_vs_rest,13,svm
5318,yomix,0.9965611408244864,0.9934640522875817,0.9967213114754099,1.0,T_PRAD_vs_rest,13,svm
5319,yomix,1.0,1.0,1.0,1.0,T_PRAD_vs_rest,14,svm
5320,yomix,1.0,1.0,1.0,1.0,T_PRAD_vs_rest,14,svm
5321,yomix,0.9965611408244864,0.9934640522875817,0.9967213114754099,1.0,T_PRAD_vs_rest,14,svm
5322,yomix,1.0,1.0,1.0,1.0,T_PRAD_vs_rest,15,svm
5323,yomix,1.0,1.0,1.0,1.0,T_PRAD_vs_rest,15,svm
5324,yomix,0.9965611408244864,0.9934640522875817,0.9967213114754099,1.0,T_PRAD_vs_rest,15,svm
5325,yomix,1.0,1.0,1.0,1.0,T_PRAD_vs_rest,16,svm
5326,yomix,1.0,1.0,1.0,1.0,T_PRAD_vs_rest,16,svm
5327,yomix,0.9965611408244864,0.9934640522875817,0.9967213114754099,1.0,T_PRAD_vs_rest,16,svm
5328,yomix,1.0,1.0,1.0,1.0,T_PRAD_vs_rest,17,svm
5329,yomix,1.0,1.0,1.0,1.0,T_PRAD_vs_rest,17,svm
5330,yomix,0.9965611408244864,0.9934640522875817,0.9967213114754099,1.0,T_PRAD_vs_rest,17,svm
5331,yomix,1.0,1.0,1.0,1.0,T_PRAD_vs_rest,18,svm
5332,yomix,1.0,1.0,1.0,1.0,T_PRAD_vs_rest,18,svm
5333,yomix,0.9965611408244864,0.9934640522875817,0.9967213114754099,1.0,T_PRAD_vs_rest,18,svm
5334,yomix,1.0,1.0,1.0,1.0,T_PRAD_vs_rest,19,svm
5335,yomix,1.0,1.0,1.0,1.0,T_PRAD_vs_rest,19,svm
5336,yomix,0.9965611408244864,0.9934640522875817,0.9967213114754099,1.0,T_PRAD_vs_rest,19,svm
5337,yomix,1.0,1.0,1.0,1.0,T_PRAD_vs_rest,20,svm
5338,yomix,1.0,1.0,1.0,1.0,T_PRAD_vs_rest,20,svm
5339,yomix,0.9965611408244864,0.9934640522875817,0.9967213114754099,1.0,T_PRAD_vs_rest,20,svm
5340,cosg,0.946403598744269,0.925,0.9487179487179487,0.9736842105263158,T_PRAD_vs_rest,1,svm
5341,cosg,0.9623927764809006,0.9548387096774194,0.9641693811074918,0.9736842105263158,T_PRAD_vs_rest,1,svm
5342,cosg,0.9563072036586254,0.9371069182389937,0.9581993569131833,0.9802631578947368,T_PRAD_vs_rest,1,svm
5343,cosg,0.9402123412623086,0.9135802469135802,0.9426751592356688,0.9736842105263158,T_PRAD_vs_rest,2,svm
5344,cosg,0.9559071855554244,0.9426751592356688,0.9579288025889967,0.9736842105263158,T_PRAD_vs_rest,2,svm
5345,cosg,0.9438447427025087,0.9141104294478528,0.946031746031746,0.9802631578947368,T_PRAD_vs_rest,2,svm
5346,cosg,0.9402123412623086,0.9135802469135802,0.9426751592356688,0.9736842105263158,T_PRAD_vs_rest,3,svm
5347,cosg,0.9559071855554244,0.9426751592356688,0.9579288025889967,0.9736842105263158,T_PRAD_vs_rest,3,svm
5348,cosg,0.9438447427025087,0.9141104294478528,0.946031746031746,0.9802631578947368,T_PRAD_vs_rest,3,svm
5349,cosg,0.9607994041706719,0.926829268292683,0.9620253164556962,1.0,T_PRAD_vs_rest,4,svm
5350,cosg,0.9536233520195248,0.9259259259259259,0.9554140127388535,0.9868421052631579,T_PRAD_vs_rest,4,svm
5351,cosg,0.9516540170571137,0.9101796407185628,0.9529780564263323,1.0,T_PRAD_vs_rest,4,svm
5352,cosg,0.9862869452181058,0.9805194805194806,0.9869281045751634,0.993421052631579,T_PRAD_vs_rest,5,svm
5353,cosg,0.9730658254344142,0.9556962025316456,0.9741935483870968,0.993421052631579,T_PRAD_vs_rest,5,svm
5354,cosg,0.9897818439898225,0.9806451612903225,0.990228013029316,1.0,T_PRAD_vs_rest,5,svm
5355,cosg,0.9862869452181058,0.9805194805194806,0.9869281045751634,0.993421052631579,T_PRAD_vs_rest,6,svm
5356,cosg,0.982934577112592,0.9741935483870968,0.9837133550488599,0.993421052631579,T_PRAD_vs_rest,6,svm
5357,cosg,0.9766024696963396,0.9559748427672956,0.977491961414791,1.0,T_PRAD_vs_rest,6,svm
5358,cosg,0.9862869452181058,0.9805194805194806,0.9869281045751634,0.993421052631579,T_PRAD_vs_rest,7,svm
5359,cosg,0.982934577112592,0.9741935483870968,0.9837133550488599,0.993421052631579,T_PRAD_vs_rest,7,svm
5360,cosg,0.9766024696963396,0.9559748427672956,0.977491961414791,1.0,T_PRAD_vs_rest,7,svm
5361,cosg,0.989671555913602,0.9869281045751634,0.9901639344262295,0.993421052631579,T_PRAD_vs_rest,8,svm
5362,cosg,0.9862869452181058,0.9805194805194806,0.9869281045751634,0.993421052631579,T_PRAD_vs_rest,8,svm
5363,cosg,0.973383748385355,0.95,0.9743589743589743,1.0,T_PRAD_vs_rest,8,svm
5364,cosg,0.989671555913602,0.9869281045751634,0.9901639344262295,0.993421052631579,T_PRAD_vs_rest,9,svm
5365,cosg,0.9862869452181058,0.9805194805194806,0.9869281045751634,0.993421052631579,T_PRAD_vs_rest,9,svm
5366,cosg,0.9864403556171629,0.9743589743589743,0.987012987012987,1.0,T_PRAD_vs_rest,9,svm
5367,cosg,1.0,1.0,1.0,1.0,T_PRAD_vs_rest,10,svm
5368,cosg,0.9965396286977093,1.0,0.9966996699669967,0.993421052631579,T_PRAD_vs_rest,10,svm
5369,cosg,1.0,1.0,1.0,1.0,T_PRAD_vs_rest,10,svm
5370,cosg,1.0,1.0,1.0,1.0,T_PRAD_vs_rest,11,svm
5371,cosg,0.9965396286977093,1.0,0.9966996699669967,0.993421052631579,T_PRAD_vs_rest,11,svm
5372,cosg,1.0,1.0,1.0,1.0,T_PRAD_vs_rest,11,svm
5373,cosg,1.0,1.0,1.0,1.0,T_PRAD_vs_rest,12,svm
5374,cosg,0.9965396286977093,1.0,0.9966996699669967,0.993421052631579,T_PRAD_vs_rest,12,svm
5375,cosg,1.0,1.0,1.0,1.0,T_PRAD_vs_rest,12,svm
5376,cosg,1.0,1.0,1.0,1.0,T_PRAD_vs_rest,13,svm
5377,cosg,0.9965396286977093,1.0,0.9966996699669967,0.993421052631579,T_PRAD_vs_rest,13,svm
5378,cosg,1.0,1.0,1.0,1.0,T_PRAD_vs_rest,13,svm
5379,cosg,1.0,1.0,1.0,1.0,T_PRAD_vs_rest,14,svm
5380,cosg,0.9965396286977093,1.0,0.9966996699669967,0.993421052631579,T_PRAD_vs_rest,14,svm
5381,cosg,1.0,1.0,1.0,1.0,T_PRAD_vs_rest,14,svm
5382,cosg,1.0,1.0,1.0,1.0,T_PRAD_vs_rest,15,svm
5383,cosg,0.9965396286977093,1.0,0.9966996699669967,0.993421052631579,T_PRAD_vs_rest,15,svm
5384,cosg,1.0,1.0,1.0,1.0,T_PRAD_vs_rest,15,svm
5385,cosg,1.0,1.0,1.0,1.0,T_PRAD_vs_rest,16,svm
5386,cosg,0.9965396286977093,1.0,0.9966996699669967,0.993421052631579,T_PRAD_vs_rest,16,svm
5387,cosg,1.0,1.0,1.0,1.0,T_PRAD_vs_rest,16,svm
5388,cosg,0.9965611408244864,0.9934640522875817,0.9967213114754099,1.0,T_PRAD_vs_rest,17,svm
5389,cosg,0.9965396286977093,1.0,0.9966996699669967,0.993421052631579,T_PRAD_vs_rest,17,svm
5390,cosg,1.0,1.0,1.0,1.0,T_PRAD_vs_rest,17,svm
5391,cosg,0.9965611408244864,0.9934640522875817,0.9967213114754099,1.0,T_PRAD_vs_rest,18,svm
5392,cosg,0.9965396286977093,1.0,0.9966996699669967,0.993421052631579,T_PRAD_vs_rest,18,svm
5393,cosg,1.0,1.0,1.0,1.0,T_PRAD_vs_rest,18,svm
5394,cosg,0.9965611408244864,0.9934640522875817,0.9967213114754099,1.0,T_PRAD_vs_rest,19,svm
5395,cosg,0.9965396286977093,1.0,0.9966996699669967,0.993421052631579,T_PRAD_vs_rest,19,svm
5396,cosg,1.0,1.0,1.0,1.0,T_PRAD_vs_rest,19,svm
5397,cosg,0.9965611408244864,0.9934640522875817,0.9967213114754099,1.0,T_PRAD_vs_rest,20,svm
5398,cosg,0.9965396286977093,1.0,0.9966996699669967,0.993421052631579,T_PRAD_vs_rest,20,svm
5399,cosg,1.0,1.0,1.0,1.0,T_PRAD_vs_rest,20,svm
5400,scanpy_wilcoxon,0.9931552659273116,0.987012987012987,0.9934640522875817,1.0,T_PRAD_vs_rest,1,svm
5401,scanpy_wilcoxon,0.9965611408244864,0.9934640522875817,0.9967213114754099,1.0,T_PRAD_vs_rest,1,svm
5402,scanpy_wilcoxon,0.9931552659273116,0.987012987012987,0.9934640522875817,1.0,T_PRAD_vs_rest,1,svm
5403,scanpy_wilcoxon,0.9965611408244864,0.9934640522875817,0.9967213114754099,1.0,T_PRAD_vs_rest,2,svm
5404,scanpy_wilcoxon,1.0,1.0,1.0,1.0,T_PRAD_vs_rest,2,svm
5405,scanpy_wilcoxon,0.9965611408244864,0.9934640522875817,0.9967213114754099,1.0,T_PRAD_vs_rest,2,svm
5406,scanpy_wilcoxon,1.0,1.0,1.0,1.0,T_PRAD_vs_rest,3,svm
5407,scanpy_wilcoxon,1.0,1.0,1.0,1.0,T_PRAD_vs_rest,3,svm
5408,scanpy_wilcoxon,0.9965611408244864,0.9934640522875817,0.9967213114754099,1.0,T_PRAD_vs_rest,3,svm
5409,scanpy_wilcoxon,1.0,1.0,1.0,1.0,T_PRAD_vs_rest,4,svm
5410,scanpy_wilcoxon,1.0,1.0,1.0,1.0,T_PRAD_vs_rest,4,svm
5411,scanpy_wilcoxon,0.9965611408244864,0.9934640522875817,0.9967213114754099,1.0,T_PRAD_vs_rest,4,svm
5412,scanpy_wilcoxon,1.0,1.0,1.0,1.0,T_PRAD_vs_rest,5,svm
5413,scanpy_wilcoxon,1.0,1.0,1.0,1.0,T_PRAD_vs_rest,5,svm
5414,scanpy_wilcoxon,0.9965611408244864,0.9934640522875817,0.9967213114754099,1.0,T_PRAD_vs_rest,5,svm
5415,scanpy_wilcoxon,1.0,1.0,1.0,1.0,T_PRAD_vs_rest,6,svm
5416,scanpy_wilcoxon,1.0,1.0,1.0,1.0,T_PRAD_vs_rest,6,svm
5417,scanpy_wilcoxon,0.9965611408244864,0.9934640522875817,0.9967213114754099,1.0,T_PRAD_vs_rest,6,svm
5418,scanpy_wilcoxon,1.0,1.0,1.0,1.0,T_PRAD_vs_rest,7,svm
5419,scanpy_wilcoxon,1.0,1.0,1.0,1.0,T_PRAD_vs_rest,7,svm
5420,scanpy_wilcoxon,0.9965611408244864,0.9934640522875817,0.9967213114754099,1.0,T_PRAD_vs_rest,7,svm
5421,scanpy_wilcoxon,1.0,1.0,1.0,1.0,T_PRAD_vs_rest,8,svm
5422,scanpy_wilcoxon,1.0,1.0,1.0,1.0,T_PRAD_vs_rest,8,svm
5423,scanpy_wilcoxon,0.9965611408244864,0.9934640522875817,0.9967213114754099,1.0,T_PRAD_vs_rest,8,svm
5424,scanpy_wilcoxon,1.0,1.0,1.0,1.0,T_PRAD_vs_rest,9,svm
5425,scanpy_wilcoxon,1.0,1.0,1.0,1.0,T_PRAD_vs_rest,9,svm
5426,scanpy_wilcoxon,0.9965611408244864,0.9934640522875817,0.9967213114754099,1.0,T_PRAD_vs_rest,9,svm
5427,scanpy_wilcoxon,1.0,1.0,1.0,1.0,T_PRAD_vs_rest,10,svm
5428,scanpy_wilcoxon,1.0,1.0,1.0,1.0,T_PRAD_vs_rest,10,svm
5429,scanpy_wilcoxon,0.9965611408244864,0.9934640522875817,0.9967213114754099,1.0,T_PRAD_vs_rest,10,svm
5430,scanpy_wilcoxon,1.0,1.0,1.0,1.0,T_PRAD_vs_rest,11,svm
5431,scanpy_wilcoxon,1.0,1.0,1.0,1.0,T_PRAD_vs_rest,11,svm
5432,scanpy_wilcoxon,0.9965611408244864,0.9934640522875817,0.9967213114754099,1.0,T_PRAD_vs_rest,11,svm
5433,scanpy_wilcoxon,1.0,1.0,1.0,1.0,T_PRAD_vs_rest,12,svm
5434,scanpy_wilcoxon,1.0,1.0,1.0,1.0,T_PRAD_vs_rest,12,svm
5435,scanpy_wilcoxon,0.9965611408244864,0.9934640522875817,0.9967213114754099,1.0,T_PRAD_vs_rest,12,svm
5436,scanpy_wilcoxon,1.0,1.0,1.0,1.0,T_PRAD_vs_rest,13,svm
5437,scanpy_wilcoxon,1.0,1.0,1.0,1.0,T_PRAD_vs_rest,13,svm
5438,scanpy_wilcoxon,0.9965611408244864,0.9934640522875817,0.9967213114754099,1.0,T_PRAD_vs_rest,13,svm
5439,scanpy_wilcoxon,1.0,1.0,1.0,1.0,T_PRAD_vs_rest,14,svm
5440,scanpy_wilcoxon,1.0,1.0,1.0,1.0,T_PRAD_vs_rest,14,svm
5441,scanpy_wilcoxon,0.9965611408244864,0.9934640522875817,0.9967213114754099,1.0,T_PRAD_vs_rest,14,svm
5442,scanpy_wilcoxon,1.0,1.0,1.0,1.0,T_PRAD_vs_rest,15,svm
5443,scanpy_wilcoxon,1.0,1.0,1.0,1.0,T_PRAD_vs_rest,15,svm
5444,scanpy_wilcoxon,0.9965611408244864,0.9934640522875817,0.9967213114754099,1.0,T_PRAD_vs_rest,15,svm
5445,scanpy_wilcoxon,1.0,1.0,1.0,1.0,T_PRAD_vs_rest,16,svm
5446,scanpy_wilcoxon,1.0,1.0,1.0,1.0,T_PRAD_vs_rest,16,svm
5447,scanpy_wilcoxon,0.9965611408244864,0.9934640522875817,0.9967213114754099,1.0,T_PRAD_vs_rest,16,svm
5448,scanpy_wilcoxon,1.0,1.0,1.0,1.0,T_PRAD_vs_rest,17,svm
5449,scanpy_wilcoxon,1.0,1.0,1.0,1.0,T_PRAD_vs_rest,17,svm
5450,scanpy_wilcoxon,0.9965611408244864,0.9934640522875817,0.9967213114754099,1.0,T_PRAD_vs_rest,17,svm
5451,scanpy_wilcoxon,1.0,1.0,1.0,1.0,T_PRAD_vs_rest,18,svm
5452,scanpy_wilcoxon,1.0,1.0,1.0,1.0,T_PRAD_vs_rest,18,svm
5453,scanpy_wilcoxon,0.9965611408244864,0.9934640522875817,0.9967213114754099,1.0,T_PRAD_vs_rest,18,svm
5454,scanpy_wilcoxon,1.0,1.0,1.0,1.0,T_PRAD_vs_rest,19,svm
5455,scanpy_wilcoxon,1.0,1.0,1.0,1.0,T_PRAD_vs_rest,19,svm
5456,scanpy_wilcoxon,0.9965611408244864,0.9934640522875817,0.9967213114754099,1.0,T_PRAD_vs_rest,19,svm
5457,scanpy_wilcoxon,1.0,1.0,1.0,1.0,T_PRAD_vs_rest,20,svm
5458,scanpy_wilcoxon,1.0,1.0,1.0,1.0,T_PRAD_vs_rest,20,svm
5459,scanpy_wilcoxon,0.9965611408244864,0.9934640522875817,0.9967213114754099,1.0,T_PRAD_vs_rest,20,svm
5460,scanpy_t-test,0.9931552659273116,0.987012987012987,0.9934640522875817,1.0,T_PRAD_vs_rest,1,svm
5461,scanpy_t-test,0.9965611408244864,0.9934640522875817,0.9967213114754099,1.0,T_PRAD_vs_rest,1,svm
5462,scanpy_t-test,0.9931552659273116,0.987012987012987,0.9934640522875817,1.0,T_PRAD_vs_rest,1,svm
5463,scanpy_t-test,0.9965611408244864,0.9934640522875817,0.9967213114754099,1.0,T_PRAD_vs_rest,2,svm
5464,scanpy_t-test,1.0,1.0,1.0,1.0,T_PRAD_vs_rest,2,svm
5465,scanpy_t-test,0.9965611408244864,0.9934640522875817,0.9967213114754099,1.0,T_PRAD_vs_rest,2,svm
5466,scanpy_t-test,1.0,1.0,1.0,1.0,T_PRAD_vs_rest,3,svm
5467,scanpy_t-test,1.0,1.0,1.0,1.0,T_PRAD_vs_rest,3,svm
5468,scanpy_t-test,0.9965611408244864,0.9934640522875817,0.9967213114754099,1.0,T_PRAD_vs_rest,3,svm
5469,scanpy_t-test,1.0,1.0,1.0,1.0,T_PRAD_vs_rest,4,svm
5470,scanpy_t-test,1.0,1.0,1.0,1.0,T_PRAD_vs_rest,4,svm
5471,scanpy_t-test,0.9965611408244864,0.9934640522875817,0.9967213114754099,1.0,T_PRAD_vs_rest,4,svm
5472,scanpy_t-test,1.0,1.0,1.0,1.0,T_PRAD_vs_rest,5,svm
5473,scanpy_t-test,1.0,1.0,1.0,1.0,T_PRAD_vs_rest,5,svm
5474,scanpy_t-test,0.9965611408244864,0.9934640522875817,0.9967213114754099,1.0,T_PRAD_vs_rest,5,svm
5475,scanpy_t-test,1.0,1.0,1.0,1.0,T_PRAD_vs_rest,6,svm
5476,scanpy_t-test,1.0,1.0,1.0,1.0,T_PRAD_vs_rest,6,svm
5477,scanpy_t-test,0.9965611408244864,0.9934640522875817,0.9967213114754099,1.0,T_PRAD_vs_rest,6,svm
5478,scanpy_t-test,1.0,1.0,1.0,1.0,T_PRAD_vs_rest,7,svm
5479,scanpy_t-test,1.0,1.0,1.0,1.0,T_PRAD_vs_rest,7,svm
5480,scanpy_t-test,0.9965611408244864,0.9934640522875817,0.9967213114754099,1.0,T_PRAD_vs_rest,7,svm
5481,scanpy_t-test,1.0,1.0,1.0,1.0,T_PRAD_vs_rest,8,svm
5482,scanpy_t-test,1.0,1.0,1.0,1.0,T_PRAD_vs_rest,8,svm
5483,scanpy_t-test,0.9965611408244864,0.9934640522875817,0.9967213114754099,1.0,T_PRAD_vs_rest,8,svm
5484,scanpy_t-test,1.0,1.0,1.0,1.0,T_PRAD_vs_rest,9,svm
5485,scanpy_t-test,1.0,1.0,1.0,1.0,T_PRAD_vs_rest,9,svm
5486,scanpy_t-test,0.9965611408244864,0.9934640522875817,0.9967213114754099,1.0,T_PRAD_vs_rest,9,svm
5487,scanpy_t-test,1.0,1.0,1.0,1.0,T_PRAD_vs_rest,10,svm
5488,scanpy_t-test,1.0,1.0,1.0,1.0,T_PRAD_vs_rest,10,svm
5489,scanpy_t-test,0.9965611408244864,0.9934640522875817,0.9967213114754099,1.0,T_PRAD_vs_rest,10,svm
5490,scanpy_t-test,1.0,1.0,1.0,1.0,T_PRAD_vs_rest,11,svm
5491,scanpy_t-test,1.0,1.0,1.0,1.0,T_PRAD_vs_rest,11,svm
5492,scanpy_t-test,0.9965611408244864,0.9934640522875817,0.9967213114754099,1.0,T_PRAD_vs_rest,11,svm
5493,scanpy_t-test,1.0,1.0,1.0,1.0,T_PRAD_vs_rest,12,svm
5494,scanpy_t-test,1.0,1.0,1.0,1.0,T_PRAD_vs_rest,12,svm
5495,scanpy_t-test,0.9965611408244864,0.9934640522875817,0.9967213114754099,1.0,T_PRAD_vs_rest,12,svm
5496,scanpy_t-test,1.0,1.0,1.0,1.0,T_PRAD_vs_rest,13,svm
5497,scanpy_t-test,1.0,1.0,1.0,1.0,T_PRAD_vs_rest,13,svm
5498,scanpy_t-test,0.9965611408244864,0.9934640522875817,0.9967213114754099,1.0,T_PRAD_vs_rest,13,svm
5499,scanpy_t-test,1.0,1.0,1.0,1.0,T_PRAD_vs_rest,14,svm
5500,scanpy_t-test,1.0,1.0,1.0,1.0,T_PRAD_vs_rest,14,svm
5501,scanpy_t-test,0.9965611408244864,0.9934640522875817,0.9967213114754099,1.0,T_PRAD_vs_rest,14,svm
5502,scanpy_t-test,1.0,1.0,1.0,1.0,T_PRAD_vs_rest,15,svm
5503,scanpy_t-test,1.0,1.0,1.0,1.0,T_PRAD_vs_rest,15,svm
5504,scanpy_t-test,0.9965611408244864,0.9934640522875817,0.9967213114754099,1.0,T_PRAD_vs_rest,15,svm
5505,scanpy_t-test,1.0,1.0,1.0,1.0,T_PRAD_vs_rest,16,svm
5506,scanpy_t-test,1.0,1.0,1.0,1.0,T_PRAD_vs_rest,16,svm
5507,scanpy_t-test,0.9965611408244864,0.9934640522875817,0.9967213114754099,1.0,T_PRAD_vs_rest,16,svm
5508,scanpy_t-test,1.0,1.0,1.0,1.0,T_PRAD_vs_rest,17,svm
5509,scanpy_t-test,1.0,1.0,1.0,1.0,T_PRAD_vs_rest,17,svm
5510,scanpy_t-test,0.9965611408244864,0.9934640522875817,0.9967213114754099,1.0,T_PRAD_vs_rest,17,svm
5511,scanpy_t-test,1.0,1.0,1.0,1.0,T_PRAD_vs_rest,18,svm
5512,scanpy_t-test,1.0,1.0,1.0,1.0,T_PRAD_vs_rest,18,svm
5513,scanpy_t-test,0.9965611408244864,0.9934640522875817,0.9967213114754099,1.0,T_PRAD_vs_rest,18,svm
5514,scanpy_t-test,1.0,1.0,1.0,1.0,T_PRAD_vs_rest,19,svm
5515,scanpy_t-test,1.0,1.0,1.0,1.0,T_PRAD_vs_rest,19,svm
5516,scanpy_t-test,0.9965611408244864,0.9934640522875817,0.9967213114754099,1.0,T_PRAD_vs_rest,19,svm
5517,scanpy_t-test,1.0,1.0,1.0,1.0,T_PRAD_vs_rest,20,svm
5518,scanpy_t-test,1.0,1.0,1.0,1.0,T_PRAD_vs_rest,20,svm
5519,scanpy_t-test,0.9965611408244864,0.9934640522875817,0.9967213114754099,1.0,T_PRAD_vs_rest,20,svm
5520,yomix,0.4165589378811173,0.19433198380566802,0.32323232323232326,0.96,T_READ_vs_rest,1,svm
5521,yomix,0.4336967779845775,0.20502092050209206,0.3391003460207612,0.98,T_READ_vs_rest,1,svm
5522,yomix,0.42797909170110526,0.19607843137254902,0.32786885245901637,1.0,T_READ_vs_rest,1,svm
5523,yomix,0.4280194462913972,0.20425531914893616,0.3368421052631579,0.96,T_READ_vs_rest,2,svm
5524,yomix,0.4491808761170972,0.21875,0.35766423357664234,0.98,T_READ_vs_rest,2,svm
5525,yomix,0.43737609565048347,0.20408163265306123,0.3389830508474576,1.0,T_READ_vs_rest,2,svm
5526,yomix,0.4502793620222292,0.22429906542056074,0.36363636363636365,0.96,T_READ_vs_rest,3,svm
5527,yomix,0.46387876546221135,0.23222748815165878,0.37547892720306514,0.98,T_READ_vs_rest,3,svm
5528,yomix,0.4592182601367154,0.22790697674418606,0.36981132075471695,0.98,T_READ_vs_rest,3,svm
5529,yomix,0.46082170328059247,0.23414634146341465,0.3764705882352941,0.96,T_READ_vs_rest,4,svm
5530,yomix,0.4592182601367154,0.22790697674418606,0.36981132075471695,0.98,T_READ_vs_rest,4,svm
5531,yomix,0.4603714343988364,0.22897196261682243,0.3712121212121212,0.98,T_READ_vs_rest,4,svm
5532,yomix,0.46082170328059247,0.23414634146341465,0.3764705882352941,0.96,T_READ_vs_rest,5,svm
5533,yomix,0.45807290058900635,0.22685185185185186,0.3684210526315789,0.98,T_READ_vs_rest,5,svm
5534,yomix,0.46153251462039346,0.2300469483568075,0.3726235741444867,0.98,T_READ_vs_rest,5,svm
5535,yomix,0.46082170328059247,0.23414634146341465,0.3764705882352941,0.96,T_READ_vs_rest,6,svm
5536,yomix,0.45807290058900635,0.22685185185185186,0.3684210526315789,0.98,T_READ_vs_rest,6,svm
5537,yomix,0.4627015935480798,0.23113207547169812,0.37404580152671757,0.98,T_READ_vs_rest,6,svm
5538,yomix,0.4525654653620757,0.22641509433962265,0.366412213740458,0.96,T_READ_vs_rest,7,svm
5539,yomix,0.4592182601367154,0.22790697674418606,0.36981132075471695,0.98,T_READ_vs_rest,7,svm
5540,yomix,0.4569352659812116,0.22580645161290322,0.36704119850187267,0.98,T_READ_vs_rest,7,svm
5541,yomix,0.445799423852762,0.22018348623853212,0.3582089552238806,0.96,T_READ_vs_rest,8,svm
5542,yomix,0.4592182601367154,0.22790697674418606,0.36981132075471695,0.98,T_READ_vs_rest,8,svm
5543,yomix,0.45807290058900635,0.22685185185185186,0.3684210526315789,0.98,T_READ_vs_rest,8,svm
5544,yomix,0.4525654653620757,0.22641509433962265,0.366412213740458,0.96,T_READ_vs_rest,9,svm
5545,yomix,0.45468281965862506,0.2237442922374429,0.3643122676579926,0.98,T_READ_vs_rest,9,svm
5546,yomix,0.45807290058900635,0.22685185185185186,0.3684210526315789,0.98,T_READ_vs_rest,9,svm
5547,yomix,0.4525654653620757,0.22641509433962265,0.366412213740458,0.96,T_READ_vs_rest,10,svm
5548,yomix,0.4558052679790023,0.22477064220183487,0.3656716417910448,0.98,T_READ_vs_rest,10,svm
5549,yomix,0.45807290058900635,0.22685185185185186,0.3684210526315789,0.98,T_READ_vs_rest,10,svm
5550,yomix,0.4491808761170972,0.21875,0.35766423357664234,0.98,T_READ_vs_rest,11,svm
5551,yomix,0.4513599241086518,0.22072072072072071,0.3602941176470588,0.98,T_READ_vs_rest,11,svm
5552,yomix,0.45246023124882306,0.22171945701357465,0.36162361623616235,0.98,T_READ_vs_rest,11,svm
5553,yomix,0.4569352659812116,0.22580645161290322,0.36704119850187267,0.98,T_READ_vs_rest,12,svm
5554,yomix,0.45246023124882306,0.22171945701357465,0.36162361623616235,0.98,T_READ_vs_rest,12,svm
5555,yomix,0.45246023124882306,0.22171945701357465,0.36162361623616235,0.98,T_READ_vs_rest,12,svm
5556,yomix,0.4558052679790023,0.22477064220183487,0.3656716417910448,0.98,T_READ_vs_rest,13,svm
5557,yomix,0.4470300541272882,0.2168141592920354,0.35507246376811596,0.98,T_READ_vs_rest,13,svm
5558,yomix,0.4569352659812116,0.22580645161290322,0.36704119850187267,0.98,T_READ_vs_rest,13,svm
5559,yomix,0.43907769486133624,0.2186046511627907,0.35471698113207545,0.94,T_READ_vs_rest,14,svm
5560,yomix,0.4491808761170972,0.21875,0.35766423357664234,0.98,T_READ_vs_rest,14,svm
5561,yomix,0.4417724796724729,0.21212121212121213,0.3487544483985765,0.98,T_READ_vs_rest,14,svm
5562,yomix,0.4325747020042226,0.21266968325791855,0.34686346863468637,0.94,T_READ_vs_rest,15,svm
5563,yomix,0.45246023124882306,0.22171945701357465,0.36162361623616235,0.98,T_READ_vs_rest,15,svm
5564,yomix,0.44810197593426776,0.21777777777777776,0.3563636363636364,0.98,T_READ_vs_rest,15,svm
5565,yomix,0.43907769486133624,0.2186046511627907,0.35471698113207545,0.94,T_READ_vs_rest,16,svm
5566,yomix,0.45356783547804763,0.22272727272727272,0.362962962962963,0.98,T_READ_vs_rest,16,svm
5567,yomix,0.44810197593426776,0.21777777777777776,0.3563636363636364,0.98,T_READ_vs_rest,16,svm
5568,yomix,0.43907769486133624,0.2186046511627907,0.35471698113207545,0.94,T_READ_vs_rest,17,svm
5569,yomix,0.4569352659812116,0.22580645161290322,0.36704119850187267,0.98,T_READ_vs_rest,17,svm
5570,yomix,0.4491808761170972,0.21875,0.35766423357664234,0.98,T_READ_vs_rest,17,svm
5571,yomix,0.43907769486133624,0.2186046511627907,0.35471698113207545,0.94,T_READ_vs_rest,18,svm
5572,yomix,0.4569352659812116,0.22580645161290322,0.36704119850187267,0.98,T_READ_vs_rest,18,svm
5573,yomix,0.44490684033548433,0.2149122807017544,0.35251798561151076,0.98,T_READ_vs_rest,18,svm
5574,yomix,0.47996436495010747,0.2474747474747475,0.3951612903225806,0.98,T_READ_vs_rest,19,svm
5575,yomix,0.47611750539164016,0.24378109452736318,0.3904382470119522,0.98,T_READ_vs_rest,19,svm
5576,yomix,0.46625777323677714,0.23444976076555024,0.3783783783783784,0.98,T_READ_vs_rest,19,svm
5577,yomix,0.46823364098290793,0.24120603015075376,0.3855421686746988,0.96,T_READ_vs_rest,20,svm
5578,yomix,0.4674598056253849,0.23557692307692307,0.3798449612403101,0.98,T_READ_vs_rest,20,svm
5579,yomix,0.46625777323677714,0.23444976076555024,0.3783783783783784,0.98,T_READ_vs_rest,20,svm
5580,cosg,0.40871235111208704,0.2782608695652174,0.3878787878787879,0.64,T_READ_vs_rest,1,svm
5581,cosg,0.4739873498402942,0.32727272727272727,0.45,0.72,T_READ_vs_rest,1,svm
5582,cosg,0.4207159916820468,0.29357798165137616,0.4025157232704403,0.64,T_READ_vs_rest,1,svm
5583,cosg,0.43933626634212763,0.2388888888888889,0.3739130434782609,0.86,T_READ_vs_rest,2,svm
5584,cosg,0.4585695101721502,0.25287356321839083,0.39285714285714285,0.88,T_READ_vs_rest,2,svm
5585,cosg,0.45315362868594894,0.24193548387096775,0.3813559322033898,0.9,T_READ_vs_rest,2,svm
5586,cosg,0.4436698573179782,0.23783783783783785,0.37446808510638296,0.88,T_READ_vs_rest,3,svm
5587,cosg,0.4625934048326666,0.24598930481283424,0.3881856540084388,0.92,T_READ_vs_rest,3,svm
5588,cosg,0.4573589415836948,0.24083769633507854,0.3817427385892116,0.92,T_READ_vs_rest,3,svm
5589,cosg,0.47557314396042477,0.2647058823529412,0.4090909090909091,0.9,T_READ_vs_rest,4,svm
5590,cosg,0.49192046732788886,0.27011494252873564,0.41964285714285715,0.94,T_READ_vs_rest,4,svm
5591,cosg,0.48025603182088433,0.25824175824175827,0.4051724137931034,0.94,T_READ_vs_rest,4,svm
5592,cosg,0.47113945167071863,0.26011560693641617,0.40358744394618834,0.9,T_READ_vs_rest,5,svm
5593,cosg,0.49649950566132695,0.27485380116959063,0.4253393665158371,0.94,T_READ_vs_rest,5,svm
5594,cosg,0.48025603182088433,0.25824175824175827,0.4051724137931034,0.94,T_READ_vs_rest,5,svm
5595,cosg,0.47113945167071863,0.26011560693641617,0.40358744394618834,0.9,T_READ_vs_rest,6,svm
5596,cosg,0.4949601450649157,0.27325581395348836,0.42342342342342343,0.94,T_READ_vs_rest,6,svm
5597,cosg,0.48025603182088433,0.25824175824175827,0.4051724137931034,0.94,T_READ_vs_rest,6,svm
5598,cosg,0.48378245149682514,0.26744186046511625,0.4144144144144144,0.92,T_READ_vs_rest,7,svm
5599,cosg,0.49343386144944446,0.27167630057803466,0.42152466367713004,0.94,T_READ_vs_rest,7,svm
5600,cosg,0.4816726290824676,0.2596685082872928,0.4069264069264069,0.94,T_READ_vs_rest,7,svm
5601,cosg,0.47933274677110776,0.26285714285714284,0.4088888888888889,0.92,T_READ_vs_rest,8,svm
5602,cosg,0.5015068111528466,0.2742857142857143,0.4266666666666667,0.96,T_READ_vs_rest,8,svm
5603,cosg,0.4827099007905237,0.2553191489361702,0.40336134453781514,0.96,T_READ_vs_rest,8,svm
5604,cosg,0.4808034816093093,0.26436781609195403,0.4107142857142857,0.92,T_READ_vs_rest,9,svm
5605,cosg,0.49192046732788886,0.27011494252873564,0.41964285714285715,0.94,T_READ_vs_rest,9,svm
5606,cosg,0.48134308825025635,0.25396825396825395,0.401673640167364,0.96,T_READ_vs_rest,9,svm
5607,cosg,0.4778742757478493,0.26136363636363635,0.40707964601769914,0.92,T_READ_vs_rest,10,svm
5608,cosg,0.49343386144944446,0.27167630057803466,0.42152466367713004,0.94,T_READ_vs_rest,10,svm
5609,cosg,0.48687509611346363,0.2594594594594595,0.4085106382978723,0.96,T_READ_vs_rest,10,svm
5610,cosg,0.4808034816093093,0.26436781609195403,0.4107142857142857,0.92,T_READ_vs_rest,11,svm
5611,cosg,0.5061378386330062,0.27906976744186046,0.43243243243243246,0.96,T_READ_vs_rest,11,svm
5612,cosg,0.4760737864145923,0.25405405405405407,0.4,0.94,T_READ_vs_rest,11,svm
5613,cosg,0.4822866565600815,0.2658959537572254,0.4125560538116592,0.92,T_READ_vs_rest,12,svm
5614,cosg,0.5030374530464684,0.27586206896551724,0.42857142857142855,0.96,T_READ_vs_rest,12,svm
5615,cosg,0.4788507944561978,0.2568306010928962,0.4034334763948498,0.94,T_READ_vs_rest,12,svm
5616,cosg,0.47933274677110776,0.26285714285714284,0.4088888888888889,0.92,T_READ_vs_rest,13,svm
5617,cosg,0.5110462973031854,0.2784090909090909,0.4336283185840708,0.98,T_READ_vs_rest,13,svm
5618,cosg,0.4882855663411152,0.2608695652173913,0.41025641025641024,0.96,T_READ_vs_rest,13,svm
5619,cosg,0.4788507944561978,0.2568306010928962,0.4034334763948498,0.94,T_READ_vs_rest,14,svm
5620,cosg,0.49343386144944446,0.27167630057803466,0.42152466367713004,0.94,T_READ_vs_rest,14,svm
5621,cosg,0.4827099007905237,0.2553191489361702,0.40336134453781514,0.96,T_READ_vs_rest,14,svm
5622,cosg,0.4747017164453154,0.25268817204301075,0.3983050847457627,0.94,T_READ_vs_rest,15,svm
5623,cosg,0.48893161626629467,0.26704545454545453,0.415929203539823,0.94,T_READ_vs_rest,15,svm
5624,cosg,0.47206344204865597,0.24489795918367346,0.3902439024390244,0.96,T_READ_vs_rest,15,svm
5625,cosg,0.4735707343377309,0.2569832402234637,0.4017467248908297,0.92,T_READ_vs_rest,16,svm
5626,cosg,0.497676405812335,0.2648648648648649,0.41702127659574467,0.98,T_READ_vs_rest,16,svm
5627,cosg,0.4892820224431975,0.25654450261780104,0.4066390041493776,0.98,T_READ_vs_rest,16,svm
5628,cosg,0.4721596239885972,0.25555555555555554,0.4,0.92,T_READ_vs_rest,17,svm
5629,cosg,0.5005638502419775,0.2677595628415301,0.4206008583690987,0.98,T_READ_vs_rest,17,svm
5630,cosg,0.4892820224431975,0.25654450261780104,0.4066390041493776,0.98,T_READ_vs_rest,17,svm
5631,cosg,0.4721596239885972,0.25555555555555554,0.4,0.92,T_READ_vs_rest,18,svm
5632,cosg,0.5005638502419775,0.2677595628415301,0.4206008583690987,0.98,T_READ_vs_rest,18,svm
5633,cosg,0.4892820224431975,0.25654450261780104,0.4066390041493776,0.98,T_READ_vs_rest,18,svm
5634,cosg,0.4868126392669352,0.27058823529411763,0.41818181818181815,0.92,T_READ_vs_rest,19,svm
5635,cosg,0.492036671264961,0.25925925925925924,0.4100418410041841,0.98,T_READ_vs_rest,19,svm
5636,cosg,0.47598003937276856,0.24870466321243523,0.3950617283950617,0.96,T_READ_vs_rest,19,svm
5637,cosg,0.4822866565600815,0.2658959537572254,0.4125560538116592,0.92,T_READ_vs_rest,20,svm
5638,cosg,0.4934300843003284,0.26063829787234044,0.4117647058823529,0.98,T_READ_vs_rest,20,svm
5639,cosg,0.4786409954900299,0.2513089005235602,0.3983402489626556,0.96,T_READ_vs_rest,20,svm
5640,scanpy_wilcoxon,0.4165589378811173,0.19433198380566802,0.32323232323232326,0.96,T_READ_vs_rest,1,svm
5641,scanpy_wilcoxon,0.4336967779845775,0.20502092050209206,0.3391003460207612,0.98,T_READ_vs_rest,1,svm
5642,scanpy_wilcoxon,0.42797909170110526,0.19607843137254902,0.32786885245901637,1.0,T_READ_vs_rest,1,svm
5643,scanpy_wilcoxon,0.4280194462913972,0.20425531914893616,0.3368421052631579,0.96,T_READ_vs_rest,2,svm
5644,scanpy_wilcoxon,0.4491808761170972,0.21875,0.35766423357664234,0.98,T_READ_vs_rest,2,svm
5645,scanpy_wilcoxon,0.43737609565048347,0.20408163265306123,0.3389830508474576,1.0,T_READ_vs_rest,2,svm
5646,scanpy_wilcoxon,0.4280194462913972,0.20425531914893616,0.3368421052631579,0.96,T_READ_vs_rest,3,svm
5647,scanpy_wilcoxon,0.4459650340760426,0.21585903083700442,0.35379061371841153,0.98,T_READ_vs_rest,3,svm
5648,scanpy_wilcoxon,0.4354524366051515,0.20242914979757085,0.3367003367003367,1.0,T_READ_vs_rest,3,svm
5649,scanpy_wilcoxon,0.4502793620222292,0.22429906542056074,0.36363636363636365,0.96,T_READ_vs_rest,4,svm
5650,scanpy_wilcoxon,0.4650641262095147,0.23333333333333334,0.3769230769230769,0.98,T_READ_vs_rest,4,svm
5651,scanpy_wilcoxon,0.46153251462039346,0.2300469483568075,0.3726235741444867,0.98,T_READ_vs_rest,4,svm
5652,scanpy_wilcoxon,0.4407408594289325,0.21120689655172414,0.3475177304964539,0.98,T_READ_vs_rest,5,svm
5653,scanpy_wilcoxon,0.4558052679790023,0.22477064220183487,0.3656716417910448,0.98,T_READ_vs_rest,5,svm
5654,scanpy_wilcoxon,0.44810197593426776,0.21777777777777776,0.3563636363636364,0.98,T_READ_vs_rest,5,svm
5655,scanpy_wilcoxon,0.4407408594289325,0.21120689655172414,0.3475177304964539,0.98,T_READ_vs_rest,6,svm
5656,scanpy_wilcoxon,0.4569352659812116,0.22580645161290322,0.36704119850187267,0.98,T_READ_vs_rest,6,svm
5657,scanpy_wilcoxon,0.4470300541272882,0.2168141592920354,0.35507246376811596,0.98,T_READ_vs_rest,6,svm
5658,scanpy_wilcoxon,0.4386969478482109,0.2094017094017094,0.34507042253521125,0.98,T_READ_vs_rest,7,svm
5659,scanpy_wilcoxon,0.46153251462039346,0.2300469483568075,0.3726235741444867,0.98,T_READ_vs_rest,7,svm
5660,scanpy_wilcoxon,0.46128195625857266,0.22522522522522523,0.36764705882352944,1.0,T_READ_vs_rest,7,svm
5661,scanpy_wilcoxon,0.44490684033548433,0.2149122807017544,0.35251798561151076,0.98,T_READ_vs_rest,8,svm
5662,scanpy_wilcoxon,0.4627015935480798,0.23113207547169812,0.37404580152671757,0.98,T_READ_vs_rest,8,svm
5663,scanpy_wilcoxon,0.45356783547804763,0.22272727272727272,0.362962962962963,0.98,T_READ_vs_rest,8,svm
5664,scanpy_wilcoxon,0.4627015935480798,0.23113207547169812,0.37404580152671757,0.98,T_READ_vs_rest,9,svm
5665,scanpy_wilcoxon,0.4711172310432926,0.23902439024390243,0.3843137254901961,0.98,T_READ_vs_rest,9,svm
5666,scanpy_wilcoxon,0.46696243628653616,0.2304147465437788,0.37453183520599254,1.0,T_READ_vs_rest,9,svm
5667,scanpy_wilcoxon,0.46387876546221135,0.23222748815165878,0.37547892720306514,0.98,T_READ_vs_rest,10,svm
5668,scanpy_wilcoxon,0.4674598056253849,0.23557692307692307,0.3798449612403101,0.98,T_READ_vs_rest,10,svm
5669,scanpy_wilcoxon,0.46928854277440496,0.23255813953488372,0.37735849056603776,1.0,T_READ_vs_rest,10,svm
5670,scanpy_wilcoxon,0.4584211884615387,0.2318840579710145,0.3735408560311284,0.96,T_READ_vs_rest,11,svm
5671,scanpy_wilcoxon,0.472353829644048,0.24019607843137256,0.3858267716535433,0.98,T_READ_vs_rest,11,svm
5672,scanpy_wilcoxon,0.4681215498053922,0.23148148148148148,0.37593984962406013,1.0,T_READ_vs_rest,11,svm
5673,scanpy_wilcoxon,0.45488329450008275,0.22857142857142856,0.36923076923076925,0.96,T_READ_vs_rest,12,svm
5674,scanpy_wilcoxon,0.47359933480664407,0.2413793103448276,0.38735177865612647,0.98,T_READ_vs_rest,12,svm
5675,scanpy_wilcoxon,0.4681215498053922,0.23148148148148148,0.37593984962406013,1.0,T_READ_vs_rest,12,svm
5676,scanpy_wilcoxon,0.4674598056253849,0.23557692307692307,0.3798449612403101,0.98,T_READ_vs_rest,13,svm
5677,scanpy_wilcoxon,0.4748538561987258,0.24257425742574257,0.3888888888888889,0.98,T_READ_vs_rest,13,svm
5678,scanpy_wilcoxon,0.47646120444641843,0.23923444976076555,0.3861003861003861,1.0,T_READ_vs_rest,13,svm
5679,scanpy_wilcoxon,0.4641008934356699,0.2422680412371134,0.38524590163934425,0.94,T_READ_vs_rest,14,svm
5680,scanpy_wilcoxon,0.47359933480664407,0.2413793103448276,0.38735177865612647,0.98,T_READ_vs_rest,14,svm
5681,scanpy_wilcoxon,0.4748538561987258,0.24257425742574257,0.3888888888888889,0.98,T_READ_vs_rest,14,svm
5682,scanpy_wilcoxon,0.4666903763317112,0.24479166666666666,0.3884297520661157,0.94,T_READ_vs_rest,15,svm
5683,scanpy_wilcoxon,0.47996436495010747,0.2474747474747475,0.3951612903225806,0.98,T_READ_vs_rest,15,svm
5684,scanpy_wilcoxon,0.4865079486156185,0.24875621890547264,0.398406374501992,1.0,T_READ_vs_rest,15,svm
5685,scanpy_wilcoxon,0.47206344204865597,0.24489795918367346,0.3902439024390244,0.96,T_READ_vs_rest,16,svm
5686,scanpy_wilcoxon,0.4748538561987258,0.24257425742574257,0.3888888888888889,0.98,T_READ_vs_rest,16,svm
5687,scanpy_wilcoxon,0.47359933480664407,0.2413793103448276,0.38735177865612647,0.98,T_READ_vs_rest,16,svm
5688,scanpy_wilcoxon,0.4733591663464999,0.24615384615384617,0.39183673469387753,0.96,T_READ_vs_rest,17,svm
5689,scanpy_wilcoxon,0.4748538561987258,0.24257425742574257,0.3888888888888889,0.98,T_READ_vs_rest,17,svm
5690,scanpy_wilcoxon,0.47359933480664407,0.2413793103448276,0.38735177865612647,0.98,T_READ_vs_rest,17,svm
5691,scanpy_wilcoxon,0.46823364098290793,0.24120603015075376,0.3855421686746988,0.96,T_READ_vs_rest,18,svm
5692,scanpy_wilcoxon,0.4711172310432926,0.23902439024390243,0.3843137254901961,0.98,T_READ_vs_rest,18,svm
5693,scanpy_wilcoxon,0.4711172310432926,0.23902439024390243,0.3843137254901961,0.98,T_READ_vs_rest,18,svm
5694,scanpy_wilcoxon,0.46448741374939234,0.2376237623762376,0.38095238095238093,0.96,T_READ_vs_rest,19,svm
5695,scanpy_wilcoxon,0.46988943119884113,0.23786407766990292,0.3828125,0.98,T_READ_vs_rest,19,svm
5696,scanpy_wilcoxon,0.472353829644048,0.24019607843137256,0.3858267716535433,0.98,T_READ_vs_rest,19,svm
5697,scanpy_wilcoxon,0.45779463872436205,0.23618090452261306,0.37751004016064255,0.94,T_READ_vs_rest,20,svm
5698,scanpy_wilcoxon,0.46153251462039346,0.2300469483568075,0.3726235741444867,0.98,T_READ_vs_rest,20,svm
5699,scanpy_wilcoxon,0.472353829644048,0.24019607843137256,0.3858267716535433,0.98,T_READ_vs_rest,20,svm
5700,scanpy_t-test,0.2978035420192175,0.10309278350515463,0.18691588785046728,1.0,T_READ_vs_rest,1,svm
5701,scanpy_t-test,0.29628080155921943,0.10643015521064302,0.19161676646706588,0.96,T_READ_vs_rest,1,svm
5702,scanpy_t-test,0.2904129381195825,0.09881422924901186,0.17985611510791366,1.0,T_READ_vs_rest,1,svm
5703,scanpy_t-test,0.3345232260363953,0.12594458438287154,0.22371364653243847,1.0,T_READ_vs_rest,2,svm
5704,scanpy_t-test,0.33398002862190407,0.1307901907356948,0.2302158273381295,0.96,T_READ_vs_rest,2,svm
5705,scanpy_t-test,0.3335631092124654,0.12531328320802004,0.22271714922049,1.0,T_READ_vs_rest,2,svm
5706,scanpy_t-test,0.36458328777365856,0.1466275659824047,0.2557544757033248,1.0,T_READ_vs_rest,3,svm
5707,scanpy_t-test,0.37261027397609964,0.15555555555555556,0.2684931506849315,0.98,T_READ_vs_rest,3,svm
5708,scanpy_t-test,0.36103310767578684,0.1440922190201729,0.2518891687657431,1.0,T_READ_vs_rest,3,svm
5709,scanpy_t-test,0.3807528869261135,0.1617161716171617,0.2776203966005666,0.98,T_READ_vs_rest,4,svm
5710,scanpy_t-test,0.3773045100108771,0.1590909090909091,0.2737430167597765,0.98,T_READ_vs_rest,4,svm
5711,scanpy_t-test,0.3732283963305328,0.1529051987767584,0.26525198938992045,1.0,T_READ_vs_rest,4,svm
5712,scanpy_t-test,0.376311298814243,0.16161616161616163,0.276657060518732,0.96,T_READ_vs_rest,5,svm
5713,scanpy_t-test,0.37867409341824726,0.16013071895424835,0.2752808988764045,0.98,T_READ_vs_rest,5,svm
5714,scanpy_t-test,0.37709863677638933,0.1557632398753894,0.2695417789757412,1.0,T_READ_vs_rest,5,svm
5715,scanpy_t-test,0.3864448007101731,0.16610169491525423,0.28405797101449276,0.98,T_READ_vs_rest,6,svm
5716,scanpy_t-test,0.3871719860068028,0.16666666666666666,0.28488372093023256,0.98,T_READ_vs_rest,6,svm
5717,scanpy_t-test,0.38040448975445407,0.15822784810126583,0.273224043715847,1.0,T_READ_vs_rest,6,svm
5718,scanpy_t-test,0.4165589378811173,0.19433198380566802,0.32323232323232326,0.96,T_READ_vs_rest,7,svm
5719,scanpy_t-test,0.4222947764150582,0.1952191235059761,0.32558139534883723,0.98,T_READ_vs_rest,7,svm
5720,scanpy_t-test,0.41152282793618106,0.18248175182481752,0.30864197530864196,1.0,T_READ_vs_rest,7,svm
5721,scanpy_t-test,0.4221853939254981,0.1991701244813278,0.32989690721649484,0.96,T_READ_vs_rest,8,svm
5722,scanpy_t-test,0.4307692499750109,0.2024793388429752,0.3356164383561644,0.98,T_READ_vs_rest,8,svm
5723,scanpy_t-test,0.4234793967551931,0.19230769230769232,0.3225806451612903,1.0,T_READ_vs_rest,8,svm
5724,scanpy_t-test,0.4221853939254981,0.1991701244813278,0.32989690721649484,0.96,T_READ_vs_rest,9,svm
5725,scanpy_t-test,0.43468454766298137,0.20588235294117646,0.3402777777777778,0.98,T_READ_vs_rest,9,svm
5726,scanpy_t-test,0.42526403662069373,0.1937984496124031,0.3246753246753247,1.0,T_READ_vs_rest,9,svm
5727,scanpy_t-test,0.4221853939254981,0.1991701244813278,0.32989690721649484,0.96,T_READ_vs_rest,10,svm
5728,scanpy_t-test,0.4356783850831859,0.20675105485232068,0.34146341463414637,0.98,T_READ_vs_rest,10,svm
5729,scanpy_t-test,0.4243692095635848,0.19305019305019305,0.32362459546925565,1.0,T_READ_vs_rest,10,svm
5730,scanpy_t-test,0.4241063719444255,0.200836820083682,0.33217993079584773,0.96,T_READ_vs_rest,11,svm
5731,scanpy_t-test,0.43667835417420514,0.2076271186440678,0.34265734265734266,0.98,T_READ_vs_rest,11,svm
5732,scanpy_t-test,0.4261639264365005,0.19455252918287938,0.3257328990228013,1.0,T_READ_vs_rest,11,svm
5733,scanpy_t-test,0.4250756577969697,0.20168067226890757,0.3333333333333333,0.96,T_READ_vs_rest,12,svm
5734,scanpy_t-test,0.43667835417420514,0.2076271186440678,0.34265734265734266,0.98,T_READ_vs_rest,12,svm
5735,scanpy_t-test,0.42797909170110526,0.19607843137254902,0.32786885245901637,1.0,T_READ_vs_rest,12,svm
5736,scanpy_t-test,0.42901289803180126,0.20512820512820512,0.3380281690140845,0.96,T_READ_vs_rest,13,svm
5737,scanpy_t-test,0.43667835417420514,0.2076271186440678,0.34265734265734266,0.98,T_READ_vs_rest,13,svm
5738,scanpy_t-test,0.42797909170110526,0.19607843137254902,0.32786885245901637,1.0,T_READ_vs_rest,13,svm
5739,scanpy_t-test,0.42901289803180126,0.20512820512820512,0.3380281690140845,0.96,T_READ_vs_rest,14,svm
5740,scanpy_t-test,0.43768451981410444,0.20851063829787234,0.34385964912280703,0.98,T_READ_vs_rest,14,svm
5741,scanpy_t-test,0.4270689281820527,0.1953125,0.32679738562091504,1.0,T_READ_vs_rest,14,svm
5742,scanpy_t-test,0.43304940273394427,0.20869565217391303,0.34285714285714286,0.96,T_READ_vs_rest,15,svm
5743,scanpy_t-test,0.4386969478482109,0.2094017094017094,0.34507042253521125,0.98,T_READ_vs_rest,15,svm
5744,scanpy_t-test,0.42797909170110526,0.19607843137254902,0.32786885245901637,1.0,T_READ_vs_rest,15,svm
5745,scanpy_t-test,0.43510622930536924,0.21052631578947367,0.34532374100719426,0.96,T_READ_vs_rest,16,svm
5746,scanpy_t-test,0.4386969478482109,0.2094017094017094,0.34507042253521125,0.98,T_READ_vs_rest,16,svm
5747,scanpy_t-test,0.4288944675220113,0.1968503937007874,0.32894736842105265,1.0,T_READ_vs_rest,16,svm
5748,scanpy_t-test,0.4320307369338209,0.2077922077922078,0.3416370106761566,0.96,T_READ_vs_rest,17,svm
5749,scanpy_t-test,0.4428106357436038,0.21304347826086956,0.35,0.98,T_READ_vs_rest,17,svm
5750,scanpy_t-test,0.43074106167894816,0.1984126984126984,0.33112582781456956,1.0,T_READ_vs_rest,17,svm
5751,scanpy_t-test,0.4300125525703339,0.20600858369098712,0.3392226148409894,0.96,T_READ_vs_rest,18,svm
5752,scanpy_t-test,0.44490684033548433,0.2149122807017544,0.35251798561151076,0.98,T_READ_vs_rest,18,svm
5753,scanpy_t-test,0.43074106167894816,0.1984126984126984,0.33112582781456956,1.0,T_READ_vs_rest,18,svm
5754,scanpy_t-test,0.4310184763790485,0.20689655172413793,0.3404255319148936,0.96,T_READ_vs_rest,19,svm
5755,scanpy_t-test,0.44490684033548433,0.2149122807017544,0.35251798561151076,0.98,T_READ_vs_rest,19,svm
5756,scanpy_t-test,0.4298151068698714,0.1976284584980237,0.33003300330033003,1.0,T_READ_vs_rest,19,svm
5757,scanpy_t-test,0.4310184763790485,0.20689655172413793,0.3404255319148936,0.96,T_READ_vs_rest,20,svm
5758,scanpy_t-test,0.4558052679790023,0.22477064220183487,0.3656716417910448,0.98,T_READ_vs_rest,20,svm
5759,scanpy_t-test,0.4298151068698714,0.1976284584980237,0.33003300330033003,1.0,T_READ_vs_rest,20,svm
5760,yomix,0.259522647707625,0.1326530612244898,0.2208067940552017,0.6582278481012658,T_SARC_vs_rest,1,svm
5761,yomix,0.2738372876469305,0.13493975903614458,0.22672064777327935,0.7088607594936709,T_SARC_vs_rest,1,svm
5762,yomix,0.27876976513326873,0.14323607427055704,0.23684210526315788,0.6835443037974683,T_SARC_vs_rest,1,svm
5763,yomix,0.482001876095897,0.2795275590551181,0.4264264264264264,0.8987341772151899,T_SARC_vs_rest,2,svm
5764,yomix,0.4649349935346337,0.26199261992619927,0.4057142857142857,0.8987341772151899,T_SARC_vs_rest,2,svm
5765,yomix,0.44320443605384885,0.2620967741935484,0.39755351681957185,0.8227848101265823,T_SARC_vs_rest,2,svm
5766,yomix,0.46020665645919545,0.2572463768115942,0.4,0.8987341772151899,T_SARC_vs_rest,3,svm
5767,yomix,0.4346722109059132,0.2356902356902357,0.3723404255319149,0.8860759493670886,T_SARC_vs_rest,3,svm
5768,yomix,0.4171339879236569,0.23550724637681159,0.36619718309859156,0.8227848101265823,T_SARC_vs_rest,3,svm
5769,yomix,0.5645697067386803,0.36318407960199006,0.5214285714285715,0.9240506329113924,T_SARC_vs_rest,4,svm
5770,yomix,0.5670844310259864,0.35185185185185186,0.5152542372881356,0.9620253164556962,T_SARC_vs_rest,4,svm
5771,yomix,0.5759687580183384,0.37185929648241206,0.5323741007194245,0.9367088607594937,T_SARC_vs_rest,4,svm
5772,yomix,0.599141937070729,0.38974358974358975,0.5547445255474452,0.9620253164556962,T_SARC_vs_rest,5,svm
5773,yomix,0.5765647988722992,0.36764705882352944,0.5300353356890459,0.9493670886075949,T_SARC_vs_rest,5,svm
5774,yomix,0.6133205157364144,0.43558282208588955,0.5867768595041323,0.8987341772151899,T_SARC_vs_rest,5,svm
5775,yomix,0.6143306136736998,0.4031413612565445,0.5703703703703704,0.9746835443037974,T_SARC_vs_rest,6,svm
5776,yomix,0.5939943644744439,0.38860103626943004,0.5514705882352942,0.9493670886075949,T_SARC_vs_rest,6,svm
5777,yomix,0.6371917576872598,0.46153846153846156,0.6127659574468085,0.9113924050632911,T_SARC_vs_rest,6,svm
5778,yomix,0.6058253579591831,0.39790575916230364,0.562962962962963,0.9620253164556962,T_SARC_vs_rest,7,svm
5779,yomix,0.5990021566267933,0.39473684210526316,0.5576208178438662,0.9493670886075949,T_SARC_vs_rest,7,svm
5780,yomix,0.6246883250328846,0.4327485380116959,0.592,0.9367088607594937,T_SARC_vs_rest,7,svm
5781,yomix,0.6160545052208175,0.4052631578947368,0.5724907063197026,0.9746835443037974,T_SARC_vs_rest,8,svm
5782,yomix,0.5956508935181101,0.390625,0.5535055350553506,0.9493670886075949,T_SARC_vs_rest,8,svm
5783,yomix,0.6246883250328846,0.4327485380116959,0.592,0.9367088607594937,T_SARC_vs_rest,8,svm
5784,yomix,0.6177917520929482,0.4074074074074074,0.5746268656716418,0.9746835443037974,T_SARC_vs_rest,9,svm
5785,yomix,0.5939943644744439,0.38860103626943004,0.5514705882352942,0.9493670886075949,T_SARC_vs_rest,9,svm
5786,yomix,0.6235489151609666,0.437125748502994,0.5934959349593496,0.9240506329113924,T_SARC_vs_rest,9,svm
5787,yomix,0.6177917520929482,0.4074074074074074,0.5746268656716418,0.9746835443037974,T_SARC_vs_rest,10,svm
5788,yomix,0.5939943644744439,0.38860103626943004,0.5514705882352942,0.9493670886075949,T_SARC_vs_rest,10,svm
5789,yomix,0.6235489151609666,0.437125748502994,0.5934959349593496,0.9240506329113924,T_SARC_vs_rest,10,svm
5790,yomix,0.6026231361301008,0.3888888888888889,0.555956678700361,0.9746835443037974,T_SARC_vs_rest,11,svm
5791,yomix,0.632838439692195,0.4318181818181818,0.596078431372549,0.9620253164556962,T_SARC_vs_rest,11,svm
5792,yomix,0.6559041555997698,0.47435897435897434,0.6297872340425532,0.9367088607594937,T_SARC_vs_rest,11,svm
5793,yomix,0.612619903963156,0.4010416666666667,0.5682656826568265,0.9746835443037974,T_SARC_vs_rest,12,svm
5794,yomix,0.6426059155628617,0.4444444444444444,0.608,0.9620253164556962,T_SARC_vs_rest,12,svm
5795,yomix,0.658141583716567,0.4774193548387097,0.6324786324786325,0.9367088607594937,T_SARC_vs_rest,12,svm
5796,yomix,0.6597865056482133,0.46107784431137727,0.6260162601626016,0.9746835443037974,T_SARC_vs_rest,13,svm
5797,yomix,0.6406191102452833,0.4418604651162791,0.6055776892430279,0.9620253164556962,T_SARC_vs_rest,13,svm
5798,yomix,0.6672150583989193,0.4965986394557823,0.6460176991150443,0.9240506329113924,T_SARC_vs_rest,13,svm
5799,yomix,0.6585886324199467,0.4716981132075472,0.6302521008403361,0.9493670886075949,T_SARC_vs_rest,14,svm
5800,yomix,0.6661453474441215,0.4695121951219512,0.6337448559670782,0.9746835443037974,T_SARC_vs_rest,14,svm
5801,yomix,0.6604003410699542,0.4805194805194805,0.6351931330472103,0.9367088607594937,T_SARC_vs_rest,14,svm
5802,yomix,0.6604003410699542,0.4805194805194805,0.6351931330472103,0.9367088607594937,T_SARC_vs_rest,15,svm
5803,yomix,0.6618873284654052,0.463855421686747,0.6285714285714286,0.9746835443037974,T_SARC_vs_rest,15,svm
5804,yomix,0.6696557195657287,0.49333333333333335,0.6462882096069869,0.9367088607594937,T_SARC_vs_rest,15,svm
5805,yomix,0.6416677104045899,0.4491017964071856,0.6097560975609756,0.9493670886075949,T_SARC_vs_rest,16,svm
5806,yomix,0.6213070219425405,0.4117647058823529,0.5789473684210527,0.9746835443037974,T_SARC_vs_rest,16,svm
5807,yomix,0.6326083127827782,0.4431137724550898,0.6016260162601627,0.9367088607594937,T_SARC_vs_rest,16,svm
5808,yomix,0.6376225654167769,0.4437869822485207,0.6048387096774194,0.9493670886075949,T_SARC_vs_rest,17,svm
5809,yomix,0.6248778769344321,0.41621621621621624,0.5833333333333334,0.9746835443037974,T_SARC_vs_rest,17,svm
5810,yomix,0.616568014068357,0.4166666666666667,0.5791505791505791,0.9493670886075949,T_SARC_vs_rest,17,svm
5811,yomix,0.642192051157625,0.4620253164556962,0.6160337552742616,0.9240506329113924,T_SARC_vs_rest,18,svm
5812,yomix,0.6535934679126522,0.45294117647058824,0.6184738955823293,0.9746835443037974,T_SARC_vs_rest,18,svm
5813,yomix,0.6326083127827782,0.4431137724550898,0.6016260162601627,0.9367088607594937,T_SARC_vs_rest,18,svm
5814,yomix,0.6471610656415068,0.4625,0.6192468619246861,0.9367088607594937,T_SARC_vs_rest,19,svm
5815,yomix,0.6556398445506938,0.4556213017751479,0.6209677419354839,0.9746835443037974,T_SARC_vs_rest,19,svm
5816,yomix,0.6346319447387978,0.4457831325301205,0.6040816326530613,0.9367088607594937,T_SARC_vs_rest,19,svm
5817,yomix,0.658141583716567,0.4774193548387097,0.6324786324786325,0.9367088607594937,T_SARC_vs_rest,20,svm
5818,yomix,0.6446098630308391,0.4470588235294118,0.6104417670682731,0.9620253164556962,T_SARC_vs_rest,20,svm
5819,yomix,0.649316493384123,0.46540880503144655,0.6218487394957983,0.9367088607594937,T_SARC_vs_rest,20,svm
5820,cosg,0.3389755778551047,0.34523809523809523,0.3558282208588957,0.3670886075949367,T_SARC_vs_rest,1,svm
5821,cosg,0.33449741078216794,0.3372093023255814,0.3515151515151515,0.3670886075949367,T_SARC_vs_rest,1,svm
5822,cosg,0.37684086095650887,0.3924050632911392,0.3924050632911392,0.3924050632911392,T_SARC_vs_rest,1,svm
5823,cosg,0.3367175343696593,0.3411764705882353,0.35365853658536583,0.3670886075949367,T_SARC_vs_rest,2,svm
5824,cosg,0.34248531735422466,0.3409090909090909,0.3592814371257485,0.379746835443038,T_SARC_vs_rest,2,svm
5825,cosg,0.37684086095650887,0.3924050632911392,0.3924050632911392,0.3924050632911392,T_SARC_vs_rest,2,svm
5826,cosg,0.38502052425568567,0.3645833333333333,0.4,0.4430379746835443,T_SARC_vs_rest,3,svm
5827,cosg,0.3967827009699628,0.3953488372093023,0.4121212121212121,0.43037974683544306,T_SARC_vs_rest,3,svm
5828,cosg,0.3594115268572859,0.36046511627906974,0.37575757575757573,0.3924050632911392,T_SARC_vs_rest,3,svm
5829,cosg,0.4545284994719732,0.43478260869565216,0.4678362573099415,0.5063291139240507,T_SARC_vs_rest,4,svm
5830,cosg,0.46658426074918324,0.44565217391304346,0.47953216374269003,0.5189873417721519,T_SARC_vs_rest,4,svm
5831,cosg,0.3872750214551693,0.3684210526315789,0.40229885057471265,0.4430379746835443,T_SARC_vs_rest,4,svm
5832,cosg,0.416149736665034,0.37037037037037035,0.42780748663101603,0.5063291139240507,T_SARC_vs_rest,5,svm
5833,cosg,0.4318836866635447,0.3783783783783784,0.4421052631578947,0.5316455696202531,T_SARC_vs_rest,5,svm
5834,cosg,0.43185164294557477,0.39603960396039606,0.4444444444444444,0.5063291139240507,T_SARC_vs_rest,5,svm
5835,cosg,0.422989678402617,0.37272727272727274,0.43386243386243384,0.5189873417721519,T_SARC_vs_rest,6,svm
5836,cosg,0.40381992246586607,0.3508771929824561,0.41450777202072536,0.5063291139240507,T_SARC_vs_rest,6,svm
5837,cosg,0.4018559659791147,0.34782608695652173,0.41237113402061853,0.5063291139240507,T_SARC_vs_rest,6,svm
5838,cosg,0.4370150715167064,0.3050847457627119,0.421875,0.6835443037974683,T_SARC_vs_rest,7,svm
5839,cosg,0.4515425983354266,0.3179190751445087,0.4365079365079365,0.6962025316455697,T_SARC_vs_rest,7,svm
5840,cosg,0.4285753173779463,0.31097560975609756,0.41975308641975306,0.6455696202531646,T_SARC_vs_rest,7,svm
5841,cosg,0.4971773266975359,0.34269662921348315,0.47470817120622566,0.7721518987341772,T_SARC_vs_rest,8,svm
5842,cosg,0.46790103940649014,0.32222222222222224,0.44787644787644787,0.7341772151898734,T_SARC_vs_rest,8,svm
5843,cosg,0.457449774077607,0.3254437869822485,0.4435483870967742,0.6962025316455697,T_SARC_vs_rest,8,svm
5844,cosg,0.5139114655062252,0.3583815028901734,0.49206349206349204,0.7848101265822784,T_SARC_vs_rest,9,svm
5845,cosg,0.4853912717196509,0.3333333333333333,0.46332046332046334,0.759493670886076,T_SARC_vs_rest,9,svm
5846,cosg,0.46356271158908047,0.3333333333333333,0.45081967213114754,0.6962025316455697,T_SARC_vs_rest,9,svm
5847,cosg,0.5139114655062252,0.3583815028901734,0.49206349206349204,0.7848101265822784,T_SARC_vs_rest,10,svm
5848,cosg,0.4853912717196509,0.3333333333333333,0.46332046332046334,0.759493670886076,T_SARC_vs_rest,10,svm
5849,cosg,0.46356271158908047,0.3333333333333333,0.45081967213114754,0.6962025316455697,T_SARC_vs_rest,10,svm
5850,cosg,0.5122963616788135,0.3563218390804598,0.4901185770750988,0.7848101265822784,T_SARC_vs_rest,11,svm
5851,cosg,0.4824442434057028,0.32967032967032966,0.45977011494252873,0.759493670886076,T_SARC_vs_rest,11,svm
5852,cosg,0.45447121499810267,0.3216374269005848,0.44,0.6962025316455697,T_SARC_vs_rest,11,svm
5853,cosg,0.5205102510463164,0.3668639053254438,0.5,0.7848101265822784,T_SARC_vs_rest,12,svm
5854,cosg,0.4824461361354095,0.324468085106383,0.45692883895131087,0.7721518987341772,T_SARC_vs_rest,12,svm
5855,cosg,0.4559541605127634,0.3235294117647059,0.44176706827309237,0.6962025316455697,T_SARC_vs_rest,12,svm
5856,cosg,0.5067071005536941,0.3192488262910798,0.4657534246575342,0.8607594936708861,T_SARC_vs_rest,13,svm
5857,cosg,0.4996485510923722,0.32038834951456313,0.4631578947368421,0.8354430379746836,T_SARC_vs_rest,13,svm
5858,cosg,0.5261415771180109,0.3684210526315789,0.504,0.7974683544303798,T_SARC_vs_rest,13,svm
5859,cosg,0.5067071005536941,0.3192488262910798,0.4657534246575342,0.8607594936708861,T_SARC_vs_rest,14,svm
5860,cosg,0.5163588538655918,0.3402061855670103,0.4835164835164835,0.8354430379746836,T_SARC_vs_rest,14,svm
5861,cosg,0.5329549389428496,0.3772455089820359,0.5121951219512195,0.7974683544303798,T_SARC_vs_rest,14,svm
5862,cosg,0.4918136544285576,0.3113207547169811,0.4536082474226804,0.8354430379746836,T_SARC_vs_rest,15,svm
5863,cosg,0.5330532904599885,0.36065573770491804,0.5038167938931297,0.8354430379746836,T_SARC_vs_rest,15,svm
5864,cosg,0.5634183726444625,0.4246575342465753,0.5511111111111111,0.7848101265822784,T_SARC_vs_rest,15,svm
5865,cosg,0.5120430380496839,0.3350253807106599,0.4782608695652174,0.8354430379746836,T_SARC_vs_rest,16,svm
5866,cosg,0.561976758177965,0.391812865497076,0.536,0.8481012658227848,T_SARC_vs_rest,16,svm
5867,cosg,0.5743358880090891,0.4266666666666667,0.5589519650655022,0.810126582278481,T_SARC_vs_rest,16,svm
5868,cosg,0.5120430380496839,0.3350253807106599,0.4782608695652174,0.8354430379746836,T_SARC_vs_rest,17,svm
5869,cosg,0.561976758177965,0.391812865497076,0.536,0.8481012658227848,T_SARC_vs_rest,17,svm
5870,cosg,0.573678641454885,0.41935483870967744,0.5555555555555556,0.8227848101265823,T_SARC_vs_rest,17,svm
5871,cosg,0.5120430380496839,0.3350253807106599,0.4782608695652174,0.8354430379746836,T_SARC_vs_rest,18,svm
5872,cosg,0.561976758177965,0.391812865497076,0.536,0.8481012658227848,T_SARC_vs_rest,18,svm
5873,cosg,0.573678641454885,0.41935483870967744,0.5555555555555556,0.8227848101265823,T_SARC_vs_rest,18,svm
5874,cosg,0.5283580868306745,0.3548387096774194,0.4981132075471698,0.8354430379746836,T_SARC_vs_rest,19,svm
5875,cosg,0.555003414499787,0.38285714285714284,0.5275590551181102,0.8481012658227848,T_SARC_vs_rest,19,svm
5876,cosg,0.5810545639497298,0.4230769230769231,0.5617021276595745,0.8354430379746836,T_SARC_vs_rest,19,svm
5877,cosg,0.5323191201329274,0.3544973544973545,0.5,0.8481012658227848,T_SARC_vs_rest,20,svm
5878,cosg,0.553296344609462,0.3806818181818182,0.5254901960784314,0.8481012658227848,T_SARC_vs_rest,20,svm
5879,cosg,0.5892055635084886,0.4342105263157895,0.5714285714285714,0.8354430379746836,T_SARC_vs_rest,20,svm
5880,scanpy_wilcoxon,0.26820350612547256,0.11443661971830986,0.2009273570324575,0.8227848101265823,T_SARC_vs_rest,1,svm
5881,scanpy_wilcoxon,0.2984774084071953,0.12244897959183673,0.2158920539730135,0.9113924050632911,T_SARC_vs_rest,1,svm
5882,scanpy_wilcoxon,0.28754806455511484,0.12720156555772993,0.22033898305084745,0.8227848101265823,T_SARC_vs_rest,1,svm
5883,scanpy_wilcoxon,0.3542845936273859,0.16143497757847533,0.2742857142857143,0.9113924050632911,T_SARC_vs_rest,2,svm
5884,scanpy_wilcoxon,0.34612204530805873,0.1574279379157428,0.2679245283018868,0.8987341772151899,T_SARC_vs_rest,2,svm
5885,scanpy_wilcoxon,0.340555634159926,0.15753424657534246,0.26692456479690524,0.8734177215189873,T_SARC_vs_rest,2,svm
5886,scanpy_wilcoxon,0.3730489039480023,0.17603911980440098,0.29508196721311475,0.9113924050632911,T_SARC_vs_rest,3,svm
5887,scanpy_wilcoxon,0.36065031752028903,0.17571059431524547,0.2918454935622318,0.8607594936708861,T_SARC_vs_rest,3,svm
5888,scanpy_wilcoxon,0.36011270775117543,0.18032786885245902,0.2966292134831461,0.8354430379746836,T_SARC_vs_rest,3,svm
5889,scanpy_wilcoxon,0.4233611972953068,0.21597633136094674,0.3501199040767386,0.9240506329113924,T_SARC_vs_rest,4,svm
5890,scanpy_wilcoxon,0.42330938331533113,0.221875,0.3558897243107769,0.8987341772151899,T_SARC_vs_rest,4,svm
5891,scanpy_wilcoxon,0.44494168176228044,0.2490974729241877,0.38764044943820225,0.8734177215189873,T_SARC_vs_rest,4,svm
5892,scanpy_wilcoxon,0.45209868579207657,0.2425249169435216,0.38421052631578945,0.9240506329113924,T_SARC_vs_rest,5,svm
5893,scanpy_wilcoxon,0.4467315405141613,0.24398625429553264,0.3837837837837838,0.8987341772151899,T_SARC_vs_rest,5,svm
5894,scanpy_wilcoxon,0.47809012854946553,0.27169811320754716,0.4186046511627907,0.9113924050632911,T_SARC_vs_rest,5,svm
5895,scanpy_wilcoxon,0.4686597505948964,0.25517241379310346,0.4010840108401084,0.9367088607594937,T_SARC_vs_rest,6,svm
5896,scanpy_wilcoxon,0.46523889624363357,0.25524475524475526,0.4,0.9240506329113924,T_SARC_vs_rest,6,svm
5897,scanpy_wilcoxon,0.4497954280538483,0.25757575757575757,0.3965014577259475,0.8607594936708861,T_SARC_vs_rest,6,svm
5898,scanpy_wilcoxon,0.455509124874229,0.24579124579124578,0.3882978723404255,0.9240506329113924,T_SARC_vs_rest,7,svm
5899,scanpy_wilcoxon,0.4563720748848933,0.24662162162162163,0.3893333333333333,0.9240506329113924,T_SARC_vs_rest,7,svm
5900,scanpy_wilcoxon,0.4626993479814577,0.27091633466135456,0.4121212121212121,0.8607594936708861,T_SARC_vs_rest,7,svm
5901,scanpy_wilcoxon,0.4645722609836363,0.25806451612903225,0.4022346368715084,0.9113924050632911,T_SARC_vs_rest,8,svm
5902,scanpy_wilcoxon,0.4803969172548444,0.27037037037037037,0.4183381088825215,0.9240506329113924,T_SARC_vs_rest,8,svm
5903,scanpy_wilcoxon,0.48571991959048566,0.2956521739130435,0.4401294498381877,0.8607594936708861,T_SARC_vs_rest,8,svm
5904,scanpy_wilcoxon,0.47745742068118824,0.2673992673992674,0.4147727272727273,0.9240506329113924,T_SARC_vs_rest,9,svm
5905,scanpy_wilcoxon,0.47609657633925273,0.2696629213483146,0.4161849710982659,0.9113924050632911,T_SARC_vs_rest,9,svm
5906,scanpy_wilcoxon,0.4842849905207009,0.28991596638655465,0.4353312302839117,0.8734177215189873,T_SARC_vs_rest,9,svm
5907,scanpy_wilcoxon,0.47843204702951564,0.26838235294117646,0.41595441595441596,0.9240506329113924,T_SARC_vs_rest,10,svm
5908,scanpy_wilcoxon,0.483383992177007,0.27340823970037453,0.42196531791907516,0.9240506329113924,T_SARC_vs_rest,10,svm
5909,scanpy_wilcoxon,0.4919652704225133,0.29411764705882354,0.4416403785488959,0.8860759493670886,T_SARC_vs_rest,10,svm
5910,scanpy_wilcoxon,0.476487937103527,0.2664233576642336,0.41359773371104813,0.9240506329113924,T_SARC_vs_rest,11,svm
5911,scanpy_wilcoxon,0.4803969172548444,0.27037037037037037,0.4183381088825215,0.9240506329113924,T_SARC_vs_rest,11,svm
5912,scanpy_wilcoxon,0.4928331494313187,0.29098360655737704,0.43962848297213625,0.8987341772151899,T_SARC_vs_rest,11,svm
5913,scanpy_wilcoxon,0.4958357134716004,0.28627450980392155,0.437125748502994,0.9240506329113924,T_SARC_vs_rest,12,svm
5914,scanpy_wilcoxon,0.49908190836365873,0.2896825396825397,0.44108761329305135,0.9240506329113924,T_SARC_vs_rest,12,svm
5915,scanpy_wilcoxon,0.5169281039890496,0.3130434782608696,0.46601941747572817,0.9113924050632911,T_SARC_vs_rest,12,svm
5916,scanpy_wilcoxon,0.4926443663200239,0.28294573643410853,0.4332344213649852,0.9240506329113924,T_SARC_vs_rest,13,svm
5917,scanpy_wilcoxon,0.5110350661036056,0.29838709677419356,0.4525993883792049,0.9367088607594937,T_SARC_vs_rest,13,svm
5918,scanpy_wilcoxon,0.5091260578894087,0.30869565217391304,0.459546925566343,0.8987341772151899,T_SARC_vs_rest,13,svm
5919,scanpy_wilcoxon,0.48744309466093366,0.27756653992395436,0.4269005847953216,0.9240506329113924,T_SARC_vs_rest,14,svm
5920,scanpy_wilcoxon,0.5161954753628243,0.3080168776371308,0.4620253164556962,0.9240506329113924,T_SARC_vs_rest,14,svm
5921,scanpy_wilcoxon,0.5096820322096973,0.3050847457627119,0.45714285714285713,0.9113924050632911,T_SARC_vs_rest,14,svm
5922,scanpy_wilcoxon,0.49799364943905566,0.2885375494071146,0.4397590361445783,0.9240506329113924,T_SARC_vs_rest,15,svm
5923,scanpy_wilcoxon,0.5198077470825644,0.31196581196581197,0.46645367412140576,0.9240506329113924,T_SARC_vs_rest,15,svm
5924,scanpy_wilcoxon,0.5169281039890496,0.3130434782608696,0.46601941747572817,0.9113924050632911,T_SARC_vs_rest,15,svm
5925,scanpy_wilcoxon,0.49799364943905566,0.2885375494071146,0.4397590361445783,0.9240506329113924,T_SARC_vs_rest,16,svm
5926,scanpy_wilcoxon,0.5126490087744909,0.30416666666666664,0.45768025078369906,0.9240506329113924,T_SARC_vs_rest,16,svm
5927,scanpy_wilcoxon,0.5244540905236301,0.32142857142857145,0.4752475247524752,0.9113924050632911,T_SARC_vs_rest,16,svm
5928,scanpy_wilcoxon,0.4895062940248178,0.2796934865900383,0.4294117647058823,0.9240506329113924,T_SARC_vs_rest,17,svm
5929,scanpy_wilcoxon,0.5126490087744909,0.30416666666666664,0.45768025078369906,0.9240506329113924,T_SARC_vs_rest,17,svm
5930,scanpy_wilcoxon,0.5132712015895556,0.3090128755364807,0.46153846153846156,0.9113924050632911,T_SARC_vs_rest,17,svm
5931,scanpy_wilcoxon,0.5481474102007331,0.33482142857142855,0.49504950495049505,0.9493670886075949,T_SARC_vs_rest,18,svm
5932,scanpy_wilcoxon,0.5547057110618501,0.3377777777777778,0.5,0.9620253164556962,T_SARC_vs_rest,18,svm
5933,scanpy_wilcoxon,0.5376440405123019,0.3274336283185841,0.4852459016393443,0.9367088607594937,T_SARC_vs_rest,18,svm
5934,scanpy_wilcoxon,0.5494792916548238,0.336322869955157,0.4966887417218543,0.9493670886075949,T_SARC_vs_rest,19,svm
5935,scanpy_wilcoxon,0.5547057110618501,0.3377777777777778,0.5,0.9620253164556962,T_SARC_vs_rest,19,svm
5936,scanpy_wilcoxon,0.5415651765064493,0.33183856502242154,0.4900662251655629,0.9367088607594937,T_SARC_vs_rest,19,svm
5937,scanpy_wilcoxon,0.5455094668616525,0.33185840707964603,0.4918032786885246,0.9493670886075949,T_SARC_vs_rest,20,svm
5938,scanpy_wilcoxon,0.5559383344872546,0.3347826086956522,0.49838187702265374,0.9746835443037974,T_SARC_vs_rest,20,svm
5939,scanpy_wilcoxon,0.5562717131387496,0.3440366972477064,0.5050505050505051,0.9493670886075949,T_SARC_vs_rest,20,svm
5940,scanpy_t-test,0.25470134248538284,0.1045958795562599,0.18591549295774648,0.8354430379746836,T_SARC_vs_rest,1,svm
5941,scanpy_t-test,0.2521992055945165,0.1075085324232082,0.18947368421052632,0.7974683544303798,T_SARC_vs_rest,1,svm
5942,scanpy_t-test,0.25711422765651315,0.10902896081771721,0.1921921921921922,0.810126582278481,T_SARC_vs_rest,1,svm
5943,scanpy_t-test,0.3542845936273859,0.16143497757847533,0.2742857142857143,0.9113924050632911,T_SARC_vs_rest,2,svm
5944,scanpy_t-test,0.34612204530805873,0.1574279379157428,0.2679245283018868,0.8987341772151899,T_SARC_vs_rest,2,svm
5945,scanpy_t-test,0.340555634159926,0.15753424657534246,0.26692456479690524,0.8734177215189873,T_SARC_vs_rest,2,svm
5946,scanpy_t-test,0.3730489039480023,0.17603911980440098,0.29508196721311475,0.9113924050632911,T_SARC_vs_rest,3,svm
5947,scanpy_t-test,0.36065031752028903,0.17571059431524547,0.2918454935622318,0.8607594936708861,T_SARC_vs_rest,3,svm
5948,scanpy_t-test,0.36011270775117543,0.18032786885245902,0.2966292134831461,0.8354430379746836,T_SARC_vs_rest,3,svm
5949,scanpy_t-test,0.42896251990628265,0.23026315789473684,0.36553524804177545,0.8860759493670886,T_SARC_vs_rest,4,svm
5950,scanpy_t-test,0.4199744232016543,0.22818791946308725,0.36074270557029176,0.8607594936708861,T_SARC_vs_rest,4,svm
5951,scanpy_t-test,0.42201236785460616,0.23344947735191637,0.366120218579235,0.8481012658227848,T_SARC_vs_rest,4,svm
5952,scanpy_t-test,0.45550119678589557,0.2491349480968858,0.391304347826087,0.9113924050632911,T_SARC_vs_rest,5,svm
5953,scanpy_t-test,0.4736098804018293,0.26353790613718414,0.4101123595505618,0.9240506329113924,T_SARC_vs_rest,5,svm
5954,scanpy_t-test,0.46477020022506665,0.27309236947791166,0.4146341463414634,0.8607594936708861,T_SARC_vs_rest,5,svm
5955,scanpy_t-test,0.4583497333235101,0.25539568345323743,0.39775910364145656,0.8987341772151899,T_SARC_vs_rest,6,svm
5956,scanpy_t-test,0.47276797726806163,0.26996197718631176,0.4152046783625731,0.8987341772151899,T_SARC_vs_rest,6,svm
5957,scanpy_t-test,0.47558875194850414,0.2766798418972332,0.42168674698795183,0.8860759493670886,T_SARC_vs_rest,6,svm
5958,scanpy_t-test,0.46364420826126734,0.2571428571428571,0.4011142061281337,0.9113924050632911,T_SARC_vs_rest,7,svm
5959,scanpy_t-test,0.46783280562678614,0.26492537313432835,0.4092219020172911,0.8987341772151899,T_SARC_vs_rest,7,svm
5960,scanpy_t-test,0.48745498527587244,0.2892561983471074,0.43613707165109034,0.8860759493670886,T_SARC_vs_rest,7,svm
5961,scanpy_t-test,0.4572789260090944,0.2508710801393728,0.39344262295081966,0.9113924050632911,T_SARC_vs_rest,8,svm
5962,scanpy_t-test,0.46979080518358934,0.2669172932330827,0.4115942028985507,0.8987341772151899,T_SARC_vs_rest,8,svm
5963,scanpy_t-test,0.48414247447257086,0.2857142857142857,0.43209876543209874,0.8860759493670886,T_SARC_vs_rest,8,svm
5964,scanpy_t-test,0.46364420826126734,0.2571428571428571,0.4011142061281337,0.9113924050632911,T_SARC_vs_rest,9,svm
5965,scanpy_t-test,0.46783280562678614,0.26492537313432835,0.4092219020172911,0.8987341772151899,T_SARC_vs_rest,9,svm
5966,scanpy_t-test,0.48634424314383323,0.2880658436213992,0.43478260869565216,0.8860759493670886,T_SARC_vs_rest,9,svm
5967,scanpy_t-test,0.47981589567158983,0.26618705035971224,0.41456582633053224,0.9367088607594937,T_SARC_vs_rest,10,svm
5968,scanpy_t-test,0.4927148071206713,0.2792452830188679,0.43023255813953487,0.9367088607594937,T_SARC_vs_rest,10,svm
5969,scanpy_t-test,0.4683329764035137,0.26181818181818184,0.4067796610169492,0.9113924050632911,T_SARC_vs_rest,10,svm
5970,scanpy_t-test,0.4883263122630494,0.2676056338028169,0.418732782369146,0.9620253164556962,T_SARC_vs_rest,11,svm
5971,scanpy_t-test,0.493744897922281,0.2803030303030303,0.4314868804664723,0.9367088607594937,T_SARC_vs_rest,11,svm
5972,scanpy_t-test,0.4683329764035137,0.26181818181818184,0.4067796610169492,0.9113924050632911,T_SARC_vs_rest,11,svm
5973,scanpy_t-test,0.48878880287564713,0.2646048109965636,0.41621621621621624,0.9746835443037974,T_SARC_vs_rest,12,svm
5974,scanpy_t-test,0.4958221271559878,0.2824427480916031,0.4340175953079179,0.9367088607594937,T_SARC_vs_rest,12,svm
5975,scanpy_t-test,0.4630286871706442,0.2600732600732601,0.4034090909090909,0.8987341772151899,T_SARC_vs_rest,12,svm
5976,scanpy_t-test,0.4869383537712057,0.2627986348122867,0.41397849462365593,0.9746835443037974,T_SARC_vs_rest,13,svm
5977,scanpy_t-test,0.4918861541917322,0.27472527472527475,0.42613636363636365,0.9493670886075949,T_SARC_vs_rest,13,svm
5978,scanpy_t-test,0.4608884693531522,0.254416961130742,0.39779005524861877,0.9113924050632911,T_SARC_vs_rest,13,svm
5979,scanpy_t-test,0.5402496369750321,0.33035714285714285,0.4884488448844885,0.9367088607594937,T_SARC_vs_rest,14,svm
5980,scanpy_t-test,0.5377955168708906,0.3232758620689655,0.48231511254019294,0.9493670886075949,T_SARC_vs_rest,14,svm
5981,scanpy_t-test,0.4968693737661175,0.2835249042145594,0.43529411764705883,0.9367088607594937,T_SARC_vs_rest,14,svm
5982,scanpy_t-test,0.5337979639313283,0.3231441048034934,0.4805194805194805,0.9367088607594937,T_SARC_vs_rest,15,svm
5983,scanpy_t-test,0.5352884559282768,0.32051282051282054,0.4792332268370607,0.9493670886075949,T_SARC_vs_rest,15,svm
5984,scanpy_t-test,0.5021182120538058,0.28517110266159695,0.43859649122807015,0.9493670886075949,T_SARC_vs_rest,15,svm
5985,scanpy_t-test,0.5194047603874338,0.3157894736842105,0.46905537459283386,0.9113924050632911,T_SARC_vs_rest,16,svm
5986,scanpy_t-test,0.5312744111582464,0.3203463203463203,0.4774193548387097,0.9367088607594937,T_SARC_vs_rest,16,svm
5987,scanpy_t-test,0.4959128229328286,0.2788104089219331,0.43103448275862066,0.9493670886075949,T_SARC_vs_rest,16,svm
5988,scanpy_t-test,0.5132712015895556,0.3090128755364807,0.46153846153846156,0.9113924050632911,T_SARC_vs_rest,17,svm
5989,scanpy_t-test,0.5352884559282768,0.32051282051282054,0.4792332268370607,0.9493670886075949,T_SARC_vs_rest,17,svm
5990,scanpy_t-test,0.5074482456330507,0.29069767441860467,0.44510385756676557,0.9493670886075949,T_SARC_vs_rest,17,svm
5991,scanpy_t-test,0.5489115038709462,0.34951456310679613,0.5052631578947369,0.9113924050632911,T_SARC_vs_rest,18,svm
5992,scanpy_t-test,0.5869111049868847,0.3701923076923077,0.5365853658536586,0.9746835443037974,T_SARC_vs_rest,18,svm
5993,scanpy_t-test,0.5352884559282768,0.32051282051282054,0.4792332268370607,0.9493670886075949,T_SARC_vs_rest,18,svm
5994,scanpy_t-test,0.5416282966896241,0.33640552995391704,0.49324324324324326,0.9240506329113924,T_SARC_vs_rest,19,svm
5995,scanpy_t-test,0.5839008871915286,0.36666666666666664,0.532871972318339,0.9746835443037974,T_SARC_vs_rest,19,svm
5996,scanpy_t-test,0.5331855169358763,0.3140495867768595,0.4735202492211838,0.9620253164556962,T_SARC_vs_rest,19,svm
5997,scanpy_t-test,0.5604572590166818,0.3488372093023256,0.5102040816326531,0.9493670886075949,T_SARC_vs_rest,20,svm
5998,scanpy_t-test,0.5802401191328846,0.3671497584541063,0.5314685314685315,0.9620253164556962,T_SARC_vs_rest,20,svm
5999,scanpy_t-test,0.5573934068031982,0.34080717488789236,0.5033112582781457,0.9620253164556962,T_SARC_vs_rest,20,svm
6000,yomix,0.8610277349544987,0.9133858267716536,0.8656716417910447,0.8226950354609929,T_SKCM_vs_rest,1,svm
6001,yomix,0.8420732903596421,0.8613138686131386,0.8489208633093526,0.8368794326241135,T_SKCM_vs_rest,1,svm
6002,yomix,0.8520426975271082,0.8805970149253731,0.8581818181818182,0.8368794326241135,T_SKCM_vs_rest,1,svm
6003,yomix,0.9201883922945969,0.9047619047619048,0.9236111111111112,0.9432624113475178,T_SKCM_vs_rest,2,svm
6004,yomix,0.9386646060934823,0.918918918918919,0.9411764705882353,0.9645390070921985,T_SKCM_vs_rest,2,svm
6005,yomix,0.9112442616429528,0.881578947368421,0.9146757679180887,0.950354609929078,T_SKCM_vs_rest,2,svm
6006,yomix,0.8839383666474319,0.8322981366459627,0.8874172185430463,0.950354609929078,T_SKCM_vs_rest,3,svm
6007,yomix,0.9018913722807365,0.845679012345679,0.9042904290429042,0.9716312056737588,T_SKCM_vs_rest,3,svm
6008,yomix,0.8834585379447852,0.8192771084337349,0.8859934853420195,0.9645390070921985,T_SKCM_vs_rest,3,svm
6009,yomix,0.8839383666474319,0.8322981366459627,0.8874172185430463,0.950354609929078,T_SKCM_vs_rest,4,svm
6010,yomix,0.9018913722807365,0.845679012345679,0.9042904290429042,0.9716312056737588,T_SKCM_vs_rest,4,svm
6011,yomix,0.8834585379447852,0.8192771084337349,0.8859934853420195,0.9645390070921985,T_SKCM_vs_rest,4,svm
6012,yomix,0.8851029704710053,0.8282208588957055,0.8881578947368421,0.9574468085106383,T_SKCM_vs_rest,5,svm
6013,yomix,0.9000698611306753,0.8363636363636363,0.9019607843137255,0.9787234042553191,T_SKCM_vs_rest,5,svm
6014,yomix,0.8751096457894569,0.8047337278106509,0.8774193548387097,0.9645390070921985,T_SKCM_vs_rest,5,svm
6015,yomix,0.8851029704710053,0.8282208588957055,0.8881578947368421,0.9574468085106383,T_SKCM_vs_rest,6,svm
6016,yomix,0.9000698611306753,0.8363636363636363,0.9019607843137255,0.9787234042553191,T_SKCM_vs_rest,6,svm
6017,yomix,0.8751096457894569,0.8047337278106509,0.8774193548387097,0.9645390070921985,T_SKCM_vs_rest,6,svm
6018,yomix,0.8569656164558412,0.7624309392265194,0.8571428571428571,0.9787234042553191,T_SKCM_vs_rest,7,svm
6019,yomix,0.8340594619020371,0.7142857142857143,0.8308605341246291,0.9929078014184397,T_SKCM_vs_rest,7,svm
6020,yomix,0.8819216225124199,0.8106508875739645,0.8838709677419355,0.9716312056737588,T_SKCM_vs_rest,7,svm
6021,yomix,0.8777851640771324,0.7976878612716763,0.8789808917197452,0.9787234042553191,T_SKCM_vs_rest,8,svm
6022,yomix,0.8527853547305995,0.7446808510638298,0.851063829787234,0.9929078014184397,T_SKCM_vs_rest,8,svm
6023,yomix,0.8777851640771324,0.7976878612716763,0.8789808917197452,0.9787234042553191,T_SKCM_vs_rest,8,svm
6024,yomix,0.8777851640771324,0.7976878612716763,0.8789808917197452,0.9787234042553191,T_SKCM_vs_rest,9,svm
6025,yomix,0.8552083684684825,0.7486631016042781,0.8536585365853658,0.9929078014184397,T_SKCM_vs_rest,9,svm
6026,yomix,0.8777851640771324,0.7976878612716763,0.8789808917197452,0.9787234042553191,T_SKCM_vs_rest,9,svm
6027,yomix,0.8777851640771324,0.7976878612716763,0.8789808917197452,0.9787234042553191,T_SKCM_vs_rest,10,svm
6028,yomix,0.8527853547305995,0.7446808510638298,0.851063829787234,0.9929078014184397,T_SKCM_vs_rest,10,svm
6029,yomix,0.8777851640771324,0.7976878612716763,0.8789808917197452,0.9787234042553191,T_SKCM_vs_rest,10,svm
6030,yomix,0.8737314518075127,0.7965116279069767,0.8753993610223643,0.9716312056737588,T_SKCM_vs_rest,11,svm
6031,yomix,0.8576504799044641,0.7526881720430108,0.8562691131498471,0.9929078014184397,T_SKCM_vs_rest,11,svm
6032,yomix,0.8777851640771324,0.7976878612716763,0.8789808917197452,0.9787234042553191,T_SKCM_vs_rest,11,svm
6033,yomix,0.8777851640771324,0.7976878612716763,0.8789808917197452,0.9787234042553191,T_SKCM_vs_rest,12,svm
6034,yomix,0.8398269962061616,0.7340425531914894,0.8389057750759878,0.9787234042553191,T_SKCM_vs_rest,12,svm
6035,yomix,0.8698150693699301,0.7840909090909091,0.8706624605678234,0.9787234042553191,T_SKCM_vs_rest,12,svm
6036,yomix,0.8737314518075127,0.7965116279069767,0.8753993610223643,0.9716312056737588,T_SKCM_vs_rest,13,svm
6037,yomix,0.8503811866249998,0.7407407407407407,0.8484848484848485,0.9929078014184397,T_SKCM_vs_rest,13,svm
6038,yomix,0.862042107291818,0.770949720670391,0.8625,0.9787234042553191,T_SKCM_vs_rest,13,svm
6039,yomix,0.8764380318328461,0.8011695906432749,0.8782051282051282,0.9716312056737588,T_SKCM_vs_rest,14,svm
6040,yomix,0.8503811866249998,0.7407407407407407,0.8484848484848485,0.9929078014184397,T_SKCM_vs_rest,14,svm
6041,yomix,0.862042107291818,0.770949720670391,0.8625,0.9787234042553191,T_SKCM_vs_rest,14,svm
6042,yomix,0.8698150693699301,0.7840909090909091,0.8706624605678234,0.9787234042553191,T_SKCM_vs_rest,15,svm
6043,yomix,0.8527853547305995,0.7446808510638298,0.851063829787234,0.9929078014184397,T_SKCM_vs_rest,15,svm
6044,yomix,0.8569656164558412,0.7624309392265194,0.8571428571428571,0.9787234042553191,T_SKCM_vs_rest,15,svm
6045,yomix,0.905890804021652,0.8466257668711656,0.9078947368421053,0.9787234042553191,T_SKCM_vs_rest,16,svm
6046,yomix,0.8831809770182237,0.7954545454545454,0.8832807570977917,0.9929078014184397,T_SKCM_vs_rest,16,svm
6047,yomix,0.8983614875063658,0.8273809523809523,0.8996763754045307,0.9858156028368794,T_SKCM_vs_rest,16,svm
6048,yomix,0.8971981663049534,0.8313253012048193,0.8990228013029316,0.9787234042553191,T_SKCM_vs_rest,17,svm
6049,yomix,0.8805329187176102,0.7909604519774012,0.8805031446540881,0.9929078014184397,T_SKCM_vs_rest,17,svm
6050,yomix,0.8979969651208762,0.815028901734104,0.8980891719745223,1.0,T_SKCM_vs_rest,17,svm
6051,yomix,0.8971981663049534,0.8313253012048193,0.8990228013029316,0.9787234042553191,T_SKCM_vs_rest,18,svm
6052,yomix,0.87530219743231,0.7821229050279329,0.875,0.9929078014184397,T_SKCM_vs_rest,18,svm
6053,yomix,0.8979969651208762,0.815028901734104,0.8980891719745223,1.0,T_SKCM_vs_rest,18,svm
6054,yomix,0.9040679804850374,0.8373493975903614,0.9055374592833876,0.9858156028368794,T_SKCM_vs_rest,19,svm
6055,yomix,0.8818250430744962,0.7988505747126436,0.8825396825396825,0.9858156028368794,T_SKCM_vs_rest,19,svm
6056,yomix,0.8989615261714364,0.8404907975460123,0.9013157894736842,0.9716312056737588,T_SKCM_vs_rest,19,svm
6057,yomix,0.9098765475119223,0.8475609756097561,0.9114754098360656,0.9858156028368794,T_SKCM_vs_rest,20,svm
6058,yomix,0.8751060402458294,0.7931034482758621,0.8761904761904762,0.9787234042553191,T_SKCM_vs_rest,20,svm
6059,yomix,0.8989615261714364,0.8404907975460123,0.9013157894736842,0.9716312056737588,T_SKCM_vs_rest,20,svm
6060,cosg,0.8455601349058761,0.8266666666666667,0.852233676975945,0.8794326241134752,T_SKCM_vs_rest,1,svm
6061,cosg,0.8774970345495098,0.8590604026845637,0.8827586206896552,0.9078014184397163,T_SKCM_vs_rest,1,svm
6062,cosg,0.8693828773268554,0.8376623376623377,0.8745762711864407,0.9148936170212766,T_SKCM_vs_rest,1,svm
6063,cosg,0.8857534485526206,0.8417721518987342,0.8896321070234113,0.9432624113475178,T_SKCM_vs_rest,2,svm
6064,cosg,0.893850787311622,0.84375,0.8970099667774086,0.9574468085106383,T_SKCM_vs_rest,2,svm
6065,cosg,0.8684209194616087,0.8109756097560976,0.8721311475409836,0.9432624113475178,T_SKCM_vs_rest,2,svm
6066,cosg,0.8868603435176162,0.8375,0.8903654485049833,0.950354609929078,T_SKCM_vs_rest,3,svm
6067,cosg,0.8989615261714364,0.8404907975460123,0.9013157894736842,0.9716312056737588,T_SKCM_vs_rest,3,svm
6068,cosg,0.8765887237647012,0.8132530120481928,0.8794788273615635,0.9574468085106383,T_SKCM_vs_rest,3,svm
6069,cosg,0.8909082277528931,0.8385093167701864,0.8940397350993378,0.9574468085106383,T_SKCM_vs_rest,4,svm
6070,cosg,0.9018913722807365,0.845679012345679,0.9042904290429042,0.9716312056737588,T_SKCM_vs_rest,4,svm
6071,cosg,0.8765887237647012,0.8132530120481928,0.8794788273615635,0.9574468085106383,T_SKCM_vs_rest,4,svm
6072,cosg,0.893850787311622,0.84375,0.8970099667774086,0.9574468085106383,T_SKCM_vs_rest,5,svm
6073,cosg,0.905890804021652,0.8466257668711656,0.9078947368421053,0.9787234042553191,T_SKCM_vs_rest,5,svm
6074,cosg,0.8738007334571869,0.8083832335329342,0.8766233766233766,0.9574468085106383,T_SKCM_vs_rest,5,svm
6075,cosg,0.893850787311622,0.84375,0.8970099667774086,0.9574468085106383,T_SKCM_vs_rest,6,svm
6076,cosg,0.905890804021652,0.8466257668711656,0.9078947368421053,0.9787234042553191,T_SKCM_vs_rest,6,svm
6077,cosg,0.8738007334571869,0.8083832335329342,0.8766233766233766,0.9574468085106383,T_SKCM_vs_rest,6,svm
6078,cosg,0.8998178618335709,0.8544303797468354,0.903010033444816,0.9574468085106383,T_SKCM_vs_rest,7,svm
6079,cosg,0.905890804021652,0.8466257668711656,0.9078947368421053,0.9787234042553191,T_SKCM_vs_rest,7,svm
6080,cosg,0.8738007334571869,0.8083832335329342,0.8766233766233766,0.9574468085106383,T_SKCM_vs_rest,7,svm
6081,cosg,0.893850787311622,0.84375,0.8970099667774086,0.9574468085106383,T_SKCM_vs_rest,8,svm
6082,cosg,0.9088408457392798,0.8518518518518519,0.9108910891089109,0.9787234042553191,T_SKCM_vs_rest,8,svm
6083,cosg,0.8738007334571869,0.8083832335329342,0.8766233766233766,0.9574468085106383,T_SKCM_vs_rest,8,svm
6084,cosg,0.893850787311622,0.84375,0.8970099667774086,0.9574468085106383,T_SKCM_vs_rest,9,svm
6085,cosg,0.9088408457392798,0.8518518518518519,0.9108910891089109,0.9787234042553191,T_SKCM_vs_rest,9,svm
6086,cosg,0.8738007334571869,0.8083832335329342,0.8766233766233766,0.9574468085106383,T_SKCM_vs_rest,9,svm
6087,cosg,0.8998178618335709,0.8544303797468354,0.903010033444816,0.9574468085106383,T_SKCM_vs_rest,10,svm
6088,cosg,0.905890804021652,0.8466257668711656,0.9078947368421053,0.9787234042553191,T_SKCM_vs_rest,10,svm
6089,cosg,0.8765887237647012,0.8132530120481928,0.8794788273615635,0.9574468085106383,T_SKCM_vs_rest,10,svm
6090,cosg,0.8998178618335709,0.8544303797468354,0.903010033444816,0.9574468085106383,T_SKCM_vs_rest,11,svm
6091,cosg,0.9118178110692768,0.8571428571428571,0.9139072847682119,0.9787234042553191,T_SKCM_vs_rest,11,svm
6092,cosg,0.8765887237647012,0.8132530120481928,0.8794788273615635,0.9574468085106383,T_SKCM_vs_rest,11,svm
6093,cosg,0.896820522702538,0.8490566037735849,0.9,0.9574468085106383,T_SKCM_vs_rest,12,svm
6094,cosg,0.9088408457392798,0.8518518518518519,0.9108910891089109,0.9787234042553191,T_SKCM_vs_rest,12,svm
6095,cosg,0.8765887237647012,0.8132530120481928,0.8794788273615635,0.9574468085106383,T_SKCM_vs_rest,12,svm
6096,cosg,0.896820522702538,0.8490566037735849,0.9,0.9574468085106383,T_SKCM_vs_rest,13,svm
6097,cosg,0.9088408457392798,0.8518518518518519,0.9108910891089109,0.9787234042553191,T_SKCM_vs_rest,13,svm
6098,cosg,0.8765887237647012,0.8132530120481928,0.8794788273615635,0.9574468085106383,T_SKCM_vs_rest,13,svm
6099,cosg,0.9028432421222212,0.8598726114649682,0.9060402684563759,0.9574468085106383,T_SKCM_vs_rest,14,svm
6100,cosg,0.9118178110692768,0.8571428571428571,0.9139072847682119,0.9787234042553191,T_SKCM_vs_rest,14,svm
6101,cosg,0.8765887237647012,0.8132530120481928,0.8794788273615635,0.9574468085106383,T_SKCM_vs_rest,14,svm
6102,cosg,0.9028432421222212,0.8598726114649682,0.9060402684563759,0.9574468085106383,T_SKCM_vs_rest,15,svm
6103,cosg,0.9118178110692768,0.8571428571428571,0.9139072847682119,0.9787234042553191,T_SKCM_vs_rest,15,svm
6104,cosg,0.8765887237647012,0.8132530120481928,0.8794788273615635,0.9574468085106383,T_SKCM_vs_rest,15,svm
6105,cosg,0.9028432421222212,0.8598726114649682,0.9060402684563759,0.9574468085106383,T_SKCM_vs_rest,16,svm
6106,cosg,0.9148221186936393,0.8625,0.9169435215946844,0.9787234042553191,T_SKCM_vs_rest,16,svm
6107,cosg,0.8822394621450466,0.823170731707317,0.8852459016393442,0.9574468085106383,T_SKCM_vs_rest,16,svm
6108,cosg,0.9028432421222212,0.8598726114649682,0.9060402684563759,0.9574468085106383,T_SKCM_vs_rest,17,svm
6109,cosg,0.9148221186936393,0.8625,0.9169435215946844,0.9787234042553191,T_SKCM_vs_rest,17,svm
6110,cosg,0.8822394621450466,0.823170731707317,0.8852459016393442,0.9574468085106383,T_SKCM_vs_rest,17,svm
6111,cosg,0.9028432421222212,0.8598726114649682,0.9060402684563759,0.9574468085106383,T_SKCM_vs_rest,18,svm
6112,cosg,0.9148221186936393,0.8625,0.9169435215946844,0.9787234042553191,T_SKCM_vs_rest,18,svm
6113,cosg,0.8822394621450466,0.823170731707317,0.8852459016393442,0.9574468085106383,T_SKCM_vs_rest,18,svm
6114,cosg,0.9028432421222212,0.8598726114649682,0.9060402684563759,0.9574468085106383,T_SKCM_vs_rest,19,svm
6115,cosg,0.917854196482462,0.8679245283018868,0.92,0.9787234042553191,T_SKCM_vs_rest,19,svm
6116,cosg,0.8794015079602323,0.8181818181818182,0.8823529411764706,0.9574468085106383,T_SKCM_vs_rest,19,svm
6117,cosg,0.9028432421222212,0.8598726114649682,0.9060402684563759,0.9574468085106383,T_SKCM_vs_rest,20,svm
6118,cosg,0.9209144817549964,0.8734177215189873,0.9230769230769231,0.9787234042553191,T_SKCM_vs_rest,20,svm
6119,cosg,0.8851029704710053,0.8282208588957055,0.8881578947368421,0.9574468085106383,T_SKCM_vs_rest,20,svm
6120,scanpy_wilcoxon,0.8652525188190309,0.8366013071895425,0.8707482993197279,0.9078014184397163,T_SKCM_vs_rest,1,svm
6121,scanpy_wilcoxon,0.8746296695520741,0.8343949044585988,0.8791946308724832,0.9290780141843972,T_SKCM_vs_rest,1,svm
6122,scanpy_wilcoxon,0.8477419505493816,0.8050314465408805,0.8533333333333334,0.9078014184397163,T_SKCM_vs_rest,1,svm
6123,scanpy_wilcoxon,0.8125224848141933,0.69,0.8093841642228738,0.9787234042553191,T_SKCM_vs_rest,2,svm
6124,scanpy_wilcoxon,0.7895213834453239,0.6540284360189573,0.7840909090909091,0.9787234042553191,T_SKCM_vs_rest,2,svm
6125,scanpy_wilcoxon,0.8207352578850248,0.693069306930693,0.8163265306122449,0.9929078014184397,T_SKCM_vs_rest,2,svm
6126,scanpy_wilcoxon,0.8281479257456045,0.7150259067357513,0.8263473053892215,0.9787234042553191,T_SKCM_vs_rest,3,svm
6127,scanpy_wilcoxon,0.7895213834453239,0.6540284360189573,0.7840909090909091,0.9787234042553191,T_SKCM_vs_rest,3,svm
6128,scanpy_wilcoxon,0.8295523500953895,0.7070707070707071,0.8259587020648967,0.9929078014184397,T_SKCM_vs_rest,3,svm
6129,scanpy_wilcoxon,0.8764380318328461,0.8011695906432749,0.8782051282051282,0.9716312056737588,T_SKCM_vs_rest,4,svm
6130,scanpy_wilcoxon,0.8281479257456045,0.7150259067357513,0.8263473053892215,0.9787234042553191,T_SKCM_vs_rest,4,svm
6131,scanpy_wilcoxon,0.8806510914124761,0.8143712574850299,0.8831168831168831,0.9645390070921985,T_SKCM_vs_rest,4,svm
6132,scanpy_wilcoxon,0.8751096457894569,0.8047337278106509,0.8774193548387097,0.9645390070921985,T_SKCM_vs_rest,5,svm
6133,scanpy_wilcoxon,0.8446270159662518,0.7419354838709677,0.8440366972477065,0.9787234042553191,T_SKCM_vs_rest,5,svm
6134,scanpy_wilcoxon,0.8737314518075127,0.7965116279069767,0.8753993610223643,0.9716312056737588,T_SKCM_vs_rest,5,svm
6135,scanpy_wilcoxon,0.8764380318328461,0.8011695906432749,0.8782051282051282,0.9716312056737588,T_SKCM_vs_rest,6,svm
6136,scanpy_wilcoxon,0.8470555235052032,0.745945945945946,0.8466257668711656,0.9787234042553191,T_SKCM_vs_rest,6,svm
6137,scanpy_wilcoxon,0.871047897062551,0.791907514450867,0.8726114649681529,0.9716312056737588,T_SKCM_vs_rest,6,svm
6138,scanpy_wilcoxon,0.8657485492931046,0.7828571428571428,0.8670886075949367,0.9716312056737588,T_SKCM_vs_rest,7,svm
6139,scanpy_wilcoxon,0.8661062190833753,0.7722222222222223,0.8660436137071651,0.9858156028368794,T_SKCM_vs_rest,7,svm
6140,scanpy_wilcoxon,0.8751060402458294,0.7931034482758621,0.8761904761904762,0.9787234042553191,T_SKCM_vs_rest,7,svm
6141,scanpy_wilcoxon,0.8657485492931046,0.7828571428571428,0.8670886075949367,0.9716312056737588,T_SKCM_vs_rest,8,svm
6142,scanpy_wilcoxon,0.8585324085344925,0.7595628415300546,0.8580246913580247,0.9858156028368794,T_SKCM_vs_rest,8,svm
6143,scanpy_wilcoxon,0.8777851640771324,0.7976878612716763,0.8789808917197452,0.9787234042553191,T_SKCM_vs_rest,8,svm
6144,scanpy_wilcoxon,0.8672025897729378,0.7796610169491526,0.8679245283018868,0.9787234042553191,T_SKCM_vs_rest,9,svm
6145,scanpy_wilcoxon,0.8676151128097752,0.7692307692307693,0.8668730650154799,0.9929078014184397,T_SKCM_vs_rest,9,svm
6146,scanpy_wilcoxon,0.8858512468779737,0.8,0.8860759493670886,0.9929078014184397,T_SKCM_vs_rest,9,svm
6147,scanpy_wilcoxon,0.8804871458961048,0.8023255813953488,0.8817891373801917,0.9787234042553191,T_SKCM_vs_rest,10,svm
6148,scanpy_wilcoxon,0.865093993074438,0.7650273224043715,0.8641975308641975,0.9929078014184397,T_SKCM_vs_rest,10,svm
6149,scanpy_wilcoxon,0.8832123182672512,0.8070175438596491,0.8846153846153846,0.9787234042553191,T_SKCM_vs_rest,10,svm
6150,scanpy_wilcoxon,0.9008412311056277,0.85,0.9036544850498339,0.9645390070921985,T_SKCM_vs_rest,11,svm
6151,scanpy_wilcoxon,0.8912596981062949,0.8092485549132948,0.89171974522293,0.9929078014184397,T_SKCM_vs_rest,11,svm
6152,scanpy_wilcoxon,0.8903283521248694,0.8253012048192772,0.8925081433224755,0.9716312056737588,T_SKCM_vs_rest,11,svm
6153,scanpy_wilcoxon,0.8978780888583544,0.84472049689441,0.9006622516556292,0.9645390070921985,T_SKCM_vs_rest,12,svm
6154,scanpy_wilcoxon,0.8831809770182237,0.7954545454545454,0.8832807570977917,0.9929078014184397,T_SKCM_vs_rest,12,svm
6155,scanpy_wilcoxon,0.8989615261714364,0.8404907975460123,0.9013157894736842,0.9716312056737588,T_SKCM_vs_rest,12,svm
6156,scanpy_wilcoxon,0.8971981663049534,0.8313253012048193,0.8990228013029316,0.9787234042553191,T_SKCM_vs_rest,13,svm
6157,scanpy_wilcoxon,0.8779067606139881,0.7865168539325843,0.877742946708464,0.9929078014184397,T_SKCM_vs_rest,13,svm
6158,scanpy_wilcoxon,0.9029672761702033,0.8414634146341463,0.9049180327868852,0.9787234042553191,T_SKCM_vs_rest,13,svm
6159,scanpy_wilcoxon,0.8983614875063658,0.8273809523809523,0.8996763754045307,0.9858156028368794,T_SKCM_vs_rest,14,svm
6160,scanpy_wilcoxon,0.8751060402458294,0.7931034482758621,0.8761904761904762,0.9787234042553191,T_SKCM_vs_rest,14,svm
6161,scanpy_wilcoxon,0.9069593121874896,0.8424242424242424,0.9084967320261438,0.9858156028368794,T_SKCM_vs_rest,14,svm
6162,scanpy_wilcoxon,0.905890804021652,0.8466257668711656,0.9078947368421053,0.9787234042553191,T_SKCM_vs_rest,15,svm
6163,scanpy_wilcoxon,0.8832123182672512,0.8070175438596491,0.8846153846153846,0.9787234042553191,T_SKCM_vs_rest,15,svm
6164,scanpy_wilcoxon,0.9000698611306753,0.8363636363636363,0.9019607843137255,0.9787234042553191,T_SKCM_vs_rest,15,svm
6165,scanpy_wilcoxon,0.9018913722807365,0.845679012345679,0.9042904290429042,0.9716312056737588,T_SKCM_vs_rest,16,svm
6166,scanpy_wilcoxon,0.8777851640771324,0.7976878612716763,0.8789808917197452,0.9787234042553191,T_SKCM_vs_rest,16,svm
6167,scanpy_wilcoxon,0.9029672761702033,0.8414634146341463,0.9049180327868852,0.9787234042553191,T_SKCM_vs_rest,16,svm
6168,scanpy_wilcoxon,0.9098765475119223,0.8475609756097561,0.9114754098360656,0.9858156028368794,T_SKCM_vs_rest,17,svm
6169,scanpy_wilcoxon,0.8899866047016565,0.8128654970760234,0.8910256410256411,0.9858156028368794,T_SKCM_vs_rest,17,svm
6170,scanpy_wilcoxon,0.8971981663049534,0.8313253012048193,0.8990228013029316,0.9787234042553191,T_SKCM_vs_rest,17,svm
6171,scanpy_wilcoxon,0.9128200818718675,0.852760736196319,0.9144736842105263,0.9858156028368794,T_SKCM_vs_rest,18,svm
6172,scanpy_wilcoxon,0.8887335992353829,0.8165680473372781,0.8903225806451613,0.9787234042553191,T_SKCM_vs_rest,18,svm
6173,scanpy_wilcoxon,0.8971981663049534,0.8313253012048193,0.8990228013029316,0.9787234042553191,T_SKCM_vs_rest,18,svm
6174,scanpy_wilcoxon,0.9098765475119223,0.8475609756097561,0.9114754098360656,0.9858156028368794,T_SKCM_vs_rest,19,svm
6175,scanpy_wilcoxon,0.8912596981062949,0.8092485549132948,0.89171974522293,0.9929078014184397,T_SKCM_vs_rest,19,svm
6176,scanpy_wilcoxon,0.8971981663049534,0.8313253012048193,0.8990228013029316,0.9787234042553191,T_SKCM_vs_rest,19,svm
6177,scanpy_wilcoxon,0.9069593121874896,0.8424242424242424,0.9084967320261438,0.9858156028368794,T_SKCM_vs_rest,20,svm
6178,scanpy_wilcoxon,0.8912596981062949,0.8092485549132948,0.89171974522293,0.9929078014184397,T_SKCM_vs_rest,20,svm
6179,scanpy_wilcoxon,0.8971981663049534,0.8313253012048193,0.8990228013029316,0.9787234042553191,T_SKCM_vs_rest,20,svm
6180,scanpy_t-test,0.7024240630231747,0.5310077519379846,0.6867167919799498,0.9716312056737588,T_SKCM_vs_rest,1,svm
6181,scanpy_t-test,0.6991716695144461,0.5227272727272727,0.6814814814814815,0.9787234042553191,T_SKCM_vs_rest,1,svm
6182,scanpy_t-test,0.692424107033583,0.5210727969348659,0.6766169154228856,0.9645390070921985,T_SKCM_vs_rest,1,svm
6183,scanpy_t-test,0.7024240630231747,0.5310077519379846,0.6867167919799498,0.9716312056737588,T_SKCM_vs_rest,2,svm
6184,scanpy_t-test,0.7065255514350736,0.5328185328185329,0.69,0.9787234042553191,T_SKCM_vs_rest,2,svm
6185,scanpy_t-test,0.7028145518743799,0.5354330708661418,0.6886075949367089,0.9645390070921985,T_SKCM_vs_rest,2,svm
6186,scanpy_t-test,0.8422175912644964,0.7379679144385026,0.8414634146341463,0.9787234042553191,T_SKCM_vs_rest,3,svm
6187,scanpy_t-test,0.8127803893503013,0.6954314720812182,0.8106508875739645,0.9716312056737588,T_SKCM_vs_rest,3,svm
6188,scanpy_t-test,0.8386345271595267,0.7216494845360825,0.835820895522388,0.9929078014184397,T_SKCM_vs_rest,3,svm
6189,scanpy_t-test,0.8398269962061616,0.7340425531914894,0.8389057750759878,0.9787234042553191,T_SKCM_vs_rest,4,svm
6190,scanpy_t-test,0.8127803893503013,0.6954314720812182,0.8106508875739645,0.9716312056737588,T_SKCM_vs_rest,4,svm
6191,scanpy_t-test,0.8386345271595267,0.7216494845360825,0.835820895522388,0.9929078014184397,T_SKCM_vs_rest,4,svm
6192,scanpy_t-test,0.8960580048284844,0.8353658536585366,0.898360655737705,0.9716312056737588,T_SKCM_vs_rest,5,svm
6193,scanpy_t-test,0.8446270159662518,0.7419354838709677,0.8440366972477065,0.9787234042553191,T_SKCM_vs_rest,5,svm
6194,scanpy_t-test,0.8672025897729378,0.7796610169491526,0.8679245283018868,0.9787234042553191,T_SKCM_vs_rest,5,svm
6195,scanpy_t-test,0.8960580048284844,0.8353658536585366,0.898360655737705,0.9716312056737588,T_SKCM_vs_rest,6,svm
6196,scanpy_t-test,0.8594935083343819,0.7666666666666667,0.8598130841121495,0.9787234042553191,T_SKCM_vs_rest,6,svm
6197,scanpy_t-test,0.8737314518075127,0.7965116279069767,0.8753993610223643,0.9716312056737588,T_SKCM_vs_rest,6,svm
6198,scanpy_t-test,0.8943518073230545,0.8263473053892215,0.8961038961038961,0.9787234042553191,T_SKCM_vs_rest,7,svm
6199,scanpy_t-test,0.862042107291818,0.770949720670391,0.8625,0.9787234042553191,T_SKCM_vs_rest,7,svm
6200,scanpy_t-test,0.876498023194077,0.7897727272727273,0.8769716088328076,0.9858156028368794,T_SKCM_vs_rest,7,svm
6201,scanpy_t-test,0.8943518073230545,0.8263473053892215,0.8961038961038961,0.9787234042553191,T_SKCM_vs_rest,8,svm
6202,scanpy_t-test,0.862042107291818,0.770949720670391,0.8625,0.9787234042553191,T_SKCM_vs_rest,8,svm
6203,scanpy_t-test,0.8845224310917137,0.8034682080924855,0.8853503184713376,0.9858156028368794,T_SKCM_vs_rest,8,svm
6204,scanpy_t-test,0.8960580048284844,0.8353658536585366,0.898360655737705,0.9716312056737588,T_SKCM_vs_rest,9,svm
6205,scanpy_t-test,0.8672025897729378,0.7796610169491526,0.8679245283018868,0.9787234042553191,T_SKCM_vs_rest,9,svm
6206,scanpy_t-test,0.8862909590170467,0.8242424242424242,0.8888888888888888,0.9645390070921985,T_SKCM_vs_rest,9,svm
6207,scanpy_t-test,0.893180410073861,0.8303030303030303,0.8954248366013072,0.9716312056737588,T_SKCM_vs_rest,10,svm
6208,scanpy_t-test,0.8724494484880609,0.7885714285714286,0.8734177215189873,0.9787234042553191,T_SKCM_vs_rest,10,svm
6209,scanpy_t-test,0.8846993281388041,0.8154761904761905,0.8867313915857605,0.9716312056737588,T_SKCM_vs_rest,10,svm
6210,scanpy_t-test,0.8960580048284844,0.8353658536585366,0.898360655737705,0.9716312056737588,T_SKCM_vs_rest,11,svm
6211,scanpy_t-test,0.8751060402458294,0.7931034482758621,0.8761904761904762,0.9787234042553191,T_SKCM_vs_rest,11,svm
6212,scanpy_t-test,0.8846993281388041,0.8154761904761905,0.8867313915857605,0.9716312056737588,T_SKCM_vs_rest,11,svm
6213,scanpy_t-test,0.9078316748996336,0.85625,0.9102990033222591,0.9716312056737588,T_SKCM_vs_rest,12,svm
6214,scanpy_t-test,0.8777851640771324,0.7976878612716763,0.8789808917197452,0.9787234042553191,T_SKCM_vs_rest,12,svm
6215,scanpy_t-test,0.8903283521248694,0.8253012048192772,0.8925081433224755,0.9716312056737588,T_SKCM_vs_rest,12,svm
6216,scanpy_t-test,0.9108429718891541,0.8616352201257862,0.9133333333333333,0.9716312056737588,T_SKCM_vs_rest,13,svm
6217,scanpy_t-test,0.8777851640771324,0.7976878612716763,0.8789808917197452,0.9787234042553191,T_SKCM_vs_rest,13,svm
6218,scanpy_t-test,0.893180410073861,0.8303030303030303,0.8954248366013072,0.9716312056737588,T_SKCM_vs_rest,13,svm
6219,scanpy_t-test,0.9078316748996336,0.85625,0.9102990033222591,0.9716312056737588,T_SKCM_vs_rest,14,svm
6220,scanpy_t-test,0.8804871458961048,0.8023255813953488,0.8817891373801917,0.9787234042553191,T_SKCM_vs_rest,14,svm
6221,scanpy_t-test,0.8903283521248694,0.8253012048192772,0.8925081433224755,0.9716312056737588,T_SKCM_vs_rest,14,svm
6222,scanpy_t-test,0.9018913722807365,0.845679012345679,0.9042904290429042,0.9716312056737588,T_SKCM_vs_rest,15,svm
6223,scanpy_t-test,0.8804871458961048,0.8023255813953488,0.8817891373801917,0.9787234042553191,T_SKCM_vs_rest,15,svm
6224,scanpy_t-test,0.893180410073861,0.8303030303030303,0.8954248366013072,0.9716312056737588,T_SKCM_vs_rest,15,svm
6225,scanpy_t-test,0.9118178110692768,0.8571428571428571,0.9139072847682119,0.9787234042553191,T_SKCM_vs_rest,16,svm
6226,scanpy_t-test,0.8859610205810703,0.8117647058823529,0.887459807073955,0.9787234042553191,T_SKCM_vs_rest,16,svm
6227,scanpy_t-test,0.8875014493677653,0.8203592814371258,0.8896103896103896,0.9716312056737588,T_SKCM_vs_rest,16,svm
6228,scanpy_t-test,0.9148221186936393,0.8625,0.9169435215946844,0.9787234042553191,T_SKCM_vs_rest,17,svm
6229,scanpy_t-test,0.8859610205810703,0.8117647058823529,0.887459807073955,0.9787234042553191,T_SKCM_vs_rest,17,svm
6230,scanpy_t-test,0.8875014493677653,0.8203592814371258,0.8896103896103896,0.9716312056737588,T_SKCM_vs_rest,17,svm
6231,scanpy_t-test,0.9148221186936393,0.8625,0.9169435215946844,0.9787234042553191,T_SKCM_vs_rest,18,svm
6232,scanpy_t-test,0.8832123182672512,0.8070175438596491,0.8846153846153846,0.9787234042553191,T_SKCM_vs_rest,18,svm
6233,scanpy_t-test,0.8875014493677653,0.8203592814371258,0.8896103896103896,0.9716312056737588,T_SKCM_vs_rest,18,svm
6234,scanpy_t-test,0.9118178110692768,0.8571428571428571,0.9139072847682119,0.9787234042553191,T_SKCM_vs_rest,19,svm
6235,scanpy_t-test,0.8859610205810703,0.8117647058823529,0.887459807073955,0.9787234042553191,T_SKCM_vs_rest,19,svm
6236,scanpy_t-test,0.8875014493677653,0.8203592814371258,0.8896103896103896,0.9716312056737588,T_SKCM_vs_rest,19,svm
6237,scanpy_t-test,0.9148221186936393,0.8625,0.9169435215946844,0.9787234042553191,T_SKCM_vs_rest,20,svm
6238,scanpy_t-test,0.8943518073230545,0.8263473053892215,0.8961038961038961,0.9787234042553191,T_SKCM_vs_rest,20,svm
6239,scanpy_t-test,0.8903283521248694,0.8253012048192772,0.8925081433224755,0.9716312056737588,T_SKCM_vs_rest,20,svm
6240,yomix,0.4615844207081454,0.29737609329446063,0.4358974358974359,0.816,T_STAD_vs_rest,1,svm
6241,yomix,0.4879350398936418,0.30945558739255014,0.45569620253164556,0.864,T_STAD_vs_rest,1,svm
6242,yomix,0.4470071998430893,0.2741514360313316,0.41338582677165353,0.84,T_STAD_vs_rest,1,svm
6243,yomix,0.519245640760566,0.3384615384615385,0.4888888888888889,0.88,T_STAD_vs_rest,2,svm
6244,yomix,0.5406234115319583,0.3507692307692308,0.5066666666666667,0.912,T_STAD_vs_rest,2,svm
6245,yomix,0.5163600833990403,0.3129973474801061,0.4701195219123506,0.944,T_STAD_vs_rest,2,svm
6246,yomix,0.6794648340826969,0.5201793721973094,0.6666666666666666,0.928,T_STAD_vs_rest,3,svm
6247,yomix,0.6414746402750743,0.4642857142857143,0.6206896551724138,0.936,T_STAD_vs_rest,3,svm
6248,yomix,0.6590771495034874,0.4641509433962264,0.6307692307692307,0.984,T_STAD_vs_rest,3,svm
6249,yomix,0.6854119159975351,0.5377358490566038,0.6765578635014837,0.912,T_STAD_vs_rest,4,svm
6250,yomix,0.6808377946215189,0.5176991150442478,0.6666666666666666,0.936,T_STAD_vs_rest,4,svm
6251,yomix,0.6702124536927859,0.4785992217898833,0.643979057591623,0.984,T_STAD_vs_rest,4,svm
6252,yomix,0.684912860961158,0.5324074074074074,0.6744868035190615,0.92,T_STAD_vs_rest,5,svm
6253,yomix,0.6822286104390285,0.5152838427947598,0.6666666666666666,0.944,T_STAD_vs_rest,5,svm
6254,yomix,0.6878955579235146,0.5020408163265306,0.6648648648648648,0.984,T_STAD_vs_rest,5,svm
6255,yomix,0.7537880082568366,0.6304347826086957,0.7508090614886731,0.928,T_STAD_vs_rest,6,svm
6256,yomix,0.7306413935891238,0.5948717948717949,0.725,0.928,T_STAD_vs_rest,6,svm
6257,yomix,0.7365162875749296,0.5605381165919282,0.7183908045977011,1.0,T_STAD_vs_rest,6,svm
6258,yomix,0.7409194260866485,0.6105263157894737,0.7365079365079366,0.928,T_STAD_vs_rest,7,svm
6259,yomix,0.7168822288815431,0.5742574257425742,0.709480122324159,0.928,T_STAD_vs_rest,7,svm
6260,yomix,0.7312382075718729,0.5530973451327433,0.7122507122507122,1.0,T_STAD_vs_rest,7,svm
6261,yomix,0.7430225963439434,0.6137566137566137,0.7388535031847133,0.928,T_STAD_vs_rest,8,svm
6262,yomix,0.7313565489517658,0.5909090909090909,0.7244582043343654,0.936,T_STAD_vs_rest,8,svm
6263,yomix,0.7277760357827843,0.5482456140350878,0.7082152974504249,1.0,T_STAD_vs_rest,8,svm
6264,yomix,0.7498687858500823,0.6190476190476191,0.7452229299363057,0.936,T_STAD_vs_rest,9,svm
6265,yomix,0.7266374081442825,0.5888324873096447,0.7204968944099379,0.928,T_STAD_vs_rest,9,svm
6266,yomix,0.7209830230239644,0.5387931034482759,0.7002801120448179,1.0,T_STAD_vs_rest,9,svm
6267,yomix,0.7394290475072306,0.6030927835051546,0.7335423197492164,0.936,T_STAD_vs_rest,10,svm
6268,yomix,0.7226923882108566,0.5829145728643216,0.7160493827160493,0.928,T_STAD_vs_rest,10,svm
6269,yomix,0.7143589355581507,0.5296610169491526,0.6925207756232687,1.0,T_STAD_vs_rest,10,svm
6270,yomix,0.7333521854541704,0.5939086294416244,0.7267080745341615,0.936,T_STAD_vs_rest,11,svm
6271,yomix,0.7347058619401398,0.6010362694300518,0.7295597484276729,0.928,T_STAD_vs_rest,11,svm
6272,yomix,0.7068872439786984,0.5278969957081545,0.6871508379888268,0.984,T_STAD_vs_rest,11,svm
6273,yomix,0.7333521854541704,0.5939086294416244,0.7267080745341615,0.936,T_STAD_vs_rest,12,svm
6274,yomix,0.7394290475072306,0.6030927835051546,0.7335423197492164,0.936,T_STAD_vs_rest,12,svm
6275,yomix,0.7101915404872216,0.5324675324675324,0.6910112359550562,0.984,T_STAD_vs_rest,12,svm
6276,yomix,0.7420934375982328,0.6020408163265306,0.735202492211838,0.944,T_STAD_vs_rest,13,svm
6277,yomix,0.737388243463216,0.6,0.73125,0.936,T_STAD_vs_rest,13,svm
6278,yomix,0.7068872439786984,0.5278969957081545,0.6871508379888268,0.984,T_STAD_vs_rest,13,svm
6279,yomix,0.7744280267515915,0.6519337016574586,0.7712418300653595,0.944,T_STAD_vs_rest,14,svm
6280,yomix,0.7427419976688118,0.5979899497487438,0.7345679012345679,0.952,T_STAD_vs_rest,14,svm
6281,yomix,0.7529941832121092,0.5841121495327103,0.7374631268436578,1.0,T_STAD_vs_rest,14,svm
6282,yomix,0.79078132214091,0.672316384180791,0.7880794701986755,0.952,T_STAD_vs_rest,15,svm
6283,yomix,0.777021848348559,0.6451612903225806,0.7717041800643086,0.96,T_STAD_vs_rest,15,svm
6284,yomix,0.7527165308473986,0.5980392156862745,0.7416413373860182,0.976,T_STAD_vs_rest,15,svm
6285,yomix,0.8026801360803405,0.6857142857142857,0.8,0.96,T_STAD_vs_rest,16,svm
6286,yomix,0.7815190464428209,0.6521739130434783,0.7766990291262136,0.96,T_STAD_vs_rest,16,svm
6287,yomix,0.757336167330704,0.6,0.7454545454545455,0.984,T_STAD_vs_rest,16,svm
6288,yomix,0.805129984848373,0.6896551724137931,0.802675585284281,0.96,T_STAD_vs_rest,17,svm
6289,yomix,0.7815190464428209,0.6521739130434783,0.7766990291262136,0.96,T_STAD_vs_rest,17,svm
6290,yomix,0.7674147241093238,0.615,0.7569230769230769,0.984,T_STAD_vs_rest,17,svm
6291,yomix,0.8076005948181594,0.6936416184971098,0.8053691275167785,0.96,T_STAD_vs_rest,18,svm
6292,yomix,0.779261536855531,0.6486486486486487,0.7741935483870968,0.96,T_STAD_vs_rest,18,svm
6293,yomix,0.765369673867104,0.6119402985074627,0.754601226993865,0.984,T_STAD_vs_rest,18,svm
6294,yomix,0.8076005948181594,0.6936416184971098,0.8053691275167785,0.96,T_STAD_vs_rest,19,svm
6295,yomix,0.790732210485313,0.6666666666666666,0.7868852459016393,0.96,T_STAD_vs_rest,19,svm
6296,yomix,0.76692607200361,0.6192893401015228,0.7577639751552795,0.976,T_STAD_vs_rest,19,svm
6297,yomix,0.8007486441825143,0.6941176470588235,0.8,0.944,T_STAD_vs_rest,20,svm
6298,yomix,0.790732210485313,0.6666666666666666,0.7868852459016393,0.96,T_STAD_vs_rest,20,svm
6299,yomix,0.7711224928336766,0.6256410256410256,0.7625,0.976,T_STAD_vs_rest,20,svm
6300,cosg,0.49924685500980864,0.5495495495495496,0.5169491525423728,0.488,T_STAD_vs_rest,1,svm
6301,cosg,0.5056729144218175,0.5153846153846153,0.5254901960784314,0.536,T_STAD_vs_rest,1,svm
6302,cosg,0.4814203832717023,0.5,0.50199203187251,0.504,T_STAD_vs_rest,1,svm
6303,cosg,0.5359350820532995,0.5211267605633803,0.5543071161048689,0.592,T_STAD_vs_rest,2,svm
6304,cosg,0.5258549587694034,0.46285714285714286,0.54,0.648,T_STAD_vs_rest,2,svm
6305,cosg,0.49811539389939014,0.43575418994413406,0.5131578947368421,0.624,T_STAD_vs_rest,2,svm
6306,cosg,0.541648141407857,0.5244755244755245,0.5597014925373134,0.6,T_STAD_vs_rest,3,svm
6307,cosg,0.5275569166251798,0.46551724137931033,0.5418060200668896,0.648,T_STAD_vs_rest,3,svm
6308,cosg,0.49811539389939014,0.43575418994413406,0.5131578947368421,0.624,T_STAD_vs_rest,3,svm
6309,cosg,0.5551903138335168,0.3806228373702422,0.5314009661835749,0.88,T_STAD_vs_rest,4,svm
6310,cosg,0.5399461293944203,0.3592233009708738,0.511520737327189,0.888,T_STAD_vs_rest,4,svm
6311,cosg,0.5327525076938149,0.34782608695652173,0.5011185682326622,0.896,T_STAD_vs_rest,4,svm
6312,cosg,0.5290034419153112,0.34355828220858897,0.49667405764966743,0.896,T_STAD_vs_rest,5,svm
6313,cosg,0.5225046097818752,0.3333333333333333,0.4870689655172414,0.904,T_STAD_vs_rest,5,svm
6314,cosg,0.523329736604466,0.32857142857142857,0.4842105263157895,0.92,T_STAD_vs_rest,5,svm
6315,cosg,0.5242830120285705,0.3353115727002967,0.48917748917748916,0.904,T_STAD_vs_rest,6,svm
6316,cosg,0.5138318066319622,0.3237822349570201,0.4767932489451477,0.904,T_STAD_vs_rest,6,svm
6317,cosg,0.5190778519547495,0.323943661971831,0.4791666666666667,0.92,T_STAD_vs_rest,6,svm
6318,cosg,0.5233919349918785,0.3343195266272189,0.48812095032397407,0.904,T_STAD_vs_rest,7,svm
6319,cosg,0.5138318066319622,0.3237822349570201,0.4767932489451477,0.904,T_STAD_vs_rest,7,svm
6320,cosg,0.5190778519547495,0.323943661971831,0.4791666666666667,0.92,T_STAD_vs_rest,7,svm
6321,cosg,0.557560683334102,0.3801369863013699,0.5323741007194245,0.888,T_STAD_vs_rest,8,svm
6322,cosg,0.5553267579984593,0.36774193548387096,0.5241379310344828,0.912,T_STAD_vs_rest,8,svm
6323,cosg,0.5366232715800978,0.34328358208955223,0.5,0.92,T_STAD_vs_rest,8,svm
6324,cosg,0.5720552380722066,0.3978494623655914,0.5495049504950495,0.888,T_STAD_vs_rest,9,svm
6325,cosg,0.5737850563356756,0.37987012987012986,0.5404157043879908,0.936,T_STAD_vs_rest,9,svm
6326,cosg,0.5566567396105023,0.36,0.52,0.936,T_STAD_vs_rest,9,svm
6327,cosg,0.5606913228442025,0.3873239436619718,0.5378973105134475,0.88,T_STAD_vs_rest,10,svm
6328,cosg,0.5645527521781855,0.36908517350157727,0.5294117647058824,0.936,T_STAD_vs_rest,10,svm
6329,cosg,0.5645527521781855,0.36908517350157727,0.5294117647058824,0.936,T_STAD_vs_rest,10,svm
6330,cosg,0.5651932571347336,0.39285714285714285,0.5432098765432098,0.88,T_STAD_vs_rest,11,svm
6331,cosg,0.5645527521781855,0.36908517350157727,0.5294117647058824,0.936,T_STAD_vs_rest,11,svm
6332,cosg,0.5645527521781855,0.36908517350157727,0.5294117647058824,0.936,T_STAD_vs_rest,11,svm
6333,cosg,0.6494595201101023,0.5045871559633027,0.641399416909621,0.88,T_STAD_vs_rest,12,svm
6334,cosg,0.6604989025168639,0.48559670781893005,0.6413043478260869,0.944,T_STAD_vs_rest,12,svm
6335,cosg,0.6523945261421285,0.4669260700389105,0.6282722513089005,0.96,T_STAD_vs_rest,12,svm
6336,cosg,0.6430536311799905,0.5,0.6355685131195336,0.872,T_STAD_vs_rest,13,svm
6337,cosg,0.6604989025168639,0.48559670781893005,0.6413043478260869,0.944,T_STAD_vs_rest,13,svm
6338,cosg,0.6510067257166592,0.46511627906976744,0.6266318537859008,0.96,T_STAD_vs_rest,13,svm
6339,cosg,0.6430536311799905,0.5,0.6355685131195336,0.872,T_STAD_vs_rest,14,svm
6340,cosg,0.6529346879824202,0.47950819672131145,0.6341463414634146,0.936,T_STAD_vs_rest,14,svm
6341,cosg,0.6510067257166592,0.46511627906976744,0.6266318537859008,0.96,T_STAD_vs_rest,14,svm
6342,cosg,0.651097456884377,0.5069124423963134,0.6432748538011696,0.88,T_STAD_vs_rest,15,svm
6343,cosg,0.6680457520697927,0.4957983193277311,0.650137741046832,0.944,T_STAD_vs_rest,15,svm
6344,cosg,0.6667179338507364,0.48582995951417,0.6451612903225806,0.96,T_STAD_vs_rest,15,svm
6345,cosg,0.6575169991487597,0.511520737327189,0.6491228070175439,0.888,T_STAD_vs_rest,16,svm
6346,cosg,0.6680457520697927,0.4957983193277311,0.650137741046832,0.944,T_STAD_vs_rest,16,svm
6347,cosg,0.649233284864135,0.4666666666666667,0.6263157894736842,0.952,T_STAD_vs_rest,16,svm
6348,cosg,0.6608536022083281,0.5162790697674419,0.6529411764705882,0.888,T_STAD_vs_rest,17,svm
6349,cosg,0.6665180415719539,0.49372384937238495,0.6483516483516484,0.944,T_STAD_vs_rest,17,svm
6350,cosg,0.6478403139734239,0.46484375,0.6246719160104987,0.952,T_STAD_vs_rest,17,svm
6351,cosg,0.7066855030263496,0.5545023696682464,0.6964285714285714,0.936,T_STAD_vs_rest,18,svm
6352,cosg,0.6834806668438297,0.5084745762711864,0.6648199445983379,0.96,T_STAD_vs_rest,18,svm
6353,cosg,0.6820388387297611,0.5107296137339056,0.664804469273743,0.952,T_STAD_vs_rest,18,svm
6354,cosg,0.6908682472672034,0.5318181818181819,0.6782608695652174,0.936,T_STAD_vs_rest,19,svm
6355,cosg,0.6866509561072247,0.5128205128205128,0.6685236768802229,0.96,T_STAD_vs_rest,19,svm
6356,cosg,0.6865010109505273,0.5084033613445378,0.6666666666666666,0.968,T_STAD_vs_rest,19,svm
6357,cosg,0.7266374081442825,0.5888324873096447,0.7204968944099379,0.928,T_STAD_vs_rest,20,svm
6358,cosg,0.7014213249510394,0.5333333333333333,0.6857142857142857,0.96,T_STAD_vs_rest,20,svm
6359,cosg,0.6988045168710171,0.5168067226890757,0.6776859504132231,0.984,T_STAD_vs_rest,20,svm
6360,scanpy_wilcoxon,0.4724772743100266,0.2780487804878049,0.4261682242990654,0.912,T_STAD_vs_rest,1,svm
6361,scanpy_wilcoxon,0.4659709699327022,0.2693208430913349,0.4166666666666667,0.92,T_STAD_vs_rest,1,svm
6362,scanpy_wilcoxon,0.476787868913401,0.2752941176470588,0.4254545454545455,0.936,T_STAD_vs_rest,1,svm
6363,scanpy_wilcoxon,0.5743228951291811,0.39372822299651566,0.5485436893203883,0.904,T_STAD_vs_rest,2,svm
6364,scanpy_wilcoxon,0.5577399884763065,0.36741214057507987,0.5251141552511416,0.92,T_STAD_vs_rest,2,svm
6365,scanpy_wilcoxon,0.5703176283375248,0.3695652173913043,0.5324384787472036,0.952,T_STAD_vs_rest,2,svm
6366,scanpy_wilcoxon,0.5732017213333949,0.3923611111111111,0.5472154963680388,0.904,T_STAD_vs_rest,3,svm
6367,scanpy_wilcoxon,0.5577399884763065,0.36741214057507987,0.5251141552511416,0.92,T_STAD_vs_rest,3,svm
6368,scanpy_wilcoxon,0.5703176283375248,0.3695652173913043,0.5324384787472036,0.952,T_STAD_vs_rest,3,svm
6369,scanpy_wilcoxon,0.6232990171454301,0.4444444444444444,0.6010362694300518,0.928,T_STAD_vs_rest,4,svm
6370,scanpy_wilcoxon,0.6088154686381722,0.4223826714801444,0.582089552238806,0.936,T_STAD_vs_rest,4,svm
6371,scanpy_wilcoxon,0.6056001206163554,0.40468227424749165,0.5707547169811321,0.968,T_STAD_vs_rest,4,svm
6372,scanpy_wilcoxon,0.7100048606942551,0.5454545454545454,0.6956521739130435,0.96,T_STAD_vs_rest,5,svm
6373,scanpy_wilcoxon,0.6841377638320815,0.5223214285714286,0.670487106017192,0.936,T_STAD_vs_rest,5,svm
6374,scanpy_wilcoxon,0.6622064651254802,0.46441947565543074,0.6326530612244898,0.992,T_STAD_vs_rest,5,svm
6375,scanpy_wilcoxon,0.7071125204811086,0.5458715596330275,0.6938775510204082,0.952,T_STAD_vs_rest,6,svm
6376,scanpy_wilcoxon,0.6960342527350558,0.5391705069124424,0.6842105263157895,0.936,T_STAD_vs_rest,6,svm
6377,scanpy_wilcoxon,0.6581700765714392,0.45925925925925926,0.6278481012658228,0.992,T_STAD_vs_rest,6,svm
6378,scanpy_wilcoxon,0.7309707726702851,0.5804878048780487,0.7212121212121212,0.952,T_STAD_vs_rest,7,svm
6379,scanpy_wilcoxon,0.7160367939609017,0.5586854460093896,0.7041420118343196,0.952,T_STAD_vs_rest,7,svm
6380,scanpy_wilcoxon,0.6863922106294923,0.496,0.6613333333333333,0.992,T_STAD_vs_rest,7,svm
6381,scanpy_wilcoxon,0.7375621213353898,0.5853658536585366,0.7272727272727273,0.96,T_STAD_vs_rest,8,svm
6382,scanpy_wilcoxon,0.7178584095275697,0.5613207547169812,0.7062314540059347,0.952,T_STAD_vs_rest,8,svm
6383,scanpy_wilcoxon,0.6955078963147535,0.5081967213114754,0.6720867208672087,0.992,T_STAD_vs_rest,8,svm
6384,scanpy_wilcoxon,0.7387612140959249,0.5920398009950248,0.7300613496932515,0.952,T_STAD_vs_rest,9,svm
6385,scanpy_wilcoxon,0.7196926153935133,0.5639810426540285,0.7083333333333334,0.952,T_STAD_vs_rest,9,svm
6386,scanpy_wilcoxon,0.6924333675884097,0.5040650406504065,0.6684636118598383,0.992,T_STAD_vs_rest,9,svm
6387,scanpy_wilcoxon,0.7301557274675695,0.5841584158415841,0.7217125382262997,0.944,T_STAD_vs_rest,10,svm
6388,scanpy_wilcoxon,0.7077665285210294,0.5514018691588785,0.696165191740413,0.944,T_STAD_vs_rest,10,svm
6389,scanpy_wilcoxon,0.6970589699847298,0.5102880658436214,0.6739130434782609,0.992,T_STAD_vs_rest,10,svm
6390,scanpy_wilcoxon,0.7282164386234222,0.5812807881773399,0.7195121951219512,0.944,T_STAD_vs_rest,11,svm
6391,scanpy_wilcoxon,0.7095616490685195,0.5539906103286385,0.6982248520710059,0.944,T_STAD_vs_rest,11,svm
6392,scanpy_wilcoxon,0.6909097267270561,0.5020242914979757,0.6666666666666666,0.992,T_STAD_vs_rest,11,svm
6393,scanpy_wilcoxon,0.7345753977616424,0.5761904761904761,0.7223880597014926,0.968,T_STAD_vs_rest,12,svm
6394,scanpy_wilcoxon,0.7261961715770952,0.5687203791469194,0.7142857142857143,0.96,T_STAD_vs_rest,12,svm
6395,scanpy_wilcoxon,0.6790358066192806,0.48627450980392156,0.6526315789473685,0.992,T_STAD_vs_rest,12,svm
6396,scanpy_wilcoxon,0.7348379392755999,0.5862068965517241,0.725609756097561,0.952,T_STAD_vs_rest,13,svm
6397,scanpy_wilcoxon,0.7290578052937675,0.5776699029126213,0.7190332326283988,0.952,T_STAD_vs_rest,13,svm
6398,scanpy_wilcoxon,0.6894260094101344,0.5040983606557377,0.6666666666666666,0.984,T_STAD_vs_rest,13,svm
6399,scanpy_wilcoxon,0.7447544063906961,0.601010101010101,0.7368421052631579,0.952,T_STAD_vs_rest,14,svm
6400,scanpy_wilcoxon,0.7387612140959249,0.5920398009950248,0.7300613496932515,0.952,T_STAD_vs_rest,14,svm
6401,scanpy_wilcoxon,0.7098117902418905,0.5276595744680851,0.6888888888888889,0.992,T_STAD_vs_rest,14,svm
6402,scanpy_wilcoxon,0.7514533351101613,0.6060606060606061,0.7430340557275542,0.96,T_STAD_vs_rest,15,svm
6403,scanpy_wilcoxon,0.7348379392755999,0.5862068965517241,0.725609756097561,0.952,T_STAD_vs_rest,15,svm
6404,scanpy_wilcoxon,0.7078967338701366,0.5208333333333334,0.684931506849315,1.0,T_STAD_vs_rest,15,svm
6405,scanpy_wilcoxon,0.7447544063906961,0.601010101010101,0.7368421052631579,0.952,T_STAD_vs_rest,16,svm
6406,scanpy_wilcoxon,0.7348379392755999,0.5862068965517241,0.725609756097561,0.952,T_STAD_vs_rest,16,svm
6407,scanpy_wilcoxon,0.7033575576264408,0.5188284518828452,0.6813186813186813,0.992,T_STAD_vs_rest,16,svm
6408,scanpy_wilcoxon,0.7467817400739463,0.6040609137055838,0.7391304347826086,0.952,T_STAD_vs_rest,17,svm
6409,scanpy_wilcoxon,0.7367924767605828,0.5891089108910891,0.72782874617737,0.952,T_STAD_vs_rest,17,svm
6410,scanpy_wilcoxon,0.7078967338701366,0.5208333333333334,0.684931506849315,1.0,T_STAD_vs_rest,17,svm
6411,scanpy_wilcoxon,0.7467817400739463,0.6040609137055838,0.7391304347826086,0.952,T_STAD_vs_rest,18,svm
6412,scanpy_wilcoxon,0.7467817400739463,0.6040609137055838,0.7391304347826086,0.952,T_STAD_vs_rest,18,svm
6413,scanpy_wilcoxon,0.7078967338701366,0.5208333333333334,0.684931506849315,1.0,T_STAD_vs_rest,18,svm
6414,scanpy_wilcoxon,0.761038963924762,0.6310160427807486,0.7564102564102564,0.944,T_STAD_vs_rest,19,svm
6415,scanpy_wilcoxon,0.7664813558085237,0.6237113402061856,0.7586206896551724,0.968,T_STAD_vs_rest,19,svm
6416,scanpy_wilcoxon,0.7243579570971924,0.5434782608695652,0.704225352112676,1.0,T_STAD_vs_rest,19,svm
6417,scanpy_wilcoxon,0.7545780215133153,0.6210526315789474,0.7492063492063492,0.944,T_STAD_vs_rest,20,svm
6418,scanpy_wilcoxon,0.7750659146533156,0.6368421052631579,0.7682539682539683,0.968,T_STAD_vs_rest,20,svm
6419,scanpy_wilcoxon,0.7260615447609137,0.5458515283842795,0.7062146892655368,1.0,T_STAD_vs_rest,20,svm
6420,scanpy_t-test,0.4016031898175617,0.20411663807890223,0.3361581920903955,0.952,T_STAD_vs_rest,1,svm
6421,scanpy_t-test,0.3998833199152839,0.20272572402044292,0.3342696629213483,0.952,T_STAD_vs_rest,1,svm
6422,scanpy_t-test,0.39937975199129766,0.20066889632107024,0.33195020746887965,0.96,T_STAD_vs_rest,1,svm
6423,scanpy_t-test,0.4046523068507563,0.2065972222222222,0.33951497860199714,0.952,T_STAD_vs_rest,2,svm
6424,scanpy_t-test,0.3965616737474362,0.20170940170940171,0.3323943661971831,0.944,T_STAD_vs_rest,2,svm
6425,scanpy_t-test,0.398960372808223,0.2003338898163606,0.3314917127071823,0.96,T_STAD_vs_rest,2,svm
6426,scanpy_t-test,0.43103772276372393,0.22884615384615384,0.3689922480620155,0.952,T_STAD_vs_rest,3,svm
6427,scanpy_t-test,0.41690898183514646,0.2167577413479053,0.35311572700296734,0.952,T_STAD_vs_rest,3,svm
6428,scanpy_t-test,0.42404939742663733,0.22099447513812154,0.3592814371257485,0.96,T_STAD_vs_rest,3,svm
6429,scanpy_t-test,0.43103772276372393,0.22884615384615384,0.3689922480620155,0.952,T_STAD_vs_rest,4,svm
6430,scanpy_t-test,0.42549375243884446,0.2222222222222222,0.3609022556390977,0.96,T_STAD_vs_rest,4,svm
6431,scanpy_t-test,0.4269492785564257,0.22346368715083798,0.36253776435045315,0.96,T_STAD_vs_rest,4,svm
6432,scanpy_t-test,0.4280261823742582,0.2262357414448669,0.3655913978494624,0.952,T_STAD_vs_rest,5,svm
6433,scanpy_t-test,0.42604485891694455,0.22452830188679246,0.36335877862595417,0.952,T_STAD_vs_rest,5,svm
6434,scanpy_t-test,0.42792591230149746,0.22429906542056074,0.36363636363636365,0.96,T_STAD_vs_rest,5,svm
6435,scanpy_t-test,0.43053245595610345,0.22840690978886757,0.3684210526315789,0.952,T_STAD_vs_rest,6,svm
6436,scanpy_t-test,0.42703291676851035,0.22537878787878787,0.36447166921898927,0.952,T_STAD_vs_rest,6,svm
6437,scanpy_t-test,0.4255527676465163,0.224105461393597,0.3628048780487805,0.952,T_STAD_vs_rest,6,svm
6438,scanpy_t-test,0.45243116261564004,0.24791666666666667,0.3933884297520661,0.952,T_STAD_vs_rest,7,svm
6439,scanpy_t-test,0.4435853105757735,0.2399193548387097,0.3832528180354267,0.952,T_STAD_vs_rest,7,svm
6440,scanpy_t-test,0.4393104223145121,0.2361111111111111,0.3783783783783784,0.952,T_STAD_vs_rest,7,svm
6441,scanpy_t-test,0.4507380883154054,0.24842105263157896,0.3933333333333333,0.944,T_STAD_vs_rest,8,svm
6442,scanpy_t-test,0.43734396483209087,0.23828920570264767,0.37987012987012986,0.936,T_STAD_vs_rest,8,svm
6443,scanpy_t-test,0.4414359395505435,0.238,0.3808,0.952,T_STAD_vs_rest,8,svm
6444,scanpy_t-test,0.6580251181047183,0.4743083003952569,0.6349206349206349,0.96,T_STAD_vs_rest,9,svm
6445,scanpy_t-test,0.6317781312104198,0.4368231046931408,0.6019900497512438,0.968,T_STAD_vs_rest,9,svm
6446,scanpy_t-test,0.644695235381681,0.45318352059925093,0.6173469387755102,0.968,T_STAD_vs_rest,9,svm
6447,scanpy_t-test,0.6580251181047183,0.4743083003952569,0.6349206349206349,0.96,T_STAD_vs_rest,10,svm
6448,scanpy_t-test,0.6381506310886059,0.44485294117647056,0.6095717884130982,0.968,T_STAD_vs_rest,10,svm
6449,scanpy_t-test,0.647873578525663,0.45353159851301117,0.6192893401015228,0.976,T_STAD_vs_rest,10,svm
6450,scanpy_t-test,0.6566054061870509,0.47244094488188976,0.633245382585752,0.96,T_STAD_vs_rest,11,svm
6451,scanpy_t-test,0.6428408587274819,0.45454545454545453,0.6169665809768637,0.96,T_STAD_vs_rest,11,svm
6452,scanpy_t-test,0.6510412185158624,0.45387453874538747,0.6212121212121212,0.984,T_STAD_vs_rest,11,svm
6453,scanpy_t-test,0.6566054061870509,0.47244094488188976,0.633245382585752,0.96,T_STAD_vs_rest,12,svm
6454,scanpy_t-test,0.6375449809553501,0.44776119402985076,0.6106870229007634,0.96,T_STAD_vs_rest,12,svm
6455,scanpy_t-test,0.647873578525663,0.45353159851301117,0.6192893401015228,0.976,T_STAD_vs_rest,12,svm
6456,scanpy_t-test,0.6608891472852766,0.47808764940239046,0.6382978723404256,0.96,T_STAD_vs_rest,13,svm
6457,scanpy_t-test,0.6401784861920531,0.45112781954887216,0.6138107416879796,0.96,T_STAD_vs_rest,13,svm
6458,scanpy_t-test,0.6452433747148926,0.45018450184501846,0.6161616161616161,0.976,T_STAD_vs_rest,13,svm
6459,scanpy_t-test,0.6594530048177261,0.47619047619047616,0.636604774535809,0.96,T_STAD_vs_rest,14,svm
6460,scanpy_t-test,0.6401784861920531,0.45112781954887216,0.6138107416879796,0.96,T_STAD_vs_rest,14,svm
6461,scanpy_t-test,0.6312645899141842,0.4326241134751773,0.5995085995085995,0.976,T_STAD_vs_rest,14,svm
6462,scanpy_t-test,0.6696840515814834,0.4897959183673469,0.6486486486486487,0.96,T_STAD_vs_rest,15,svm
6463,scanpy_t-test,0.644695235381681,0.45318352059925093,0.6173469387755102,0.968,T_STAD_vs_rest,15,svm
6464,scanpy_t-test,0.6387892957348555,0.4420289855072464,0.6084788029925187,0.976,T_STAD_vs_rest,15,svm
6465,scanpy_t-test,0.6681966097363295,0.4878048780487805,0.6469002695417789,0.96,T_STAD_vs_rest,16,svm
6466,scanpy_t-test,0.6420562324984938,0.44981412639405205,0.6142131979695431,0.968,T_STAD_vs_rest,16,svm
6467,scanpy_t-test,0.6387892957348555,0.4420289855072464,0.6084788029925187,0.976,T_STAD_vs_rest,16,svm
6468,scanpy_t-test,0.7328974281041984,0.5833333333333334,0.723404255319149,0.952,T_STAD_vs_rest,17,svm
6469,scanpy_t-test,0.714631020404014,0.5475113122171946,0.6994219653179191,0.968,T_STAD_vs_rest,17,svm
6470,scanpy_t-test,0.7169270896660856,0.5418502202643172,0.6988636363636364,0.984,T_STAD_vs_rest,17,svm
6471,scanpy_t-test,0.7367924767605828,0.5891089108910891,0.72782874617737,0.952,T_STAD_vs_rest,18,svm
6472,scanpy_t-test,0.7206887155756236,0.5607476635514018,0.7079646017699115,0.96,T_STAD_vs_rest,18,svm
6473,scanpy_t-test,0.7238381867988778,0.5515695067264574,0.7068965517241379,0.984,T_STAD_vs_rest,18,svm
6474,scanpy_t-test,0.7488241880932324,0.6071428571428571,0.7414330218068536,0.952,T_STAD_vs_rest,19,svm
6475,scanpy_t-test,0.7364641710250711,0.5789473684210527,0.7245508982035929,0.968,T_STAD_vs_rest,19,svm
6476,scanpy_t-test,0.7220935288107123,0.5491071428571429,0.7048710601719198,0.984,T_STAD_vs_rest,19,svm
6477,scanpy_t-test,0.7567149753562212,0.6243386243386243,0.7515923566878981,0.944,T_STAD_vs_rest,20,svm
6478,scanpy_t-test,0.7094416071511688,0.5401785714285714,0.6934097421203438,0.968,T_STAD_vs_rest,20,svm
6479,scanpy_t-test,0.7203602096735638,0.5466666666666666,0.7028571428571428,0.984,T_STAD_vs_rest,20,svm
6480,yomix,0.9330937372375597,1.0,0.9318181818181818,0.8723404255319149,T_TGCT_vs_rest,1,svm
6481,yomix,0.9018357524656861,0.9130434782608695,0.9032258064516129,0.8936170212765957,T_TGCT_vs_rest,1,svm
6482,yomix,0.9018357524656861,0.9130434782608695,0.9032258064516129,0.8936170212765957,T_TGCT_vs_rest,1,svm
6483,yomix,0.8678524019313084,0.8888888888888888,0.8695652173913043,0.851063829787234,T_TGCT_vs_rest,2,svm
6484,yomix,0.8824957533973317,0.875,0.8842105263157894,0.8936170212765957,T_TGCT_vs_rest,2,svm
6485,yomix,0.8556343643029569,0.8235294117647058,0.8571428571428571,0.8936170212765957,T_TGCT_vs_rest,2,svm
6486,yomix,0.8800082411785434,0.8913043478260869,0.8817204301075269,0.8723404255319149,T_TGCT_vs_rest,3,svm
6487,yomix,0.8732701016423773,0.8571428571428571,0.875,0.8936170212765957,T_TGCT_vs_rest,3,svm
6488,yomix,0.8432657340591266,0.7818181818181819,0.8431372549019608,0.9148936170212766,T_TGCT_vs_rest,3,svm
6489,yomix,0.894429055638339,0.8775510204081632,0.8958333333333334,0.9148936170212766,T_TGCT_vs_rest,4,svm
6490,yomix,0.9000736649042058,0.8490566037735849,0.9,0.9574468085106383,T_TGCT_vs_rest,4,svm
6491,yomix,0.8120216878315465,0.7096774193548387,0.8073394495412844,0.9361702127659575,T_TGCT_vs_rest,4,svm
6492,yomix,0.894429055638339,0.8775510204081632,0.8958333333333334,0.9148936170212766,T_TGCT_vs_rest,5,svm
6493,yomix,0.9000736649042058,0.8490566037735849,0.9,0.9574468085106383,T_TGCT_vs_rest,5,svm
6494,yomix,0.8120216878315465,0.7096774193548387,0.8073394495412844,0.9361702127659575,T_TGCT_vs_rest,5,svm
6495,yomix,0.8882968669225173,0.8461538461538461,0.8888888888888888,0.9361702127659575,T_TGCT_vs_rest,6,svm
6496,yomix,0.8915443606648323,0.8333333333333334,0.8910891089108911,0.9574468085106383,T_TGCT_vs_rest,6,svm
6497,yomix,0.8188009151628836,0.7213114754098361,0.8148148148148148,0.9361702127659575,T_TGCT_vs_rest,6,svm
6498,yomix,0.8971275377928304,0.8627450980392157,0.8979591836734694,0.9361702127659575,T_TGCT_vs_rest,7,svm
6499,yomix,0.840172294340037,0.7586206896551724,0.8380952380952381,0.9361702127659575,T_TGCT_vs_rest,7,svm
6500,yomix,0.7521387906966743,0.6111111111111112,0.7394957983193278,0.9361702127659575,T_TGCT_vs_rest,7,svm
6501,yomix,0.8915443606648323,0.8333333333333334,0.8910891089108911,0.9574468085106383,T_TGCT_vs_rest,8,svm
6502,yomix,0.8497211197711196,0.7419354838709677,0.8440366972477065,0.9787234042553191,T_TGCT_vs_rest,8,svm
6503,yomix,0.8120216878315465,0.7096774193548387,0.8073394495412844,0.9361702127659575,T_TGCT_vs_rest,8,svm
6504,yomix,0.8915443606648323,0.8333333333333334,0.8910891089108911,0.9574468085106383,T_TGCT_vs_rest,9,svm
6505,yomix,0.8497211197711196,0.7419354838709677,0.8440366972477065,0.9787234042553191,T_TGCT_vs_rest,9,svm
6506,yomix,0.8188009151628836,0.7213114754098361,0.8148148148148148,0.9361702127659575,T_TGCT_vs_rest,9,svm
6507,yomix,0.8832472893539615,0.8181818181818182,0.8823529411764706,0.9574468085106383,T_TGCT_vs_rest,10,svm
6508,yomix,0.8428083676802186,0.7301587301587301,0.8363636363636363,0.9787234042553191,T_TGCT_vs_rest,10,svm
6509,yomix,0.8120216878315465,0.7096774193548387,0.8073394495412844,0.9361702127659575,T_TGCT_vs_rest,10,svm
6510,yomix,0.8915443606648323,0.8333333333333334,0.8910891089108911,0.9574468085106383,T_TGCT_vs_rest,11,svm
6511,yomix,0.8360571356663984,0.71875,0.8288288288288288,0.9787234042553191,T_TGCT_vs_rest,11,svm
6512,yomix,0.8120216878315465,0.7096774193548387,0.8073394495412844,0.9361702127659575,T_TGCT_vs_rest,11,svm
6513,yomix,0.9032380670013788,0.8363636363636363,0.9019607843137255,0.9787234042553191,T_TGCT_vs_rest,12,svm
6514,yomix,0.7775043056694358,0.6103896103896104,0.7580645161290323,1.0,T_TGCT_vs_rest,12,svm
6515,yomix,0.7521387906966743,0.6111111111111112,0.7394957983193278,0.9361702127659575,T_TGCT_vs_rest,12,svm
6516,yomix,0.8949867212339948,0.8214285714285714,0.8932038834951457,0.9787234042553191,T_TGCT_vs_rest,13,svm
6517,yomix,0.7775043056694358,0.6103896103896104,0.7580645161290323,1.0,T_TGCT_vs_rest,13,svm
6518,yomix,0.7521387906966743,0.6111111111111112,0.7394957983193278,0.9361702127659575,T_TGCT_vs_rest,13,svm
6519,yomix,0.9117161441278743,0.8518518518518519,0.9108910891089109,0.9787234042553191,T_TGCT_vs_rest,14,svm
6520,yomix,0.7775043056694358,0.6103896103896104,0.7580645161290323,1.0,T_TGCT_vs_rest,14,svm
6521,yomix,0.7745149853139809,0.6470588235294118,0.7652173913043478,0.9361702127659575,T_TGCT_vs_rest,14,svm
6522,yomix,0.9117161441278743,0.8518518518518519,0.9108910891089109,0.9787234042553191,T_TGCT_vs_rest,15,svm
6523,yomix,0.7775043056694358,0.6103896103896104,0.7580645161290323,1.0,T_TGCT_vs_rest,15,svm
6524,yomix,0.7808520286961699,0.6428571428571429,0.7692307692307693,0.9574468085106383,T_TGCT_vs_rest,15,svm
6525,yomix,0.9117161441278743,0.8518518518518519,0.9108910891089109,0.9787234042553191,T_TGCT_vs_rest,16,svm
6526,yomix,0.7827295378073608,0.618421052631579,0.7642276422764228,1.0,T_TGCT_vs_rest,16,svm
6527,yomix,0.7808520286961699,0.6428571428571429,0.7692307692307693,0.9574468085106383,T_TGCT_vs_rest,16,svm
6528,yomix,0.9407895054421195,0.8867924528301887,0.94,1.0,T_TGCT_vs_rest,17,svm
6529,yomix,0.8546159729189271,0.734375,0.8468468468468469,1.0,T_TGCT_vs_rest,17,svm
6530,yomix,0.8328689484613395,0.7457627118644068,0.8301886792452831,0.9361702127659575,T_TGCT_vs_rest,17,svm
6531,yomix,0.9232288446487962,0.8545454545454545,0.9215686274509803,1.0,T_TGCT_vs_rest,18,svm
6532,yomix,0.898601232535313,0.8103448275862069,0.8952380952380953,1.0,T_TGCT_vs_rest,18,svm
6533,yomix,0.8355427037785514,0.7678571428571429,0.8349514563106796,0.9148936170212766,T_TGCT_vs_rest,18,svm
6534,yomix,0.9232288446487962,0.8545454545454545,0.9215686274509803,1.0,T_TGCT_vs_rest,19,svm
6535,yomix,0.898601232535313,0.8103448275862069,0.8952380952380953,1.0,T_TGCT_vs_rest,19,svm
6536,yomix,0.8206959816082785,0.7413793103448276,0.819047619047619,0.9148936170212766,T_TGCT_vs_rest,19,svm
6537,yomix,0.9232288446487962,0.8545454545454545,0.9215686274509803,1.0,T_TGCT_vs_rest,20,svm
6538,yomix,0.898601232535313,0.8103448275862069,0.8952380952380953,1.0,T_TGCT_vs_rest,20,svm
6539,yomix,0.8355427037785514,0.7678571428571429,0.8349514563106796,0.9148936170212766,T_TGCT_vs_rest,20,svm
6540,cosg,0.9097594730169666,1.0,0.9069767441860465,0.8297872340425532,T_TGCT_vs_rest,1,svm
6541,cosg,0.8747269277628897,0.95,0.8735632183908046,0.8085106382978723,T_TGCT_vs_rest,1,svm
6542,cosg,0.9001606948427683,0.9318181818181818,0.9010989010989011,0.8723404255319149,T_TGCT_vs_rest,1,svm
6543,cosg,0.8611209615450017,0.8541666666666666,0.8631578947368421,0.8723404255319149,T_TGCT_vs_rest,2,svm
6544,cosg,0.8732701016423773,0.8571428571428571,0.875,0.8936170212765957,T_TGCT_vs_rest,2,svm
6545,cosg,0.8677474330825143,0.8269230769230769,0.8686868686868687,0.9148936170212766,T_TGCT_vs_rest,2,svm
6546,cosg,0.8704148799606697,0.8723404255319149,0.8723404255319149,0.8723404255319149,T_TGCT_vs_rest,3,svm
6547,cosg,0.8920123999672248,0.8936170212765957,0.8936170212765957,0.8936170212765957,T_TGCT_vs_rest,3,svm
6548,cosg,0.8763809510478937,0.8431372549019608,0.8775510204081632,0.9148936170212766,T_TGCT_vs_rest,3,svm
6549,cosg,0.8704148799606697,0.8723404255319149,0.8723404255319149,0.8723404255319149,T_TGCT_vs_rest,4,svm
6550,cosg,0.8920123999672248,0.8936170212765957,0.8936170212765957,0.8936170212765957,T_TGCT_vs_rest,4,svm
6551,cosg,0.8763809510478937,0.8431372549019608,0.8775510204081632,0.9148936170212766,T_TGCT_vs_rest,4,svm
6552,cosg,0.8704148799606697,0.8723404255319149,0.8723404255319149,0.8723404255319149,T_TGCT_vs_rest,5,svm
6553,cosg,0.8920123999672248,0.8936170212765957,0.8936170212765957,0.8936170212765957,T_TGCT_vs_rest,5,svm
6554,cosg,0.8763809510478937,0.8431372549019608,0.8775510204081632,0.9148936170212766,T_TGCT_vs_rest,5,svm
6555,cosg,0.8824957533973317,0.875,0.8842105263157894,0.8936170212765957,T_TGCT_vs_rest,6,svm
6556,cosg,0.9062201581157644,0.88,0.9072164948453608,0.9361702127659575,T_TGCT_vs_rest,6,svm
6557,cosg,0.8713725772017905,0.8148148148148148,0.8712871287128713,0.9361702127659575,T_TGCT_vs_rest,6,svm
6558,cosg,0.8824957533973317,0.875,0.8842105263157894,0.8936170212765957,T_TGCT_vs_rest,7,svm
6559,cosg,0.9062201581157644,0.88,0.9072164948453608,0.9361702127659575,T_TGCT_vs_rest,7,svm
6560,cosg,0.8797157446352489,0.8301886792452831,0.88,0.9361702127659575,T_TGCT_vs_rest,7,svm
6561,cosg,0.8677474330825143,0.8269230769230769,0.8686868686868687,0.9148936170212766,T_TGCT_vs_rest,8,svm
6562,cosg,0.8882968669225173,0.8461538461538461,0.8888888888888888,0.9361702127659575,T_TGCT_vs_rest,8,svm
6563,cosg,0.840172294340037,0.7586206896551724,0.8380952380952381,0.9361702127659575,T_TGCT_vs_rest,8,svm
6564,cosg,0.8677474330825143,0.8269230769230769,0.8686868686868687,0.9148936170212766,T_TGCT_vs_rest,9,svm
6565,cosg,0.8882968669225173,0.8461538461538461,0.8888888888888888,0.9361702127659575,T_TGCT_vs_rest,9,svm
6566,cosg,0.840172294340037,0.7586206896551724,0.8380952380952381,0.9361702127659575,T_TGCT_vs_rest,9,svm
6567,cosg,0.859357824366292,0.8113207547169812,0.86,0.9148936170212766,T_TGCT_vs_rest,10,svm
6568,cosg,0.8713725772017905,0.8148148148148148,0.8712871287128713,0.9361702127659575,T_TGCT_vs_rest,10,svm
6569,cosg,0.8257476493617018,0.7333333333333333,0.822429906542056,0.9361702127659575,T_TGCT_vs_rest,10,svm
6570,cosg,0.859357824366292,0.8113207547169812,0.86,0.9148936170212766,T_TGCT_vs_rest,11,svm
6571,cosg,0.8713725772017905,0.8148148148148148,0.8712871287128713,0.9361702127659575,T_TGCT_vs_rest,11,svm
6572,cosg,0.8257476493617018,0.7333333333333333,0.822429906542056,0.9361702127659575,T_TGCT_vs_rest,11,svm
6573,cosg,0.859357824366292,0.8113207547169812,0.86,0.9148936170212766,T_TGCT_vs_rest,12,svm
6574,cosg,0.863256511706544,0.8,0.8627450980392157,0.9361702127659575,T_TGCT_vs_rest,12,svm
6575,cosg,0.8257476493617018,0.7333333333333333,0.822429906542056,0.9361702127659575,T_TGCT_vs_rest,12,svm
6576,cosg,0.859357824366292,0.8113207547169812,0.86,0.9148936170212766,T_TGCT_vs_rest,13,svm
6577,cosg,0.8713725772017905,0.8148148148148148,0.8712871287128713,0.9361702127659575,T_TGCT_vs_rest,13,svm
6578,cosg,0.8257476493617018,0.7333333333333333,0.822429906542056,0.9361702127659575,T_TGCT_vs_rest,13,svm
6579,cosg,0.7003712813696858,0.5443037974683544,0.6825396825396826,0.9148936170212766,T_TGCT_vs_rest,14,svm
6580,cosg,0.8294611954332527,0.7076923076923077,0.8214285714285714,0.9787234042553191,T_TGCT_vs_rest,14,svm
6581,cosg,0.7751968171911667,0.6338028169014085,0.7627118644067796,0.9574468085106383,T_TGCT_vs_rest,14,svm
6582,cosg,0.7003712813696858,0.5443037974683544,0.6825396825396826,0.9148936170212766,T_TGCT_vs_rest,15,svm
6583,cosg,0.8174982984138697,0.703125,0.8108108108108109,0.9574468085106383,T_TGCT_vs_rest,15,svm
6584,cosg,0.7751968171911667,0.6338028169014085,0.7627118644067796,0.9574468085106383,T_TGCT_vs_rest,15,svm
6585,cosg,0.7003712813696858,0.5443037974683544,0.6825396825396826,0.9148936170212766,T_TGCT_vs_rest,16,svm
6586,cosg,0.8174982984138697,0.703125,0.8108108108108109,0.9574468085106383,T_TGCT_vs_rest,16,svm
6587,cosg,0.7751968171911667,0.6338028169014085,0.7627118644067796,0.9574468085106383,T_TGCT_vs_rest,16,svm
6588,cosg,0.7003712813696858,0.5443037974683544,0.6825396825396826,0.9148936170212766,T_TGCT_vs_rest,17,svm
6589,cosg,0.8174982984138697,0.703125,0.8108108108108109,0.9574468085106383,T_TGCT_vs_rest,17,svm
6590,cosg,0.7751968171911667,0.6338028169014085,0.7627118644067796,0.9574468085106383,T_TGCT_vs_rest,17,svm
6591,cosg,0.7003712813696858,0.5443037974683544,0.6825396825396826,0.9148936170212766,T_TGCT_vs_rest,18,svm
6592,cosg,0.8174982984138697,0.703125,0.8108108108108109,0.9574468085106383,T_TGCT_vs_rest,18,svm
6593,cosg,0.7751968171911667,0.6338028169014085,0.7627118644067796,0.9574468085106383,T_TGCT_vs_rest,18,svm
6594,cosg,0.7003712813696858,0.5443037974683544,0.6825396825396826,0.9148936170212766,T_TGCT_vs_rest,19,svm
6595,cosg,0.8174982984138697,0.703125,0.8108108108108109,0.9574468085106383,T_TGCT_vs_rest,19,svm
6596,cosg,0.7751968171911667,0.6338028169014085,0.7627118644067796,0.9574468085106383,T_TGCT_vs_rest,19,svm
6597,cosg,0.7003712813696858,0.5443037974683544,0.6825396825396826,0.9148936170212766,T_TGCT_vs_rest,20,svm
6598,cosg,0.8110426998865753,0.6923076923076923,0.8035714285714286,0.9574468085106383,T_TGCT_vs_rest,20,svm
6599,cosg,0.7751968171911667,0.6338028169014085,0.7627118644067796,0.9574468085106383,T_TGCT_vs_rest,20,svm
6600,scanpy_wilcoxon,0.8611209615450017,0.8541666666666666,0.8631578947368421,0.8723404255319149,T_TGCT_vs_rest,1,svm
6601,scanpy_wilcoxon,0.8824957533973317,0.875,0.8842105263157894,0.8936170212765957,T_TGCT_vs_rest,1,svm
6602,scanpy_wilcoxon,0.8643208384139597,0.84,0.865979381443299,0.8936170212765957,T_TGCT_vs_rest,1,svm
6603,scanpy_wilcoxon,0.8310290102757067,0.7777777777777778,0.8316831683168316,0.8936170212765957,T_TGCT_vs_rest,2,svm
6604,scanpy_wilcoxon,0.7266380851505704,0.5714285714285714,0.7096774193548387,0.9361702127659575,T_TGCT_vs_rest,2,svm
6605,scanpy_wilcoxon,0.6663619605564102,0.4942528735632184,0.6417910447761194,0.9148936170212766,T_TGCT_vs_rest,2,svm
6606,scanpy_wilcoxon,0.8471979992425114,0.8076923076923077,0.8484848484848485,0.8936170212765957,T_TGCT_vs_rest,3,svm
6607,scanpy_wilcoxon,0.8206959816082785,0.7413793103448276,0.819047619047619,0.9148936170212766,T_TGCT_vs_rest,3,svm
6608,scanpy_wilcoxon,0.6870418152446954,0.524390243902439,0.6666666666666666,0.9148936170212766,T_TGCT_vs_rest,3,svm
6609,scanpy_wilcoxon,0.8832472893539615,0.8181818181818182,0.8823529411764706,0.9574468085106383,T_TGCT_vs_rest,4,svm
6610,scanpy_wilcoxon,0.7410299912880657,0.5679012345679012,0.71875,0.9787234042553191,T_TGCT_vs_rest,4,svm
6611,scanpy_wilcoxon,0.757556653068117,0.6197183098591549,0.7457627118644068,0.9361702127659575,T_TGCT_vs_rest,4,svm
6612,scanpy_wilcoxon,0.875172048748847,0.8035714285714286,0.8737864077669902,0.9574468085106383,T_TGCT_vs_rest,5,svm
6613,scanpy_wilcoxon,0.760548898829814,0.5974025974025974,0.7419354838709677,0.9787234042553191,T_TGCT_vs_rest,5,svm
6614,scanpy_wilcoxon,0.7925313330411395,0.6617647058823529,0.782608695652174,0.9574468085106383,T_TGCT_vs_rest,5,svm
6615,scanpy_wilcoxon,0.867308877879497,0.7894736842105263,0.8653846153846154,0.9574468085106383,T_TGCT_vs_rest,6,svm
6616,scanpy_wilcoxon,0.760548898829814,0.5974025974025974,0.7419354838709677,0.9787234042553191,T_TGCT_vs_rest,6,svm
6617,scanpy_wilcoxon,0.7925313330411395,0.6617647058823529,0.782608695652174,0.9574468085106383,T_TGCT_vs_rest,6,svm
6618,scanpy_wilcoxon,0.8596486070717957,0.7758620689655172,0.8571428571428571,0.9574468085106383,T_TGCT_vs_rest,7,svm
6619,scanpy_wilcoxon,0.7656657112727187,0.6052631578947368,0.7479674796747967,0.9787234042553191,T_TGCT_vs_rest,7,svm
6620,scanpy_wilcoxon,0.7985645429984303,0.6716417910447762,0.7894736842105263,0.9574468085106383,T_TGCT_vs_rest,7,svm
6621,scanpy_wilcoxon,0.8640579024556214,0.7666666666666667,0.8598130841121495,0.9787234042553191,T_TGCT_vs_rest,8,svm
6622,scanpy_wilcoxon,0.7101026467263866,0.5227272727272727,0.6814814814814815,0.9787234042553191,T_TGCT_vs_rest,8,svm
6623,scanpy_wilcoxon,0.8045169277349555,0.6666666666666666,0.7931034482758621,0.9787234042553191,T_TGCT_vs_rest,8,svm
6624,scanpy_wilcoxon,0.8348592802493612,0.7014925373134329,0.8245614035087719,1.0,T_TGCT_vs_rest,9,svm
6625,scanpy_wilcoxon,0.7185562082767912,0.5348837209302325,0.6917293233082706,0.9787234042553191,T_TGCT_vs_rest,9,svm
6626,scanpy_wilcoxon,0.8241058352362038,0.7142857142857143,0.8181818181818182,0.9574468085106383,T_TGCT_vs_rest,9,svm
6627,scanpy_wilcoxon,0.8714962768725921,0.7796610169491526,0.8679245283018868,0.9787234042553191,T_TGCT_vs_rest,10,svm
6628,scanpy_wilcoxon,0.7142933480921878,0.5287356321839081,0.6865671641791045,0.9787234042553191,T_TGCT_vs_rest,10,svm
6629,scanpy_wilcoxon,0.8241058352362038,0.7142857142857143,0.8181818181818182,0.9574468085106383,T_TGCT_vs_rest,10,svm
6630,scanpy_wilcoxon,0.8714962768725921,0.7796610169491526,0.8679245283018868,0.9787234042553191,T_TGCT_vs_rest,11,svm
6631,scanpy_wilcoxon,0.7142933480921878,0.5287356321839081,0.6865671641791045,0.9787234042553191,T_TGCT_vs_rest,11,svm
6632,scanpy_wilcoxon,0.8241058352362038,0.7142857142857143,0.8181818181818182,0.9574468085106383,T_TGCT_vs_rest,11,svm
6633,scanpy_wilcoxon,0.8832130290025811,0.7833333333333333,0.8785046728971962,1.0,T_TGCT_vs_rest,12,svm
6634,scanpy_wilcoxon,0.7228933395446001,0.5411764705882353,0.696969696969697,0.9787234042553191,T_TGCT_vs_rest,12,svm
6635,scanpy_wilcoxon,0.8378014455517923,0.7377049180327869,0.8333333333333334,0.9574468085106383,T_TGCT_vs_rest,12,svm
6636,scanpy_wilcoxon,0.8832130290025811,0.7833333333333333,0.8785046728971962,1.0,T_TGCT_vs_rest,13,svm
6637,scanpy_wilcoxon,0.7228933395446001,0.5411764705882353,0.696969696969697,0.9787234042553191,T_TGCT_vs_rest,13,svm
6638,scanpy_wilcoxon,0.8308714038013331,0.7258064516129032,0.8256880733944955,0.9574468085106383,T_TGCT_vs_rest,13,svm
6639,scanpy_wilcoxon,0.9318879275909161,0.8703703703703703,0.9306930693069307,1.0,T_TGCT_vs_rest,14,svm
6640,scanpy_wilcoxon,0.856801975940701,0.7540983606557377,0.8518518518518519,0.9787234042553191,T_TGCT_vs_rest,14,svm
6641,scanpy_wilcoxon,0.8521826126669658,0.7627118644067796,0.8490566037735849,0.9574468085106383,T_TGCT_vs_rest,14,svm
6642,scanpy_wilcoxon,0.9318879275909161,0.8703703703703703,0.9306930693069307,1.0,T_TGCT_vs_rest,15,svm
6643,scanpy_wilcoxon,0.856801975940701,0.7540983606557377,0.8518518518518519,0.9787234042553191,T_TGCT_vs_rest,15,svm
6644,scanpy_wilcoxon,0.8596486070717957,0.7758620689655172,0.8571428571428571,0.9574468085106383,T_TGCT_vs_rest,15,svm
6645,scanpy_wilcoxon,0.9318879275909161,0.8703703703703703,0.9306930693069307,1.0,T_TGCT_vs_rest,16,svm
6646,scanpy_wilcoxon,0.856801975940701,0.7540983606557377,0.8518518518518519,0.9787234042553191,T_TGCT_vs_rest,16,svm
6647,scanpy_wilcoxon,0.8449027759086616,0.75,0.8411214953271028,0.9574468085106383,T_TGCT_vs_rest,16,svm
6648,scanpy_wilcoxon,0.8167119116238957,0.6865671641791045,0.8070175438596491,0.9787234042553191,T_TGCT_vs_rest,17,svm
6649,scanpy_wilcoxon,0.8714962768725921,0.7796610169491526,0.8679245283018868,0.9787234042553191,T_TGCT_vs_rest,17,svm
6650,scanpy_wilcoxon,0.9117161441278743,0.8518518518518519,0.9108910891089109,0.9787234042553191,T_TGCT_vs_rest,17,svm
6651,scanpy_wilcoxon,0.8832472893539615,0.8181818181818182,0.8823529411764706,0.9574468085106383,T_TGCT_vs_rest,18,svm
6652,scanpy_wilcoxon,0.8714962768725921,0.7796610169491526,0.8679245283018868,0.9787234042553191,T_TGCT_vs_rest,18,svm
6653,scanpy_wilcoxon,0.9117161441278743,0.8518518518518519,0.9108910891089109,0.9787234042553191,T_TGCT_vs_rest,18,svm
6654,scanpy_wilcoxon,0.9271698179666668,0.9,0.9278350515463918,0.9574468085106383,T_TGCT_vs_rest,19,svm
6655,scanpy_wilcoxon,0.9117161441278743,0.8518518518518519,0.9108910891089109,0.9787234042553191,T_TGCT_vs_rest,19,svm
6656,scanpy_wilcoxon,0.9579059176262243,0.9387755102040817,0.9583333333333334,0.9787234042553191,T_TGCT_vs_rest,19,svm
6657,scanpy_wilcoxon,0.9178741245377672,0.8823529411764706,0.9183673469387755,0.9574468085106383,T_TGCT_vs_rest,20,svm
6658,scanpy_wilcoxon,0.9032380670013788,0.8363636363636363,0.9019607843137255,0.9787234042553191,T_TGCT_vs_rest,20,svm
6659,scanpy_wilcoxon,0.9579059176262243,0.9387755102040817,0.9583333333333334,0.9787234042553191,T_TGCT_vs_rest,20,svm
6660,scanpy_t-test,0.4355179448301534,0.2017167381974249,0.3357142857142857,1.0,T_TGCT_vs_rest,1,svm
6661,scanpy_t-test,0.4168553522535362,0.19008264462809918,0.31833910034602075,0.9787234042553191,T_TGCT_vs_rest,1,svm
6662,scanpy_t-test,0.4126303164176896,0.1906779661016949,0.31802120141342755,0.9574468085106383,T_TGCT_vs_rest,1,svm
6663,scanpy_t-test,0.5895972185790472,0.36507936507936506,0.5317919075144508,0.9787234042553191,T_TGCT_vs_rest,2,svm
6664,scanpy_t-test,0.5473438201276859,0.3237410071942446,0.4838709677419355,0.9574468085106383,T_TGCT_vs_rest,2,svm
6665,scanpy_t-test,0.5449922415579691,0.3283582089552239,0.4861878453038674,0.9361702127659575,T_TGCT_vs_rest,2,svm
6666,scanpy_t-test,0.6613640064849576,0.45544554455445546,0.6216216216216216,0.9787234042553191,T_TGCT_vs_rest,3,svm
6667,scanpy_t-test,0.6016399128417659,0.3879310344827586,0.5521472392638037,0.9574468085106383,T_TGCT_vs_rest,3,svm
6668,scanpy_t-test,0.63490787278226,0.44,0.5986394557823129,0.9361702127659575,T_TGCT_vs_rest,3,svm
6669,scanpy_t-test,0.6682389759921347,0.46464646464646464,0.6301369863013698,0.9787234042553191,T_TGCT_vs_rest,4,svm
6670,scanpy_t-test,0.6637148596699906,0.46875,0.6293706293706294,0.9574468085106383,T_TGCT_vs_rest,4,svm
6671,scanpy_t-test,0.5927857794632853,0.3944954128440367,0.5512820512820513,0.9148936170212766,T_TGCT_vs_rest,4,svm
6672,scanpy_t-test,0.6673176962592813,0.47368421052631576,0.6338028169014085,0.9574468085106383,T_TGCT_vs_rest,5,svm
6673,scanpy_t-test,0.6942139731677529,0.5113636363636364,0.6666666666666666,0.9574468085106383,T_TGCT_vs_rest,5,svm
6674,scanpy_t-test,0.6298555994064632,0.44329896907216493,0.5972222222222222,0.9148936170212766,T_TGCT_vs_rest,5,svm
6675,scanpy_t-test,0.8105476807682982,0.6764705882352942,0.8,0.9787234042553191,T_TGCT_vs_rest,6,svm
6676,scanpy_t-test,0.7199291560432876,0.5487804878048781,0.6976744186046512,0.9574468085106383,T_TGCT_vs_rest,6,svm
6677,scanpy_t-test,0.7266380851505704,0.5714285714285714,0.7096774193548387,0.9361702127659575,T_TGCT_vs_rest,6,svm
6678,scanpy_t-test,0.8497211197711196,0.7419354838709677,0.8440366972477065,0.9787234042553191,T_TGCT_vs_rest,7,svm
6679,scanpy_t-test,0.7537092117860069,0.6,0.7377049180327869,0.9574468085106383,T_TGCT_vs_rest,7,svm
6680,scanpy_t-test,0.806592522814742,0.7166666666666667,0.8037383177570093,0.9148936170212766,T_TGCT_vs_rest,7,svm
6681,scanpy_t-test,0.8546159729189271,0.734375,0.8468468468468469,1.0,T_TGCT_vs_rest,8,svm
6682,scanpy_t-test,0.7185562082767912,0.5348837209302325,0.6917293233082706,0.9787234042553191,T_TGCT_vs_rest,8,svm
6683,scanpy_t-test,0.7867007703481743,0.6825396825396826,0.7818181818181819,0.9148936170212766,T_TGCT_vs_rest,8,svm
6684,scanpy_t-test,0.8412960297114672,0.7121212121212122,0.831858407079646,1.0,T_TGCT_vs_rest,9,svm
6685,scanpy_t-test,0.7101026467263866,0.5227272727272727,0.6814814814814815,0.9787234042553191,T_TGCT_vs_rest,9,svm
6686,scanpy_t-test,0.7803806239088122,0.671875,0.7747747747747747,0.9148936170212766,T_TGCT_vs_rest,9,svm
6687,scanpy_t-test,0.8046989947273747,0.6527777777777778,0.7899159663865546,1.0,T_TGCT_vs_rest,10,svm
6688,scanpy_t-test,0.7142933480921878,0.5287356321839081,0.6865671641791045,0.9787234042553191,T_TGCT_vs_rest,10,svm
6689,scanpy_t-test,0.7803806239088122,0.671875,0.7747747747747747,0.9148936170212766,T_TGCT_vs_rest,10,svm
6690,scanpy_t-test,0.7135758014860224,0.5164835164835165,0.6811594202898551,1.0,T_TGCT_vs_rest,11,svm
6691,scanpy_t-test,0.7019296834052349,0.5111111111111111,0.6715328467153284,0.9787234042553191,T_TGCT_vs_rest,11,svm
6692,scanpy_t-test,0.7803806239088122,0.671875,0.7747747747747747,0.9148936170212766,T_TGCT_vs_rest,11,svm
6693,scanpy_t-test,0.7135758014860224,0.5164835164835165,0.6811594202898551,1.0,T_TGCT_vs_rest,12,svm
6694,scanpy_t-test,0.7101026467263866,0.5227272727272727,0.6814814814814815,0.9787234042553191,T_TGCT_vs_rest,12,svm
6695,scanpy_t-test,0.7742057087932203,0.6615384615384615,0.7678571428571429,0.9148936170212766,T_TGCT_vs_rest,12,svm
6696,scanpy_t-test,0.7346233477885793,0.5465116279069767,0.706766917293233,1.0,T_TGCT_vs_rest,13,svm
6697,scanpy_t-test,0.760548898829814,0.5974025974025974,0.7419354838709677,0.9787234042553191,T_TGCT_vs_rest,13,svm
6698,scanpy_t-test,0.8054033027921891,0.6984126984126984,0.8,0.9361702127659575,T_TGCT_vs_rest,13,svm
6699,scanpy_t-test,0.7880580661463431,0.6266666666666667,0.7704918032786885,1.0,T_TGCT_vs_rest,14,svm
6700,scanpy_t-test,0.7708836389661751,0.6133333333333333,0.7540983606557377,0.9787234042553191,T_TGCT_vs_rest,14,svm
6701,scanpy_t-test,0.8188009151628836,0.7213114754098361,0.8148148148148148,0.9361702127659575,T_TGCT_vs_rest,14,svm
6702,scanpy_t-test,0.8478796909799302,0.7230769230769231,0.8392857142857143,1.0,T_TGCT_vs_rest,15,svm
6703,scanpy_t-test,0.8167119116238957,0.6865671641791045,0.8070175438596491,0.9787234042553191,T_TGCT_vs_rest,15,svm
6704,scanpy_t-test,0.8832130290025811,0.7833333333333333,0.8785046728971962,1.0,T_TGCT_vs_rest,15,svm
6705,scanpy_t-test,0.898601232535313,0.8103448275862069,0.8952380952380953,1.0,T_TGCT_vs_rest,16,svm
6706,scanpy_t-test,0.8832130290025811,0.7833333333333333,0.8785046728971962,1.0,T_TGCT_vs_rest,16,svm
6707,scanpy_t-test,0.8908099410782183,0.7966101694915254,0.8867924528301887,1.0,T_TGCT_vs_rest,16,svm
6708,scanpy_t-test,0.9148013937191427,0.8392857142857143,0.912621359223301,1.0,T_TGCT_vs_rest,17,svm
6709,scanpy_t-test,0.8758025063296097,0.7704918032786885,0.8703703703703703,1.0,T_TGCT_vs_rest,17,svm
6710,scanpy_t-test,0.8908099410782183,0.7966101694915254,0.8867924528301887,1.0,T_TGCT_vs_rest,17,svm
6711,scanpy_t-test,0.898601232535313,0.8103448275862069,0.8952380952380953,1.0,T_TGCT_vs_rest,18,svm
6712,scanpy_t-test,0.8758025063296097,0.7704918032786885,0.8703703703703703,1.0,T_TGCT_vs_rest,18,svm
6713,scanpy_t-test,0.8832130290025811,0.7833333333333333,0.8785046728971962,1.0,T_TGCT_vs_rest,18,svm
6714,scanpy_t-test,0.9065953815847849,0.8245614035087719,0.9038461538461539,1.0,T_TGCT_vs_rest,19,svm
6715,scanpy_t-test,0.8758025063296097,0.7704918032786885,0.8703703703703703,1.0,T_TGCT_vs_rest,19,svm
6716,scanpy_t-test,0.8832130290025811,0.7833333333333333,0.8785046728971962,1.0,T_TGCT_vs_rest,19,svm
6717,scanpy_t-test,0.9407895054421195,0.8867924528301887,0.94,1.0,T_TGCT_vs_rest,20,svm
6718,scanpy_t-test,0.8615109001242334,0.746031746031746,0.8545454545454545,1.0,T_TGCT_vs_rest,20,svm
6719,scanpy_t-test,0.8908099410782183,0.7966101694915254,0.8867924528301887,1.0,T_TGCT_vs_rest,20,svm
6720,yomix,0.9899059358843225,0.9808917197452229,0.9903536977491961,1.0,T_THCA_vs_rest,1,svm
6721,yomix,0.9833331234310914,0.9685534591194969,0.9840255591054313,1.0,T_THCA_vs_rest,1,svm
6722,yomix,0.9766098741932515,0.9622641509433962,0.9776357827476039,0.9935064935064936,T_THCA_vs_rest,1,svm
6723,yomix,0.986604202969805,0.9746835443037974,0.9871794871794872,1.0,T_THCA_vs_rest,2,svm
6724,yomix,0.986604202969805,0.9746835443037974,0.9871794871794872,1.0,T_THCA_vs_rest,2,svm
6725,yomix,0.9831422501060908,0.9745222929936306,0.9839228295819936,0.9935064935064936,T_THCA_vs_rest,2,svm
6726,yomix,0.993238811150159,0.9871794871794872,0.9935483870967742,1.0,T_THCA_vs_rest,3,svm
6727,yomix,1.0,1.0,1.0,1.0,T_THCA_vs_rest,3,svm
6728,yomix,0.9931741571821332,0.9935064935064936,0.9935064935064936,0.9935064935064936,T_THCA_vs_rest,3,svm
6729,yomix,0.993238811150159,0.9871794871794872,0.9935483870967742,1.0,T_THCA_vs_rest,4,svm
6730,yomix,1.0,1.0,1.0,1.0,T_THCA_vs_rest,4,svm
6731,yomix,0.9931741571821332,0.9935064935064936,0.9935064935064936,0.9935064935064936,T_THCA_vs_rest,4,svm
6732,yomix,0.993238811150159,0.9871794871794872,0.9935483870967742,1.0,T_THCA_vs_rest,5,svm
6733,yomix,1.0,1.0,1.0,1.0,T_THCA_vs_rest,5,svm
6734,yomix,0.9931741571821332,0.9935064935064936,0.9935064935064936,0.9935064935064936,T_THCA_vs_rest,5,svm
6735,yomix,0.993238811150159,0.9871794871794872,0.9935483870967742,1.0,T_THCA_vs_rest,6,svm
6736,yomix,1.0,1.0,1.0,1.0,T_THCA_vs_rest,6,svm
6737,yomix,0.9931741571821332,0.9935064935064936,0.9935064935064936,0.9935064935064936,T_THCA_vs_rest,6,svm
6738,yomix,0.993238811150159,0.9871794871794872,0.9935483870967742,1.0,T_THCA_vs_rest,7,svm
6739,yomix,0.9966033287510796,0.9935483870967742,0.9967637540453075,1.0,T_THCA_vs_rest,7,svm
6740,yomix,0.9931741571821332,0.9935064935064936,0.9935064935064936,0.9935064935064936,T_THCA_vs_rest,7,svm
6741,yomix,0.993238811150159,0.9871794871794872,0.9935483870967742,1.0,T_THCA_vs_rest,8,svm
6742,yomix,0.9966033287510796,0.9935483870967742,0.9967637540453075,1.0,T_THCA_vs_rest,8,svm
6743,yomix,0.9931741571821332,0.9935064935064936,0.9935064935064936,0.9935064935064936,T_THCA_vs_rest,8,svm
6744,yomix,0.9966033287510796,0.9935483870967742,0.9967637540453075,1.0,T_THCA_vs_rest,9,svm
6745,yomix,0.9966033287510796,0.9935483870967742,0.9967637540453075,1.0,T_THCA_vs_rest,9,svm
6746,yomix,0.9931741571821332,0.9935064935064936,0.9935064935064936,0.9935064935064936,T_THCA_vs_rest,9,svm
6747,yomix,0.993238811150159,0.9871794871794872,0.9935483870967742,1.0,T_THCA_vs_rest,10,svm
6748,yomix,0.9966033287510796,0.9935483870967742,0.9967637540453075,1.0,T_THCA_vs_rest,10,svm
6749,yomix,0.9931741571821332,0.9935064935064936,0.9935064935064936,0.9935064935064936,T_THCA_vs_rest,10,svm
6750,yomix,0.993238811150159,0.9871794871794872,0.9935483870967742,1.0,T_THCA_vs_rest,11,svm
6751,yomix,0.9966033287510796,0.9935483870967742,0.9967637540453075,1.0,T_THCA_vs_rest,11,svm
6752,yomix,0.9931741571821332,0.9935064935064936,0.9935064935064936,0.9935064935064936,T_THCA_vs_rest,11,svm
6753,yomix,0.993238811150159,0.9871794871794872,0.9935483870967742,1.0,T_THCA_vs_rest,12,svm
6754,yomix,0.9966033287510796,0.9935483870967742,0.9967637540453075,1.0,T_THCA_vs_rest,12,svm
6755,yomix,0.9931741571821332,0.9935064935064936,0.9935064935064936,0.9935064935064936,T_THCA_vs_rest,12,svm
6756,yomix,0.9966033287510796,0.9935483870967742,0.9967637540453075,1.0,T_THCA_vs_rest,13,svm
6757,yomix,0.9966033287510796,0.9935483870967742,0.9967637540453075,1.0,T_THCA_vs_rest,13,svm
6758,yomix,0.9931741571821332,0.9935064935064936,0.9935064935064936,0.9935064935064936,T_THCA_vs_rest,13,svm
6759,yomix,0.9966033287510796,0.9935483870967742,0.9967637540453075,1.0,T_THCA_vs_rest,14,svm
6760,yomix,0.9966033287510796,0.9935483870967742,0.9967637540453075,1.0,T_THCA_vs_rest,14,svm
6761,yomix,0.9931741571821332,0.9935064935064936,0.9935064935064936,0.9935064935064936,T_THCA_vs_rest,14,svm
6762,yomix,0.9966033287510796,0.9935483870967742,0.9967637540453075,1.0,T_THCA_vs_rest,15,svm
6763,yomix,0.9966033287510796,0.9935483870967742,0.9967637540453075,1.0,T_THCA_vs_rest,15,svm
6764,yomix,0.9931741571821332,0.9935064935064936,0.9935064935064936,0.9935064935064936,T_THCA_vs_rest,15,svm
6765,yomix,0.9966033287510796,0.9935483870967742,0.9967637540453075,1.0,T_THCA_vs_rest,16,svm
6766,yomix,0.9966033287510796,0.9935483870967742,0.9967637540453075,1.0,T_THCA_vs_rest,16,svm
6767,yomix,0.9931741571821332,0.9935064935064936,0.9935064935064936,0.9935064935064936,T_THCA_vs_rest,16,svm
6768,yomix,0.9966033287510796,0.9935483870967742,0.9967637540453075,1.0,T_THCA_vs_rest,17,svm
6769,yomix,0.9966033287510796,0.9935483870967742,0.9967637540453075,1.0,T_THCA_vs_rest,17,svm
6770,yomix,0.9931741571821332,0.9935064935064936,0.9935064935064936,0.9935064935064936,T_THCA_vs_rest,17,svm
6771,yomix,0.9966033287510796,0.9935483870967742,0.9967637540453075,1.0,T_THCA_vs_rest,18,svm
6772,yomix,0.9966033287510796,0.9935483870967742,0.9967637540453075,1.0,T_THCA_vs_rest,18,svm
6773,yomix,0.9931741571821332,0.9935064935064936,0.9935064935064936,0.9935064935064936,T_THCA_vs_rest,18,svm
6774,yomix,0.9966033287510796,0.9935483870967742,0.9967637540453075,1.0,T_THCA_vs_rest,19,svm
6775,yomix,0.9966033287510796,0.9935483870967742,0.9967637540453075,1.0,T_THCA_vs_rest,19,svm
6776,yomix,0.9931741571821332,0.9935064935064936,0.9935064935064936,0.9935064935064936,T_THCA_vs_rest,19,svm
6777,yomix,0.9966033287510796,0.9935483870967742,0.9967637540453075,1.0,T_THCA_vs_rest,20,svm
6778,yomix,0.9966033287510796,0.9935483870967742,0.9967637540453075,1.0,T_THCA_vs_rest,20,svm
6779,yomix,0.9931741571821332,0.9935064935064936,0.9935064935064936,0.9935064935064936,T_THCA_vs_rest,20,svm
6780,cosg,0.9966033287510796,0.9935483870967742,0.9967637540453075,1.0,T_THCA_vs_rest,1,svm
6781,cosg,0.9966033287510796,0.9935483870967742,0.9967637540453075,1.0,T_THCA_vs_rest,1,svm
6782,cosg,0.9863483143642665,0.987012987012987,0.987012987012987,0.987012987012987,T_THCA_vs_rest,1,svm
6783,cosg,0.9966033287510796,0.9935483870967742,0.9967637540453075,1.0,T_THCA_vs_rest,2,svm
6784,cosg,0.9966033287510796,0.9935483870967742,0.9967637540453075,1.0,T_THCA_vs_rest,2,svm
6785,cosg,0.9863483143642665,0.987012987012987,0.987012987012987,0.987012987012987,T_THCA_vs_rest,2,svm
6786,cosg,0.993238811150159,0.9871794871794872,0.9935483870967742,1.0,T_THCA_vs_rest,3,svm
6787,cosg,0.993238811150159,0.9871794871794872,0.9935483870967742,1.0,T_THCA_vs_rest,3,svm
6788,cosg,0.9829934903597782,0.9806451612903225,0.9838187702265372,0.987012987012987,T_THCA_vs_rest,3,svm
6789,cosg,0.993238811150159,0.9871794871794872,0.9935483870967742,1.0,T_THCA_vs_rest,4,svm
6790,cosg,0.9899059358843225,0.9808917197452229,0.9903536977491961,1.0,T_THCA_vs_rest,4,svm
6791,cosg,0.9829934903597782,0.9806451612903225,0.9838187702265372,0.987012987012987,T_THCA_vs_rest,4,svm
6792,cosg,0.9899059358843225,0.9808917197452229,0.9903536977491961,1.0,T_THCA_vs_rest,5,svm
6793,cosg,0.993238811150159,0.9871794871794872,0.9935483870967742,1.0,T_THCA_vs_rest,5,svm
6794,cosg,0.9829934903597782,0.9806451612903225,0.9838187702265372,0.987012987012987,T_THCA_vs_rest,5,svm
6795,cosg,0.9899059358843225,0.9808917197452229,0.9903536977491961,1.0,T_THCA_vs_rest,6,svm
6796,cosg,0.9800922189910598,0.9625,0.9808917197452229,1.0,T_THCA_vs_rest,6,svm
6797,cosg,0.9831422501060908,0.9745222929936306,0.9839228295819936,0.9935064935064936,T_THCA_vs_rest,6,svm
6798,cosg,0.9899059358843225,0.9808917197452229,0.9903536977491961,1.0,T_THCA_vs_rest,7,svm
6799,cosg,0.976881021771721,0.9565217391304348,0.9777777777777777,1.0,T_THCA_vs_rest,7,svm
6800,cosg,0.9831422501060908,0.9745222929936306,0.9839228295819936,0.9935064935064936,T_THCA_vs_rest,7,svm
6801,cosg,0.993238811150159,0.9871794871794872,0.9935483870967742,1.0,T_THCA_vs_rest,8,svm
6802,cosg,0.9800922189910598,0.9625,0.9808917197452229,1.0,T_THCA_vs_rest,8,svm
6803,cosg,0.9864546098716098,0.9807692307692307,0.9870967741935484,0.9935064935064936,T_THCA_vs_rest,8,svm
6804,cosg,0.993238811150159,0.9871794871794872,0.9935483870967742,1.0,T_THCA_vs_rest,9,svm
6805,cosg,0.9833331234310914,0.9685534591194969,0.9840255591054313,1.0,T_THCA_vs_rest,9,svm
6806,cosg,0.9864546098716098,0.9807692307692307,0.9870967741935484,0.9935064935064936,T_THCA_vs_rest,9,svm
6807,cosg,0.993238811150159,0.9871794871794872,0.9935483870967742,1.0,T_THCA_vs_rest,10,svm
6808,cosg,0.9833331234310914,0.9685534591194969,0.9840255591054313,1.0,T_THCA_vs_rest,10,svm
6809,cosg,0.9864546098716098,0.9807692307692307,0.9870967741935484,0.9935064935064936,T_THCA_vs_rest,10,svm
6810,cosg,0.9899059358843225,0.9808917197452229,0.9903536977491961,1.0,T_THCA_vs_rest,11,svm
6811,cosg,0.9800922189910598,0.9625,0.9808917197452229,1.0,T_THCA_vs_rest,11,svm
6812,cosg,0.9864546098716098,0.9807692307692307,0.9870967741935484,0.9935064935064936,T_THCA_vs_rest,11,svm
6813,cosg,0.9899059358843225,0.9808917197452229,0.9903536977491961,1.0,T_THCA_vs_rest,12,svm
6814,cosg,0.9800922189910598,0.9625,0.9808917197452229,1.0,T_THCA_vs_rest,12,svm
6815,cosg,0.9864546098716098,0.9807692307692307,0.9870967741935484,0.9935064935064936,T_THCA_vs_rest,12,svm
6816,cosg,0.993238811150159,0.9871794871794872,0.9935483870967742,1.0,T_THCA_vs_rest,13,svm
6817,cosg,0.9800922189910598,0.9625,0.9808917197452229,1.0,T_THCA_vs_rest,13,svm
6818,cosg,0.9831422501060908,0.9745222929936306,0.9839228295819936,0.9935064935064936,T_THCA_vs_rest,13,svm
6819,cosg,0.993238811150159,0.9871794871794872,0.9935483870967742,1.0,T_THCA_vs_rest,14,svm
6820,cosg,0.9800922189910598,0.9625,0.9808917197452229,1.0,T_THCA_vs_rest,14,svm
6821,cosg,0.9831422501060908,0.9745222929936306,0.9839228295819936,0.9935064935064936,T_THCA_vs_rest,14,svm
6822,cosg,0.993238811150159,0.9871794871794872,0.9935483870967742,1.0,T_THCA_vs_rest,15,svm
6823,cosg,0.9833331234310914,0.9685534591194969,0.9840255591054313,1.0,T_THCA_vs_rest,15,svm
6824,cosg,0.989798409555429,0.9870967741935484,0.9902912621359223,0.9935064935064936,T_THCA_vs_rest,15,svm
6825,cosg,0.993238811150159,0.9871794871794872,0.9935483870967742,1.0,T_THCA_vs_rest,16,svm
6826,cosg,0.9833331234310914,0.9685534591194969,0.9840255591054313,1.0,T_THCA_vs_rest,16,svm
6827,cosg,0.989798409555429,0.9870967741935484,0.9902912621359223,0.9935064935064936,T_THCA_vs_rest,16,svm
6828,cosg,0.993238811150159,0.9871794871794872,0.9935483870967742,1.0,T_THCA_vs_rest,17,svm
6829,cosg,0.9833331234310914,0.9685534591194969,0.9840255591054313,1.0,T_THCA_vs_rest,17,svm
6830,cosg,0.989798409555429,0.9870967741935484,0.9902912621359223,0.9935064935064936,T_THCA_vs_rest,17,svm
6831,cosg,0.993238811150159,0.9871794871794872,0.9935483870967742,1.0,T_THCA_vs_rest,18,svm
6832,cosg,0.9833331234310914,0.9685534591194969,0.9840255591054313,1.0,T_THCA_vs_rest,18,svm
6833,cosg,0.989798409555429,0.9870967741935484,0.9902912621359223,0.9935064935064936,T_THCA_vs_rest,18,svm
6834,cosg,0.9966033287510796,0.9935483870967742,0.9967637540453075,1.0,T_THCA_vs_rest,19,svm
6835,cosg,0.9899059358843225,0.9808917197452229,0.9903536977491961,1.0,T_THCA_vs_rest,19,svm
6836,cosg,0.9931741571821332,0.9935064935064936,0.9935064935064936,0.9935064935064936,T_THCA_vs_rest,19,svm
6837,cosg,0.9966033287510796,0.9935483870967742,0.9967637540453075,1.0,T_THCA_vs_rest,20,svm
6838,cosg,0.9899059358843225,0.9808917197452229,0.9903536977491961,1.0,T_THCA_vs_rest,20,svm
6839,cosg,0.9931741571821332,0.9935064935064936,0.9935064935064936,0.9935064935064936,T_THCA_vs_rest,20,svm
6840,scanpy_wilcoxon,0.9899059358843225,0.9808917197452229,0.9903536977491961,1.0,T_THCA_vs_rest,1,svm
6841,scanpy_wilcoxon,0.9833331234310914,0.9685534591194969,0.9840255591054313,1.0,T_THCA_vs_rest,1,svm
6842,scanpy_wilcoxon,0.9766098741932515,0.9622641509433962,0.9776357827476039,0.9935064935064936,T_THCA_vs_rest,1,svm
6843,scanpy_wilcoxon,0.986604202969805,0.9746835443037974,0.9871794871794872,1.0,T_THCA_vs_rest,2,svm
6844,scanpy_wilcoxon,0.986604202969805,0.9746835443037974,0.9871794871794872,1.0,T_THCA_vs_rest,2,svm
6845,scanpy_wilcoxon,0.9831422501060908,0.9745222929936306,0.9839228295819936,0.9935064935064936,T_THCA_vs_rest,2,svm
6846,scanpy_wilcoxon,0.993238811150159,0.9871794871794872,0.9935483870967742,1.0,T_THCA_vs_rest,3,svm
6847,scanpy_wilcoxon,1.0,1.0,1.0,1.0,T_THCA_vs_rest,3,svm
6848,scanpy_wilcoxon,0.9931741571821332,0.9935064935064936,0.9935064935064936,0.9935064935064936,T_THCA_vs_rest,3,svm
6849,scanpy_wilcoxon,0.9966033287510796,0.9935483870967742,0.9967637540453075,1.0,T_THCA_vs_rest,4,svm
6850,scanpy_wilcoxon,0.9966033287510796,0.9935483870967742,0.9967637540453075,1.0,T_THCA_vs_rest,4,svm
6851,scanpy_wilcoxon,0.9931741571821332,0.9935064935064936,0.9935064935064936,0.9935064935064936,T_THCA_vs_rest,4,svm
6852,scanpy_wilcoxon,0.993238811150159,0.9871794871794872,0.9935483870967742,1.0,T_THCA_vs_rest,5,svm
6853,scanpy_wilcoxon,0.9966033287510796,0.9935483870967742,0.9967637540453075,1.0,T_THCA_vs_rest,5,svm
6854,scanpy_wilcoxon,0.9931741571821332,0.9935064935064936,0.9935064935064936,0.9935064935064936,T_THCA_vs_rest,5,svm
6855,scanpy_wilcoxon,0.993238811150159,0.9871794871794872,0.9935483870967742,1.0,T_THCA_vs_rest,6,svm
6856,scanpy_wilcoxon,0.9966033287510796,0.9935483870967742,0.9967637540453075,1.0,T_THCA_vs_rest,6,svm
6857,scanpy_wilcoxon,0.9931741571821332,0.9935064935064936,0.9935064935064936,0.9935064935064936,T_THCA_vs_rest,6,svm
6858,scanpy_wilcoxon,0.993238811150159,0.9871794871794872,0.9935483870967742,1.0,T_THCA_vs_rest,7,svm
6859,scanpy_wilcoxon,0.993238811150159,0.9871794871794872,0.9935483870967742,1.0,T_THCA_vs_rest,7,svm
6860,scanpy_wilcoxon,0.9931741571821332,0.9935064935064936,0.9935064935064936,0.9935064935064936,T_THCA_vs_rest,7,svm
6861,scanpy_wilcoxon,0.993238811150159,0.9871794871794872,0.9935483870967742,1.0,T_THCA_vs_rest,8,svm
6862,scanpy_wilcoxon,0.993238811150159,0.9871794871794872,0.9935483870967742,1.0,T_THCA_vs_rest,8,svm
6863,scanpy_wilcoxon,0.9931741571821332,0.9935064935064936,0.9935064935064936,0.9935064935064936,T_THCA_vs_rest,8,svm
6864,scanpy_wilcoxon,0.993238811150159,0.9871794871794872,0.9935483870967742,1.0,T_THCA_vs_rest,9,svm
6865,scanpy_wilcoxon,0.9899059358843225,0.9808917197452229,0.9903536977491961,1.0,T_THCA_vs_rest,9,svm
6866,scanpy_wilcoxon,0.9931741571821332,0.9935064935064936,0.9935064935064936,0.9935064935064936,T_THCA_vs_rest,9,svm
6867,scanpy_wilcoxon,0.9966033287510796,0.9935483870967742,0.9967637540453075,1.0,T_THCA_vs_rest,10,svm
6868,scanpy_wilcoxon,0.993238811150159,0.9871794871794872,0.9935483870967742,1.0,T_THCA_vs_rest,10,svm
6869,scanpy_wilcoxon,0.9931741571821332,0.9935064935064936,0.9935064935064936,0.9935064935064936,T_THCA_vs_rest,10,svm
6870,scanpy_wilcoxon,0.993238811150159,0.9871794871794872,0.9935483870967742,1.0,T_THCA_vs_rest,11,svm
6871,scanpy_wilcoxon,0.993238811150159,0.9871794871794872,0.9935483870967742,1.0,T_THCA_vs_rest,11,svm
6872,scanpy_wilcoxon,0.9931741571821332,0.9935064935064936,0.9935064935064936,0.9935064935064936,T_THCA_vs_rest,11,svm
6873,scanpy_wilcoxon,0.993238811150159,0.9871794871794872,0.9935483870967742,1.0,T_THCA_vs_rest,12,svm
6874,scanpy_wilcoxon,0.9966033287510796,0.9935483870967742,0.9967637540453075,1.0,T_THCA_vs_rest,12,svm
6875,scanpy_wilcoxon,0.9931741571821332,0.9935064935064936,0.9935064935064936,0.9935064935064936,T_THCA_vs_rest,12,svm
6876,scanpy_wilcoxon,0.9966033287510796,0.9935483870967742,0.9967637540453075,1.0,T_THCA_vs_rest,13,svm
6877,scanpy_wilcoxon,0.9966033287510796,0.9935483870967742,0.9967637540453075,1.0,T_THCA_vs_rest,13,svm
6878,scanpy_wilcoxon,0.9931741571821332,0.9935064935064936,0.9935064935064936,0.9935064935064936,T_THCA_vs_rest,13,svm
6879,scanpy_wilcoxon,0.9966033287510796,0.9935483870967742,0.9967637540453075,1.0,T_THCA_vs_rest,14,svm
6880,scanpy_wilcoxon,0.9966033287510796,0.9935483870967742,0.9967637540453075,1.0,T_THCA_vs_rest,14,svm
6881,scanpy_wilcoxon,0.9931741571821332,0.9935064935064936,0.9935064935064936,0.9935064935064936,T_THCA_vs_rest,14,svm
6882,scanpy_wilcoxon,0.9966033287510796,0.9935483870967742,0.9967637540453075,1.0,T_THCA_vs_rest,15,svm
6883,scanpy_wilcoxon,0.9966033287510796,0.9935483870967742,0.9967637540453075,1.0,T_THCA_vs_rest,15,svm
6884,scanpy_wilcoxon,0.9931741571821332,0.9935064935064936,0.9935064935064936,0.9935064935064936,T_THCA_vs_rest,15,svm
6885,scanpy_wilcoxon,0.9966033287510796,0.9935483870967742,0.9967637540453075,1.0,T_THCA_vs_rest,16,svm
6886,scanpy_wilcoxon,0.9966033287510796,0.9935483870967742,0.9967637540453075,1.0,T_THCA_vs_rest,16,svm
6887,scanpy_wilcoxon,0.9931741571821332,0.9935064935064936,0.9935064935064936,0.9935064935064936,T_THCA_vs_rest,16,svm
6888,scanpy_wilcoxon,0.9966033287510796,0.9935483870967742,0.9967637540453075,1.0,T_THCA_vs_rest,17,svm
6889,scanpy_wilcoxon,0.9966033287510796,0.9935483870967742,0.9967637540453075,1.0,T_THCA_vs_rest,17,svm
6890,scanpy_wilcoxon,0.9931741571821332,0.9935064935064936,0.9935064935064936,0.9935064935064936,T_THCA_vs_rest,17,svm
6891,scanpy_wilcoxon,0.9966033287510796,0.9935483870967742,0.9967637540453075,1.0,T_THCA_vs_rest,18,svm
6892,scanpy_wilcoxon,0.9966033287510796,0.9935483870967742,0.9967637540453075,1.0,T_THCA_vs_rest,18,svm
6893,scanpy_wilcoxon,0.9931741571821332,0.9935064935064936,0.9935064935064936,0.9935064935064936,T_THCA_vs_rest,18,svm
6894,scanpy_wilcoxon,0.9966033287510796,0.9935483870967742,0.9967637540453075,1.0,T_THCA_vs_rest,19,svm
6895,scanpy_wilcoxon,0.9966033287510796,0.9935483870967742,0.9967637540453075,1.0,T_THCA_vs_rest,19,svm
6896,scanpy_wilcoxon,0.9931741571821332,0.9935064935064936,0.9935064935064936,0.9935064935064936,T_THCA_vs_rest,19,svm
6897,scanpy_wilcoxon,0.9966033287510796,0.9935483870967742,0.9967637540453075,1.0,T_THCA_vs_rest,20,svm
6898,scanpy_wilcoxon,0.9966033287510796,0.9935483870967742,0.9967637540453075,1.0,T_THCA_vs_rest,20,svm
6899,scanpy_wilcoxon,0.9931741571821332,0.9935064935064936,0.9935064935064936,0.9935064935064936,T_THCA_vs_rest,20,svm
6900,scanpy_t-test,0.9376431817740777,0.8850574712643678,0.9390243902439024,1.0,T_THCA_vs_rest,1,svm
6901,scanpy_t-test,0.9236813192956298,0.8603351955307262,0.924924924924925,1.0,T_THCA_vs_rest,1,svm
6902,scanpy_t-test,0.94273063102411,0.9,0.9444444444444444,0.9935064935064936,T_THCA_vs_rest,1,svm
6903,scanpy_t-test,0.9899059358843225,0.9808917197452229,0.9903536977491961,1.0,T_THCA_vs_rest,2,svm
6904,scanpy_t-test,0.9899059358843225,0.9808917197452229,0.9903536977491961,1.0,T_THCA_vs_rest,2,svm
6905,scanpy_t-test,0.9831422501060908,0.9745222929936306,0.9839228295819936,0.9935064935064936,T_THCA_vs_rest,2,svm
6906,scanpy_t-test,0.993238811150159,0.9871794871794872,0.9935483870967742,1.0,T_THCA_vs_rest,3,svm
6907,scanpy_t-test,0.993238811150159,0.9871794871794872,0.9935483870967742,1.0,T_THCA_vs_rest,3,svm
6908,scanpy_t-test,0.9931741571821332,0.9935064935064936,0.9935064935064936,0.9935064935064936,T_THCA_vs_rest,3,svm
6909,scanpy_t-test,0.9899059358843225,0.9808917197452229,0.9903536977491961,1.0,T_THCA_vs_rest,4,svm
6910,scanpy_t-test,0.993238811150159,0.9871794871794872,0.9935483870967742,1.0,T_THCA_vs_rest,4,svm
6911,scanpy_t-test,0.9931741571821332,0.9935064935064936,0.9935064935064936,0.9935064935064936,T_THCA_vs_rest,4,svm
6912,scanpy_t-test,0.9899059358843225,0.9808917197452229,0.9903536977491961,1.0,T_THCA_vs_rest,5,svm
6913,scanpy_t-test,0.9966033287510796,0.9935483870967742,0.9967637540453075,1.0,T_THCA_vs_rest,5,svm
6914,scanpy_t-test,0.9931741571821332,0.9935064935064936,0.9935064935064936,0.9935064935064936,T_THCA_vs_rest,5,svm
6915,scanpy_t-test,0.9966033287510796,0.9935483870967742,0.9967637540453075,1.0,T_THCA_vs_rest,6,svm
6916,scanpy_t-test,0.9966033287510796,0.9935483870967742,0.9967637540453075,1.0,T_THCA_vs_rest,6,svm
6917,scanpy_t-test,0.9931741571821332,0.9935064935064936,0.9935064935064936,0.9935064935064936,T_THCA_vs_rest,6,svm
6918,scanpy_t-test,0.993238811150159,0.9871794871794872,0.9935483870967742,1.0,T_THCA_vs_rest,7,svm
6919,scanpy_t-test,0.9899059358843225,0.9808917197452229,0.9903536977491961,1.0,T_THCA_vs_rest,7,svm
6920,scanpy_t-test,0.9931741571821332,0.9935064935064936,0.9935064935064936,0.9935064935064936,T_THCA_vs_rest,7,svm
6921,scanpy_t-test,0.993238811150159,0.9871794871794872,0.9935483870967742,1.0,T_THCA_vs_rest,8,svm
6922,scanpy_t-test,0.9899059358843225,0.9808917197452229,0.9903536977491961,1.0,T_THCA_vs_rest,8,svm
6923,scanpy_t-test,0.9931741571821332,0.9935064935064936,0.9935064935064936,0.9935064935064936,T_THCA_vs_rest,8,svm
6924,scanpy_t-test,0.993238811150159,0.9871794871794872,0.9935483870967742,1.0,T_THCA_vs_rest,9,svm
6925,scanpy_t-test,0.993238811150159,0.9871794871794872,0.9935483870967742,1.0,T_THCA_vs_rest,9,svm
6926,scanpy_t-test,0.9931741571821332,0.9935064935064936,0.9935064935064936,0.9935064935064936,T_THCA_vs_rest,9,svm
6927,scanpy_t-test,0.993238811150159,0.9871794871794872,0.9935483870967742,1.0,T_THCA_vs_rest,10,svm
6928,scanpy_t-test,1.0,1.0,1.0,1.0,T_THCA_vs_rest,10,svm
6929,scanpy_t-test,0.9931741571821332,0.9935064935064936,0.9935064935064936,0.9935064935064936,T_THCA_vs_rest,10,svm
6930,scanpy_t-test,0.993238811150159,0.9871794871794872,0.9935483870967742,1.0,T_THCA_vs_rest,11,svm
6931,scanpy_t-test,0.993238811150159,0.9871794871794872,0.9935483870967742,1.0,T_THCA_vs_rest,11,svm
6932,scanpy_t-test,0.9931741571821332,0.9935064935064936,0.9935064935064936,0.9935064935064936,T_THCA_vs_rest,11,svm
6933,scanpy_t-test,0.993238811150159,0.9871794871794872,0.9935483870967742,1.0,T_THCA_vs_rest,12,svm
6934,scanpy_t-test,0.993238811150159,0.9871794871794872,0.9935483870967742,1.0,T_THCA_vs_rest,12,svm
6935,scanpy_t-test,0.9931741571821332,0.9935064935064936,0.9935064935064936,0.9935064935064936,T_THCA_vs_rest,12,svm
6936,scanpy_t-test,0.993238811150159,0.9871794871794872,0.9935483870967742,1.0,T_THCA_vs_rest,13,svm
6937,scanpy_t-test,0.993238811150159,0.9871794871794872,0.9935483870967742,1.0,T_THCA_vs_rest,13,svm
6938,scanpy_t-test,0.9931741571821332,0.9935064935064936,0.9935064935064936,0.9935064935064936,T_THCA_vs_rest,13,svm
6939,scanpy_t-test,0.9966033287510796,0.9935483870967742,0.9967637540453075,1.0,T_THCA_vs_rest,14,svm
6940,scanpy_t-test,0.993238811150159,0.9871794871794872,0.9935483870967742,1.0,T_THCA_vs_rest,14,svm
6941,scanpy_t-test,0.9931741571821332,0.9935064935064936,0.9935064935064936,0.9935064935064936,T_THCA_vs_rest,14,svm
6942,scanpy_t-test,0.9966033287510796,0.9935483870967742,0.9967637540453075,1.0,T_THCA_vs_rest,15,svm
6943,scanpy_t-test,0.993238811150159,0.9871794871794872,0.9935483870967742,1.0,T_THCA_vs_rest,15,svm
6944,scanpy_t-test,0.9931741571821332,0.9935064935064936,0.9935064935064936,0.9935064935064936,T_THCA_vs_rest,15,svm
6945,scanpy_t-test,0.9966033287510796,0.9935483870967742,0.9967637540453075,1.0,T_THCA_vs_rest,16,svm
6946,scanpy_t-test,1.0,1.0,1.0,1.0,T_THCA_vs_rest,16,svm
6947,scanpy_t-test,0.9966033287510796,0.9935483870967742,0.9967637540453075,1.0,T_THCA_vs_rest,16,svm
6948,scanpy_t-test,0.9966033287510796,0.9935483870967742,0.9967637540453075,1.0,T_THCA_vs_rest,17,svm
6949,scanpy_t-test,1.0,1.0,1.0,1.0,T_THCA_vs_rest,17,svm
6950,scanpy_t-test,0.9931741571821332,0.9935064935064936,0.9935064935064936,0.9935064935064936,T_THCA_vs_rest,17,svm
6951,scanpy_t-test,0.9966033287510796,0.9935483870967742,0.9967637540453075,1.0,T_THCA_vs_rest,18,svm
6952,scanpy_t-test,1.0,1.0,1.0,1.0,T_THCA_vs_rest,18,svm
6953,scanpy_t-test,0.9931741571821332,0.9935064935064936,0.9935064935064936,0.9935064935064936,T_THCA_vs_rest,18,svm
6954,scanpy_t-test,0.9966033287510796,0.9935483870967742,0.9967637540453075,1.0,T_THCA_vs_rest,19,svm
6955,scanpy_t-test,1.0,1.0,1.0,1.0,T_THCA_vs_rest,19,svm
6956,scanpy_t-test,0.9966033287510796,0.9935483870967742,0.9967637540453075,1.0,T_THCA_vs_rest,19,svm
6957,scanpy_t-test,0.9966033287510796,0.9935483870967742,0.9967637540453075,1.0,T_THCA_vs_rest,20,svm
6958,scanpy_t-test,1.0,1.0,1.0,1.0,T_THCA_vs_rest,20,svm
6959,scanpy_t-test,0.9966033287510796,0.9935483870967742,0.9967637540453075,1.0,T_THCA_vs_rest,20,svm
6960,yomix,0.7782554313153842,0.6101694915254238,0.7578947368421053,1.0,T_THYM_vs_rest,1,svm
6961,yomix,0.7651441972971837,0.5901639344262295,0.7422680412371134,1.0,T_THYM_vs_rest,1,svm
6962,yomix,0.8312254319905485,0.7142857142857143,0.8235294117647058,0.9722222222222222,T_THYM_vs_rest,1,svm
6963,yomix,0.8490151637153346,0.7446808510638298,0.8433734939759037,0.9722222222222222,T_THYM_vs_rest,2,svm
6964,yomix,0.8381505143652384,0.7058823529411765,0.8275862068965517,1.0,T_THYM_vs_rest,2,svm
6965,yomix,0.8988931637502925,0.8333333333333334,0.8974358974358975,0.9722222222222222,T_THYM_vs_rest,2,svm
6966,yomix,0.8399820644228456,0.7291666666666666,0.8333333333333334,0.9722222222222222,T_THYM_vs_rest,3,svm
6967,yomix,0.8381505143652384,0.7058823529411765,0.8275862068965517,1.0,T_THYM_vs_rest,3,svm
6968,yomix,0.8882288507756777,0.813953488372093,0.8860759493670886,0.9722222222222222,T_THYM_vs_rest,3,svm
6969,yomix,0.8490151637153346,0.7446808510638298,0.8433734939759037,0.9722222222222222,T_THYM_vs_rest,4,svm
6970,yomix,0.8299188779790331,0.6923076923076923,0.8181818181818182,1.0,T_THYM_vs_rest,4,svm
6971,yomix,0.8882288507756777,0.813953488372093,0.8860759493670886,0.9722222222222222,T_THYM_vs_rest,4,svm
6972,yomix,0.8490151637153346,0.7446808510638298,0.8433734939759037,0.9722222222222222,T_THYM_vs_rest,5,svm
6973,yomix,0.8299188779790331,0.6923076923076923,0.8181818181818182,1.0,T_THYM_vs_rest,5,svm
6974,yomix,0.8882288507756777,0.813953488372093,0.8860759493670886,0.9722222222222222,T_THYM_vs_rest,5,svm
6975,yomix,0.8490151637153346,0.7446808510638298,0.8433734939759037,0.9722222222222222,T_THYM_vs_rest,6,svm
6976,yomix,0.8299188779790331,0.6923076923076923,0.8181818181818182,1.0,T_THYM_vs_rest,6,svm
6977,yomix,0.8882288507756777,0.813953488372093,0.8860759493670886,0.9722222222222222,T_THYM_vs_rest,6,svm
6978,yomix,0.8312254319905485,0.7142857142857143,0.8235294117647058,0.9722222222222222,T_THYM_vs_rest,7,svm
6979,yomix,0.8299188779790331,0.6923076923076923,0.8181818181818182,1.0,T_THYM_vs_rest,7,svm
6980,yomix,0.8882288507756777,0.813953488372093,0.8860759493670886,0.9722222222222222,T_THYM_vs_rest,7,svm
6981,yomix,0.8312254319905485,0.7142857142857143,0.8235294117647058,0.9722222222222222,T_THYM_vs_rest,8,svm
6982,yomix,0.8299188779790331,0.6923076923076923,0.8181818181818182,1.0,T_THYM_vs_rest,8,svm
6983,yomix,0.8882288507756777,0.813953488372093,0.8860759493670886,0.9722222222222222,T_THYM_vs_rest,8,svm
6984,yomix,0.8399820644228456,0.7291666666666666,0.8333333333333334,0.9722222222222222,T_THYM_vs_rest,9,svm
6985,yomix,0.8299188779790331,0.6923076923076923,0.8181818181818182,1.0,T_THYM_vs_rest,9,svm
6986,yomix,0.8988931637502925,0.8333333333333334,0.8974358974358975,0.9722222222222222,T_THYM_vs_rest,9,svm
6987,yomix,0.8779284453761043,0.7954545454545454,0.875,0.9722222222222222,T_THYM_vs_rest,10,svm
6988,yomix,0.8643621012174854,0.75,0.8571428571428571,1.0,T_THYM_vs_rest,10,svm
6989,yomix,0.8988931637502925,0.8333333333333334,0.8974358974358975,0.9722222222222222,T_THYM_vs_rest,10,svm
6990,yomix,0.8988931637502925,0.8333333333333334,0.8974358974358975,0.9722222222222222,T_THYM_vs_rest,11,svm
6991,yomix,0.7466345984060317,0.5625,0.72,1.0,T_THYM_vs_rest,11,svm
6992,yomix,0.8679716346548075,0.7777777777777778,0.8641975308641975,0.9722222222222222,T_THYM_vs_rest,11,svm
6993,yomix,0.9585164810748138,0.9459459459459459,0.958904109589041,0.9722222222222222,T_THYM_vs_rest,12,svm
6994,yomix,0.7466345984060317,0.5625,0.72,1.0,T_THYM_vs_rest,12,svm
6995,yomix,0.8312254319905485,0.7142857142857143,0.8235294117647058,0.9722222222222222,T_THYM_vs_rest,12,svm
6996,yomix,0.9456602916249559,0.9210526315789473,0.9459459459459459,0.9722222222222222,T_THYM_vs_rest,13,svm
6997,yomix,0.7466345984060317,0.5625,0.72,1.0,T_THYM_vs_rest,13,svm
6998,yomix,0.822731386986042,0.7,0.813953488372093,0.9722222222222222,T_THYM_vs_rest,13,svm
6999,yomix,0.9603079381149019,0.9230769230769231,0.96,1.0,T_THYM_vs_rest,14,svm
7000,yomix,0.8466265192300789,0.72,0.8372093023255814,1.0,T_THYM_vs_rest,14,svm
7001,yomix,0.9456602916249559,0.9210526315789473,0.9459459459459459,0.9722222222222222,T_THYM_vs_rest,14,svm
7002,yomix,0.9603079381149019,0.9230769230769231,0.96,1.0,T_THYM_vs_rest,15,svm
7003,yomix,0.8553592846391025,0.7346938775510204,0.8470588235294118,1.0,T_THYM_vs_rest,15,svm
7004,yomix,0.9214035714722654,0.875,0.9210526315789473,0.9722222222222222,T_THYM_vs_rest,15,svm
7005,yomix,0.9730172110795754,0.9473684210526315,0.972972972972973,1.0,T_THYM_vs_rest,16,svm
7006,yomix,0.8466265192300789,0.72,0.8372093023255814,1.0,T_THYM_vs_rest,16,svm
7007,yomix,0.909943420166727,0.8536585365853658,0.9090909090909091,0.9722222222222222,T_THYM_vs_rest,16,svm
7008,yomix,0.9730172110795754,0.9473684210526315,0.972972972972973,1.0,T_THYM_vs_rest,17,svm
7009,yomix,0.8466265192300789,0.72,0.8372093023255814,1.0,T_THYM_vs_rest,17,svm
7010,yomix,0.909943420166727,0.8536585365853658,0.9090909090909091,0.9722222222222222,T_THYM_vs_rest,17,svm
7011,yomix,1.0,1.0,1.0,1.0,T_THYM_vs_rest,18,svm
7012,yomix,0.8931391121302914,0.8,0.8888888888888888,1.0,T_THYM_vs_rest,18,svm
7013,yomix,0.9719024268912341,0.9722222222222222,0.9722222222222222,0.9722222222222222,T_THYM_vs_rest,18,svm
7014,yomix,1.0,1.0,1.0,1.0,T_THYM_vs_rest,19,svm
7015,yomix,0.9362931170236731,0.8780487804878049,0.935064935064935,1.0,T_THYM_vs_rest,19,svm
7016,yomix,0.9858556737633215,1.0,0.9859154929577465,0.9722222222222222,T_THYM_vs_rest,19,svm
7017,yomix,1.0,1.0,1.0,1.0,T_THYM_vs_rest,20,svm
7018,yomix,0.9249314544552111,0.8571428571428571,0.9230769230769231,1.0,T_THYM_vs_rest,20,svm
7019,yomix,0.9858556737633215,1.0,0.9859154929577465,0.9722222222222222,T_THYM_vs_rest,20,svm
7020,cosg,0.8528578058634593,0.90625,0.8529411764705882,0.8055555555555556,T_THYM_vs_rest,1,svm
7021,cosg,0.8718893346482085,0.8857142857142857,0.8732394366197183,0.8611111111111112,T_THYM_vs_rest,1,svm
7022,cosg,0.8983023857179263,0.9393939393939394,0.8985507246376812,0.8611111111111112,T_THYM_vs_rest,1,svm
7023,cosg,0.8635895332610973,0.8421052631578947,0.8648648648648649,0.8888888888888888,T_THYM_vs_rest,2,svm
7024,cosg,0.883593723309781,0.8292682926829268,0.8831168831168831,0.9444444444444444,T_THYM_vs_rest,2,svm
7025,cosg,0.9288725042057651,0.9428571428571428,0.9295774647887324,0.9166666666666666,T_THYM_vs_rest,2,svm
7026,cosg,0.8635895332610973,0.8421052631578947,0.8648648648648649,0.8888888888888888,T_THYM_vs_rest,3,svm
7027,cosg,0.894730808038716,0.85,0.8947368421052632,0.9444444444444444,T_THYM_vs_rest,3,svm
7028,cosg,0.9288725042057651,0.9428571428571428,0.9295774647887324,0.9166666666666666,T_THYM_vs_rest,3,svm
7029,cosg,0.8334432517237509,0.7391304347826086,0.8292682926829268,0.9444444444444444,T_THYM_vs_rest,4,svm
7030,cosg,0.8583396592299578,0.7608695652173914,0.8536585365853658,0.9722222222222222,T_THYM_vs_rest,4,svm
7031,cosg,0.8156020276282058,0.7083333333333334,0.8095238095238095,0.9444444444444444,T_THYM_vs_rest,4,svm
7032,cosg,0.8334432517237509,0.7391304347826086,0.8292682926829268,0.9444444444444444,T_THYM_vs_rest,5,svm
7033,cosg,0.8583396592299578,0.7608695652173914,0.8536585365853658,0.9722222222222222,T_THYM_vs_rest,5,svm
7034,cosg,0.8156020276282058,0.7083333333333334,0.8095238095238095,0.9444444444444444,T_THYM_vs_rest,5,svm
7035,cosg,0.8334432517237509,0.7391304347826086,0.8292682926829268,0.9444444444444444,T_THYM_vs_rest,6,svm
7036,cosg,0.8583396592299578,0.7608695652173914,0.8536585365853658,0.9722222222222222,T_THYM_vs_rest,6,svm
7037,cosg,0.8156020276282058,0.7083333333333334,0.8095238095238095,0.9444444444444444,T_THYM_vs_rest,6,svm
7038,cosg,0.8334432517237509,0.7391304347826086,0.8292682926829268,0.9444444444444444,T_THYM_vs_rest,7,svm
7039,cosg,0.8583396592299578,0.7608695652173914,0.8536585365853658,0.9722222222222222,T_THYM_vs_rest,7,svm
7040,cosg,0.8156020276282058,0.7083333333333334,0.8095238095238095,0.9444444444444444,T_THYM_vs_rest,7,svm
7041,cosg,0.8334432517237509,0.7391304347826086,0.8292682926829268,0.9444444444444444,T_THYM_vs_rest,8,svm
7042,cosg,0.8490151637153346,0.7446808510638298,0.8433734939759037,0.9722222222222222,T_THYM_vs_rest,8,svm
7043,cosg,0.8156020276282058,0.7083333333333334,0.8095238095238095,0.9444444444444444,T_THYM_vs_rest,8,svm
7044,cosg,0.8334432517237509,0.7391304347826086,0.8292682926829268,0.9444444444444444,T_THYM_vs_rest,9,svm
7045,cosg,0.8490151637153346,0.7446808510638298,0.8433734939759037,0.9722222222222222,T_THYM_vs_rest,9,svm
7046,cosg,0.8070915793419947,0.6938775510204082,0.8,0.9444444444444444,T_THYM_vs_rest,9,svm
7047,cosg,0.8428041571793237,0.7555555555555555,0.8395061728395061,0.9444444444444444,T_THYM_vs_rest,10,svm
7048,cosg,0.8490151637153346,0.7446808510638298,0.8433734939759037,0.9722222222222222,T_THYM_vs_rest,10,svm
7049,cosg,0.8156020276282058,0.7083333333333334,0.8095238095238095,0.9444444444444444,T_THYM_vs_rest,10,svm
7050,cosg,0.8428041571793237,0.7555555555555555,0.8395061728395061,0.9444444444444444,T_THYM_vs_rest,11,svm
7051,cosg,0.8490151637153346,0.7446808510638298,0.8433734939759037,0.9722222222222222,T_THYM_vs_rest,11,svm
7052,cosg,0.8070915793419947,0.6938775510204082,0.8,0.9444444444444444,T_THYM_vs_rest,11,svm
7053,cosg,0.8428041571793237,0.7555555555555555,0.8395061728395061,0.9444444444444444,T_THYM_vs_rest,12,svm
7054,cosg,0.8490151637153346,0.7446808510638298,0.8433734939759037,0.9722222222222222,T_THYM_vs_rest,12,svm
7055,cosg,0.8156020276282058,0.7083333333333334,0.8095238095238095,0.9444444444444444,T_THYM_vs_rest,12,svm
7056,cosg,0.8428041571793237,0.7555555555555555,0.8395061728395061,0.9444444444444444,T_THYM_vs_rest,13,svm
7057,cosg,0.8679716346548075,0.7777777777777778,0.8641975308641975,0.9722222222222222,T_THYM_vs_rest,13,svm
7058,cosg,0.8156020276282058,0.7083333333333334,0.8095238095238095,0.9444444444444444,T_THYM_vs_rest,13,svm
7059,cosg,0.8428041571793237,0.7555555555555555,0.8395061728395061,0.9444444444444444,T_THYM_vs_rest,14,svm
7060,cosg,0.8679716346548075,0.7777777777777778,0.8641975308641975,0.9722222222222222,T_THYM_vs_rest,14,svm
7061,cosg,0.8156020276282058,0.7083333333333334,0.8095238095238095,0.9444444444444444,T_THYM_vs_rest,14,svm
7062,cosg,0.8428041571793237,0.7555555555555555,0.8395061728395061,0.9444444444444444,T_THYM_vs_rest,15,svm
7063,cosg,0.8679716346548075,0.7777777777777778,0.8641975308641975,0.9722222222222222,T_THYM_vs_rest,15,svm
7064,cosg,0.8156020276282058,0.7083333333333334,0.8095238095238095,0.9444444444444444,T_THYM_vs_rest,15,svm
7065,cosg,0.8524806610566368,0.7727272727272727,0.85,0.9444444444444444,T_THYM_vs_rest,16,svm
7066,cosg,0.8679716346548075,0.7777777777777778,0.8641975308641975,0.9722222222222222,T_THYM_vs_rest,16,svm
7067,cosg,0.8156020276282058,0.7083333333333334,0.8095238095238095,0.9444444444444444,T_THYM_vs_rest,16,svm
7068,cosg,0.8524806610566368,0.7727272727272727,0.85,0.9444444444444444,T_THYM_vs_rest,17,svm
7069,cosg,0.8679716346548075,0.7777777777777778,0.8641975308641975,0.9722222222222222,T_THYM_vs_rest,17,svm
7070,cosg,0.8156020276282058,0.7083333333333334,0.8095238095238095,0.9444444444444444,T_THYM_vs_rest,17,svm
7071,cosg,0.8524806610566368,0.7727272727272727,0.85,0.9444444444444444,T_THYM_vs_rest,18,svm
7072,cosg,0.8679716346548075,0.7777777777777778,0.8641975308641975,0.9722222222222222,T_THYM_vs_rest,18,svm
7073,cosg,0.8156020276282058,0.7083333333333334,0.8095238095238095,0.9444444444444444,T_THYM_vs_rest,18,svm
7074,cosg,0.8524806610566368,0.7727272727272727,0.85,0.9444444444444444,T_THYM_vs_rest,19,svm
7075,cosg,0.8679716346548075,0.7777777777777778,0.8641975308641975,0.9722222222222222,T_THYM_vs_rest,19,svm
7076,cosg,0.8156020276282058,0.7083333333333334,0.8095238095238095,0.9444444444444444,T_THYM_vs_rest,19,svm
7077,cosg,0.8524806610566368,0.7727272727272727,0.85,0.9444444444444444,T_THYM_vs_rest,20,svm
7078,cosg,0.8490151637153346,0.7446808510638298,0.8433734939759037,0.9722222222222222,T_THYM_vs_rest,20,svm
7079,cosg,0.7671599917394551,0.6470588235294118,0.7586206896551724,0.9166666666666666,T_THYM_vs_rest,20,svm
7080,scanpy_wilcoxon,0.8428041571793237,0.7555555555555555,0.8395061728395061,0.9444444444444444,T_THYM_vs_rest,1,svm
7081,scanpy_wilcoxon,0.8490151637153346,0.7446808510638298,0.8433734939759037,0.9722222222222222,T_THYM_vs_rest,1,svm
7082,scanpy_wilcoxon,0.7988362547420049,0.68,0.7906976744186046,0.9444444444444444,T_THYM_vs_rest,1,svm
7083,scanpy_wilcoxon,0.8490151637153346,0.7446808510638298,0.8433734939759037,0.9722222222222222,T_THYM_vs_rest,2,svm
7084,scanpy_wilcoxon,0.8381505143652384,0.7058823529411765,0.8275862068965517,1.0,T_THYM_vs_rest,2,svm
7085,scanpy_wilcoxon,0.8988931637502925,0.8333333333333334,0.8974358974358975,0.9722222222222222,T_THYM_vs_rest,2,svm
7086,scanpy_wilcoxon,0.8679716346548075,0.7777777777777778,0.8641975308641975,0.9722222222222222,T_THYM_vs_rest,3,svm
7087,scanpy_wilcoxon,0.7466345984060317,0.5625,0.72,1.0,T_THYM_vs_rest,3,svm
7088,scanpy_wilcoxon,0.8882288507756777,0.813953488372093,0.8860759493670886,0.9722222222222222,T_THYM_vs_rest,3,svm
7089,scanpy_wilcoxon,0.8779284453761043,0.7954545454545454,0.875,0.9722222222222222,T_THYM_vs_rest,4,svm
7090,scanpy_wilcoxon,0.7526583463444068,0.5714285714285714,0.7272727272727273,1.0,T_THYM_vs_rest,4,svm
7091,scanpy_wilcoxon,0.8882288507756777,0.813953488372093,0.8860759493670886,0.9722222222222222,T_THYM_vs_rest,4,svm
7092,scanpy_wilcoxon,0.8779284453761043,0.7954545454545454,0.875,0.9722222222222222,T_THYM_vs_rest,5,svm
7093,scanpy_wilcoxon,0.7526583463444068,0.5714285714285714,0.7272727272727273,1.0,T_THYM_vs_rest,5,svm
7094,scanpy_wilcoxon,0.8882288507756777,0.813953488372093,0.8860759493670886,0.9722222222222222,T_THYM_vs_rest,5,svm
7095,scanpy_wilcoxon,0.8779284453761043,0.7954545454545454,0.875,0.9722222222222222,T_THYM_vs_rest,6,svm
7096,scanpy_wilcoxon,0.7466345984060317,0.5625,0.72,1.0,T_THYM_vs_rest,6,svm
7097,scanpy_wilcoxon,0.8583396592299578,0.7608695652173914,0.8536585365853658,0.9722222222222222,T_THYM_vs_rest,6,svm
7098,scanpy_wilcoxon,0.8779284453761043,0.7954545454545454,0.875,0.9722222222222222,T_THYM_vs_rest,7,svm
7099,scanpy_wilcoxon,0.7466345984060317,0.5625,0.72,1.0,T_THYM_vs_rest,7,svm
7100,scanpy_wilcoxon,0.8583396592299578,0.7608695652173914,0.8536585365853658,0.9722222222222222,T_THYM_vs_rest,7,svm
7101,scanpy_wilcoxon,0.8779284453761043,0.7954545454545454,0.875,0.9722222222222222,T_THYM_vs_rest,8,svm
7102,scanpy_wilcoxon,0.6932348768070835,0.4864864864864865,0.6545454545454545,1.0,T_THYM_vs_rest,8,svm
7103,scanpy_wilcoxon,0.7628476511834239,0.603448275862069,0.7446808510638298,0.9722222222222222,T_THYM_vs_rest,8,svm
7104,scanpy_wilcoxon,0.8779284453761043,0.7954545454545454,0.875,0.9722222222222222,T_THYM_vs_rest,9,svm
7105,scanpy_wilcoxon,0.6884863334910153,0.48,0.6486486486486487,1.0,T_THYM_vs_rest,9,svm
7106,scanpy_wilcoxon,0.7497701030041033,0.5833333333333334,0.7291666666666666,0.9722222222222222,T_THYM_vs_rest,9,svm
7107,scanpy_wilcoxon,0.822731386986042,0.7,0.813953488372093,0.9722222222222222,T_THYM_vs_rest,10,svm
7108,scanpy_wilcoxon,0.6747883757486196,0.46153846153846156,0.631578947368421,1.0,T_THYM_vs_rest,10,svm
7109,scanpy_wilcoxon,0.7497701030041033,0.5833333333333334,0.7291666666666666,0.9722222222222222,T_THYM_vs_rest,10,svm
7110,scanpy_wilcoxon,0.8312254319905485,0.7142857142857143,0.8235294117647058,0.9722222222222222,T_THYM_vs_rest,11,svm
7111,scanpy_wilcoxon,0.6747883757486196,0.46153846153846156,0.631578947368421,1.0,T_THYM_vs_rest,11,svm
7112,scanpy_wilcoxon,0.7497701030041033,0.5833333333333334,0.7291666666666666,0.9722222222222222,T_THYM_vs_rest,11,svm
7113,scanpy_wilcoxon,0.8312254319905485,0.7142857142857143,0.8235294117647058,0.9722222222222222,T_THYM_vs_rest,12,svm
7114,scanpy_wilcoxon,0.6792660486320325,0.4675324675324675,0.6371681415929203,1.0,T_THYM_vs_rest,12,svm
7115,scanpy_wilcoxon,0.7696413230900369,0.6140350877192983,0.7526881720430108,0.9722222222222222,T_THYM_vs_rest,12,svm
7116,scanpy_wilcoxon,0.8381505143652384,0.7058823529411765,0.8275862068965517,1.0,T_THYM_vs_rest,13,svm
7117,scanpy_wilcoxon,0.7651441972971837,0.5901639344262295,0.7422680412371134,1.0,T_THYM_vs_rest,13,svm
7118,scanpy_wilcoxon,0.8490151637153346,0.7446808510638298,0.8433734939759037,0.9722222222222222,T_THYM_vs_rest,13,svm
7119,scanpy_wilcoxon,0.821920039923033,0.6792452830188679,0.8089887640449438,1.0,T_THYM_vs_rest,14,svm
7120,scanpy_wilcoxon,0.7466345984060317,0.5625,0.72,1.0,T_THYM_vs_rest,14,svm
7121,scanpy_wilcoxon,0.8399820644228456,0.7291666666666666,0.8333333333333334,0.9722222222222222,T_THYM_vs_rest,14,svm
7122,scanpy_wilcoxon,0.821920039923033,0.6792452830188679,0.8089887640449438,1.0,T_THYM_vs_rest,15,svm
7123,scanpy_wilcoxon,0.7466345984060317,0.5625,0.72,1.0,T_THYM_vs_rest,15,svm
7124,scanpy_wilcoxon,0.8490151637153346,0.7446808510638298,0.8433734939759037,0.9722222222222222,T_THYM_vs_rest,15,svm
7125,scanpy_wilcoxon,0.8299188779790331,0.6923076923076923,0.8181818181818182,1.0,T_THYM_vs_rest,16,svm
7126,scanpy_wilcoxon,0.7651441972971837,0.5901639344262295,0.7422680412371134,1.0,T_THYM_vs_rest,16,svm
7127,scanpy_wilcoxon,0.8679716346548075,0.7777777777777778,0.8641975308641975,0.9722222222222222,T_THYM_vs_rest,16,svm
7128,scanpy_wilcoxon,0.8299188779790331,0.6923076923076923,0.8181818181818182,1.0,T_THYM_vs_rest,17,svm
7129,scanpy_wilcoxon,0.7651441972971837,0.5901639344262295,0.7422680412371134,1.0,T_THYM_vs_rest,17,svm
7130,scanpy_wilcoxon,0.8679716346548075,0.7777777777777778,0.8641975308641975,0.9722222222222222,T_THYM_vs_rest,17,svm
7131,scanpy_wilcoxon,0.9456602916249559,0.9210526315789473,0.9459459459459459,0.9722222222222222,T_THYM_vs_rest,18,svm
7132,scanpy_wilcoxon,0.8736492437134229,0.7659574468085106,0.8674698795180723,1.0,T_THYM_vs_rest,18,svm
7133,scanpy_wilcoxon,0.9585164810748138,0.9459459459459459,0.958904109589041,0.9722222222222222,T_THYM_vs_rest,18,svm
7134,scanpy_wilcoxon,0.9456602916249559,0.9210526315789473,0.9459459459459459,0.9722222222222222,T_THYM_vs_rest,19,svm
7135,scanpy_wilcoxon,0.8736492437134229,0.7659574468085106,0.8674698795180723,1.0,T_THYM_vs_rest,19,svm
7136,scanpy_wilcoxon,0.9719024268912341,0.9722222222222222,0.9722222222222222,0.9722222222222222,T_THYM_vs_rest,19,svm
7137,scanpy_wilcoxon,0.9456602916249559,0.9210526315789473,0.9459459459459459,0.9722222222222222,T_THYM_vs_rest,20,svm
7138,scanpy_wilcoxon,0.8832360667361647,0.782608695652174,0.8780487804878049,1.0,T_THYM_vs_rest,20,svm
7139,scanpy_wilcoxon,0.9719024268912341,0.9722222222222222,0.9722222222222222,0.9722222222222222,T_THYM_vs_rest,20,svm
7140,scanpy_t-test,0.7782554313153842,0.6101694915254238,0.7578947368421053,1.0,T_THYM_vs_rest,1,svm
7141,scanpy_t-test,0.7651441972971837,0.5901639344262295,0.7422680412371134,1.0,T_THYM_vs_rest,1,svm
7142,scanpy_t-test,0.8312254319905485,0.7142857142857143,0.8235294117647058,0.9722222222222222,T_THYM_vs_rest,1,svm
7143,scanpy_t-test,0.8490151637153346,0.7446808510638298,0.8433734939759037,0.9722222222222222,T_THYM_vs_rest,2,svm
7144,scanpy_t-test,0.7030246681605227,0.5,0.6666666666666666,1.0,T_THYM_vs_rest,2,svm
7145,scanpy_t-test,0.7911352948809905,0.6481481481481481,0.7777777777777778,0.9722222222222222,T_THYM_vs_rest,2,svm
7146,scanpy_t-test,0.8399820644228456,0.7291666666666666,0.8333333333333334,0.9722222222222222,T_THYM_vs_rest,3,svm
7147,scanpy_t-test,0.7030246681605227,0.5,0.6666666666666666,1.0,T_THYM_vs_rest,3,svm
7148,scanpy_t-test,0.7911352948809905,0.6481481481481481,0.7777777777777778,0.9722222222222222,T_THYM_vs_rest,3,svm
7149,scanpy_t-test,0.8490151637153346,0.7446808510638298,0.8433734939759037,0.9722222222222222,T_THYM_vs_rest,4,svm
7150,scanpy_t-test,0.7184936249430859,0.5217391304347826,0.6857142857142857,1.0,T_THYM_vs_rest,4,svm
7151,scanpy_t-test,0.8490151637153346,0.7446808510638298,0.8433734939759037,0.9722222222222222,T_THYM_vs_rest,4,svm
7152,scanpy_t-test,0.7986998444400341,0.660377358490566,0.7865168539325843,0.9722222222222222,T_THYM_vs_rest,5,svm
7153,scanpy_t-test,0.6703952813535782,0.45569620253164556,0.6260869565217392,1.0,T_THYM_vs_rest,5,svm
7154,scanpy_t-test,0.7696413230900369,0.6140350877192983,0.7526881720430108,0.9722222222222222,T_THYM_vs_rest,5,svm
7155,scanpy_t-test,0.7562263118167932,0.5932203389830508,0.7368421052631579,0.9722222222222222,T_THYM_vs_rest,6,svm
7156,scanpy_t-test,0.7238743368632028,0.5294117647058824,0.6923076923076923,1.0,T_THYM_vs_rest,6,svm
7157,scanpy_t-test,0.822731386986042,0.7,0.813953488372093,0.9722222222222222,T_THYM_vs_rest,6,svm
7158,scanpy_t-test,0.8988931637502925,0.8333333333333334,0.8974358974358975,0.9722222222222222,T_THYM_vs_rest,7,svm
7159,scanpy_t-test,0.7407494507845868,0.5538461538461539,0.7128712871287128,1.0,T_THYM_vs_rest,7,svm
7160,scanpy_t-test,0.8931391121302914,0.8,0.8888888888888888,1.0,T_THYM_vs_rest,7,svm
7161,scanpy_t-test,0.909943420166727,0.8536585365853658,0.9090909090909091,0.9722222222222222,T_THYM_vs_rest,8,svm
7162,scanpy_t-test,0.7526583463444068,0.5714285714285714,0.7272727272727273,1.0,T_THYM_vs_rest,8,svm
7163,scanpy_t-test,0.9139667132581888,0.8372093023255814,0.9113924050632911,1.0,T_THYM_vs_rest,8,svm
7164,scanpy_t-test,0.9332997042955692,0.8974358974358975,0.9333333333333333,0.9722222222222222,T_THYM_vs_rest,9,svm
7165,scanpy_t-test,0.7466345984060317,0.5625,0.72,1.0,T_THYM_vs_rest,9,svm
7166,scanpy_t-test,0.9362931170236731,0.8780487804878049,0.935064935064935,1.0,T_THYM_vs_rest,9,svm
7167,scanpy_t-test,0.9585164810748138,0.9459459459459459,0.958904109589041,0.9722222222222222,T_THYM_vs_rest,10,svm
7168,scanpy_t-test,0.8466265192300789,0.72,0.8372093023255814,1.0,T_THYM_vs_rest,10,svm
7169,scanpy_t-test,0.9362931170236731,0.8780487804878049,0.935064935064935,1.0,T_THYM_vs_rest,10,svm
7170,scanpy_t-test,0.9858556737633215,1.0,0.9859154929577465,0.9722222222222222,T_THYM_vs_rest,11,svm
7171,scanpy_t-test,0.8553592846391025,0.7346938775510204,0.8470588235294118,1.0,T_THYM_vs_rest,11,svm
7172,scanpy_t-test,0.9480763349058148,0.9,0.9473684210526315,1.0,T_THYM_vs_rest,11,svm
7173,scanpy_t-test,0.9858556737633215,1.0,0.9859154929577465,0.9722222222222222,T_THYM_vs_rest,12,svm
7174,scanpy_t-test,0.8832360667361647,0.782608695652174,0.8780487804878049,1.0,T_THYM_vs_rest,12,svm
7175,scanpy_t-test,0.9603079381149019,0.9230769230769231,0.96,1.0,T_THYM_vs_rest,12,svm
7176,scanpy_t-test,0.9858556737633215,1.0,0.9859154929577465,0.9722222222222222,T_THYM_vs_rest,13,svm
7177,scanpy_t-test,0.8832360667361647,0.782608695652174,0.8780487804878049,1.0,T_THYM_vs_rest,13,svm
7178,scanpy_t-test,0.9603079381149019,0.9230769230769231,0.96,1.0,T_THYM_vs_rest,13,svm
7179,scanpy_t-test,0.9719024268912341,0.9722222222222222,0.9722222222222222,0.9722222222222222,T_THYM_vs_rest,14,svm
7180,scanpy_t-test,0.8832360667361647,0.782608695652174,0.8780487804878049,1.0,T_THYM_vs_rest,14,svm
7181,scanpy_t-test,0.9603079381149019,0.9230769230769231,0.96,1.0,T_THYM_vs_rest,14,svm
7182,scanpy_t-test,0.9719024268912341,0.9722222222222222,0.9722222222222222,0.9722222222222222,T_THYM_vs_rest,15,svm
7183,scanpy_t-test,0.8931391121302914,0.8,0.8888888888888888,1.0,T_THYM_vs_rest,15,svm
7184,scanpy_t-test,0.9603079381149019,0.9230769230769231,0.96,1.0,T_THYM_vs_rest,15,svm
7185,scanpy_t-test,0.9719024268912341,0.9722222222222222,0.9722222222222222,0.9722222222222222,T_THYM_vs_rest,16,svm
7186,scanpy_t-test,0.8832360667361647,0.782608695652174,0.8780487804878049,1.0,T_THYM_vs_rest,16,svm
7187,scanpy_t-test,0.9603079381149019,0.9230769230769231,0.96,1.0,T_THYM_vs_rest,16,svm
7188,scanpy_t-test,0.9719024268912341,0.9722222222222222,0.9722222222222222,0.9722222222222222,T_THYM_vs_rest,17,svm
7189,scanpy_t-test,0.8931391121302914,0.8,0.8888888888888888,1.0,T_THYM_vs_rest,17,svm
7190,scanpy_t-test,0.9603079381149019,0.9230769230769231,0.96,1.0,T_THYM_vs_rest,17,svm
7191,scanpy_t-test,0.9719024268912341,0.9722222222222222,0.9722222222222222,0.9722222222222222,T_THYM_vs_rest,18,svm
7192,scanpy_t-test,0.8931391121302914,0.8,0.8888888888888888,1.0,T_THYM_vs_rest,18,svm
7193,scanpy_t-test,0.9730172110795754,0.9473684210526315,0.972972972972973,1.0,T_THYM_vs_rest,18,svm
7194,scanpy_t-test,0.9719024268912341,0.9722222222222222,0.9722222222222222,0.9722222222222222,T_THYM_vs_rest,19,svm
7195,scanpy_t-test,0.9033762296955719,0.8181818181818182,0.9,1.0,T_THYM_vs_rest,19,svm
7196,scanpy_t-test,0.9730172110795754,0.9473684210526315,0.972972972972973,1.0,T_THYM_vs_rest,19,svm
7197,scanpy_t-test,0.9719024268912341,0.9722222222222222,0.9722222222222222,0.9722222222222222,T_THYM_vs_rest,20,svm
7198,scanpy_t-test,0.9139667132581888,0.8372093023255814,0.9113924050632911,1.0,T_THYM_vs_rest,20,svm
7199,scanpy_t-test,0.9862361891347521,0.972972972972973,0.9863013698630136,1.0,T_THYM_vs_rest,20,svm
7200,yomix,0.5369410199068333,0.409375,0.5390946502057613,0.7891566265060241,T_UCEC_vs_rest,1,svm
7201,yomix,0.5407304656636173,0.39710144927536234,0.5362035225048923,0.8253012048192772,T_UCEC_vs_rest,1,svm
7202,yomix,0.536142746418994,0.38873239436619716,0.5297504798464492,0.8313253012048193,T_UCEC_vs_rest,1,svm
7203,yomix,0.6712573703440474,0.5590551181102362,0.6761904761904762,0.8554216867469879,T_UCEC_vs_rest,2,svm
7204,yomix,0.6597138596339821,0.5311355311355311,0.6605922551252847,0.8734939759036144,T_UCEC_vs_rest,2,svm
7205,yomix,0.6574586828995723,0.5174825174825175,0.6548672566371682,0.891566265060241,T_UCEC_vs_rest,2,svm
7206,yomix,0.6840274674543756,0.5742971887550201,0.689156626506024,0.8614457831325302,T_UCEC_vs_rest,3,svm
7207,yomix,0.6841194166326056,0.5518518518518518,0.6834862385321101,0.8975903614457831,T_UCEC_vs_rest,3,svm
7208,yomix,0.6832988297938899,0.5543071161048689,0.6836027713625866,0.891566265060241,T_UCEC_vs_rest,3,svm
7209,yomix,0.6797016571843845,0.5181518151815182,0.6695095948827292,0.9457831325301205,T_UCEC_vs_rest,4,svm
7210,yomix,0.6827772548548557,0.509493670886076,0.6680497925311203,0.9698795180722891,T_UCEC_vs_rest,4,svm
7211,yomix,0.657102515591495,0.4818181818181818,0.6411290322580645,0.9578313253012049,T_UCEC_vs_rest,4,svm
7212,yomix,0.6784490254209734,0.5164473684210527,0.6680851063829787,0.9457831325301205,T_UCEC_vs_rest,5,svm
7213,yomix,0.7015509532176829,0.5348837209302325,0.6895074946466809,0.9698795180722891,T_UCEC_vs_rest,5,svm
7214,yomix,0.6604938021887354,0.48623853211009177,0.6450304259634888,0.9578313253012049,T_UCEC_vs_rest,5,svm
7215,yomix,0.702808948189605,0.5467128027681661,0.6945054945054945,0.9518072289156626,T_UCEC_vs_rest,6,svm
7216,yomix,0.7112139917109126,0.5415282392026578,0.6980728051391863,0.9819277108433735,T_UCEC_vs_rest,6,svm
7217,yomix,0.6865994440449242,0.517799352750809,0.6736842105263158,0.963855421686747,T_UCEC_vs_rest,6,svm
7218,yomix,0.7409245914069754,0.5977443609022557,0.7361111111111112,0.9578313253012049,T_UCEC_vs_rest,7,svm
7219,yomix,0.730205837571396,0.5679442508710801,0.7196467991169978,0.9819277108433735,T_UCEC_vs_rest,7,svm
7220,yomix,0.6964146745913233,0.5278688524590164,0.6836518046709129,0.9698795180722891,T_UCEC_vs_rest,7,svm
7221,yomix,0.8060249772699983,0.6973684210526315,0.8071065989847716,0.9578313253012049,T_UCEC_vs_rest,8,svm
7222,yomix,0.8145163247142407,0.6936170212765957,0.8129675810473815,0.9819277108433735,T_UCEC_vs_rest,8,svm
7223,yomix,0.8001497377772244,0.6837606837606838,0.8,0.963855421686747,T_UCEC_vs_rest,8,svm
7224,yomix,0.8355846101841214,0.7407407407407407,0.837696335078534,0.963855421686747,T_UCEC_vs_rest,9,svm
7225,yomix,0.8253205281480698,0.7239819004524887,0.8268733850129198,0.963855421686747,T_UCEC_vs_rest,9,svm
7226,yomix,0.8131330783914533,0.7,0.8131313131313131,0.9698795180722891,T_UCEC_vs_rest,9,svm
7227,yomix,0.8383794662633717,0.75,0.8412698412698413,0.9578313253012049,T_UCEC_vs_rest,10,svm
7228,yomix,0.8233083208496771,0.7207207207207207,0.8247422680412371,0.963855421686747,T_UCEC_vs_rest,10,svm
7229,yomix,0.8131330783914533,0.7,0.8131313131313131,0.9698795180722891,T_UCEC_vs_rest,10,svm
7230,yomix,0.8383794662633717,0.75,0.8412698412698413,0.9578313253012049,T_UCEC_vs_rest,11,svm
7231,yomix,0.8314377505213759,0.7339449541284404,0.8333333333333334,0.963855421686747,T_UCEC_vs_rest,11,svm
7232,yomix,0.8208940845839978,0.7123893805309734,0.8214285714285714,0.9698795180722891,T_UCEC_vs_rest,11,svm
7233,yomix,0.8341430110488497,0.7429906542056075,0.8368421052631579,0.9578313253012049,T_UCEC_vs_rest,12,svm
7234,yomix,0.8293850903961207,0.730593607305936,0.8311688311688312,0.963855421686747,T_UCEC_vs_rest,12,svm
7235,yomix,0.8131330783914533,0.7,0.8131313131313131,0.9698795180722891,T_UCEC_vs_rest,12,svm
7236,yomix,0.8448448075248093,0.7607655502392344,0.848,0.9578313253012049,T_UCEC_vs_rest,13,svm
7237,yomix,0.8253205281480698,0.7239819004524887,0.8268733850129198,0.963855421686747,T_UCEC_vs_rest,13,svm
7238,yomix,0.8208940845839978,0.7123893805309734,0.8214285714285714,0.9698795180722891,T_UCEC_vs_rest,13,svm
7239,yomix,0.840519651530496,0.7535545023696683,0.843501326259947,0.9578313253012049,T_UCEC_vs_rest,14,svm
7240,yomix,0.8248501626129784,0.71875,0.8256410256410256,0.9698795180722891,T_UCEC_vs_rest,14,svm
7241,yomix,0.8288581265280414,0.7252252252252253,0.8298969072164949,0.9698795180722891,T_UCEC_vs_rest,14,svm
7242,yomix,0.840519651530496,0.7535545023696683,0.843501326259947,0.9578313253012049,T_UCEC_vs_rest,15,svm
7243,yomix,0.8419111691208943,0.7511737089201878,0.8443271767810027,0.963855421686747,T_UCEC_vs_rest,15,svm
7244,yomix,0.834969931433072,0.7351598173515982,0.8363636363636363,0.9698795180722891,T_UCEC_vs_rest,15,svm
7245,yomix,0.8383794662633717,0.75,0.8412698412698413,0.9578313253012049,T_UCEC_vs_rest,16,svm
7246,yomix,0.8462016664822497,0.7582938388625592,0.8488063660477454,0.963855421686747,T_UCEC_vs_rest,16,svm
7247,yomix,0.8248501626129784,0.71875,0.8256410256410256,0.9698795180722891,T_UCEC_vs_rest,16,svm
7248,yomix,0.8362539764935486,0.7464788732394366,0.8390501319261213,0.9578313253012049,T_UCEC_vs_rest,17,svm
7249,yomix,0.8419111691208943,0.7511737089201878,0.8443271767810027,0.963855421686747,T_UCEC_vs_rest,17,svm
7250,yomix,0.8248501626129784,0.71875,0.8256410256410256,0.9698795180722891,T_UCEC_vs_rest,17,svm
7251,yomix,0.8462016664822497,0.7582938388625592,0.8488063660477454,0.963855421686747,T_UCEC_vs_rest,18,svm
7252,yomix,0.8440490247684571,0.7547169811320755,0.8465608465608465,0.963855421686747,T_UCEC_vs_rest,18,svm
7253,yomix,0.8283812062688918,0.72,0.8286445012787724,0.9759036144578314,T_UCEC_vs_rest,18,svm
7254,yomix,0.8376791298897291,0.7441860465116279,0.8398950131233596,0.963855421686747,T_UCEC_vs_rest,19,svm
7255,yomix,0.8483692693577111,0.7619047619047619,0.851063829787234,0.963855421686747,T_UCEC_vs_rest,19,svm
7256,yomix,0.8283812062688918,0.72,0.8286445012787724,0.9759036144578314,T_UCEC_vs_rest,19,svm
7257,yomix,0.8426747063107725,0.7571428571428571,0.8457446808510638,0.9578313253012049,T_UCEC_vs_rest,20,svm
7258,yomix,0.8483692693577111,0.7619047619047619,0.851063829787234,0.963855421686747,T_UCEC_vs_rest,20,svm
7259,yomix,0.8303770163841063,0.7232142857142857,0.8307692307692308,0.9759036144578314,T_UCEC_vs_rest,20,svm
7260,cosg,0.6325995105152982,0.6891891891891891,0.6496815286624203,0.6144578313253012,T_UCEC_vs_rest,1,svm
7261,cosg,0.6569933428731387,0.7114093959731543,0.6730158730158731,0.6385542168674698,T_UCEC_vs_rest,1,svm
7262,cosg,0.6727338494743041,0.762962962962963,0.6843853820598007,0.6204819277108434,T_UCEC_vs_rest,1,svm
7263,cosg,0.6525165367644147,0.6727272727272727,0.6706948640483383,0.6686746987951807,T_UCEC_vs_rest,2,svm
7264,cosg,0.6592140114505641,0.6851851851851852,0.676829268292683,0.6686746987951807,T_UCEC_vs_rest,2,svm
7265,cosg,0.6516355496193409,0.6948051948051948,0.66875,0.6445783132530121,T_UCEC_vs_rest,2,svm
7266,cosg,0.6668830058184376,0.6764705882352942,0.6845238095238095,0.6927710843373494,T_UCEC_vs_rest,3,svm
7267,cosg,0.6731697234919455,0.6823529411764706,0.6904761904761905,0.6987951807228916,T_UCEC_vs_rest,3,svm
7268,cosg,0.65503611848093,0.6832298136645962,0.672782874617737,0.6626506024096386,T_UCEC_vs_rest,3,svm
7269,cosg,0.6668830058184376,0.6764705882352942,0.6845238095238095,0.6927710843373494,T_UCEC_vs_rest,4,svm
7270,cosg,0.6794564411654533,0.6882352941176471,0.6964285714285714,0.7048192771084337,T_UCEC_vs_rest,4,svm
7271,cosg,0.6569617387901834,0.6809815950920245,0.6747720364741642,0.6686746987951807,T_UCEC_vs_rest,4,svm
7272,cosg,0.6599990184793877,0.5537848605577689,0.6666666666666666,0.8373493975903614,T_UCEC_vs_rest,5,svm
7273,cosg,0.6518361368557716,0.5454545454545454,0.6587112171837709,0.8313253012048193,T_UCEC_vs_rest,5,svm
7274,cosg,0.6864890668617415,0.5819672131147541,0.6926829268292682,0.8554216867469879,T_UCEC_vs_rest,5,svm
7275,cosg,0.667490108810274,0.5650406504065041,0.6747572815533981,0.8373493975903614,T_UCEC_vs_rest,6,svm
7276,cosg,0.6622887533632891,0.5533596837944664,0.6682577565632458,0.8433734939759037,T_UCEC_vs_rest,6,svm
7277,cosg,0.6949774744685184,0.5909090909090909,0.7009803921568627,0.8614457831325302,T_UCEC_vs_rest,6,svm
7278,cosg,0.6496245239211453,0.5,0.6437768240343348,0.9036144578313253,T_UCEC_vs_rest,7,svm
7279,cosg,0.658333146947767,0.5119453924914675,0.6535947712418301,0.9036144578313253,T_UCEC_vs_rest,7,svm
7280,cosg,0.6603206395770415,0.4983922829581994,0.649895178197065,0.9337349397590361,T_UCEC_vs_rest,7,svm
7281,cosg,0.6424456633294311,0.4870967741935484,0.634453781512605,0.9096385542168675,T_UCEC_vs_rest,8,svm
7282,cosg,0.6459810422705958,0.49504950495049505,0.6396588486140725,0.9036144578313253,T_UCEC_vs_rest,8,svm
7283,cosg,0.6392423044272862,0.4766355140186916,0.6283367556468172,0.9216867469879518,T_UCEC_vs_rest,8,svm
7284,cosg,0.6366433156558317,0.4793650793650794,0.6278586278586279,0.9096385542168675,T_UCEC_vs_rest,9,svm
7285,cosg,0.6496245239211453,0.5,0.6437768240343348,0.9036144578313253,T_UCEC_vs_rest,9,svm
7286,cosg,0.6519811001549475,0.49673202614379086,0.6440677966101694,0.9156626506024096,T_UCEC_vs_rest,9,svm
7287,cosg,0.6401087360106015,0.483974358974359,0.6317991631799164,0.9096385542168675,T_UCEC_vs_rest,10,svm
7288,cosg,0.6558147098054808,0.5084745762711864,0.6507592190889371,0.9036144578313253,T_UCEC_vs_rest,10,svm
7289,cosg,0.6798982223010203,0.5352112676056338,0.6755555555555556,0.9156626506024096,T_UCEC_vs_rest,10,svm
7290,cosg,0.6424456633294311,0.4870967741935484,0.634453781512605,0.9096385542168675,T_UCEC_vs_rest,11,svm
7291,cosg,0.6558147098054808,0.5084745762711864,0.6507592190889371,0.9036144578313253,T_UCEC_vs_rest,11,svm
7292,cosg,0.6798982223010203,0.5352112676056338,0.6755555555555556,0.9156626506024096,T_UCEC_vs_rest,11,svm
7293,cosg,0.665565306435709,0.5152542372881356,0.6594360086767896,0.9156626506024096,T_UCEC_vs_rest,12,svm
7294,cosg,0.680497497095382,0.5292096219931272,0.6739606126914661,0.927710843373494,T_UCEC_vs_rest,12,svm
7295,cosg,0.7102740633635681,0.575187969924812,0.7083333333333334,0.9216867469879518,T_UCEC_vs_rest,12,svm
7296,cosg,0.7270649500846117,0.6,0.7268408551068883,0.9216867469879518,T_UCEC_vs_rest,13,svm
7297,cosg,0.7624388948760006,0.6458333333333334,0.7635467980295566,0.9337349397590361,T_UCEC_vs_rest,13,svm
7298,cosg,0.7429807446570609,0.628099173553719,0.7450980392156863,0.9156626506024096,T_UCEC_vs_rest,13,svm
7299,cosg,0.719305345702654,0.5884615384615385,0.7183098591549296,0.9216867469879518,T_UCEC_vs_rest,14,svm
7300,cosg,0.7505178069782479,0.6275303643724697,0.7506053268765133,0.9337349397590361,T_UCEC_vs_rest,14,svm
7301,cosg,0.741603049197908,0.6219512195121951,0.7427184466019418,0.9216867469879518,T_UCEC_vs_rest,14,svm
7302,cosg,0.764480646037929,0.6408163265306123,0.7639902676399026,0.9457831325301205,T_UCEC_vs_rest,15,svm
7303,cosg,0.8043814322053602,0.6991150442477876,0.8061224489795918,0.9518072289156626,T_UCEC_vs_rest,15,svm
7304,cosg,0.7491688922269225,0.6215139442231076,0.7482014388489209,0.9397590361445783,T_UCEC_vs_rest,15,svm
7305,cosg,0.760879630873203,0.639344262295082,0.7609756097560976,0.9397590361445783,T_UCEC_vs_rest,16,svm
7306,cosg,0.8161999068274862,0.7181818181818181,0.8186528497409327,0.9518072289156626,T_UCEC_vs_rest,16,svm
7307,cosg,0.7577305012491676,0.6305220883534136,0.7566265060240964,0.9457831325301205,T_UCEC_vs_rest,16,svm
7308,cosg,0.776673778575152,0.6638297872340425,0.7780548628428927,0.9397590361445783,T_UCEC_vs_rest,17,svm
7309,cosg,0.7986422602143729,0.6899563318777293,0.8,0.9518072289156626,T_UCEC_vs_rest,17,svm
7310,cosg,0.7574843935666866,0.6341463414634146,0.7572815533980582,0.9397590361445783,T_UCEC_vs_rest,17,svm
7311,cosg,0.7594032025939884,0.6330645161290323,0.7584541062801933,0.9457831325301205,T_UCEC_vs_rest,18,svm
7312,cosg,0.7749829247827559,0.6528925619834711,0.7745098039215687,0.9518072289156626,T_UCEC_vs_rest,18,svm
7313,cosg,0.7502754619077023,0.6115384615384616,0.7464788732394366,0.9578313253012049,T_UCEC_vs_rest,18,svm
7314,cosg,0.754414178917954,0.6254980079681275,0.7529976019184652,0.9457831325301205,T_UCEC_vs_rest,19,svm
7315,cosg,0.7733657379354654,0.6463414634146342,0.7718446601941747,0.9578313253012049,T_UCEC_vs_rest,19,svm
7316,cosg,0.7531027622342465,0.6196078431372549,0.7505938242280285,0.9518072289156626,T_UCEC_vs_rest,19,svm
7317,cosg,0.764480646037929,0.6408163265306123,0.7639902676399026,0.9457831325301205,T_UCEC_vs_rest,20,svm
7318,cosg,0.7749829247827559,0.6528925619834711,0.7745098039215687,0.9518072289156626,T_UCEC_vs_rest,20,svm
7319,cosg,0.7550691612288101,0.6186770428015564,0.75177304964539,0.9578313253012049,T_UCEC_vs_rest,20,svm
7320,scanpy_wilcoxon,0.6604938021887354,0.48623853211009177,0.6450304259634888,0.9578313253012049,T_UCEC_vs_rest,1,svm
7321,scanpy_wilcoxon,0.6418426225789243,0.4622093023255814,0.6235294117647059,0.9578313253012049,T_UCEC_vs_rest,1,svm
7322,scanpy_wilcoxon,0.6244674717405455,0.4404432132963989,0.603415559772296,0.9578313253012049,T_UCEC_vs_rest,1,svm
7323,scanpy_wilcoxon,0.6626865439765576,0.4952681388012618,0.650103519668737,0.9457831325301205,T_UCEC_vs_rest,2,svm
7324,scanpy_wilcoxon,0.645849744421902,0.47023809523809523,0.6294820717131474,0.9518072289156626,T_UCEC_vs_rest,2,svm
7325,scanpy_wilcoxon,0.6324947963308349,0.45042492917847027,0.6127167630057804,0.9578313253012049,T_UCEC_vs_rest,2,svm
7326,scanpy_wilcoxon,0.6591805594702125,0.490625,0.6460905349794238,0.9457831325301205,T_UCEC_vs_rest,3,svm
7327,scanpy_wilcoxon,0.6450367834080932,0.4662756598240469,0.6272189349112426,0.9578313253012049,T_UCEC_vs_rest,3,svm
7328,scanpy_wilcoxon,0.6294543320782878,0.44662921348314605,0.6091954022988506,0.9578313253012049,T_UCEC_vs_rest,3,svm
7329,scanpy_wilcoxon,0.6722737125480394,0.5080906148867314,0.6610526315789473,0.9457831325301205,T_UCEC_vs_rest,4,svm
7330,scanpy_wilcoxon,0.6515476354541591,0.4746268656716418,0.6347305389221557,0.9578313253012049,T_UCEC_vs_rest,4,svm
7331,scanpy_wilcoxon,0.635572463613546,0.4542857142857143,0.6162790697674418,0.9578313253012049,T_UCEC_vs_rest,4,svm
7332,scanpy_wilcoxon,0.7019516469124812,0.548951048951049,0.6946902654867256,0.9457831325301205,T_UCEC_vs_rest,5,svm
7333,scanpy_wilcoxon,0.712125396066518,0.5494880546075085,0.7015250544662309,0.9698795180722891,T_UCEC_vs_rest,5,svm
7334,scanpy_wilcoxon,0.6878436756399471,0.5194805194805194,0.6751054852320675,0.963855421686747,T_UCEC_vs_rest,5,svm
7335,scanpy_wilcoxon,0.6938856733128453,0.5376712328767124,0.6855895196506551,0.9457831325301205,T_UCEC_vs_rest,6,svm
7336,scanpy_wilcoxon,0.7085788265914735,0.547945205479452,0.6986899563318777,0.963855421686747,T_UCEC_vs_rest,6,svm
7337,scanpy_wilcoxon,0.6989705799922636,0.5313531353135313,0.6865671641791045,0.9698795180722891,T_UCEC_vs_rest,6,svm
7338,scanpy_wilcoxon,0.69446428395272,0.5317725752508361,0.6838709677419355,0.9578313253012049,T_UCEC_vs_rest,7,svm
7339,scanpy_wilcoxon,0.7151747519403107,0.5469798657718121,0.7025862068965517,0.9819277108433735,T_UCEC_vs_rest,7,svm
7340,scanpy_wilcoxon,0.6954333266374468,0.5298013245033113,0.6837606837606838,0.963855421686747,T_UCEC_vs_rest,7,svm
7341,scanpy_wilcoxon,0.717570456245232,0.5570934256055363,0.7076923076923077,0.9698795180722891,T_UCEC_vs_rest,8,svm
7342,scanpy_wilcoxon,0.719739670375224,0.5567010309278351,0.7089715536105032,0.9759036144578314,T_UCEC_vs_rest,8,svm
7343,scanpy_wilcoxon,0.7054682817100936,0.540268456375839,0.6939655172413793,0.9698795180722891,T_UCEC_vs_rest,8,svm
7344,scanpy_wilcoxon,0.7067867380643625,0.5420875420875421,0.6954643628509719,0.9698795180722891,T_UCEC_vs_rest,9,svm
7345,scanpy_wilcoxon,0.7090021589456655,0.5418060200668896,0.6967741935483871,0.9759036144578314,T_UCEC_vs_rest,9,svm
7346,scanpy_wilcoxon,0.6926258274846453,0.5227272727272727,0.679324894514768,0.9698795180722891,T_UCEC_vs_rest,9,svm
7347,scanpy_wilcoxon,0.718374262110559,0.5547945205479452,0.7074235807860262,0.9759036144578314,T_UCEC_vs_rest,10,svm
7348,scanpy_wilcoxon,0.7266699602529862,0.5664335664335665,0.7168141592920354,0.9759036144578314,T_UCEC_vs_rest,10,svm
7349,scanpy_wilcoxon,0.7054682817100936,0.540268456375839,0.6939655172413793,0.9698795180722891,T_UCEC_vs_rest,10,svm
7350,scanpy_wilcoxon,0.7143182895868497,0.5491525423728814,0.702819956616052,0.9759036144578314,T_UCEC_vs_rest,11,svm
7351,scanpy_wilcoxon,0.73752120726652,0.5854545454545454,0.7301587301587301,0.9698795180722891,T_UCEC_vs_rest,11,svm
7352,scanpy_wilcoxon,0.7129795279789437,0.5472972972972973,0.7012987012987013,0.9759036144578314,T_UCEC_vs_rest,11,svm
7353,scanpy_wilcoxon,0.7538480369106718,0.6130268199233716,0.7494145199063232,0.963855421686747,T_UCEC_vs_rest,12,svm
7354,scanpy_wilcoxon,0.7605988339760517,0.6192307692307693,0.755868544600939,0.9698795180722891,T_UCEC_vs_rest,12,svm
7355,scanpy_wilcoxon,0.7511414340881112,0.6052631578947368,0.7453703703703703,0.9698795180722891,T_UCEC_vs_rest,12,svm
7356,scanpy_wilcoxon,0.8364433325747661,0.7330316742081447,0.8372093023255814,0.9759036144578314,T_UCEC_vs_rest,13,svm
7357,scanpy_wilcoxon,0.8259964581294124,0.7117903930131004,0.8253164556962025,0.9819277108433735,T_UCEC_vs_rest,13,svm
7358,scanpy_wilcoxon,0.8597583954515884,0.7714285714285715,0.8617021276595744,0.9759036144578314,T_UCEC_vs_rest,13,svm
7359,scanpy_wilcoxon,0.8517244545439254,0.7488584474885844,0.8519480519480519,0.9879518072289156,T_UCEC_vs_rest,14,svm
7360,scanpy_wilcoxon,0.8314672977124202,0.7161572052401747,0.830379746835443,0.9879518072289156,T_UCEC_vs_rest,14,svm
7361,scanpy_wilcoxon,0.8447214318375488,0.7465437788018433,0.8459530026109661,0.9759036144578314,T_UCEC_vs_rest,14,svm
7362,scanpy_wilcoxon,0.8475661370014624,0.7420814479638009,0.8475452196382429,0.9879518072289156,T_UCEC_vs_rest,15,svm
7363,scanpy_wilcoxon,0.8161692365109771,0.6919831223628692,0.8138957816377171,0.9879518072289156,T_UCEC_vs_rest,15,svm
7364,scanpy_wilcoxon,0.8567226760754763,0.7616822429906542,0.8578947368421053,0.9819277108433735,T_UCEC_vs_rest,15,svm
7365,scanpy_wilcoxon,0.834969931433072,0.7351598173515982,0.8363636363636363,0.9698795180722891,T_UCEC_vs_rest,16,svm
7366,scanpy_wilcoxon,0.8180400203950989,0.6949152542372882,0.8159203980099502,0.9879518072289156,T_UCEC_vs_rest,16,svm
7367,scanpy_wilcoxon,0.8545773149351673,0.7581395348837209,0.8556430446194225,0.9819277108433735,T_UCEC_vs_rest,16,svm
7368,scanpy_wilcoxon,0.834969931433072,0.7351598173515982,0.8363636363636363,0.9698795180722891,T_UCEC_vs_rest,17,svm
7369,scanpy_wilcoxon,0.8218165067812341,0.7008547008547008,0.82,0.9879518072289156,T_UCEC_vs_rest,17,svm
7370,scanpy_wilcoxon,0.8553881417786278,0.7641509433962265,0.8571428571428571,0.9759036144578314,T_UCEC_vs_rest,17,svm
7371,scanpy_wilcoxon,0.8553881417786278,0.7641509433962265,0.8571428571428571,0.9759036144578314,T_UCEC_vs_rest,18,svm
7372,scanpy_wilcoxon,0.8455075435631343,0.7387387387387387,0.845360824742268,0.9879518072289156,T_UCEC_vs_rest,18,svm
7373,scanpy_wilcoxon,0.8482278061398953,0.7477064220183486,0.8489583333333334,0.9819277108433735,T_UCEC_vs_rest,18,svm
7374,scanpy_wilcoxon,0.8510777598188196,0.7570093457943925,0.8526315789473684,0.9759036144578314,T_UCEC_vs_rest,19,svm
7375,scanpy_wilcoxon,0.8379241661365373,0.7309417040358744,0.8380462724935732,0.9819277108433735,T_UCEC_vs_rest,19,svm
7376,scanpy_wilcoxon,0.8545773149351673,0.7581395348837209,0.8556430446194225,0.9819277108433735,T_UCEC_vs_rest,19,svm
7377,scanpy_wilcoxon,0.8475683617482398,0.755868544600939,0.8496042216358839,0.9698795180722891,T_UCEC_vs_rest,20,svm
7378,scanpy_wilcoxon,0.8359038701552342,0.7276785714285714,0.8358974358974359,0.9819277108433735,T_UCEC_vs_rest,20,svm
7379,scanpy_wilcoxon,0.8610577002837131,0.7688679245283019,0.8624338624338624,0.9819277108433735,T_UCEC_vs_rest,20,svm
7380,scanpy_t-test,0.3933328363179288,0.21961932650073207,0.35335689045936397,0.9036144578313253,T_UCEC_vs_rest,1,svm
7381,scanpy_t-test,0.4003313364995713,0.22403560830860533,0.3595238095238095,0.9096385542168675,T_UCEC_vs_rest,1,svm
7382,scanpy_t-test,0.38477143432546423,0.20611702127659576,0.33769063180827885,0.9337349397590361,T_UCEC_vs_rest,1,svm
7383,scanpy_t-test,0.6697600677648192,0.49843260188087773,0.6556701030927835,0.9578313253012049,T_UCEC_vs_rest,2,svm
7384,scanpy_t-test,0.6548661560949013,0.4789156626506024,0.6385542168674698,0.9578313253012049,T_UCEC_vs_rest,2,svm
7385,scanpy_t-test,0.6362387468221912,0.4579710144927536,0.6183953033268101,0.9518072289156626,T_UCEC_vs_rest,2,svm
7386,scanpy_t-test,0.6769319998439469,0.5079872204472844,0.6638830897703549,0.9578313253012049,T_UCEC_vs_rest,3,svm
7387,scanpy_t-test,0.670941851536442,0.5,0.6570247933884298,0.9578313253012049,T_UCEC_vs_rest,3,svm
7388,scanpy_t-test,0.650450924529039,0.4732142857142857,0.6334661354581673,0.9578313253012049,T_UCEC_vs_rest,3,svm
7389,scanpy_t-test,0.6758242607622238,0.5096774193548387,0.6638655462184874,0.9518072289156626,T_UCEC_vs_rest,4,svm
7390,scanpy_t-test,0.6674077689688381,0.49842271293375395,0.6542443064182195,0.9518072289156626,T_UCEC_vs_rest,4,svm
7391,scanpy_t-test,0.6558371394309859,0.4831804281345566,0.640973630831643,0.9518072289156626,T_UCEC_vs_rest,4,svm
7392,scanpy_t-test,0.6841283058240257,0.5144694533762058,0.6708595387840671,0.963855421686747,T_UCEC_vs_rest,5,svm
7393,scanpy_t-test,0.6744681239701964,0.5015673981191222,0.6597938144329897,0.963855421686747,T_UCEC_vs_rest,5,svm
7394,scanpy_t-test,0.6572623581649562,0.47904191616766467,0.64,0.963855421686747,T_UCEC_vs_rest,5,svm
7395,scanpy_t-test,0.6841283058240257,0.5144694533762058,0.6708595387840671,0.963855421686747,T_UCEC_vs_rest,6,svm
7396,scanpy_t-test,0.6756564757361931,0.5031446540880503,0.6611570247933884,0.963855421686747,T_UCEC_vs_rest,6,svm
7397,scanpy_t-test,0.6572623581649562,0.47904191616766467,0.64,0.963855421686747,T_UCEC_vs_rest,6,svm
7398,scanpy_t-test,0.6829013070393055,0.5128205128205128,0.6694560669456067,0.963855421686747,T_UCEC_vs_rest,7,svm
7399,scanpy_t-test,0.6756564757361931,0.5031446540880503,0.6611570247933884,0.963855421686747,T_UCEC_vs_rest,7,svm
7400,scanpy_t-test,0.6594916999180568,0.4819277108433735,0.642570281124498,0.963855421686747,T_UCEC_vs_rest,7,svm
7401,scanpy_t-test,0.7058981656461807,0.54421768707483,0.6956521739130435,0.963855421686747,T_UCEC_vs_rest,8,svm
7402,scanpy_t-test,0.7173666013220076,0.5466666666666666,0.703862660944206,0.9879518072289156,T_UCEC_vs_rest,8,svm
7403,scanpy_t-test,0.6829013070393055,0.5128205128205128,0.6694560669456067,0.963855421686747,T_UCEC_vs_rest,8,svm
7404,scanpy_t-test,0.7238116483124826,0.5693950177935944,0.7158836689038032,0.963855421686747,T_UCEC_vs_rest,9,svm
7405,scanpy_t-test,0.716507839042521,0.5488215488215489,0.7041036717062635,0.9819277108433735,T_UCEC_vs_rest,9,svm
7406,scanpy_t-test,0.6954333266374468,0.5298013245033113,0.6837606837606838,0.963855421686747,T_UCEC_vs_rest,9,svm
7407,scanpy_t-test,0.7259456969623227,0.568904593639576,0.7171492204899778,0.9698795180722891,T_UCEC_vs_rest,10,svm
7408,scanpy_t-test,0.7156636285086047,0.5510204081632653,0.7043478260869566,0.9759036144578314,T_UCEC_vs_rest,10,svm
7409,scanpy_t-test,0.7072351916011771,0.5460750853242321,0.6971677559912854,0.963855421686747,T_UCEC_vs_rest,10,svm
7410,scanpy_t-test,0.7167826349167842,0.5594405594405595,0.7079646017699115,0.963855421686747,T_UCEC_vs_rest,11,svm
7411,scanpy_t-test,0.7143182895868497,0.5491525423728814,0.702819956616052,0.9759036144578314,T_UCEC_vs_rest,11,svm
7412,scanpy_t-test,0.6993102422837018,0.5351170568561873,0.6881720430107527,0.963855421686747,T_UCEC_vs_rest,11,svm
7413,scanpy_t-test,0.7223914343223287,0.5673758865248227,0.7142857142857143,0.963855421686747,T_UCEC_vs_rest,12,svm
7414,scanpy_t-test,0.7143182895868497,0.5491525423728814,0.702819956616052,0.9759036144578314,T_UCEC_vs_rest,12,svm
7415,scanpy_t-test,0.7085788265914735,0.547945205479452,0.6986899563318777,0.963855421686747,T_UCEC_vs_rest,12,svm
7416,scanpy_t-test,0.720978489322783,0.5653710247349824,0.7126948775055679,0.963855421686747,T_UCEC_vs_rest,13,svm
7417,scanpy_t-test,0.7129795279789437,0.5472972972972973,0.7012987012987013,0.9759036144578314,T_UCEC_vs_rest,13,svm
7418,scanpy_t-test,0.7045676929566216,0.5423728813559322,0.6941431670281996,0.963855421686747,T_UCEC_vs_rest,13,svm
7419,scanpy_t-test,0.7252391958114269,0.5714285714285714,0.7174887892376681,0.963855421686747,T_UCEC_vs_rest,14,svm
7420,scanpy_t-test,0.7143182895868497,0.5491525423728814,0.702819956616052,0.9759036144578314,T_UCEC_vs_rest,14,svm
7421,scanpy_t-test,0.7058981656461807,0.54421768707483,0.6956521739130435,0.963855421686747,T_UCEC_vs_rest,14,svm
7422,scanpy_t-test,0.7339622007881192,0.583941605839416,0.7272727272727273,0.963855421686747,T_UCEC_vs_rest,15,svm
7423,scanpy_t-test,0.7238769569601672,0.5625,0.7136563876651982,0.9759036144578314,T_UCEC_vs_rest,15,svm
7424,scanpy_t-test,0.7099291270552635,0.5498281786941581,0.700218818380744,0.963855421686747,T_UCEC_vs_rest,15,svm
7425,scanpy_t-test,0.7354429587766118,0.5860805860805861,0.7289293849658315,0.963855421686747,T_UCEC_vs_rest,16,svm
7426,scanpy_t-test,0.7238769569601672,0.5625,0.7136563876651982,0.9759036144578314,T_UCEC_vs_rest,16,svm
7427,scanpy_t-test,0.7085788265914735,0.547945205479452,0.6986899563318777,0.963855421686747,T_UCEC_vs_rest,16,svm
7428,scanpy_t-test,0.7369315965801686,0.5882352941176471,0.730593607305936,0.963855421686747,T_UCEC_vs_rest,17,svm
7429,scanpy_t-test,0.722490958930441,0.5605536332179931,0.7120879120879121,0.9759036144578314,T_UCEC_vs_rest,17,svm
7430,scanpy_t-test,0.720978489322783,0.5653710247349824,0.7126948775055679,0.963855421686747,T_UCEC_vs_rest,17,svm
7431,scanpy_t-test,0.7404915653861205,0.5897435897435898,0.7334851936218679,0.9698795180722891,T_UCEC_vs_rest,18,svm
7432,scanpy_t-test,0.73813121935481,0.5827338129496403,0.7297297297297297,0.9759036144578314,T_UCEC_vs_rest,18,svm
7433,scanpy_t-test,0.7266699602529862,0.5664335664335665,0.7168141592920354,0.9759036144578314,T_UCEC_vs_rest,18,svm
7434,scanpy_t-test,0.7419886003638031,0.5919117647058824,0.7351598173515982,0.9698795180722891,T_UCEC_vs_rest,19,svm
7435,scanpy_t-test,0.73813121935481,0.5827338129496403,0.7297297297297297,0.9759036144578314,T_UCEC_vs_rest,19,svm
7436,scanpy_t-test,0.7266699602529862,0.5664335664335665,0.7168141592920354,0.9759036144578314,T_UCEC_vs_rest,19,svm
7437,scanpy_t-test,0.7390024582829582,0.5875912408759124,0.7318181818181818,0.9698795180722891,T_UCEC_vs_rest,20,svm
7438,scanpy_t-test,0.7366725774852914,0.5806451612903226,0.7280898876404495,0.9759036144578314,T_UCEC_vs_rest,20,svm
7439,scanpy_t-test,0.7323417208947071,0.574468085106383,0.7232142857142857,0.9759036144578314,T_UCEC_vs_rest,20,svm
7440,yomix,0.12181427072691631,0.05042016806722689,0.08823529411764706,0.35294117647058826,T_UCS_vs_rest,1,svm
7441,yomix,0.19363429102602872,0.0782608695652174,0.13636363636363635,0.5294117647058824,T_UCS_vs_rest,1,svm
7442,yomix,0.12497830569960702,0.05263157894736842,0.0916030534351145,0.35294117647058826,T_UCS_vs_rest,1,svm
7443,yomix,0.19862027443917513,0.0625,0.11483253588516747,0.7058823529411765,T_UCS_vs_rest,2,svm
7444,yomix,0.18854804403361095,0.052845528455284556,0.09885931558935361,0.7647058823529411,T_UCS_vs_rest,2,svm
7445,yomix,0.18725974715913296,0.06111111111111111,0.1116751269035533,0.6470588235294118,T_UCS_vs_rest,2,svm
7446,yomix,0.19920360582193788,0.06282722513089005,0.11538461538461539,0.7058823529411765,T_UCS_vs_rest,3,svm
7447,yomix,0.18854804403361095,0.052845528455284556,0.09885931558935361,0.7647058823529411,T_UCS_vs_rest,3,svm
7448,yomix,0.18725974715913296,0.06111111111111111,0.1116751269035533,0.6470588235294118,T_UCS_vs_rest,3,svm
7449,yomix,0.1554913470118703,0.040955631399317405,0.07741935483870968,0.7058823529411765,T_UCS_vs_rest,4,svm
7450,yomix,0.17872193778048484,0.04814814814814815,0.09059233449477352,0.7647058823529411,T_UCS_vs_rest,4,svm
7451,yomix,0.16191125718108054,0.05181347150259067,0.09523809523809523,0.5882352941176471,T_UCS_vs_rest,4,svm
7452,yomix,0.15360785297359564,0.04013377926421405,0.0759493670886076,0.7058823529411765,T_UCS_vs_rest,5,svm
7453,yomix,0.1764581220451764,0.04710144927536232,0.08873720136518772,0.7647058823529411,T_UCS_vs_rest,5,svm
7454,yomix,0.16142375648221072,0.05154639175257732,0.0947867298578199,0.5882352941176471,T_UCS_vs_rest,5,svm
7455,yomix,0.23091088518231978,0.0707070707070707,0.13023255813953488,0.8235294117647058,T_UCS_vs_rest,6,svm
7456,yomix,0.19338308793430345,0.051470588235294115,0.09688581314878893,0.8235294117647058,T_UCS_vs_rest,6,svm
7457,yomix,0.18225532622175936,0.04980842911877394,0.09352517985611511,0.7647058823529411,T_UCS_vs_rest,6,svm
7458,yomix,0.21246451465021762,0.06532663316582915,0.12037037037037036,0.7647058823529411,T_UCS_vs_rest,7,svm
7459,yomix,0.19178019193918067,0.050724637681159424,0.09556313993174062,0.8235294117647058,T_UCS_vs_rest,7,svm
7460,yomix,0.1830641710156429,0.05019305019305019,0.09420289855072464,0.7647058823529411,T_UCS_vs_rest,7,svm
7461,yomix,0.21246451465021762,0.06532663316582915,0.12037037037037036,0.7647058823529411,T_UCS_vs_rest,8,svm
7462,yomix,0.19217778662839555,0.05090909090909091,0.0958904109589041,0.8235294117647058,T_UCS_vs_rest,8,svm
7463,yomix,0.1830641710156429,0.05019305019305019,0.09420289855072464,0.7647058823529411,T_UCS_vs_rest,8,svm
7464,yomix,0.21246451465021762,0.06532663316582915,0.12037037037037036,0.7647058823529411,T_UCS_vs_rest,9,svm
7465,yomix,0.18753834522419904,0.04878048780487805,0.09210526315789473,0.8235294117647058,T_UCS_vs_rest,9,svm
7466,yomix,0.15013334137341022,0.04182509505703422,0.07857142857142857,0.6470588235294118,T_UCS_vs_rest,9,svm
7467,yomix,0.21306038342673084,0.06565656565656566,0.12093023255813953,0.7647058823529411,T_UCS_vs_rest,10,svm
7468,yomix,0.18829215493364518,0.04912280701754386,0.09271523178807947,0.8235294117647058,T_UCS_vs_rest,10,svm
7469,yomix,0.15047797286464482,0.04198473282442748,0.07885304659498207,0.6470588235294118,T_UCS_vs_rest,10,svm
7470,yomix,0.20509194121303276,0.06132075471698113,0.11353711790393013,0.7647058823529411,T_UCS_vs_rest,11,svm
7471,yomix,0.17971212520250257,0.045307443365695796,0.08588957055214724,0.8235294117647058,T_UCS_vs_rest,11,svm
7472,yomix,0.16999796390800487,0.047619047619047616,0.08921933085501858,0.7058823529411765,T_UCS_vs_rest,11,svm
7473,yomix,0.18630306169182637,0.05581395348837209,0.10344827586206896,0.7058823529411765,T_UCS_vs_rest,12,svm
7474,yomix,0.18176606100965476,0.0462046204620462,0.0875,0.8235294117647058,T_UCS_vs_rest,12,svm
7475,yomix,0.1543951074202308,0.043824701195219126,0.08208955223880597,0.6470588235294118,T_UCS_vs_rest,12,svm
7476,yomix,0.18729769046064476,0.056338028169014086,0.10434782608695652,0.7058823529411765,T_UCS_vs_rest,13,svm
7477,yomix,0.18352237838040494,0.04697986577181208,0.08888888888888889,0.8235294117647058,T_UCS_vs_rest,13,svm
7478,yomix,0.15587993142518522,0.044534412955465584,0.08333333333333333,0.6470588235294118,T_UCS_vs_rest,13,svm
7479,yomix,0.21610632294676094,0.06735751295336788,0.12380952380952381,0.7647058823529411,T_UCS_vs_rest,14,svm
7480,yomix,0.18352237838040494,0.04697986577181208,0.08888888888888889,0.8235294117647058,T_UCS_vs_rest,14,svm
7481,yomix,0.1761693309759123,0.05063291139240506,0.09448818897637795,0.7058823529411765,T_UCS_vs_rest,14,svm
7482,yomix,0.21487440181705475,0.06666666666666667,0.12264150943396226,0.7647058823529411,T_UCS_vs_rest,15,svm
7483,yomix,0.18423669711109958,0.0472972972972973,0.08945686900958466,0.8235294117647058,T_UCS_vs_rest,15,svm
7484,yomix,0.17703420401572967,0.05106382978723404,0.09523809523809523,0.7058823529411765,T_UCS_vs_rest,15,svm
7485,yomix,0.18198586225430188,0.05357142857142857,0.0995850622406639,0.7058823529411765,T_UCS_vs_rest,16,svm
7486,yomix,0.18073193641711055,0.0457516339869281,0.08668730650154799,0.8235294117647058,T_UCS_vs_rest,16,svm
7487,yomix,0.19686538518310479,0.05701754385964912,0.10612244897959183,0.7647058823529411,T_UCS_vs_rest,16,svm
7488,yomix,0.18198586225430188,0.05357142857142857,0.0995850622406639,0.7058823529411765,T_UCS_vs_rest,17,svm
7489,yomix,0.1828148536327738,0.04666666666666667,0.08832807570977919,0.8235294117647058,T_UCS_vs_rest,17,svm
7490,yomix,0.1914141535475852,0.05853658536585366,0.10810810810810811,0.7058823529411765,T_UCS_vs_rest,17,svm
7491,yomix,0.18198586225430188,0.05357142857142857,0.0995850622406639,0.7058823529411765,T_UCS_vs_rest,18,svm
7492,yomix,0.18176606100965476,0.0462046204620462,0.0875,0.8235294117647058,T_UCS_vs_rest,18,svm
7493,yomix,0.18984389517939304,0.057692307692307696,0.10666666666666667,0.7058823529411765,T_UCS_vs_rest,18,svm
7494,yomix,0.2136861967762234,0.05747126436781609,0.1079136690647482,0.8823529411764706,T_UCS_vs_rest,19,svm
7495,yomix,0.1914595638282825,0.0473186119873817,0.08982035928143713,0.8823529411764706,T_UCS_vs_rest,19,svm
7496,yomix,0.22544190979603881,0.06329113924050633,0.11811023622047244,0.8823529411764706,T_UCS_vs_rest,19,svm
7497,yomix,0.2146052960250382,0.05791505791505792,0.10869565217391304,0.8823529411764706,T_UCS_vs_rest,20,svm
7498,yomix,0.21312668696961448,0.053691275167785234,0.10158730158730159,0.9411764705882353,T_UCS_vs_rest,20,svm
7499,yomix,0.23489870616351843,0.064,0.1198501872659176,0.9411764705882353,T_UCS_vs_rest,20,svm
7500,cosg,0.3207889123212814,0.4444444444444444,0.3076923076923077,0.23529411764705882,T_UCS_vs_rest,1,svm
7501,cosg,0.4008045153556681,0.46153846153846156,0.4,0.35294117647058826,T_UCS_vs_rest,1,svm
7502,cosg,0.30396135583720274,0.4,0.2962962962962963,0.23529411764705882,T_UCS_vs_rest,1,svm
7503,cosg,0.2818599682697962,0.2777777777777778,0.2857142857142857,0.29411764705882354,T_UCS_vs_rest,2,svm
7504,cosg,0.4008606867255826,0.34782608695652173,0.4,0.47058823529411764,T_UCS_vs_rest,2,svm
7505,cosg,0.2740852088976837,0.2631578947368421,0.2777777777777778,0.29411764705882354,T_UCS_vs_rest,2,svm
7506,cosg,0.2602176469626778,0.23809523809523808,0.2631578947368421,0.29411764705882354,T_UCS_vs_rest,3,svm
7507,cosg,0.4305495758571794,0.4,0.43243243243243246,0.47058823529411764,T_UCS_vs_rest,3,svm
7508,cosg,0.2818599682697962,0.2777777777777778,0.2857142857142857,0.29411764705882354,T_UCS_vs_rest,3,svm
7509,cosg,0.26689451555799754,0.25,0.2702702702702703,0.29411764705882354,T_UCS_vs_rest,4,svm
7510,cosg,0.4305495758571794,0.4,0.43243243243243246,0.47058823529411764,T_UCS_vs_rest,4,svm
7511,cosg,0.2818599682697962,0.2777777777777778,0.2857142857142857,0.29411764705882354,T_UCS_vs_rest,4,svm
7512,cosg,0.2518252306231319,0.1875,0.24489795918367346,0.35294117647058826,T_UCS_vs_rest,5,svm
7513,cosg,0.432562143301988,0.25,0.37681159420289856,0.7647058823529411,T_UCS_vs_rest,5,svm
7514,cosg,0.2950346916441239,0.21875,0.2857142857142857,0.4117647058823529,T_UCS_vs_rest,5,svm
7515,cosg,0.14166445605098177,0.06521739130434782,0.11009174311926606,0.35294117647058826,T_UCS_vs_rest,6,svm
7516,cosg,0.262573950811015,0.0962962962962963,0.17105263157894737,0.7647058823529411,T_UCS_vs_rest,6,svm
7517,cosg,0.17161180975565812,0.07954545454545454,0.13333333333333333,0.4117647058823529,T_UCS_vs_rest,6,svm
7518,cosg,0.21264277157887937,0.09278350515463918,0.15789473684210525,0.5294117647058824,T_UCS_vs_rest,7,svm
7519,cosg,0.2655861032251961,0.0915032679738562,0.16470588235294117,0.8235294117647058,T_UCS_vs_rest,7,svm
7520,cosg,0.18484003169504135,0.072,0.1267605633802817,0.5294117647058824,T_UCS_vs_rest,7,svm
7521,cosg,0.20687696101456957,0.08823529411764706,0.15126050420168066,0.5294117647058824,T_UCS_vs_rest,8,svm
7522,cosg,0.26373947541114917,0.09032258064516129,0.16279069767441862,0.8235294117647058,T_UCS_vs_rest,8,svm
7523,cosg,0.18239752996962963,0.0703125,0.12413793103448276,0.5294117647058824,T_UCS_vs_rest,8,svm
7524,cosg,0.13134755922808794,0.05,0.08917197452229299,0.4117647058823529,T_UCS_vs_rest,9,svm
7525,cosg,0.223906352078861,0.0718232044198895,0.13131313131313133,0.7647058823529411,T_UCS_vs_rest,9,svm
7526,cosg,0.1816368443143372,0.06329113924050633,0.11428571428571428,0.5882352941176471,T_UCS_vs_rest,9,svm
7527,cosg,0.13134755922808794,0.05,0.08917197452229299,0.4117647058823529,T_UCS_vs_rest,10,svm
7528,cosg,0.22122505681804797,0.07027027027027027,0.12871287128712872,0.7647058823529411,T_UCS_vs_rest,10,svm
7529,cosg,0.1816368443143372,0.06329113924050633,0.11428571428571428,0.5882352941176471,T_UCS_vs_rest,10,svm
7530,cosg,0.13134755922808794,0.05,0.08917197452229299,0.4117647058823529,T_UCS_vs_rest,11,svm
7531,cosg,0.22322802706128336,0.07142857142857142,0.1306532663316583,0.7647058823529411,T_UCS_vs_rest,11,svm
7532,cosg,0.18361769370053715,0.06451612903225806,0.11627906976744186,0.5882352941176471,T_UCS_vs_rest,11,svm
7533,cosg,0.20587150994753778,0.07236842105263158,0.1301775147928994,0.6470588235294118,T_UCS_vs_rest,12,svm
7534,cosg,0.2213388995035565,0.061224489795918366,0.11450381679389313,0.8823529411764706,T_UCS_vs_rest,12,svm
7535,cosg,0.19758540250373688,0.07352941176470588,0.13071895424836602,0.5882352941176471,T_UCS_vs_rest,12,svm
7536,cosg,0.22367858455584316,0.07741935483870968,0.13953488372093023,0.7058823529411765,T_UCS_vs_rest,13,svm
7537,cosg,0.2228545115650611,0.06198347107438017,0.11583011583011583,0.8823529411764706,T_UCS_vs_rest,13,svm
7538,cosg,0.19288453180215379,0.07042253521126761,0.12578616352201258,0.5882352941176471,T_UCS_vs_rest,13,svm
7539,cosg,0.22367858455584316,0.07741935483870968,0.13953488372093023,0.7058823529411765,T_UCS_vs_rest,14,svm
7540,cosg,0.20998757177470118,0.05228758169934641,0.09907120743034056,0.9411764705882353,T_UCS_vs_rest,14,svm
7541,cosg,0.1625907042220851,0.04782608695652174,0.08906882591093117,0.6470588235294118,T_UCS_vs_rest,14,svm
7542,cosg,0.22133538899138588,0.0759493670886076,0.13714285714285715,0.7058823529411765,T_UCS_vs_rest,15,svm
7543,cosg,0.20884069380613143,0.05177993527508091,0.09815950920245399,0.9411764705882353,T_UCS_vs_rest,15,svm
7544,cosg,0.16300722857382993,0.048034934497816595,0.08943089430894309,0.6470588235294118,T_UCS_vs_rest,15,svm
7545,cosg,0.22322802706128336,0.07142857142857142,0.1306532663316583,0.7647058823529411,T_UCS_vs_rest,16,svm
7546,cosg,0.20513054280196816,0.050156739811912224,0.09523809523809523,0.9411764705882353,T_UCS_vs_rest,16,svm
7547,cosg,0.17159164529389442,0.04838709677419355,0.09056603773584905,0.7058823529411765,T_UCS_vs_rest,16,svm
7548,cosg,0.2302662374026258,0.0755813953488372,0.13756613756613756,0.7647058823529411,T_UCS_vs_rest,17,svm
7549,cosg,0.20960348800318154,0.05211726384364821,0.09876543209876543,0.9411764705882353,T_UCS_vs_rest,17,svm
7550,cosg,0.17747058367274096,0.05128205128205128,0.09561752988047809,0.7058823529411765,T_UCS_vs_rest,17,svm
7551,cosg,0.24201830220617399,0.08280254777070063,0.14942528735632185,0.7647058823529411,T_UCS_vs_rest,18,svm
7552,cosg,0.2037975938813477,0.0528169014084507,0.09966777408637874,0.8823529411764706,T_UCS_vs_rest,18,svm
7553,cosg,0.17363586020279453,0.04938271604938271,0.09230769230769231,0.7058823529411765,T_UCS_vs_rest,18,svm
7554,cosg,0.26050808977005596,0.0948905109489051,0.16883116883116883,0.7647058823529411,T_UCS_vs_rest,19,svm
7555,cosg,0.20299226391809483,0.05244755244755245,0.09900990099009901,0.8823529411764706,T_UCS_vs_rest,19,svm
7556,cosg,0.17405188849518352,0.049586776859504134,0.09266409266409266,0.7058823529411765,T_UCS_vs_rest,19,svm
7557,cosg,0.25650579103452137,0.09219858156028368,0.16455696202531644,0.7647058823529411,T_UCS_vs_rest,20,svm
7558,cosg,0.20299226391809483,0.05244755244755245,0.09900990099009901,0.8823529411764706,T_UCS_vs_rest,20,svm
7559,cosg,0.17447036935874657,0.04979253112033195,0.09302325581395349,0.7058823529411765,T_UCS_vs_rest,20,svm
7560,scanpy_wilcoxon,0.14335922908992038,0.03111111111111111,0.059957173447537475,0.8235294117647058,T_UCS_vs_rest,1,svm
7561,scanpy_wilcoxon,0.15729208700536973,0.03617571059431524,0.06930693069306931,0.8235294117647058,T_UCS_vs_rest,1,svm
7562,scanpy_wilcoxon,0.1870598393233609,0.042666666666666665,0.08163265306122448,0.9411764705882353,T_UCS_vs_rest,1,svm
7563,scanpy_wilcoxon,0.204408523231717,0.04984423676012461,0.09467455621301775,0.9411764705882353,T_UCS_vs_rest,2,svm
7564,scanpy_wilcoxon,0.21216688424117502,0.05014749262536873,0.09550561797752809,1.0,T_UCS_vs_rest,2,svm
7565,scanpy_wilcoxon,0.2161149005173079,0.051829268292682924,0.09855072463768116,1.0,T_UCS_vs_rest,2,svm
7566,scanpy_wilcoxon,0.2323574200611115,0.06274509803921569,0.11764705882352941,0.9411764705882353,T_UCS_vs_rest,3,svm
7567,scanpy_wilcoxon,0.251472327671343,0.06827309236947791,0.12781954887218044,1.0,T_UCS_vs_rest,3,svm
7568,scanpy_wilcoxon,0.2571193936297364,0.07112970711297072,0.1328125,1.0,T_UCS_vs_rest,3,svm
7569,scanpy_wilcoxon,0.2901775815159499,0.09467455621301775,0.17204301075268819,0.9411764705882353,T_UCS_vs_rest,4,svm
7570,scanpy_wilcoxon,0.2821886877223962,0.0845771144278607,0.1559633027522936,1.0,T_UCS_vs_rest,4,svm
7571,scanpy_wilcoxon,0.31037653044612196,0.10119047619047619,0.1837837837837838,1.0,T_UCS_vs_rest,4,svm
7572,scanpy_wilcoxon,0.2744495858340338,0.09090909090909091,0.16483516483516483,0.8823529411764706,T_UCS_vs_rest,5,svm
7573,scanpy_wilcoxon,0.2829410295308721,0.085,0.15668202764976957,1.0,T_UCS_vs_rest,5,svm
7574,scanpy_wilcoxon,0.3065413633515202,0.09883720930232558,0.17989417989417988,1.0,T_UCS_vs_rest,5,svm
7575,scanpy_wilcoxon,0.2726844169694853,0.08982035928143713,0.16304347826086957,0.8823529411764706,T_UCS_vs_rest,6,svm
7576,scanpy_wilcoxon,0.2814418134819541,0.08415841584158416,0.1552511415525114,1.0,T_UCS_vs_rest,6,svm
7577,scanpy_wilcoxon,0.30844234712554935,0.1,0.18181818181818182,1.0,T_UCS_vs_rest,6,svm
7578,scanpy_wilcoxon,0.2726844169694853,0.08982035928143713,0.16304347826086957,0.8823529411764706,T_UCS_vs_rest,7,svm
7579,scanpy_wilcoxon,0.29242174335087295,0.09042553191489362,0.16585365853658537,1.0,T_UCS_vs_rest,7,svm
7580,scanpy_wilcoxon,0.31334223995558613,0.10303030303030303,0.18681318681318682,1.0,T_UCS_vs_rest,7,svm
7581,scanpy_wilcoxon,0.2977490592303212,0.09937888198757763,0.1797752808988764,0.9411764705882353,T_UCS_vs_rest,8,svm
7582,scanpy_wilcoxon,0.2992509072002897,0.09444444444444444,0.17258883248730963,1.0,T_UCS_vs_rest,8,svm
7583,scanpy_wilcoxon,0.33178588192614195,0.11486486486486487,0.20606060606060606,1.0,T_UCS_vs_rest,8,svm
7584,scanpy_wilcoxon,0.3280280176809156,0.11940298507462686,0.2119205298013245,0.9411764705882353,T_UCS_vs_rest,9,svm
7585,scanpy_wilcoxon,0.30844234712554935,0.1,0.18181818181818182,1.0,T_UCS_vs_rest,9,svm
7586,scanpy_wilcoxon,0.3249345073931527,0.11038961038961038,0.19883040935672514,1.0,T_UCS_vs_rest,9,svm
7587,scanpy_wilcoxon,0.33073835757804204,0.12931034482758622,0.22556390977443608,0.8823529411764706,T_UCS_vs_rest,10,svm
7588,scanpy_wilcoxon,0.3216545976421301,0.10828025477707007,0.19540229885057472,1.0,T_UCS_vs_rest,10,svm
7589,scanpy_wilcoxon,0.3403163191107768,0.12056737588652482,0.21518987341772153,1.0,T_UCS_vs_rest,10,svm
7590,scanpy_wilcoxon,0.355344340724554,0.1391304347826087,0.24242424242424243,0.9411764705882353,T_UCS_vs_rest,11,svm
7591,scanpy_wilcoxon,0.3038003662664552,0.1032258064516129,0.18604651162790697,0.9411764705882353,T_UCS_vs_rest,11,svm
7592,scanpy_wilcoxon,0.3403163191107768,0.12056737588652482,0.21518987341772153,1.0,T_UCS_vs_rest,11,svm
7593,scanpy_wilcoxon,0.3016793233421525,0.125,0.21487603305785125,0.7647058823529411,T_UCS_vs_rest,12,svm
7594,scanpy_wilcoxon,0.29972881614818425,0.10062893081761007,0.18181818181818182,0.9411764705882353,T_UCS_vs_rest,12,svm
7595,scanpy_wilcoxon,0.3205622228861002,0.11428571428571428,0.20382165605095542,0.9411764705882353,T_UCS_vs_rest,12,svm
7596,scanpy_wilcoxon,0.3611887414810951,0.15306122448979592,0.2608695652173913,0.8823529411764706,T_UCS_vs_rest,13,svm
7597,scanpy_wilcoxon,0.30174552378314107,0.10191082802547771,0.1839080459770115,0.9411764705882353,T_UCS_vs_rest,13,svm
7598,scanpy_wilcoxon,0.3280280176809156,0.11940298507462686,0.2119205298013245,0.9411764705882353,T_UCS_vs_rest,13,svm
7599,scanpy_wilcoxon,0.3611887414810951,0.15306122448979592,0.2608695652173913,0.8823529411764706,T_UCS_vs_rest,14,svm
7600,scanpy_wilcoxon,0.30174552378314107,0.10191082802547771,0.1839080459770115,0.9411764705882353,T_UCS_vs_rest,14,svm
7601,scanpy_wilcoxon,0.32177344288592313,0.11510791366906475,0.20512820512820512,0.9411764705882353,T_UCS_vs_rest,14,svm
7602,scanpy_wilcoxon,0.3631213501091192,0.15463917525773196,0.2631578947368421,0.8823529411764706,T_UCS_vs_rest,15,svm
7603,scanpy_wilcoxon,0.28475043815441625,0.09740259740259741,0.17543859649122806,0.8823529411764706,T_UCS_vs_rest,15,svm
7604,scanpy_wilcoxon,0.32299757577124566,0.11594202898550725,0.2064516129032258,0.9411764705882353,T_UCS_vs_rest,15,svm
7605,scanpy_wilcoxon,0.306373477989835,0.12871287128712872,0.22033898305084745,0.7647058823529411,T_UCS_vs_rest,16,svm
7606,scanpy_wilcoxon,0.28673978725686894,0.09868421052631579,0.17751479289940827,0.8823529411764706,T_UCS_vs_rest,16,svm
7607,scanpy_wilcoxon,0.32674982705369277,0.11851851851851852,0.21052631578947367,0.9411764705882353,T_UCS_vs_rest,16,svm
7608,scanpy_wilcoxon,0.351520034158803,0.15555555555555556,0.2616822429906542,0.8235294117647058,T_UCS_vs_rest,17,svm
7609,scanpy_wilcoxon,0.31355365235112,0.1095890410958904,0.19631901840490798,0.9411764705882353,T_UCS_vs_rest,17,svm
7610,scanpy_wilcoxon,0.3360038481415352,0.125,0.2206896551724138,0.9411764705882353,T_UCS_vs_rest,17,svm
7611,scanpy_wilcoxon,0.351520034158803,0.15555555555555556,0.2616822429906542,0.8235294117647058,T_UCS_vs_rest,18,svm
7612,scanpy_wilcoxon,0.31355365235112,0.1095890410958904,0.19631901840490798,0.9411764705882353,T_UCS_vs_rest,18,svm
7613,scanpy_wilcoxon,0.3319485489324329,0.12213740458015267,0.21621621621621623,0.9411764705882353,T_UCS_vs_rest,18,svm
7614,scanpy_wilcoxon,0.34845488460484003,0.16455696202531644,0.2708333333333333,0.7647058823529411,T_UCS_vs_rest,19,svm
7615,scanpy_wilcoxon,0.2995383713685433,0.10714285714285714,0.1910828025477707,0.8823529411764706,T_UCS_vs_rest,19,svm
7616,scanpy_wilcoxon,0.32633723414674093,0.12605042016806722,0.22058823529411764,0.8823529411764706,T_UCS_vs_rest,19,svm
7617,scanpy_wilcoxon,0.36437037363903696,0.16666666666666666,0.27722772277227725,0.8235294117647058,T_UCS_vs_rest,20,svm
7618,scanpy_wilcoxon,0.30777526964227836,0.11278195488721804,0.2,0.8823529411764706,T_UCS_vs_rest,20,svm
7619,scanpy_wilcoxon,0.35060303328447956,0.13559322033898305,0.23703703703703705,0.9411764705882353,T_UCS_vs_rest,20,svm
7620,scanpy_t-test,0.1305864685864125,0.025210084033613446,0.049019607843137254,0.8823529411764706,T_UCS_vs_rest,1,svm
7621,scanpy_t-test,0.1382691358542602,0.024390243902439025,0.047619047619047616,1.0,T_UCS_vs_rest,1,svm
7622,scanpy_t-test,0.13855603270134934,0.025974025974025976,0.05055292259083728,0.9411764705882353,T_UCS_vs_rest,1,svm
7623,scanpy_t-test,0.18840951393291883,0.046012269938650305,0.08746355685131195,0.8823529411764706,T_UCS_vs_rest,2,svm
7624,scanpy_t-test,0.19804692903777849,0.044386422976501305,0.085,1.0,T_UCS_vs_rest,2,svm
7625,scanpy_t-test,0.19818830036234572,0.0471976401179941,0.0898876404494382,0.9411764705882353,T_UCS_vs_rest,2,svm
7626,scanpy_t-test,0.24298740766718316,0.06808510638297872,0.12698412698412698,0.9411764705882353,T_UCS_vs_rest,3,svm
7627,scanpy_t-test,0.24460668406228578,0.0648854961832061,0.12186379928315412,1.0,T_UCS_vs_rest,3,svm
7628,scanpy_t-test,0.24718740875239867,0.06614785992217899,0.12408759124087591,1.0,T_UCS_vs_rest,3,svm
7629,scanpy_t-test,0.2464363327775555,0.06986899563318777,0.13008130081300814,0.9411764705882353,T_UCS_vs_rest,4,svm
7630,scanpy_t-test,0.2401372873453824,0.06273062730627306,0.11805555555555555,1.0,T_UCS_vs_rest,4,svm
7631,scanpy_t-test,0.2503824738823005,0.06772908366533864,0.12686567164179105,1.0,T_UCS_vs_rest,4,svm
7632,scanpy_t-test,0.2741334591349795,0.0851063829787234,0.15609756097560976,0.9411764705882353,T_UCS_vs_rest,5,svm
7633,scanpy_t-test,0.2603024527035553,0.07729468599033816,0.14285714285714285,0.9411764705882353,T_UCS_vs_rest,5,svm
7634,scanpy_t-test,0.25566570013299567,0.07476635514018691,0.13852813852813853,0.9411764705882353,T_UCS_vs_rest,5,svm
7635,scanpy_t-test,0.2658903091042115,0.08040201005025126,0.14814814814814814,0.9411764705882353,T_UCS_vs_rest,6,svm
7636,scanpy_t-test,0.25962614276247503,0.07692307692307693,0.14222222222222222,0.9411764705882353,T_UCS_vs_rest,6,svm
7637,scanpy_t-test,0.2589545637853319,0.07655502392344497,0.1415929203539823,0.9411764705882353,T_UCS_vs_rest,6,svm
7638,scanpy_t-test,0.2901775815159499,0.09467455621301775,0.17204301075268819,0.9411764705882353,T_UCS_vs_rest,7,svm
7639,scanpy_t-test,0.26955237608264115,0.08247422680412371,0.15165876777251186,0.9411764705882353,T_UCS_vs_rest,7,svm
7640,scanpy_t-test,0.2703013887124413,0.08290155440414508,0.1523809523809524,0.9411764705882353,T_UCS_vs_rest,7,svm
7641,scanpy_t-test,0.27993876823091657,0.09433962264150944,0.17045454545454544,0.8823529411764706,T_UCS_vs_rest,8,svm
7642,scanpy_t-test,0.26880899071881204,0.08205128205128205,0.1509433962264151,0.9411764705882353,T_UCS_vs_rest,8,svm
7643,scanpy_t-test,0.26955237608264115,0.08247422680412371,0.15165876777251186,0.9411764705882353,T_UCS_vs_rest,8,svm
7644,scanpy_t-test,0.3146920060399568,0.1103448275862069,0.19753086419753085,0.9411764705882353,T_UCS_vs_rest,9,svm
7645,scanpy_t-test,0.2983730774482356,0.09392265193370165,0.1717171717171717,1.0,T_UCS_vs_rest,9,svm
7646,scanpy_t-test,0.2892681338837083,0.09411764705882353,0.1711229946524064,0.9411764705882353,T_UCS_vs_rest,9,svm
7647,scanpy_t-test,0.3113110259212178,0.10810810810810811,0.19393939393939394,0.9411764705882353,T_UCS_vs_rest,10,svm
7648,scanpy_t-test,0.29663861770610506,0.09289617486338798,0.17,1.0,T_UCS_vs_rest,10,svm
7649,scanpy_t-test,0.29109496379972927,0.09523809523809523,0.17297297297297298,0.9411764705882353,T_UCS_vs_rest,10,svm
7650,scanpy_t-test,0.3306271084038037,0.12121212121212122,0.21476510067114093,0.9411764705882353,T_UCS_vs_rest,11,svm
7651,scanpy_t-test,0.2983730774482356,0.09392265193370165,0.1717171717171717,1.0,T_UCS_vs_rest,11,svm
7652,scanpy_t-test,0.3048424727737845,0.1038961038961039,0.1871345029239766,0.9411764705882353,T_UCS_vs_rest,11,svm
7653,scanpy_t-test,0.3671548422126511,0.14814814814814814,0.256,0.9411764705882353,T_UCS_vs_rest,12,svm
7654,scanpy_t-test,0.3249345073931527,0.11038961038961038,0.19883040935672514,1.0,T_UCS_vs_rest,12,svm
7655,scanpy_t-test,0.3193636870917129,0.11347517730496454,0.20253164556962025,0.9411764705882353,T_UCS_vs_rest,12,svm
7656,scanpy_t-test,0.36893472425987356,0.14953271028037382,0.25806451612903225,0.9411764705882353,T_UCS_vs_rest,13,svm
7657,scanpy_t-test,0.3238308116941082,0.10967741935483871,0.19767441860465115,1.0,T_UCS_vs_rest,13,svm
7658,scanpy_t-test,0.3193636870917129,0.11347517730496454,0.20253164556962025,0.9411764705882353,T_UCS_vs_rest,13,svm
7659,scanpy_t-test,0.3707394008644765,0.1509433962264151,0.2601626016260163,0.9411764705882353,T_UCS_vs_rest,14,svm
7660,scanpy_t-test,0.32717392591153455,0.1118421052631579,0.20118343195266272,1.0,T_UCS_vs_rest,14,svm
7661,scanpy_t-test,0.32177344288592313,0.11510791366906475,0.20512820512820512,0.9411764705882353,T_UCS_vs_rest,14,svm
7662,scanpy_t-test,0.3611887414810951,0.15306122448979592,0.2608695652173913,0.8823529411764706,T_UCS_vs_rest,15,svm
7663,scanpy_t-test,0.33178588192614195,0.11486486486486487,0.20606060606060606,1.0,T_UCS_vs_rest,15,svm
7664,scanpy_t-test,0.3254855242281355,0.11764705882352941,0.20915032679738563,0.9411764705882353,T_UCS_vs_rest,15,svm
7665,scanpy_t-test,0.3924106028519562,0.16842105263157894,0.2857142857142857,0.9411764705882353,T_UCS_vs_rest,16,svm
7666,scanpy_t-test,0.33061578997677704,0.11409395973154363,0.20481927710843373,1.0,T_UCS_vs_rest,16,svm
7667,scanpy_t-test,0.3319485489324329,0.12213740458015267,0.21621621621621623,0.9411764705882353,T_UCS_vs_rest,16,svm
7668,scanpy_t-test,0.45591407860874816,0.22535211267605634,0.36363636363636365,0.9411764705882353,T_UCS_vs_rest,17,svm
7669,scanpy_t-test,0.41109983562053476,0.17346938775510204,0.2956521739130435,1.0,T_UCS_vs_rest,17,svm
7670,scanpy_t-test,0.41484587607761353,0.2,0.32608695652173914,0.8823529411764706,T_UCS_vs_rest,17,svm
7671,scanpy_t-test,0.4626430246396605,0.2318840579710145,0.37209302325581395,0.9411764705882353,T_UCS_vs_rest,18,svm
7672,scanpy_t-test,0.42710534955883755,0.18681318681318682,0.3148148148148148,1.0,T_UCS_vs_rest,18,svm
7673,scanpy_t-test,0.4465343002769145,0.23076923076923078,0.36585365853658536,0.8823529411764706,T_UCS_vs_rest,18,svm
7674,scanpy_t-test,0.4396383510036093,0.22388059701492538,0.35714285714285715,0.8823529411764706,T_UCS_vs_rest,19,svm
7675,scanpy_t-test,0.4223503077841359,0.1827956989247312,0.3090909090909091,1.0,T_UCS_vs_rest,19,svm
7676,scanpy_t-test,0.4430474970584613,0.22727272727272727,0.3614457831325301,0.8823529411764706,T_UCS_vs_rest,19,svm
7677,scanpy_t-test,0.45375311158695425,0.23809523809523808,0.375,0.8823529411764706,T_UCS_vs_rest,20,svm
7678,scanpy_t-test,0.4247086400053753,0.18478260869565216,0.3119266055045872,1.0,T_UCS_vs_rest,20,svm
7679,scanpy_t-test,0.4430474970584613,0.22727272727272727,0.3614457831325301,0.8823529411764706,T_UCS_vs_rest,20,svm
7680,yomix,0.5535572731215067,0.3116883116883117,0.4752475247524752,1.0,T_UVM_vs_rest,1,svm
7681,yomix,0.5428148644452903,0.3,0.46153846153846156,1.0,T_UVM_vs_rest,1,svm
7682,yomix,0.5610712004762167,0.32,0.48484848484848486,1.0,T_UVM_vs_rest,1,svm
7683,yomix,0.7197794584458789,0.5217391304347826,0.6857142857142857,1.0,T_UVM_vs_rest,2,svm
7684,yomix,0.8266264795180605,0.6857142857142857,0.8135593220338984,1.0,T_UVM_vs_rest,2,svm
7685,yomix,0.7448229195819848,0.5581395348837209,0.7164179104477612,1.0,T_UVM_vs_rest,2,svm
7686,yomix,0.7043984145875111,0.5,0.6666666666666666,1.0,T_UVM_vs_rest,3,svm
7687,yomix,0.8388287094561571,0.7058823529411765,0.8275862068965517,1.0,T_UVM_vs_rest,3,svm
7688,yomix,0.7825879780836633,0.6153846153846154,0.7619047619047619,1.0,T_UVM_vs_rest,3,svm
7689,yomix,0.8649211312233616,0.75,0.8571428571428571,1.0,T_UVM_vs_rest,4,svm
7690,yomix,0.893571961617731,0.8,0.8888888888888888,1.0,T_UVM_vs_rest,4,svm
7691,yomix,0.8515794287856799,0.7272727272727273,0.8421052631578947,1.0,T_UVM_vs_rest,4,svm
7692,yomix,0.8649211312233616,0.75,0.8571428571428571,1.0,T_UVM_vs_rest,5,svm
7693,yomix,0.9089928353105979,0.8275862068965517,0.9056603773584906,1.0,T_UVM_vs_rest,5,svm
7694,yomix,0.8789010691625556,0.7741935483870968,0.8727272727272727,1.0,T_UVM_vs_rest,5,svm
7695,yomix,0.8789010691625556,0.7741935483870968,0.8727272727272727,1.0,T_UVM_vs_rest,6,svm
7696,yomix,0.893571961617731,0.8,0.8888888888888888,1.0,T_UVM_vs_rest,6,svm
7697,yomix,0.8789010691625556,0.7741935483870968,0.8727272727272727,1.0,T_UVM_vs_rest,6,svm
7698,yomix,0.8789010691625556,0.7741935483870968,0.8727272727272727,1.0,T_UVM_vs_rest,7,svm
7699,yomix,0.893571961617731,0.8,0.8888888888888888,1.0,T_UVM_vs_rest,7,svm
7700,yomix,0.8515794287856799,0.7272727272727273,0.8421052631578947,1.0,T_UVM_vs_rest,7,svm
7701,yomix,0.8789010691625556,0.7741935483870968,0.8727272727272727,1.0,T_UVM_vs_rest,8,svm
7702,yomix,0.9252300295406697,0.8571428571428571,0.9230769230769231,1.0,T_UVM_vs_rest,8,svm
7703,yomix,0.8649211312233616,0.75,0.8571428571428571,1.0,T_UVM_vs_rest,8,svm
7704,yomix,0.8649211312233616,0.75,0.8571428571428571,1.0,T_UVM_vs_rest,9,svm
7705,yomix,0.893571961617731,0.8,0.8888888888888888,1.0,T_UVM_vs_rest,9,svm
7706,yomix,0.8649211312233616,0.75,0.8571428571428571,1.0,T_UVM_vs_rest,9,svm
7707,yomix,0.9252300295406697,0.8571428571428571,0.9230769230769231,1.0,T_UVM_vs_rest,10,svm
7708,yomix,0.9252300295406697,0.8571428571428571,0.9230769230769231,1.0,T_UVM_vs_rest,10,svm
7709,yomix,0.9252300295406697,0.8571428571428571,0.9230769230769231,1.0,T_UVM_vs_rest,10,svm
7710,yomix,0.9252300295406697,0.8571428571428571,0.9230769230769231,1.0,T_UVM_vs_rest,11,svm
7711,yomix,0.9252300295406697,0.8571428571428571,0.9230769230769231,1.0,T_UVM_vs_rest,11,svm
7712,yomix,0.9252300295406697,0.8571428571428571,0.9230769230769231,1.0,T_UVM_vs_rest,11,svm
7713,yomix,0.9423584039199381,0.8888888888888888,0.9411764705882353,1.0,T_UVM_vs_rest,12,svm
7714,yomix,0.9252300295406697,0.8571428571428571,0.9230769230769231,1.0,T_UVM_vs_rest,12,svm
7715,yomix,0.9423584039199381,0.8888888888888888,0.9411764705882353,1.0,T_UVM_vs_rest,12,svm
7716,yomix,0.9252300295406697,0.8571428571428571,0.9230769230769231,1.0,T_UVM_vs_rest,13,svm
7717,yomix,0.9252300295406697,0.8571428571428571,0.9230769230769231,1.0,T_UVM_vs_rest,13,svm
7718,yomix,0.9423584039199381,0.8888888888888888,0.9411764705882353,1.0,T_UVM_vs_rest,13,svm
7719,yomix,0.9252300295406697,0.8571428571428571,0.9230769230769231,1.0,T_UVM_vs_rest,14,svm
7720,yomix,0.9252300295406697,0.8571428571428571,0.9230769230769231,1.0,T_UVM_vs_rest,14,svm
7721,yomix,0.9423584039199381,0.8888888888888888,0.9411764705882353,1.0,T_UVM_vs_rest,14,svm
7722,yomix,0.9252300295406697,0.8571428571428571,0.9230769230769231,1.0,T_UVM_vs_rest,15,svm
7723,yomix,0.9423584039199381,0.8888888888888888,0.9411764705882353,1.0,T_UVM_vs_rest,15,svm
7724,yomix,0.9423584039199381,0.8888888888888888,0.9411764705882353,1.0,T_UVM_vs_rest,15,svm
7725,yomix,0.9252300295406697,0.8571428571428571,0.9230769230769231,1.0,T_UVM_vs_rest,16,svm
7726,yomix,0.9423584039199381,0.8888888888888888,0.9411764705882353,1.0,T_UVM_vs_rest,16,svm
7727,yomix,0.9423584039199381,0.8888888888888888,0.9411764705882353,1.0,T_UVM_vs_rest,16,svm
7728,yomix,0.9252300295406697,0.8571428571428571,0.9230769230769231,1.0,T_UVM_vs_rest,17,svm
7729,yomix,0.9252300295406697,0.8571428571428571,0.9230769230769231,1.0,T_UVM_vs_rest,17,svm
7730,yomix,0.9423584039199381,0.8888888888888888,0.9411764705882353,1.0,T_UVM_vs_rest,17,svm
7731,yomix,0.9252300295406697,0.8571428571428571,0.9230769230769231,1.0,T_UVM_vs_rest,18,svm
7732,yomix,0.9423584039199381,0.8888888888888888,0.9411764705882353,1.0,T_UVM_vs_rest,18,svm
7733,yomix,0.9423584039199381,0.8888888888888888,0.9411764705882353,1.0,T_UVM_vs_rest,18,svm
7734,yomix,0.9252300295406697,0.8571428571428571,0.9230769230769231,1.0,T_UVM_vs_rest,19,svm
7735,yomix,0.9604627992214041,0.9230769230769231,0.96,1.0,T_UVM_vs_rest,19,svm
7736,yomix,0.9252300295406697,0.8571428571428571,0.9230769230769231,1.0,T_UVM_vs_rest,19,svm
7737,yomix,0.9423584039199381,0.8888888888888888,0.9411764705882353,1.0,T_UVM_vs_rest,20,svm
7738,yomix,0.9604627992214041,0.9230769230769231,0.96,1.0,T_UVM_vs_rest,20,svm
7739,yomix,0.9252300295406697,0.8571428571428571,0.9230769230769231,1.0,T_UVM_vs_rest,20,svm
7740,cosg,0.3029009315210762,0.2857142857142857,0.3076923076923077,0.3333333333333333,T_UVM_vs_rest,1,svm
7741,cosg,0.3355677960910162,0.34782608695652173,0.3404255319148936,0.3333333333333333,T_UVM_vs_rest,1,svm
7742,cosg,0.5649663111297482,0.5172413793103449,0.5660377358490566,0.625,T_UVM_vs_rest,1,svm
7743,cosg,0.42509263642868955,0.34210526315789475,0.41935483870967744,0.5416666666666666,T_UVM_vs_rest,2,svm
7744,cosg,0.437122701069832,0.3611111111111111,0.43333333333333335,0.5416666666666666,T_UVM_vs_rest,2,svm
7745,cosg,0.6663877387732903,0.5121951219512195,0.6461538461538462,0.875,T_UVM_vs_rest,2,svm
7746,cosg,0.5359803722165524,0.2926829268292683,0.4528301886792453,1.0,T_UVM_vs_rest,3,svm
7747,cosg,0.5437875082624816,0.3283582089552239,0.4835164835164835,0.9166666666666666,T_UVM_vs_rest,3,svm
7748,cosg,0.532655327465937,0.2891566265060241,0.4485981308411215,1.0,T_UVM_vs_rest,3,svm
7749,cosg,0.5393662538362747,0.2962962962962963,0.45714285714285713,1.0,T_UVM_vs_rest,4,svm
7750,cosg,0.5610712004762167,0.32,0.48484848484848486,1.0,T_UVM_vs_rest,4,svm
7751,cosg,0.5428148644452903,0.3,0.46153846153846156,1.0,T_UVM_vs_rest,4,svm
7752,cosg,0.6675604493469246,0.46938775510204084,0.6301369863013698,0.9583333333333334,T_UVM_vs_rest,5,svm
7753,cosg,0.7359485705222312,0.5945945945945946,0.7213114754098361,0.9166666666666666,T_UVM_vs_rest,5,svm
7754,cosg,0.6454658367744054,0.42105263157894735,0.5925925925925926,1.0,T_UVM_vs_rest,5,svm
7755,cosg,0.8285144249253272,0.71875,0.8214285714285714,0.9583333333333334,T_UVM_vs_rest,6,svm
7756,cosg,0.8049343790348107,0.7096774193548387,0.8,0.9166666666666666,T_UVM_vs_rest,6,svm
7757,cosg,0.7537584644244368,0.5714285714285714,0.7272727272727273,1.0,T_UVM_vs_rest,6,svm
7758,cosg,0.8789010691625556,0.7741935483870968,0.8727272727272727,1.0,T_UVM_vs_rest,7,svm
7759,cosg,0.8325424966037424,0.7586206896551724,0.8301886792452831,0.9166666666666666,T_UVM_vs_rest,7,svm
7760,cosg,0.7726200238012987,0.6,0.75,1.0,T_UVM_vs_rest,7,svm
7761,cosg,0.8707676659571701,0.7931034482758621,0.8679245283018868,0.9583333333333334,T_UVM_vs_rest,8,svm
7762,cosg,0.8325424966037424,0.7586206896551724,0.8301886792452831,0.9166666666666666,T_UVM_vs_rest,8,svm
7763,cosg,0.7726200238012987,0.6,0.75,1.0,T_UVM_vs_rest,8,svm
7764,cosg,0.8559832804469032,0.7666666666666667,0.8518518518518519,0.9583333333333334,T_UVM_vs_rest,9,svm
7765,cosg,0.8474388922882204,0.7857142857142857,0.8461538461538461,0.9166666666666666,T_UVM_vs_rest,9,svm
7766,cosg,0.7630174741485214,0.5853658536585366,0.7384615384615385,1.0,T_UVM_vs_rest,9,svm
7767,cosg,0.8034977303359665,0.6764705882352942,0.7931034482758621,0.9583333333333334,T_UVM_vs_rest,10,svm
7768,cosg,0.8325424966037424,0.7586206896551724,0.8301886792452831,0.9166666666666666,T_UVM_vs_rest,10,svm
7769,cosg,0.7361923701621121,0.5454545454545454,0.7058823529411765,1.0,T_UVM_vs_rest,10,svm
7770,cosg,0.8419177240986832,0.7419354838709677,0.8363636363636363,0.9583333333333334,T_UVM_vs_rest,11,svm
7771,cosg,0.8474388922882204,0.7857142857142857,0.8461538461538461,0.9166666666666666,T_UVM_vs_rest,11,svm
7772,cosg,0.7361923701621121,0.5454545454545454,0.7058823529411765,1.0,T_UVM_vs_rest,11,svm
7773,cosg,0.9027554113657453,0.8518518518518519,0.9019607843137255,0.9583333333333334,T_UVM_vs_rest,12,svm
7774,cosg,0.8973527775477844,0.88,0.8979591836734694,0.9166666666666666,T_UVM_vs_rest,12,svm
7775,cosg,0.8388287094561571,0.7058823529411765,0.8275862068965517,1.0,T_UVM_vs_rest,12,svm
7776,cosg,0.9384962970355594,0.92,0.9387755102040817,0.9583333333333334,T_UVM_vs_rest,13,svm
7777,cosg,0.9160295210788999,0.9166666666666666,0.9166666666666666,0.9166666666666666,T_UVM_vs_rest,13,svm
7778,cosg,0.8649211312233616,0.75,0.8571428571428571,1.0,T_UVM_vs_rest,13,svm
7779,cosg,0.9384962970355594,0.92,0.9387755102040817,0.9583333333333334,T_UVM_vs_rest,14,svm
7780,cosg,0.9160295210788999,0.9166666666666666,0.9166666666666666,0.9166666666666666,T_UVM_vs_rest,14,svm
7781,cosg,0.893571961617731,0.8,0.8888888888888888,1.0,T_UVM_vs_rest,14,svm
7782,cosg,0.9201118291606069,0.8846153846153846,0.92,0.9583333333333334,T_UVM_vs_rest,15,svm
7783,cosg,0.9160295210788999,0.9166666666666666,0.9166666666666666,0.9166666666666666,T_UVM_vs_rest,15,svm
7784,cosg,0.9089928353105979,0.8275862068965517,0.9056603773584906,1.0,T_UVM_vs_rest,15,svm
7785,cosg,0.9384962970355594,0.92,0.9387755102040817,0.9583333333333334,T_UVM_vs_rest,16,svm
7786,cosg,0.9160295210788999,0.9166666666666666,0.9166666666666666,0.9166666666666666,T_UVM_vs_rest,16,svm
7787,cosg,0.9252300295406697,0.8571428571428571,0.9230769230769231,1.0,T_UVM_vs_rest,16,svm
7788,cosg,0.9604627992214041,0.9230769230769231,0.96,1.0,T_UVM_vs_rest,17,svm
7789,cosg,0.9201118291606069,0.8846153846153846,0.92,0.9583333333333334,T_UVM_vs_rest,17,svm
7790,cosg,0.9423584039199381,0.8888888888888888,0.9411764705882353,1.0,T_UVM_vs_rest,17,svm
7791,cosg,0.9796398165233342,0.96,0.9795918367346939,1.0,T_UVM_vs_rest,18,svm
7792,cosg,0.9201118291606069,0.8846153846153846,0.92,0.9583333333333334,T_UVM_vs_rest,18,svm
7793,cosg,0.9423584039199381,0.8888888888888888,0.9411764705882353,1.0,T_UVM_vs_rest,18,svm
7794,cosg,0.9796398165233342,0.96,0.9795918367346939,1.0,T_UVM_vs_rest,19,svm
7795,cosg,0.9201118291606069,0.8846153846153846,0.92,0.9583333333333334,T_UVM_vs_rest,19,svm
7796,cosg,0.9423584039199381,0.8888888888888888,0.9411764705882353,1.0,T_UVM_vs_rest,19,svm
7797,cosg,0.9796398165233342,0.96,0.9795918367346939,1.0,T_UVM_vs_rest,20,svm
7798,cosg,0.9201118291606069,0.8846153846153846,0.92,0.9583333333333334,T_UVM_vs_rest,20,svm
7799,cosg,0.9252300295406697,0.8571428571428571,0.9230769230769231,1.0,T_UVM_vs_rest,20,svm
7800,scanpy_wilcoxon,0.5535572731215067,0.3116883116883117,0.4752475247524752,1.0,T_UVM_vs_rest,1,svm
7801,scanpy_wilcoxon,0.5428148644452903,0.3,0.46153846153846156,1.0,T_UVM_vs_rest,1,svm
7802,scanpy_wilcoxon,0.5610712004762167,0.32,0.48484848484848486,1.0,T_UVM_vs_rest,1,svm
7803,scanpy_wilcoxon,0.7197794584458789,0.5217391304347826,0.6857142857142857,1.0,T_UVM_vs_rest,2,svm
7804,scanpy_wilcoxon,0.8266264795180605,0.6857142857142857,0.8135593220338984,1.0,T_UVM_vs_rest,2,svm
7805,scanpy_wilcoxon,0.7448229195819848,0.5581395348837209,0.7164179104477612,1.0,T_UVM_vs_rest,2,svm
7806,scanpy_wilcoxon,0.7043984145875111,0.5,0.6666666666666666,1.0,T_UVM_vs_rest,3,svm
7807,scanpy_wilcoxon,0.8388287094561571,0.7058823529411765,0.8275862068965517,1.0,T_UVM_vs_rest,3,svm
7808,scanpy_wilcoxon,0.7825879780836633,0.6153846153846154,0.7619047619047619,1.0,T_UVM_vs_rest,3,svm
7809,scanpy_wilcoxon,0.7278497908509964,0.5333333333333333,0.6956521739130435,1.0,T_UVM_vs_rest,4,svm
7810,scanpy_wilcoxon,0.8515794287856799,0.7272727272727273,0.8421052631578947,1.0,T_UVM_vs_rest,4,svm
7811,scanpy_wilcoxon,0.7825879780836633,0.6153846153846154,0.7619047619047619,1.0,T_UVM_vs_rest,4,svm
7812,scanpy_wilcoxon,0.7726200238012987,0.6,0.75,1.0,T_UVM_vs_rest,5,svm
7813,scanpy_wilcoxon,0.8515794287856799,0.7272727272727273,0.8421052631578947,1.0,T_UVM_vs_rest,5,svm
7814,scanpy_wilcoxon,0.8266264795180605,0.6857142857142857,0.8135593220338984,1.0,T_UVM_vs_rest,5,svm
7815,scanpy_wilcoxon,0.8388287094561571,0.7058823529411765,0.8275862068965517,1.0,T_UVM_vs_rest,6,svm
7816,scanpy_wilcoxon,0.893571961617731,0.8,0.8888888888888888,1.0,T_UVM_vs_rest,6,svm
7817,scanpy_wilcoxon,0.8266264795180605,0.6857142857142857,0.8135593220338984,1.0,T_UVM_vs_rest,6,svm
7818,scanpy_wilcoxon,0.8388287094561571,0.7058823529411765,0.8275862068965517,1.0,T_UVM_vs_rest,7,svm
7819,scanpy_wilcoxon,0.8649211312233616,0.75,0.8571428571428571,1.0,T_UVM_vs_rest,7,svm
7820,scanpy_wilcoxon,0.8388287094561571,0.7058823529411765,0.8275862068965517,1.0,T_UVM_vs_rest,7,svm
7821,scanpy_wilcoxon,0.9089928353105979,0.8275862068965517,0.9056603773584906,1.0,T_UVM_vs_rest,8,svm
7822,scanpy_wilcoxon,0.9089928353105979,0.8275862068965517,0.9056603773584906,1.0,T_UVM_vs_rest,8,svm
7823,scanpy_wilcoxon,0.8649211312233616,0.75,0.8571428571428571,1.0,T_UVM_vs_rest,8,svm
7824,scanpy_wilcoxon,0.9089928353105979,0.8275862068965517,0.9056603773584906,1.0,T_UVM_vs_rest,9,svm
7825,scanpy_wilcoxon,0.9252300295406697,0.8571428571428571,0.9230769230769231,1.0,T_UVM_vs_rest,9,svm
7826,scanpy_wilcoxon,0.893571961617731,0.8,0.8888888888888888,1.0,T_UVM_vs_rest,9,svm
7827,scanpy_wilcoxon,0.8789010691625556,0.7741935483870968,0.8727272727272727,1.0,T_UVM_vs_rest,10,svm
7828,scanpy_wilcoxon,0.9089928353105979,0.8275862068965517,0.9056603773584906,1.0,T_UVM_vs_rest,10,svm
7829,scanpy_wilcoxon,0.893571961617731,0.8,0.8888888888888888,1.0,T_UVM_vs_rest,10,svm
7830,scanpy_wilcoxon,0.893571961617731,0.8,0.8888888888888888,1.0,T_UVM_vs_rest,11,svm
7831,scanpy_wilcoxon,0.9252300295406697,0.8571428571428571,0.9230769230769231,1.0,T_UVM_vs_rest,11,svm
7832,scanpy_wilcoxon,0.8649211312233616,0.75,0.8571428571428571,1.0,T_UVM_vs_rest,11,svm
7833,scanpy_wilcoxon,0.9089928353105979,0.8275862068965517,0.9056603773584906,1.0,T_UVM_vs_rest,12,svm
7834,scanpy_wilcoxon,0.9252300295406697,0.8571428571428571,0.9230769230769231,1.0,T_UVM_vs_rest,12,svm
7835,scanpy_wilcoxon,0.8789010691625556,0.7741935483870968,0.8727272727272727,1.0,T_UVM_vs_rest,12,svm
7836,scanpy_wilcoxon,0.9089928353105979,0.8275862068965517,0.9056603773584906,1.0,T_UVM_vs_rest,13,svm
7837,scanpy_wilcoxon,0.9423584039199381,0.8888888888888888,0.9411764705882353,1.0,T_UVM_vs_rest,13,svm
7838,scanpy_wilcoxon,0.8789010691625556,0.7741935483870968,0.8727272727272727,1.0,T_UVM_vs_rest,13,svm
7839,scanpy_wilcoxon,0.9089928353105979,0.8275862068965517,0.9056603773584906,1.0,T_UVM_vs_rest,14,svm
7840,scanpy_wilcoxon,0.9423584039199381,0.8888888888888888,0.9411764705882353,1.0,T_UVM_vs_rest,14,svm
7841,scanpy_wilcoxon,0.8789010691625556,0.7741935483870968,0.8727272727272727,1.0,T_UVM_vs_rest,14,svm
7842,scanpy_wilcoxon,0.9089928353105979,0.8275862068965517,0.9056603773584906,1.0,T_UVM_vs_rest,15,svm
7843,scanpy_wilcoxon,0.9423584039199381,0.8888888888888888,0.9411764705882353,1.0,T_UVM_vs_rest,15,svm
7844,scanpy_wilcoxon,0.8789010691625556,0.7741935483870968,0.8727272727272727,1.0,T_UVM_vs_rest,15,svm
7845,scanpy_wilcoxon,0.9423584039199381,0.8888888888888888,0.9411764705882353,1.0,T_UVM_vs_rest,16,svm
7846,scanpy_wilcoxon,0.9423584039199381,0.8888888888888888,0.9411764705882353,1.0,T_UVM_vs_rest,16,svm
7847,scanpy_wilcoxon,0.893571961617731,0.8,0.8888888888888888,1.0,T_UVM_vs_rest,16,svm
7848,scanpy_wilcoxon,0.9604627992214041,0.9230769230769231,0.96,1.0,T_UVM_vs_rest,17,svm
7849,scanpy_wilcoxon,0.9423584039199381,0.8888888888888888,0.9411764705882353,1.0,T_UVM_vs_rest,17,svm
7850,scanpy_wilcoxon,0.9089928353105979,0.8275862068965517,0.9056603773584906,1.0,T_UVM_vs_rest,17,svm
7851,scanpy_wilcoxon,0.9604627992214041,0.9230769230769231,0.96,1.0,T_UVM_vs_rest,18,svm
7852,scanpy_wilcoxon,0.9423584039199381,0.8888888888888888,0.9411764705882353,1.0,T_UVM_vs_rest,18,svm
7853,scanpy_wilcoxon,0.9089928353105979,0.8275862068965517,0.9056603773584906,1.0,T_UVM_vs_rest,18,svm
7854,scanpy_wilcoxon,0.9423584039199381,0.8888888888888888,0.9411764705882353,1.0,T_UVM_vs_rest,19,svm
7855,scanpy_wilcoxon,0.9423584039199381,0.8888888888888888,0.9411764705882353,1.0,T_UVM_vs_rest,19,svm
7856,scanpy_wilcoxon,0.8789010691625556,0.7741935483870968,0.8727272727272727,1.0,T_UVM_vs_rest,19,svm
7857,scanpy_wilcoxon,0.9423584039199381,0.8888888888888888,0.9411764705882353,1.0,T_UVM_vs_rest,20,svm
7858,scanpy_wilcoxon,0.9423584039199381,0.8888888888888888,0.9411764705882353,1.0,T_UVM_vs_rest,20,svm
7859,scanpy_wilcoxon,0.9089928353105979,0.8275862068965517,0.9056603773584906,1.0,T_UVM_vs_rest,20,svm
7860,scanpy_t-test,0.39748540818836,0.1643835616438356,0.2823529411764706,1.0,T_UVM_vs_rest,1,svm
7861,scanpy_t-test,0.41252162447812263,0.17647058823529413,0.3,1.0,T_UVM_vs_rest,1,svm
7862,scanpy_t-test,0.4173548423645285,0.18045112781954886,0.3057324840764331,1.0,T_UVM_vs_rest,1,svm
7863,scanpy_t-test,0.400368843429404,0.16666666666666666,0.2857142857142857,1.0,T_UVM_vs_rest,2,svm
7864,scanpy_t-test,0.41900187421160184,0.18181818181818182,0.3076923076923077,1.0,T_UVM_vs_rest,2,svm
7865,scanpy_t-test,0.41572601324749375,0.1791044776119403,0.3037974683544304,1.0,T_UVM_vs_rest,2,svm
7866,scanpy_t-test,0.47188269818321693,0.22857142857142856,0.37209302325581395,1.0,T_UVM_vs_rest,3,svm
7867,scanpy_t-test,0.5463281796682922,0.3037974683544304,0.46601941747572817,1.0,T_UVM_vs_rest,3,svm
7868,scanpy_t-test,0.4814507518988778,0.2376237623762376,0.384,1.0,T_UVM_vs_rest,3,svm
7869,scanpy_t-test,0.49690782751376467,0.25263157894736843,0.40336134453781514,1.0,T_UVM_vs_rest,4,svm
7870,scanpy_t-test,0.5446255974752534,0.3150684931506849,0.4742268041237113,0.9583333333333334,T_UVM_vs_rest,4,svm
7871,scanpy_t-test,0.5138861243323949,0.2696629213483146,0.4247787610619469,1.0,T_UVM_vs_rest,4,svm
7872,scanpy_t-test,0.5199283542116151,0.27586206896551724,0.43243243243243246,1.0,T_UVM_vs_rest,5,svm
7873,scanpy_t-test,0.5484913129457902,0.3194444444444444,0.4791666666666667,0.9583333333333334,T_UVM_vs_rest,5,svm
7874,scanpy_t-test,0.5168817363922364,0.2727272727272727,0.42857142857142855,1.0,T_UVM_vs_rest,5,svm
7875,scanpy_t-test,0.5688893095308927,0.3287671232876712,0.4948453608247423,1.0,T_UVM_vs_rest,6,svm
7876,scanpy_t-test,0.5770328412127177,0.3380281690140845,0.5052631578947369,1.0,T_UVM_vs_rest,6,svm
7877,scanpy_t-test,0.5499082634348544,0.3076923076923077,0.47058823529411764,1.0,T_UVM_vs_rest,6,svm
7878,scanpy_t-test,0.6342271267915542,0.4067796610169492,0.5783132530120482,1.0,T_UVM_vs_rest,7,svm
7879,scanpy_t-test,0.6454658367744054,0.42105263157894735,0.5925925925925926,1.0,T_UVM_vs_rest,7,svm
7880,scanpy_t-test,0.6133671815831494,0.38095238095238093,0.5517241379310345,1.0,T_UVM_vs_rest,7,svm
7881,scanpy_t-test,0.6397742678448384,0.41379310344827586,0.5853658536585366,1.0,T_UVM_vs_rest,8,svm
7882,scanpy_t-test,0.6397742678448384,0.41379310344827586,0.5853658536585366,1.0,T_UVM_vs_rest,8,svm
7883,scanpy_t-test,0.6342271267915542,0.4067796610169492,0.5783132530120482,1.0,T_UVM_vs_rest,8,svm
7884,scanpy_t-test,0.6397742678448384,0.41379310344827586,0.5853658536585366,1.0,T_UVM_vs_rest,9,svm
7885,scanpy_t-test,0.6397742678448384,0.41379310344827586,0.5853658536585366,1.0,T_UVM_vs_rest,9,svm
7886,scanpy_t-test,0.6454658367744054,0.42105263157894735,0.5925925925925926,1.0,T_UVM_vs_rest,9,svm
7887,scanpy_t-test,0.6454658367744054,0.42105263157894735,0.5925925925925926,1.0,T_UVM_vs_rest,10,svm
7888,scanpy_t-test,0.6607356305712464,0.46,0.6216216216216216,0.9583333333333334,T_UVM_vs_rest,10,svm
7889,scanpy_t-test,0.6830376906541742,0.47058823529411764,0.64,1.0,T_UVM_vs_rest,10,svm
7890,scanpy_t-test,0.6763294469542982,0.46153846153846156,0.631578947368421,1.0,T_UVM_vs_rest,11,svm
7891,scanpy_t-test,0.6763294469542982,0.46153846153846156,0.631578947368421,1.0,T_UVM_vs_rest,11,svm
7892,scanpy_t-test,0.6899450786347672,0.48,0.6486486486486487,1.0,T_UVM_vs_rest,11,svm
7893,scanpy_t-test,0.792945201884043,0.631578947368421,0.7741935483870968,1.0,T_UVM_vs_rest,12,svm
7894,scanpy_t-test,0.792945201884043,0.631578947368421,0.7741935483870968,1.0,T_UVM_vs_rest,12,svm
7895,scanpy_t-test,0.7630174741485214,0.5853658536585366,0.7384615384615385,1.0,T_UVM_vs_rest,12,svm
7896,scanpy_t-test,0.7726200238012987,0.6,0.75,1.0,T_UVM_vs_rest,13,svm
7897,scanpy_t-test,0.7726200238012987,0.6,0.75,1.0,T_UVM_vs_rest,13,svm
7898,scanpy_t-test,0.7630174741485214,0.5853658536585366,0.7384615384615385,1.0,T_UVM_vs_rest,13,svm
7899,scanpy_t-test,0.7825879780836633,0.6153846153846154,0.7619047619047619,1.0,T_UVM_vs_rest,14,svm
7900,scanpy_t-test,0.792945201884043,0.631578947368421,0.7741935483870968,1.0,T_UVM_vs_rest,14,svm
7901,scanpy_t-test,0.7726200238012987,0.6,0.75,1.0,T_UVM_vs_rest,14,svm
7902,scanpy_t-test,0.792945201884043,0.631578947368421,0.7741935483870968,1.0,T_UVM_vs_rest,15,svm
7903,scanpy_t-test,0.7726200238012987,0.6,0.75,1.0,T_UVM_vs_rest,15,svm
7904,scanpy_t-test,0.8266264795180605,0.6857142857142857,0.8135593220338984,1.0,T_UVM_vs_rest,15,svm
7905,scanpy_t-test,0.8149344049158801,0.6666666666666666,0.8,1.0,T_UVM_vs_rest,16,svm
7906,scanpy_t-test,0.8388287094561571,0.7058823529411765,0.8275862068965517,1.0,T_UVM_vs_rest,16,svm
7907,scanpy_t-test,0.8266264795180605,0.6857142857142857,0.8135593220338984,1.0,T_UVM_vs_rest,16,svm
7908,scanpy_t-test,0.8388287094561571,0.7058823529411765,0.8275862068965517,1.0,T_UVM_vs_rest,17,svm
7909,scanpy_t-test,0.8515794287856799,0.7272727272727273,0.8421052631578947,1.0,T_UVM_vs_rest,17,svm
7910,scanpy_t-test,0.8649211312233616,0.75,0.8571428571428571,1.0,T_UVM_vs_rest,17,svm
7911,scanpy_t-test,0.8266264795180605,0.6857142857142857,0.8135593220338984,1.0,T_UVM_vs_rest,18,svm
7912,scanpy_t-test,0.8649211312233616,0.75,0.8571428571428571,1.0,T_UVM_vs_rest,18,svm
7913,scanpy_t-test,0.8649211312233616,0.75,0.8571428571428571,1.0,T_UVM_vs_rest,18,svm
7914,scanpy_t-test,0.8388287094561571,0.7058823529411765,0.8275862068965517,1.0,T_UVM_vs_rest,19,svm
7915,scanpy_t-test,0.8789010691625556,0.7741935483870968,0.8727272727272727,1.0,T_UVM_vs_rest,19,svm
7916,scanpy_t-test,0.8789010691625556,0.7741935483870968,0.8727272727272727,1.0,T_UVM_vs_rest,19,svm
7917,scanpy_t-test,0.8515794287856799,0.7272727272727273,0.8421052631578947,1.0,T_UVM_vs_rest,20,svm
7918,scanpy_t-test,0.8649211312233616,0.75,0.8571428571428571,1.0,T_UVM_vs_rest,20,svm
7919,scanpy_t-test,0.8388287094561571,0.7058823529411765,0.8275862068965517,1.0,T_UVM_vs_rest,20,svm
